Business Name,Contact / First & Last Name,Phone,Email,Address,City,State / Province,Notes,Birthday,Industry
A&B Auto Detailing,,+1-510-424-6681,,,Alameda,CA,P1 | Class A | only a Facebook/booking/directory page | https://www.instagram.com/ab.detailsz?igsh=NTc4MTIwNjQ2YQ==,,Car Detailers
SteamWorks Auto Detailing,,+1-510-621-7433,,"1801 Park St Suite A, Alameda, CA 94501, United States",Alameda,CA,P1 | Class A | only a Facebook/booking/directory page | https://calendly.com/steamworksinc,,Car Detailers
All 4 One Auto Detail,,+1-323-456-3527,,"1416 S 9th St, Alhambra, CA 91803, United States",Alhambra,CA,P1 | Class A | only a Facebook/booking/directory page | https://all-4-one-auto-detail.square.site/,,Car Detailers
Cabralsdetailing,,+1-626-457-1741,,,Alhambra,CA,P1 | Class A | only a Facebook/booking/directory page | https://www.instagram.com/cabralsdetailing?igsh=NTc4MTIwNjQ2YQ==,,Car Detailers
Johnny's Mobile Auto Wash and Detail,,+1-626-561-8532,,"9207 Valley Blvd, Rosemead, CA 91770, United States",Alhambra,CA,P1 | Class A | only a Facebook/booking/directory page | http://facebook.com/johnnysautomobilecarwashanddetail.com,,Car Detailers
Rich Detailzz,,+1-626-639-5587,,,Alhambra,CA,P1 | Class A | only a Facebook/booking/directory page | https://linktr.ee/Richdetailzz,,Car Detailers
Shiny Cruize Mobile Detailing,,+1-318-479-0198,,,Alhambra,CA,P1 | Class A | only a Facebook/booking/directory page | https://shinycruizedetailing.square.site/,,Car Detailers
Vintage Green Professional Auto Detailing,,+1-323-274-9988,,"2700 N Eastern Ave, Los Angeles, CA 90032, United States",Alhambra,CA,P1 | Class A | only a Facebook/booking/directory page | https://m.facebook.com/profile.php?id=1043168932429725&ref=content_filter,,Car Detailers
Alturas Hand Car Wash & Auto Detailing,,+1-530-708-0539,,"100 E 12th St, Alturas, CA 96101, United States",Alturas,CA,P1 | Class A | only a Facebook/booking/directory page | https://www.facebook.com/MODOCDETAILKING/,,Car Detailers
Detailing Lucas,,+1-714-926-7908,,,Anaheim,CA,P1 | Class A | only a Facebook/booking/directory page | https://www.tiktok.com/@detailing.lucas?_r=1&_t=ZP-93Pbi0RwyNz,,Car Detailers
GC Mobile Auto Detailing,,+1-714-860-5774,,"Rose, Anaheim, CA 92805, United States",Anaheim,CA,P1 | Class A | only a Facebook/booking/directory page | https://www.instagram.com/gcautodetail,,Car Detailers
JJ’s Auto Detail,,+1-657-262-0246,,,Anaheim,CA,P1 | Class A | only a Facebook/booking/directory page | https://www.facebook.com/JJsAutoDetail92/services,,Car Detailers
Js auto detailing O.C. Co,,+1-714-356-8993,,"2614 Alona St, Santa Ana, CA 92706, United States",Anaheim,CA,P1 | Class A | only a Facebook/booking/directory page | https://www.instagram.com/jsauto_detailingoc/,,Car Detailers
"Mikes Mobile Detailing AUTO,RVs, Boats, Motorcycles",,+1-714-728-4447,,"1455 W Roberta Ave, Fullerton, CA 92833, United States",Anaheim,CA,P1 | Class A | only a Facebook/booking/directory page | https://instagram.com/mikes.mobile.detailing?igshid=pin9i66tgm3f,,Car Detailers
OC Shine Mobile Detailing,,+1-714-342-1342,,"128 N Woodridge Cir, Orange, CA 92868, United States",Anaheim,CA,P1 | Class A | only a Facebook/booking/directory page | https://premium-mobile-detailingoc.square.site/,,Car Detailers
Paint Doctor Auto Detailing,,+1-714-609-1330,,,Anaheim,CA,P1 | Class A | only a Facebook/booking/directory page | https://thepaintdocs.square.site/,,Car Detailers
Refresh Mobile Auto Spa,,+1-951-479-6687,,"1235 W Town and Country Rd, Orange, CA 92868, United States",Anaheim,CA,P1 | Class A | only a Facebook/booking/directory page | https://refresh-mobile-auto-spa.square.site/,,Car Detailers
Focus On The Details,,+1-209-559-0574,,"Vallecito, CA 95251, United States",Angels Camp,CA,P1 | Class A | only a Facebook/booking/directory page | https://www.facebook.com/focusonthedetails,,Car Detailers
Frank's Auto Detailing,,+1-209-840-2896,,"3268 Yana Ct, Copperopolis, CA 95228, United States",Angels Camp,CA,P1 | Class A | only a Facebook/booking/directory page | https://franks-auto-detailing.square.site/,,Car Detailers
AM2 Auto Detailing (WE COME TO YOU),,+1-925-393-8884,,"2400 Shady Willow Ln, Brentwood, CA 94513, United States",Antioch,CA,P1 | Class A | only a Facebook/booking/directory page | https://linktr.ee/am2autodetailing,,Car Detailers
Classy Mobile Detailing,,+1-925-390-2369,,,Antioch,CA,P1 | Class A | only a Facebook/booking/directory page | https://linktr.ee/ClassyMobile_Detailing,,Car Detailers
Detailing_Dude_,,+1-408-643-3095,,,Antioch,CA,P1 | Class A | only a Facebook/booking/directory page | https://instagram.com/detailing_dude_,,Car Detailers
Sal’s Mobile Car Detailing & Mobile Car Wash,,+1-925-726-7410,,"3 Seaview Dr, Bay Point, CA 94565, United States",Antioch,CA,P1 | Class A | only a Facebook/booking/directory page | https://book.squareup.com/appointments/gk406uzu36g52v/location/LN69AR52Y203W/services?fbclid=PAQ0xDSwMA2A5leHRuA2FlbQIxMAABpzu6lF9U9Yvu-VDcNfZcsA13_rAKyU8uCSjg9lQMW1lB6W-_oiRUFcPDXxAL_aem_v6DPBni4HNfiPvWlgebhyw,,Car Detailers
Slick & Shine Auto Detailing,,+1-925-813-4967,,,Antioch,CA,P1 | Class A | only a Facebook/booking/directory page | https://www.instagram.com/slickandshine25,,Car Detailers
Spotless revive Mobile Wash & Detail,,+1-925-390-1350,,,Antioch,CA,P1 | Class A | only a Facebook/booking/directory page | https://spotless-revive-auto-wash-detail.square.site/,,Car Detailers
Fresh Look Detailing LLC,,+1-707-515-0743,,"1905 H St, Eureka, CA 95501, United States",Arcata,CA,P1 | Class A | only a Facebook/booking/directory page | http://freshlook707.square.site/,,Car Detailers
All In One Detailing,,+1-661-549-9770,,"3454 Alken St ste b, Bakersfield, CA 93308, United States",Bakersfield,CA,P1 | Class A | only a Facebook/booking/directory page | https://all-in-one-detailing-103193.square.site/?fbclid=PAZXh0bgNhZW0CMTEAAabu3OSac69I_jNw49nGbJFdO-g79pz5GUKjncLgfFf7jJST99BVWoxZvrY_aem_ShndM-UQFvxIyD86U5fsXA,,Car Detailers
Bakersfield Premier Detailing,,+1-661-421-1718,,,Bakersfield,CA,P1 | Class A | only a Facebook/booking/directory page | https://www.facebook.com/BPDetail/?ref=page_internal,,Car Detailers
Brian’s Mobile Detailing,,+1-661-421-4171,,"4819 La Posta St, Bakersfield, CA 93307, United States",Bakersfield,CA,P1 | Class A | only a Facebook/booking/directory page | https://brianautodetail.square.site/,,Car Detailers
Kurt's Auto Detailing,,+1-661-817-2608,,"5311 Silvergate St, Bakersfield, CA 93313, United States",Bakersfield,CA,P1 | Class A | only a Facebook/booking/directory page | https://www.facebook.com/kurtsautodetailing/,,Car Detailers
OG DETAILING,,+1-831-889-3175,,"Heely Ct, Bakersfield, CA 93311, United States",Bakersfield,CA,P1 | Class A | only a Facebook/booking/directory page | https://ogdetail.booksy.com/,,Car Detailers
Overkill Detailing,,+1-661-699-3917,,"2809 Laurel Dr, Bakersfield, CA 93304, United States",Bakersfield,CA,P1 | Class A | only a Facebook/booking/directory page | https://www.instagram.com/overkilldetailingllc/,,Car Detailers
Platinum Detail Studio | Window Tinting | Ceramic Coatings,,+1-661-889-8443,,"2429 Fruitvale Ave Ste 10, Bakersfield, CA 93308, United States",Bakersfield,CA,P1 | Class A | only a Facebook/booking/directory page | https://square.site/book/3WVAG8HZF19BN/platinum-mobile-auto-detailing,,Car Detailers
Spidey's Auto Detailing,,+1-661-865-9067,,,Bakersfield,CA,P1 | Class A | only a Facebook/booking/directory page | https://instagram.com/spideysauto?igshid=OGIzYTJhMTRmYQ==,,Car Detailers
Stan's Detail Center,,+1-661-325-4845,,"2215 N St, Bakersfield, CA 93301, United States",Bakersfield,CA,P1 | Class A | only a Facebook/booking/directory page | https://instagram.com/stans_detail_center?igshid=1wx0akuclj0rf,,Car Detailers
8.28 auto detailing,,+1-909-496-1997,,,Baldwin Park,CA,P1 | Class A | only a Facebook/booking/directory page | https://www.instagram.com/8.28autodetailing,,Car Detailers
Auto Detailing Gómez,,+1-626-426-5409,,,Baldwin Park,CA,P1 | Class A | only a Facebook/booking/directory page | https://www.instagram.com/autodetailing_gomez?igsh=NTc4MTIwNjQ2YQ==&utm_source=qr,,Car Detailers
Betr Details,,+1-626-848-3929,,,Baldwin Park,CA,P1 | Class A | only a Facebook/booking/directory page | https://betterdetails.square.site/,,Car Detailers
Covina Mobile Detailers,,+1-626-206-7980,,,Baldwin Park,CA,P1 | Class A | only a Facebook/booking/directory page | https://covinamobiledetailers.com/,,Car Detailers
Double A Pro Detailing,,+1-213-284-1985,,,Baldwin Park,CA,P1 | Class A | only a Facebook/booking/directory page | https://www.instagram.com/doubleaprodetailing/,,Car Detailers
Hardbody Detailing - Ceramic Coatings / Headlight Restoration,,+1-626-269-4781,,"2436 S Nancy St, West Covina, CA 91792, United States",Baldwin Park,CA,P1 | Class A | only a Facebook/booking/directory page | https://hardbodydetailing.square.site/,,Car Detailers
Hot Rod’s Quick Wash,,+1-626-209-5620,,,Baldwin Park,CA,P1 | Class A | only a Facebook/booking/directory page | https://linktr.ee/adrianrod1700?utm_source=linktree_profile_share&ltsid=5fa801a2-d93f-4adf-a7b4-c731cd6ace15,,Car Detailers
Jworks Mobile Auto Detailing,,+1-626-541-6700,,,Baldwin Park,CA,P1 | Class A | only a Facebook/booking/directory page | https://jworksdetailusa.square.site/,,Car Detailers
Molina’s Mobile Detailing,,+1-626-498-7545,,,Baldwin Park,CA,P1 | Class A | only a Facebook/booking/directory page | https://book.squareup.com/appointments/fg973hjhr61rvd/location/LWE8DRAJ435TR/services,,Car Detailers
On Auto Detailing,,+1-626-392-2439,,,Baldwin Park,CA,P1 | Class A | only a Facebook/booking/directory page | https://on-auto-detailing.square.site/,,Car Detailers
Premier Detail Club,,+1-626-709-8145,,,Baldwin Park,CA,P1 | Class A | only a Facebook/booking/directory page | https://www.instagram.com/premierdetailing.ie?igsh=OGQ5ZDc2ODk2ZA%3D%3D&utm_source=qr,,Car Detailers
Rickydetailing,,+1-626-494-4828,,"1030 S Susanna Ave, West Covina, CA 91790, United States",Baldwin Park,CA,P1 | Class A | only a Facebook/booking/directory page | https://www.instagram.com/rickydetailing/,,Car Detailers
Ride & Shine Auto Detail Supplies,,+1-626-672-0722,,"2229 Durfee Ave Ste i, El Monte, CA 91732, United States",Baldwin Park,CA,P1 | Class A | only a Facebook/booking/directory page | http://instagram.com/rideandshine_detailsupplies,,Car Detailers
Socals Finest Auto Detailing,,+1-323-406-4573,,,Baldwin Park,CA,P1 | Class A | only a Facebook/booking/directory page | https://calendly.com/socalsfinestautodetailing/appt,,Car Detailers
T-Macks Auto Detailing,,+1-626-328-9063,,,Baldwin Park,CA,P1 | Class A | only a Facebook/booking/directory page | http://instagram.com/t_macks_auto_detailing,,Car Detailers
157 Mobile Detailing,,+1-562-287-2460,,,Bellflower,CA,P1 | Class A | only a Facebook/booking/directory page | https://157-mobile-detailing.square.site/s/appointments,,Car Detailers
562mntautodetailing,,+1-714-931-6480,,,Bellflower,CA,P1 | Class A | only a Facebook/booking/directory page | https://linktr.ee/562mntautodetailing,,Car Detailers
Deluge Detailing Los Angeles,,+1-323-513-4957,,,Bellflower,CA,P1 | Class A | only a Facebook/booking/directory page | https://linktr.ee/delugedetailinglosangeles,,Car Detailers
Finesse Auto Car Detailing Lakewood,,+1-562-548-1255,,,Bellflower,CA,P1 | Class A | only a Facebook/booking/directory page | https://finesse-auto-detailing.square.site/,,Car Detailers
JxB Auto Detailing,,+1-562-283-4340,,,Bellflower,CA,P1 | Class A | only a Facebook/booking/directory page | https://instagram.com/jxb_autodetailing?utm_medium=copy_link,,Car Detailers
Navas Auto Detailing,,+1-323-382-6761,,,Bellflower,CA,P1 | Class A | only a Facebook/booking/directory page | https://www.instagram.com/navas.auto.detailing/,,Car Detailers
Suds and Buds Detailing,,+1-562-445-1930,,,Bellflower,CA,P1 | Class A | only a Facebook/booking/directory page | https://app.squareup.com/appointments/book/rb78h64pm0tesc/L2PM8XGJSR9XT/start,,Car Detailers
Top-Tier Auto Detailing OC,,+1-323-719-8621,,,Bellflower,CA,P1 | Class A | only a Facebook/booking/directory page | http://toptierautodetailingoc.booksy.com/a/,,Car Detailers
Velas Mobile Detailing,,+1-562-732-7506,,,Bellflower,CA,P1 | Class A | only a Facebook/booking/directory page | https://www.instagram.com/velas_mobiledetailing/,,Car Detailers
AP Auto Care,,+1-530-366-0567,,,Berkeley,CA,P1 | Class A | only a Facebook/booking/directory page | https://book.squareup.com/appointments/uh0v6jpel6l4m9/location/LGD727MFPTB66/services,,Car Detailers
BaasK in Lux Detailz,,+1-628-227-4747,,"385 Adams St., Piedmont, CA 94610, United States",Berkeley,CA,P1 | Class A | only a Facebook/booking/directory page | https://www.instagram.com/baaskinluxdetailz/,,Car Detailers
Signature Detail Lab,,+1-510-365-8016,,,Berkeley,CA,P1 | Class A | only a Facebook/booking/directory page | https://book.squareup.com/appointments/a95ql8ajxim3wt/location/L60RXDZJVVXFW/services,,Car Detailers
Spiffy Mobile Detailing,,+1-925-207-0510,,,Brentwood,CA,P1 | Class A | only a Facebook/booking/directory page | http://www.facebook.com/spiffymobile/,,Car Detailers
A&R Luxe Auto Detailing,,+1-714-476-5656,,,Buena Park,CA,P1 | Class A | only a Facebook/booking/directory page | https://www.instagram.com/ar.luxeautodetail/,,Car Detailers
Elite auto spa Professional Detail,,+1-714-759-1342,,,Buena Park,CA,P1 | Class A | only a Facebook/booking/directory page | http://www.instagram.com/eliteautospa714,,Car Detailers
Exodus Shine,,+1-714-341-3131,,,Buena Park,CA,P1 | Class A | only a Facebook/booking/directory page | https://www.instagram.com/exodus.shine?igsh=NTc4MTIwNjQ2YQ%3D%3D&utm_source=qr,,Car Detailers
FJ Auto Detailing,,+1-949-400-8805,,,Buena Park,CA,P1 | Class A | only a Facebook/booking/directory page | https://fj-detailing.square.site/,,Car Detailers
Mobile Auto Detailing by NeoSphere,,+1-714-631-6897,,"11461 Anegada St, Cypress, CA 90630, United States",Buena Park,CA,P1 | Class A | only a Facebook/booking/directory page | https://neosphere-100652.square.site/,,Car Detailers
Genesis Mobile Detailing,,+1-818-743-6857,,,Burbank,CA,P1 | Class A | only a Facebook/booking/directory page | http://www.instagram.com/genesis_mobile_svc,,Car Detailers
JV Mobile Wash & Detailing,,+1-818-632-4214,,"11754 Roscoe Blvd, Sun Valley, CA 91352, United States",Burbank,CA,P1 | Class A | only a Facebook/booking/directory page | https://auto-detailing-service.square.site/,,Car Detailers
Los Angeles Immaculate Detailing | Ceramic Coating Specialist,,+1-626-206-1897,,"5225 Agnes Ave, Valley Village, CA 91607, United States",Burbank,CA,P1 | Class A | only a Facebook/booking/directory page | https://instagram.com/la.immaculatedetailing?utm_medium=copy_link,,Car Detailers
Maine’s Auto Spa,,+1-747-244-9500,,"10505 Victory Blvd, North Hollywood, CA 91606, United States",Burbank,CA,P1 | Class A | only a Facebook/booking/directory page | http://mainesautospa.booksy.com/,,Car Detailers
Mario's Mobile Wash,,+1-818-791-2831,,,Burbank,CA,P1 | Class A | only a Facebook/booking/directory page | https://marios-mobile-wash.square.site/,,Car Detailers
San Fernando Valley Mobile Auto Detailing L.L.C,,+1-818-390-3425,,"15252 Nordhoff St, North Hills, CA 91343, United States",Burbank,CA,P1 | Class A | only a Facebook/booking/directory page | https://sanfernando-valley-mobile-auto-detailing.square.site/,,Car Detailers
Sunday Details,,+1-442-250-7176,,"801 Encanto Terrace, Calexico, CA 92231, United States",Calexico,CA,P1 | Class A | only a Facebook/booking/directory page | https://www.instagram.com/sunday_ivdetail/,,Car Detailers
Top Car Mobile Detailing,,+1-760-556-5284,,,Calexico,CA,P1 | Class A | only a Facebook/booking/directory page | https://topcarmobiledetailing.square.site/,,Car Detailers
Impressive Detailing,,+1-805-907-0738,,,Camarillo,CA,P1 | Class A | only a Facebook/booking/directory page | https://www.facebook.com/profile.php?id=61564890315214,,Car Detailers
LUX Wash & Detail,,+1-858-314-8064,,"2336 La Mirada Dr #600, Vista, CA 92081, United States",Carlsbad,CA,P1 | Class A | only a Facebook/booking/directory page | https://www.facebook.com/luxwashdetail/,,Car Detailers
State Beach Mobile Detailing,,+1-619-701-6956,,"1300 Laurel Tree Ln, Carlsbad, CA 92011, United States",Carlsbad,CA,P1 | Class A | only a Facebook/booking/directory page | https://calendly.com/statebeachmobiledetailing?fbclid=PAY2xjawI00YpleHRuA2FlbQIxMQABpkqY6g1ttxTocB8WJ9SA5SjZ9DrYfQ700QMbS1FOP7v5WPoEkcl6I2VrmA_aem_W30S6FdCZOn0Q0UHVqBWhw,,Car Detailers
Tey Tey's Mobile Shine,,+1-760-421-8174,,,Carlsbad,CA,P1 | Class A | only a Facebook/booking/directory page | https://tey-teys-mobile-shine.square.site/,,Car Detailers
Calibro Detailing Studio,,+1-916-601-3107,,,Carmichael,CA,P1 | Class A | only a Facebook/booking/directory page | https://www.instagram.com/calibrodetail,,Car Detailers
Hrabal Mobile Detailing,,+1-916-718-2513,,"4312 Glenridge Dr, Carmichael, CA 95608, United States",Carmichael,CA,P1 | Class A | only a Facebook/booking/directory page | https://instagram.com/hrabalmobiledetailing?igshid=OGQ5ZDc2ODk2ZA==,,Car Detailers
Luxe Car Detailing – Mobile Service,,+1-916-747-5618,,,Carmichael,CA,P1 | Class A | only a Facebook/booking/directory page | https://www.instagram.com/luxedetailing_sacramento?igsh=NTc4MTIwNjQ2YQ%3D%3D&utm_source=qr,,Car Detailers
Never Dirty Sacramento Car Detailing,,+1-279-245-5710,,,Carmichael,CA,P1 | Class A | only a Facebook/booking/directory page | https://never-dirty.square.site/,,Car Detailers
Valley View Detailing,,+1-916-268-5694,,,Carmichael,CA,P1 | Class A | only a Facebook/booking/directory page | https://book.squareup.com/appointments/ywnwazw10810dk/location/L5XWQZE9HJVQB/services?fbclid=PAQ0xDSwLAp0dleHRuA2FlbQIxMAABp_V2d6L9CZFk5aSFuS3o4Y11pRR0e7g77dK6YEuwp5a66_jXmBiz5mS8sQy__aem_OsF7I37cI23amqbuvg8rzA,,Car Detailers
A1 Auto Spa,,+1-424-202-7300,,"1548 W 208th St apartment #3, Torrance, CA 90501, United States",Carson,CA,P1 | Class A | only a Facebook/booking/directory page | https://l.instagram.com/?u=https%3A%2F%2Fa1-auto-spa-100524.square.site%2F&e=AT2HNJC9LAYRKr1g860w7glCS6cDfKLCNeyCiFPfze35LfQpvWlNxtZBSjfo4GsGcboUO302B-zaP4A_cFIyNh3kfYS4PqY1dwDzfM-hRoDVLQ4l,,Car Detailers
All Touch Detailing,,+1-310-693-1386,,"419 W 224th St, Carson, CA 90745, United States",Carson,CA,P1 | Class A | only a Facebook/booking/directory page | https://all-touch-detailing.square.site/,,Car Detailers
Attention to Detail Mobile Wash,,+1-562-450-9450,,,Carson,CA,P1 | Class A | only a Facebook/booking/directory page | http://atdms.square.site/,,Car Detailers
Detail Land Detailing Products,,+1-310-933-8366,,"6743 Long Beach Blvd, Long Beach, CA 90805, United States",Carson,CA,P1 | Class A | only a Facebook/booking/directory page | https://www.instagram.com/detail_land_usa/,,Car Detailers
Eddie’s Mobile Detail,,+1-562-685-2642,,,Carson,CA,P1 | Class A | only a Facebook/booking/directory page | https://app.squareup.com/appointments/book/fbdn6mru76r4jw/L6FKY3TK5BGBH/start,,Car Detailers
Ez Clean Car Mobile Detailing,,+1-424-224-6402,,,Carson,CA,P1 | Class A | only a Facebook/booking/directory page | https://www.instagram.com/ezcleancardetail/,,Car Detailers
HE-MO MOBILE CAR DETAILING,,+1-213-854-1560,,"2808 141st Pl, Gardena, CA 90249, United States",Carson,CA,P1 | Class A | only a Facebook/booking/directory page | http://linktr.ee/HE_MO_CAR_DETAILING,,Car Detailers
Lbc Mobile car detailing 🧼,,+1-562-375-1803,,,Carson,CA,P1 | Class A | only a Facebook/booking/directory page | https://www.instagram.com/lbc_detail_bros?igsh=NTc4MTIwNjQ2YQ==,,Car Detailers
Mikez Detailing,,+1-310-428-5424,,,Carson,CA,P1 | Class A | only a Facebook/booking/directory page | https://mikez-detailing.square.site/,,Car Detailers
Unique Detailing,,+1-424-297-9749,,,Carson,CA,P1 | Class A | only a Facebook/booking/directory page | https://unique-detailingllc.square.site/,,Car Detailers
Wax Junkies Detailing,,+1-424-394-5140,,"24410 Neece Ave, Torrance, CA 90505, United States",Carson,CA,P1 | Class A | only a Facebook/booking/directory page | https://square.site/book/CPNSQE0TVJDRS/wax-junkies-detailing-torrance-ca,,Car Detailers
A1 Auto Detailing wash & wax,,+1-209-735-9737,,"2200 Rockefeller Dr #7, Ceres, CA 95307, United States",Ceres,CA,P1 | Class A | only a Facebook/booking/directory page | https://m.facebook.com/A1-Auto-Detailing-wash-wax-1624008194551063/,,Car Detailers
Elite Care Detailing,,+1-209-300-3118,,,Ceres,CA,P1 | Class A | only a Facebook/booking/directory page | https://www.instagram.com/elite_care_detailing_?igsh=NTc4MTIwNjQ2YQ==&utm_source=qr,,Car Detailers
Freshh Details,,+1-209-968-4676,,,Ceres,CA,P1 | Class A | only a Facebook/booking/directory page | https://instagram.com/freshhdetails,,Car Detailers
GlowPro Detailing,,+1-209-252-4165,,"1937 Mitchell Rd, Ceres, CA 95307, United States",Ceres,CA,P1 | Class A | only a Facebook/booking/directory page | https://www.facebook.com/profile.php?id=61583633626685&mibextid=ZbWKwL,,Car Detailers
Holy Shine Auto Detailing,,+1-209-395-1114,,,Ceres,CA,P1 | Class A | only a Facebook/booking/directory page | https://linktr.ee/holyshinedetailing,,Car Detailers
Jetz_detailing,,+1-209-287-9492,,,Ceres,CA,P1 | Class A | only a Facebook/booking/directory page | https://www.tiktok.com/@jetz_detailing?_r=1&_t=ZT-97DDHj0m5UM,,Car Detailers
J’s Auto Spa,,+1-209-552-6309,,"2201 Shadowbrook Way, Modesto, CA 95351, United States",Ceres,CA,P1 | Class A | only a Facebook/booking/directory page | https://instagram.com/js_autospa_?utm_medium=copy_link,,Car Detailers
Nunez Details,,+1-209-809-5339,,,Ceres,CA,P1 | Class A | only a Facebook/booking/directory page | https://www.instagram.com/nunezdetails209?igsh=NTc4MTIwNjQ2YQ%3D%3D&utm_source=qr,,Car Detailers
Premium Mobile Detailing®️,,+1-209-496-7727,,"2400 Echo Park Ct, Modesto, CA 95358, United States",Ceres,CA,P1 | Class A | only a Facebook/booking/directory page | https://www.instagram.com/premium_mobiledetailing/,,Car Detailers
Detailer's Choice - Mobile Auto Detailing,,+1-530-720-4318,,,Chico,CA,P1 | Class A | only a Facebook/booking/directory page | http://instagram.com/detailerschico,,Car Detailers
J's Auto Detailing,,+1-530-715-4144,,"2961 CA-32 #22, Chico, CA 95973, United States",Chico,CA,P1 | Class A | only a Facebook/booking/directory page | https://www.facebook.com/Js-Auto-Detailing-101972524777601/,,Car Detailers
Luminous Detailing & Ceramic Coatings,,+1-530-721-7718,,,Chico,CA,P1 | Class A | only a Facebook/booking/directory page | https://book.squareup.com/appointments/iuwzu1oypfvcjh/location/LY5JGK160JH72/services,,Car Detailers
Rod’s Auto Detailing,,+1-530-228-5874,,,Chico,CA,P1 | Class A | only a Facebook/booking/directory page | https://www.instagram.com/rods_auto_detailing/profilecard/?igsh=MzRlODBiNWFlZA==,,Car Detailers
ACDC SoCal,,+1-909-631-7384,,"2851 Bedford Ln, Chino Hills, CA 91709, United States",Chino,CA,P1 | Class A | only a Facebook/booking/directory page | https://www.instagram.com/luckysdetailco?igsh=ODlyeXZwMzQ4dmg4&utm_source=qr,,Car Detailers
Bm Detail,,+1-909-267-4462,,,Chino,CA,P1 | Class A | only a Facebook/booking/directory page | https://instagram.com/bmdetail._?igshid=NmZiMzY2Mjc=,,Car Detailers
ClearBeam Auto,,+1-951-647-4707,,,Chino,CA,P1 | Class A | only a Facebook/booking/directory page | https://calendly.com/zephyrjorge/30min,,Car Detailers
Jack's Car Detail,,+1-831-710-7008,,,Chino,CA,P1 | Class A | only a Facebook/booking/directory page | https://book.squareup.com/appointments/5ezn3nc43j13kw/location/L3TXB71Y0NXPM/services,,Car Detailers
Lil Rays Detailing,,+1-626-774-4860,,,Chino,CA,P1 | Class A | only a Facebook/booking/directory page | https://lil-rays-mobile-detailing.square.site/,,Car Detailers
Rojas Mobile Auto Detail,,+1-909-234-3026,,,Chino,CA,P1 | Class A | only a Facebook/booking/directory page | https://rojas-premium-mobile-auto-detail.square.site/,,Car Detailers
TorresLuxuryDetailing LLC,,+1-909-678-3399,,,Chino,CA,P1 | Class A | only a Facebook/booking/directory page | http://torresmobiledetailing.square.site/,,Car Detailers
jdautodetails,,+1-909-837-5598,,"Chino, CA 91710, United States",Chino,CA,P1 | Class A | only a Facebook/booking/directory page | https://www.instagram.com/jd_autodetails/profilecard/?igsh=NTc4MTIwNjQ2YQ==,,Car Detailers
Aura Labs Mobile Detailing,,+1-619-755-0400,,,Chula Vista,CA,P1 | Class A | only a Facebook/booking/directory page | https://www.instagram.com/auralabsdetail/,,Car Detailers
Exclusive Auto Pros,,+1-619-779-5680,,"2374 Smythe Ave, San Ysidro, CA 92173, United States",Chula Vista,CA,P1 | Class A | only a Facebook/booking/directory page | https://www.instagram.com/exclusiveautopros?igsh=MWYwM2M1bXZzN2tiOA==,,Car Detailers
NAZ Professional Automotive Detailing,,+1-619-779-8250,,"995 Bay Blvd Suite L, Chula Vista, CA 91911, United States",Chula Vista,CA,P1 | Class A | only a Facebook/booking/directory page | http://nazautomotivetint.square.site/,,Car Detailers
Otay Mobile Detailing,,+1-619-601-7977,,,Chula Vista,CA,P1 | Class A | only a Facebook/booking/directory page | https://linktr.ee/otaymobiledetails,,Car Detailers
Preciso Mobile Detailing,,+1-619-646-7772,,,Chula Vista,CA,P1 | Class A | only a Facebook/booking/directory page | http://preciso-mobile-detailing.square.site/,,Car Detailers
Reborn mobile auto-detail,,+1-619-495-2278,,,Chula Vista,CA,P1 | Class A | only a Facebook/booking/directory page | http://facebook.com/rebornmobautodetail,,Car Detailers
ReviveNdrive car wash and mobile detailing,,+1-858-610-2779,,"582 Arizona St, Chula Vista, CA 91911, United States",Chula Vista,CA,P1 | Class A | only a Facebook/booking/directory page | https://www.instagram.com/revivendrivesd?igsh=YzAwZjE1ZTI0Zg==&utm_source=qr,,Car Detailers
Sleeked Detailing,,+1-619-830-7468,,,Chula Vista,CA,P1 | Class A | only a Facebook/booking/directory page | https://www.instagram.com/invites/contact/?i=13131x1tbsp2o&utm_content=jdf0sj1,,Car Detailers
Sun Detailing,,+1-619-537-8790,,"1730 Bramblewood St, Chula Vista, CA 91913, United States",Chula Vista,CA,P1 | Class A | only a Facebook/booking/directory page | https://sundetailing.square.site/,,Car Detailers
Swift N Clean Specialists,,+1-858-293-5252,,"913 Via Terecina, Chula Vista, CA 91910, United States",Chula Vista,CA,P1 | Class A | only a Facebook/booking/directory page | https://swift-n-clean-specialists.square.site/who-we-are,,Car Detailers
Auto Perfection Detailing Studio・Best,,+1-916-673-6875,,,Citrus Heights,CA,P1 | Class A | only a Facebook/booking/directory page | http://autoperfectiondetailingstudiobest.booksy.com/f/,,Car Detailers
DDS_LLC Mobile Detailing,,+1-916-280-1901,,,Citrus Heights,CA,P1 | Class A | only a Facebook/booking/directory page | https://ddssac.square.site/,,Car Detailers
ELITE MOBILE DETAILING,,+1-279-256-6065,,,Citrus Heights,CA,P1 | Class A | only a Facebook/booking/directory page | https://www.instagram.com/emd_sacramento/,,Car Detailers
Murillo's Coatings and Auto Protection,,+1-916-230-0472,,,Citrus Heights,CA,P1 | Class A | only a Facebook/booking/directory page | https://www.instagram.com/murillosautoprotection?igsh=OGQ5ZDc2ODk2ZA==,,Car Detailers
Rev Details Mobile Detailing,,+1-916-918-4425,,,Citrus Heights,CA,P1 | Class A | only a Facebook/booking/directory page | https://instagram.com/revdetails.carwash,,Car Detailers
Alonso’s Mobile Auto Detailing,,+1-707-349-2485,,,Clearlake,CA,P1 | Class A | only a Facebook/booking/directory page | https://linktr.ee/Alonsosmobileautodetailing?utm_source=linktree_profile_share&ltsid=1cdf0851-e21b-478d-af3b-383a27916b49,,Car Detailers
Sexton's Detailing & Wash,,+1-707-730-3973,,"7070 Old Hwy 53 Unit a, Clearlake, CA 95422, United States",Clearlake,CA,P1 | Class A | only a Facebook/booking/directory page | http://www.facebook.com/sextonsdetailing,,Car Detailers
559 Fire Detailing,,+1-559-765-7271,,,Clovis,CA,P1 | Class A | only a Facebook/booking/directory page | https://linktr.ee/559firedetailing,,Car Detailers
A&M Auto Detailing,,+1-415-758-0919,,,Clovis,CA,P1 | Class A | only a Facebook/booking/directory page | https://linktr.ee/amautodetailing,,Car Detailers
Car Care Tec. Mobile services . Send us a text!!,,+1-559-513-1563,,"2817 E Spruce Ave, Fresno, CA 93720, United States",Clovis,CA,P1 | Class A | only a Facebook/booking/directory page | https://www.facebook.com/carzcaretec?mibextid=ZbWKwL,,Car Detailers
Clovis Auto Detailing,,+1-559-776-2517,,,Clovis,CA,P1 | Class A | only a Facebook/booking/directory page | http://instagram.com/clovis_auto_detailing,,Car Detailers
Moonlight.Detail,,+1-559-392-4097,,,Clovis,CA,P1 | Class A | only a Facebook/booking/directory page | https://instagram.com/moonlight.detail/,,Car Detailers
Pro Finish Mobile Detailing,,+1-559-991-2200,,"227 W Sierra Ave, Clovis, CA 93612, United States",Clovis,CA,P1 | Class A | only a Facebook/booking/directory page | https://pro-finish-detailing.square.site/,,Car Detailers
Shine & Protect Detailing,,+1-559-545-5753,,,Clovis,CA,P1 | Class A | only a Facebook/booking/directory page | https://book.squareup.com/appointments/2a35i2nkdgmh7x/location/L1AQV6BMAC5ZQ,,Car Detailers
Almaguer Auto Detailing,,+1-530-709-9695,,,Colusa,CA,P1 | Class A | only a Facebook/booking/directory page | https://almaguerautodetailing.square.site/,,Car Detailers
Azevedo Detail,,+1-925-250-4368,,,Concord,CA,P1 | Class A | only a Facebook/booking/directory page | https://www.instagram.com/azevedodetail/,,Car Detailers
Daniels Mobile Detailing,,+1-925-595-7251,,,Concord,CA,P1 | Class A | only a Facebook/booking/directory page | https://www.instagram.com/danielsmobiledetailing_?igsh=NTc4MTIwNjQ2YQ%3D%3D&utm_source=qr,,Car Detailers
DetailedbySB,,+1-925-877-5494,,,Concord,CA,P1 | Class A | only a Facebook/booking/directory page | https://www.instagram.com/detailedbysb/profilecard/?igsh=MzRlODBiNWFlZA==,,Car Detailers
Mobile Car Detailing - Shine and Drive mobile detailing,,+1-925-404-8012,,"1997 Olympic Blvd, Walnut Creek, CA 94595, United States",Concord,CA,P1 | Class A | only a Facebook/booking/directory page | https://www.facebook.com/marketplace/item/1119919966873511/?mibextid=6ojiHh,,Car Detailers
Shine N Protect,,+1-925-349-9471,,"418 N Buchanan Cir #19, Pacheco, CA 94553, United States",Concord,CA,P1 | Class A | only a Facebook/booking/directory page | https://instagram.com/boltautodetailing?utm_medium=copy_link,,Car Detailers
A.S Mobile Detailing,,+1-951-454-7564,,,Corona,CA,P1 | Class A | only a Facebook/booking/directory page | https://www.facebook.com/A.SMobileCarDetailing,,Car Detailers
C & C CAR DETAILING ( MOBILE ),,+1-909-817-8089,,"609 Pierce St, Riverside, CA 92505, United States",Corona,CA,P1 | Class A | only a Facebook/booking/directory page | https://instagram.com/cccardetailing?igshid=OGQ5ZDc2ODk2ZA==,,Car Detailers
Detail Zone Auto Detailing Supplies and Services,,+1-714-365-0660,,"1336 W 6th St, Corona, CA 92882, United States",Corona,CA,P1 | Class A | only a Facebook/booking/directory page | https://www.instagram.com/detailzone8/,,Car Detailers
Hercules mobile detailing,,+1-714-269-0377,,,Corona,CA,P1 | Class A | only a Facebook/booking/directory page | http://hercules-mobile-detailing.square.site/,,Car Detailers
High Definition Details,,+1-951-396-6069,,,Corona,CA,P1 | Class A | only a Facebook/booking/directory page | https://instagram.com/p/CdgmLn7PLh0/,,Car Detailers
OC Finish Mobile Detailing,,+1-714-926-4879,,,Corona,CA,P1 | Class A | only a Facebook/booking/directory page | https://linktr.ee/OCFinish,,Car Detailers
Recreational vehicle Detailing services by Jaime’s,,+1-951-201-4191,,"24601 Glen Ivy Rd, Corona, CA 92883, United States",Corona,CA,P1 | Class A | only a Facebook/booking/directory page | https://www.facebook.com/RVdetailer?mibextid=LQQJ4d,,Car Detailers
Saint Mobile Detailing,,+1-714-713-6224,,"302 N Sheridan St, Corona, CA 92878, United States",Corona,CA,P1 | Class A | only a Facebook/booking/directory page | https://saint-mobile-detailing.square.site/?utm_source=ig&utm_medium=social&utm_content=link_in_bio&fbclid=PAdGRleART6H9leHRuA2FlbQIxMQBzcnRjBmFwcF9pZA8xMjQwMjQ1NzQyODc0MTQAAaeubRU1BoZMuPZgdE07caTg9J4fII-GvXOc5J4YtNIsyc15cRVd4DKWPue6hw_aem_iq8sTYE0Yxk2KrJBx-KQvA&utm_id=97760_v0_s00_e0_tv3_a1denni1rwyfr7,,Car Detailers
StarFinish Detailing,,+1-310-988-8644,,"16857 Winterbrook Cir, Riverside, CA 92503, United States",Corona,CA,P1 | Class A | only a Facebook/booking/directory page | https://starfinish-mobile-detailing.square.site/,,Car Detailers
Top Shelf Detailing LLC,,+1-951-733-2935,,"806 E 3rd St, Corona, CA 92879, United States",Corona,CA,P1 | Class A | only a Facebook/booking/directory page | https://www.instagram.com/top_shelf_detail/?igshid=wdeirxevk10p,,Car Detailers
Clean Start Mobile Detailing,,+1-714-797-2875,,,Costa Mesa,CA,P1 | Class A | only a Facebook/booking/directory page | https://www.instagram.com/cleanstartmobiledetailing?igsh=MzRlODBiNWFlZA==,,Car Detailers
JT 3000 Professional Car Care,,+1-657-218-4236,,"1930 Harbor Blvd, Costa Mesa, CA 92627, United States",Costa Mesa,CA,P1 | Class A | only a Facebook/booking/directory page | https://instagram.com/officialjt3000?utm_medium=copy_link,,Car Detailers
Kula Ceramic Coating & Detailing,,+1-949-400-6679,,"1926 Placentia Ave #7, Costa Mesa, CA 92627, United States",Costa Mesa,CA,P1 | Class A | only a Facebook/booking/directory page | https://www.instagram.com/kulaceramiccoating/,,Car Detailers
Lezama Brother's Mobile Auto Detail,,+1-714-204-6273,,"17705 Crabb Ln, Huntington Beach, CA 92647, United States",Costa Mesa,CA,P1 | Class A | only a Facebook/booking/directory page | https://lezama-brosautodetail.square.site/,,Car Detailers
ShyneAutoCare,,+1-949-561-2779,,"1015 American Pl, Costa Mesa, CA 92627, United States",Costa Mesa,CA,P1 | Class A | only a Facebook/booking/directory page | https://www.instagram.com/sshyneautocare?igsh=NTc4MTIwNjQ2YQ==&utm_source=qr,,Car Detailers
Surf City Shines Mobile Detailing,,+1-714-376-6411,,,Costa Mesa,CA,P1 | Class A | only a Facebook/booking/directory page | https://surfcityshines.square.site/,,Car Detailers
Vasst Mobile Detail,,+1-949-233-5793,,,Costa Mesa,CA,P1 | Class A | only a Facebook/booking/directory page | https://linktr.ee/vasst_mobile_detail?utm_source=linktree_profile_share&ltsid=6405d5c4-f085-4c2a-8707-e7ea3fb345ce,,Car Detailers
Damian's Mobile Auto Detailing,,+1-415-905-4805,,,Daly City,CA,P1 | Class A | only a Facebook/booking/directory page | https://damianmobileautodetailing.square.site/,,Car Detailers
"Enzo Auto Beauty, PPF, Tint,Mobile Detailing",,+1-415-812-0910,,"106 Sweeny St, San Francisco, CA 94134, United States",Daly City,CA,P1 | Class A | only a Facebook/booking/directory page | https://enzoautobeauty.square.site/s/appointments?fbclid=PAVERFWAQHP_ZleHRuA2FlbQIxMABzcnRjBmFwcF9pZA8xMjQwMjQ1NzQyODc0MTQAAafgE1t-I7ENlyo3OdLBfcATGHLNrtQUtCRYTW4jQHxjekbOupOeTFWOr-tYnw_aem_1BM-NAIRLiYHnTGgzjbyHw,,Car Detailers
Gonzalez auto spa,,+1-415-465-3357,,,Daly City,CA,P1 | Class A | only a Facebook/booking/directory page | https://gonzalezautospa.square.site/,,Car Detailers
"Jokers Wild Mobile Detailing, carwash, Couch Cleaning, Pressure washing, Stroller and Baby gear cleaning, junk hauling",,+1-415-966-5490,,"3450 Market St, San Francisco, CA 94114, United States",Daly City,CA,P1 | Class A | only a Facebook/booking/directory page | https://instagram.com/jokerswildcleaners?igshid=YmMyMTA2M2Y=,,Car Detailers
Starwash Mobile Detailing LLC,,+1-415-518-4018,,"200 Shipley Ave, Daly City, CA 94015, United States",Daly City,CA,P1 | Class A | only a Facebook/booking/directory page | https://starwash-mobile-detailing.square.site/,,Car Detailers
Iron Detailing,,+1-661-912-3610,,"1500 Poplar Ave Apt. 11B, Wasco, CA 93280, United States",Delano,CA,P1 | Class A | only a Facebook/booking/directory page | https://iron-detailing.square.site/,,Car Detailers
Always Flawless Mobile Detailing,,+1-707-342-0205,,,Dixon,CA,P1 | Class A | only a Facebook/booking/directory page | https://instagram.com/alwaysflawlessmobiledetailing?r=nametag,,Car Detailers
After Hours Mobile Detailing,,+1-323-404-8584,,,Downey,CA,P1 | Class A | only a Facebook/booking/directory page | https://afterhours-mobile-detailing.square.site/,,Car Detailers
Alex Mobile wash and Shine,,+1-323-216-0507,,,Downey,CA,P1 | Class A | only a Facebook/booking/directory page | https://www.facebook.com/alexwash.andshine.1,,Car Detailers
"Crystal Clear Detailz - Mobile Detailing, Paint Corrections, Ceramic Coatings, Window Tinting & More",,+1-323-458-9487,,,Downey,CA,P1 | Class A | only a Facebook/booking/directory page | https://linktr.ee/crystalcleardetailz,,Car Detailers
Drew's mobile detailing,,+1-562-644-5504,,,Downey,CA,P1 | Class A | only a Facebook/booking/directory page | https://www.instagram.com/drews_mobilecarwashing,,Car Detailers
Exotic Mobile Detail LLC,,+1-760-594-0424,,"10517 La Reina Ave, Downey, CA 90241, United States",Downey,CA,P1 | Class A | only a Facebook/booking/directory page | https://www.instagram.com/exoticmobiledetail_ca?igsh=NTc4MTIwNjQ2YQ%3D%3D&utm_source=qr,,Car Detailers
SnapShine Auto Mobile Detailing,,+1-323-944-7868,,,Downey,CA,P1 | Class A | only a Facebook/booking/directory page | https://www.instagram.com/snapshineauto_detail?igsh=NTc4MTIwNjQ2YQ==&utm_source=qr,,Car Detailers
Soft Touch Auto Spa Mobile Auto Detailing,,+1-818-321-6181,,,Downey,CA,P1 | Class A | only a Facebook/booking/directory page | https://www.facebook.com/softtouchautospa/,,Car Detailers
The CRWSH,,+1-562-457-0163,,"8509 Alburtis Ave, Whittier, CA 90606, United States",Downey,CA,P1 | Class A | only a Facebook/booking/directory page | https://the-crwsh.square.site/,,Car Detailers
The Glossfather,,+1-562-644-7525,,"Lakewood Blvd, Downey, CA 90241, United States",Downey,CA,P1 | Class A | only a Facebook/booking/directory page | https://www.instagram.com/the_glossfather_?igsh=NTc4MTIwNjQ2YQ==&utm_source=qr,,Car Detailers
Y&A Mobile Wash & Detail,,+1-323-594-7659,,"6500 Malabar St, Huntington Park, CA 90255, United States",Downey,CA,P1 | Class A | only a Facebook/booking/directory page | https://yamobilewashdetail.square.site/,,Car Detailers
Daniels Precision Cleaning,,+1-832-586-2764,,,Dublin,CA,P1 | Class A | only a Facebook/booking/directory page | https://daniels-precision-cleaning.square.site/,,Car Detailers
Omega Werks,,+1-925-227-1322,,"3723 Old Santa Rita Rd #16, Pleasanton, CA 94588, United States",Dublin,CA,P1 | Class A | only a Facebook/booking/directory page | https://www.instagram.com/omega_werks,,Car Detailers
A1 Detailing San Diego,,+1-619-897-7078,,,El Cajon,CA,P1 | Class A | only a Facebook/booking/directory page | http://linktr.ee/a1detailingsd,,Car Detailers
Espinoza Auto Detail,,+1-619-626-3770,,,El Cajon,CA,P1 | Class A | only a Facebook/booking/directory page | https://www.instagram.com/espinozaautodetail/,,Car Detailers
Quality Touch Mobile Detailing,,+1-619-830-8997,,,El Cajon,CA,P1 | Class A | only a Facebook/booking/directory page | https://book.squareup.com/appointments/d3sqws7r4jyumu/location/LVHXGWQHWG5J2/services,,Car Detailers
The wash king mobile detail,,+1-619-806-8070,,,El Cajon,CA,P1 | Class A | only a Facebook/booking/directory page | https://the-wash-king-mobile-detail.square.site/,,Car Detailers
Undercover Auto Detail,,+1-760-977-6387,,"2742 Saddleback Dr, Imperial, CA 92251, United States",El Centro,CA,P1 | Class A | only a Facebook/booking/directory page | https://undercoverautodetail.square.site/,,Car Detailers
ART Detailing,,+1-916-500-4847,,,El Dorado Hills,CA,P1 | Class A | only a Facebook/booking/directory page | http://facebook.com/detailingisart,,Car Detailers
GleamWorks Mobile Detailing,,+1-530-208-5055,,,El Dorado Hills,CA,P1 | Class A | only a Facebook/booking/directory page | https://www.facebook.com/profile.php?id=61551621971674&sk=directory_personal_details,,Car Detailers
Lucent detailing co,,+1-629-217-4877,,,El Dorado Hills,CA,P1 | Class A | only a Facebook/booking/directory page | https://lucentdetailingco.square.site/,,Car Detailers
A&J Mobile Detailing,,+1-626-922-3812,,,El Monte,CA,P1 | Class A | only a Facebook/booking/directory page | https://www.instagram.com/a_j_mobiledetailing/,,Car Detailers
DetailzbyNate,,+1-626-559-4603,,,El Monte,CA,P1 | Class A | only a Facebook/booking/directory page | https://detailzbynate.square.site/?utm_source=ig&utm_medium=social&utm_content=link_in_bio&fbclid=PAdGRleAPPnmNleHRuA2FlbQIxMQBzcnRjBmFwcF9pZA8xMjQwMjQ1NzQyODc0MTQAAaeuf9WQo3V-KBqTp02-myynOmoeJmzb9usaF25f4uR7FMb-i081T-WIONO_sw_aem_tkTgLGjv0Ahjzffn4VxHPg,,Car Detailers
JLSL MOBILE CAR WASH & DETAIL LLC,,+1-626-722-9050,,,El Monte,CA,P1 | Class A | only a Facebook/booking/directory page | http://www.facebook.com/jlsl27/,,Car Detailers
Lux Mobile Detailing,,+1-626-558-6662,,,El Monte,CA,P1 | Class A | only a Facebook/booking/directory page | https://lux-mobile-detailing-106125.square.site/,,Car Detailers
On The Go Detailing,,+1-626-817-3122,,,El Monte,CA,P1 | Class A | only a Facebook/booking/directory page | https://www.facebook.com/OnDGoDetailing/,,Car Detailers
Bustillo Mobile Detailing,,+1-916-601-5495,,,Elk Grove,CA,P1 | Class A | only a Facebook/booking/directory page | https://www.instagram.com/bustillo_mobile_detailing,,Car Detailers
CC Auto Spa,,+1-916-937-6741,,,Elk Grove,CA,P1 | Class A | only a Facebook/booking/directory page | https://instagram.com/ccaut0spa,,Car Detailers
Elk Grove Superior Detailing,,+1-916-375-9843,,,Elk Grove,CA,P1 | Class A | only a Facebook/booking/directory page | https://instagram.com/elk.grove.superior.detailing?igshid=NmZiMzY2Mjc=,,Car Detailers
Gloss Labs Auto Care,,+1-916-708-8754,,,Elk Grove,CA,P1 | Class A | only a Facebook/booking/directory page | https://www.instagram.com/glosslabs.autocare?igsh=NTc4MTIwNjQ2YQ==&utm_source=qr,,Car Detailers
Mobile Glowup Auto Detailing,,+1-916-415-8780,,,Elk Grove,CA,P1 | Class A | only a Facebook/booking/directory page | https://mobileglowupautodetailing.booksy.com/,,Car Detailers
Nick’s Premium Mobile Auto Detailing,,+1-916-533-1398,,,Elk Grove,CA,P1 | Class A | only a Facebook/booking/directory page | https://www.instagram.com/nick_mobile_auto_detailing?igsh=NTc4MTIwNjQ2YQ==&utm_source=qr,,Car Detailers
Sovereign Customz,,+1-916-892-6426,,"8228 Sheldon Pl Dr, Elk Grove, CA 95624, United States",Elk Grove,CA,P1 | Class A | only a Facebook/booking/directory page | https://www.instagram.com/sovereign_customz?igsh=NTc4MTIwNjQ2YQ==&utm_source=qr,,Car Detailers
Willpower Detailing,,+1-916-695-8436,,,Elk Grove,CA,P1 | Class A | only a Facebook/booking/directory page | https://willpowerdetailing.square.site/,,Car Detailers
Premier Auto Detailing,,+1-760-936-3401,,,Escondido,CA,P1 | Class A | only a Facebook/booking/directory page | https://www.facebook.com/premierautodetailingsd/,,Car Detailers
AV Detailing,,+1-707-617-6168,,"125 Maple St, Vacaville, CA 95687, United States",Fairfield,CA,P1 | Class A | only a Facebook/booking/directory page | http://instagram.com/av_detailing_ca,,Car Detailers
Bolden Signature Detailing,,+1-707-222-5761,,,Fairfield,CA,P1 | Class A | only a Facebook/booking/directory page | https://www.facebook.com/profile.php?id=61584783647312,,Car Detailers
Eco Mojo Auto Mobile Detailing,,+1-707-419-2361,,,Fairfield,CA,P1 | Class A | only a Facebook/booking/directory page | https://www.instagram.com/ecomojo/,,Car Detailers
Manny’s AutoShine Detailing,,+1-707-720-7059,,,Fairfield,CA,P1 | Class A | only a Facebook/booking/directory page | https://www.instagram.com/mannysautoshinedetailing/,,Car Detailers
Top Wash Detailing | Mobile Detailing Suisun City,,+1-707-372-2500,,"512 Gadwall Dr, Suisun City, CA 94585, United States",Fairfield,CA,P1 | Class A | only a Facebook/booking/directory page | https://topwashdetailing.square.site/,,Car Detailers
24 Drip Auto Spa Detailing,,+1-909-775-0334,,"15835 Boyle Ave, Fontana, CA 92337, United States",Fontana,CA,P1 | Class A | only a Facebook/booking/directory page | https://24-drip-auto-spa.square.site/,,Car Detailers
A&Z Auto Detailing,,+1-805-708-5885,,,Fontana,CA,P1 | Class A | only a Facebook/booking/directory page | https://www.instagram.com/anzautodetailing/,,Car Detailers
Armas Detailing,,+1-909-827-4831,,,Fontana,CA,P1 | Class A | only a Facebook/booking/directory page | https://squareup.com/appointments/book/tpc27hgg1g8hrn/LMHH95FTHFD24/services?fbclid=PAAaaTYaSOWnnP4Ow5BxhaXuAFBlxov1TGB9Tk7ob71ujCIYBNnZh7j3wlGmI_aem_th_ATx0OwLLw0ra1yjMB-moawHUNOMUGsqxxHBYnzJI-WIKouwdI_LIFyyh2JRiW7lSavA,,Car Detailers
JB Precision Auto Detailing Services,,+1-909-710-1406,,,Fontana,CA,P1 | Class A | only a Facebook/booking/directory page | https://www.instagram.com/jb_precision_auto/,,Car Detailers
Luxe Express Mobile Auto Detail,,+1-909-609-5272,,"15522 Ceres Ave, Fontana, CA 92335, United States",Fontana,CA,P1 | Class A | only a Facebook/booking/directory page | https://luxe-express.square.site/,,Car Detailers
MKC AutoWerks,,+1-626-581-6477,,"9690 Cherimoya Dr, Fontana, CA 92335, United States",Fontana,CA,P1 | Class A | only a Facebook/booking/directory page | https://book.squareup.com/appointments/zc5kgolymda1r7/location/LX928AWTA39MA,,Car Detailers
Moody's Mobile Detailing,,+1-559-339-4605,,,Fontana,CA,P1 | Class A | only a Facebook/booking/directory page | https://www.instagram.com/moodymobiledetailing/?next=/,,Car Detailers
Mulgadoco,,+1-909-510-3816,,"9956 Cypress Ave, Fontana, CA 92335, United States",Fontana,CA,P1 | Class A | only a Facebook/booking/directory page | https://panchoautocare.square.site/,,Car Detailers
NOS Mobile Auto Detailing,,+1-909-300-1375,,"11310 Oakwood Dr, Fontana, CA 92337, United States",Fontana,CA,P1 | Class A | only a Facebook/booking/directory page | https://squareup.com/appointments/book/omccltd6wjtfcg/LX23RGATECME8/services,,Car Detailers
OT7 Auto Detailing,,+1-909-346-6958,,,Fontana,CA,P1 | Class A | only a Facebook/booking/directory page | https://www.instagram.com/ot7auto.detailing/,,Car Detailers
Royalty Luxury Detailing & Ceramic Coating,,+1-909-312-5122,,,Fontana,CA,P1 | Class A | only a Facebook/booking/directory page | https://royalty-auto-detail-llc.square.site/,,Car Detailers
Gonzalez Mobile Auto Detail,,+1-408-608-7740,,"1582 Sawleaf Ct, San Jose, CA 95131, United States",Fremont,CA,P1 | Class A | only a Facebook/booking/directory page | https://www.instagram.com/gonzalezmobileautodetail?igsh=NTc4MTIwNjQ2YQ==,,Car Detailers
RM Mobile DETAILING,,+1-408-640-9084,,"1325 Zephyr Ct #95127, San Jose, CA 95127, United States",Fremont,CA,P1 | Class A | only a Facebook/booking/directory page | https://www.tiktok.com/@rm_mobile.detailing?_t=8prUgCaNNTr&_r=1,,Car Detailers
Diamond's Mobile Detailing,,+1-559-577-8708,,"1459 W Olive Ave, Fresno, CA 93728, United States",Fresno,CA,P1 | Class A | only a Facebook/booking/directory page | https://diamonds-mobiledetailing.square.site/,,Car Detailers
Fresno Refined Detailing,,+1-559-213-5576,,,Fresno,CA,P1 | Class A | only a Facebook/booking/directory page | https://fresno-refined-detailing.square.site/,,Car Detailers
RiveraDetailCo,,+1-559-213-6235,,,Fresno,CA,P1 | Class A | only a Facebook/booking/directory page | https://www.instagram.com/riveradetailco/,,Car Detailers
Smiths Curbside Services,,+1-559-960-9037,,"S Summerfield Ln, Fresno, CA 93725, United States",Fresno,CA,P1 | Class A | only a Facebook/booking/directory page | https://book.squareup.com/appointments/9bmeyco9uda835/location/8YR18TR9FPR12/services?utm_source=sqmktg_email,,Car Detailers
Engineer's Touch Mobile Detailing,,+1-951-833-5351,,,Fullerton,CA,P1 | Class A | only a Facebook/booking/directory page | https://calendly.com/engineerstouchdetailing/full-deep-clean,,Car Detailers
Methodical Mobile,,+1-951-775-0086,,,Fullerton,CA,P1 | Class A | only a Facebook/booking/directory page | http://methodical-mobile.square.site/,,Car Detailers
P2 Auto Studio | Ceramic Coating & PPF - Orange County,,+1-657-571-1525,,"2021 W Commonwealth Ave Unit k, Fullerton, CA 92833, United States",Fullerton,CA,P1 | Class A | only a Facebook/booking/directory page | http://instagram.com/p2autostudio,,Car Detailers
Shine pro car detailing &polishing,,+1-657-675-3540,,,Fullerton,CA,P1 | Class A | only a Facebook/booking/directory page | https://www.instagram.com/daniels.detailings,,Car Detailers
Silvas mobile detailing,,+1-714-277-7003,,"1030 N Cypress St, La Habra, CA 90631, United States",Fullerton,CA,P1 | Class A | only a Facebook/booking/directory page | https://silvasmobiledetailing.square.site/,,Car Detailers
A's Auto Detailing Lodi LLC,,+1-209-200-8507,,,Galt,CA,P1 | Class A | only a Facebook/booking/directory page | https://asautodetailing.square.site/,,Car Detailers
J&L Detailing,,+1-916-715-0210,,"12673 McKenzie Rd, Galt, CA 95632, United States",Galt,CA,P1 | Class A | only a Facebook/booking/directory page | https://jldetailing33.booksy.com/,,Car Detailers
Arzate Auto Detailing,,+1-714-235-0112,,,Garden Grove,CA,P1 | Class A | only a Facebook/booking/directory page | https://www.instagram.com/arzate_auto_detailing?igsh=NTc4MTIwNjQ2YQ==&utm_source=qr,,Car Detailers
Charlie’s Mobile Cleaning,,+1-714-348-1468,,,Garden Grove,CA,P1 | Class A | only a Facebook/booking/directory page | https://charliesmobilecleaning.square.site/,,Car Detailers
FC Auto Detailing,,+1-714-725-8439,,,Garden Grove,CA,P1 | Class A | only a Facebook/booking/directory page | https://www.instagram.com/fc_detail/,,Car Detailers
Gh0stWypezMobile,,+1-714-829-7039,,,Garden Grove,CA,P1 | Class A | only a Facebook/booking/directory page | https://gh0stwypez.square.site/,,Car Detailers
Heavenly Mobile detailing,,+1-714-204-1692,,,Garden Grove,CA,P1 | Class A | only a Facebook/booking/directory page | https://linktr.ee/hvnly.details,,Car Detailers
Kreative Detailing,,+1-657-246-5080,,"11692 9th St, Garden Grove, CA 92840, United States",Garden Grove,CA,P1 | Class A | only a Facebook/booking/directory page | https://www.instagram.com/kreativedetailing_?igsh=NTc4MTIwNjQ2YQ%3D%3D&utm_source=qr,,Car Detailers
Luxura Auto Detailing,,+1-657-251-7122,,,Garden Grove,CA,P1 | Class A | only a Facebook/booking/directory page | https://luxura-107993.square.site/,,Car Detailers
Timelezz Detail,,+1-714-654-1503,,"12551 Kensington Ln, Garden Grove, CA 92840, United States",Garden Grove,CA,P1 | Class A | only a Facebook/booking/directory page | https://timelezzdetail.square.site/,,Car Detailers
Xtreme Edge Professional Auto Detail,,+1-714-722-3676,,"10632 W Garden Grove Blvd, Garden Grove, CA 92843, United States",Garden Grove,CA,P1 | Class A | only a Facebook/booking/directory page | https://facebook.com/xeautodetail,,Car Detailers
Pristinefinishdetailing,,+1-669-345-8265,,,Gilroy,CA,P1 | Class A | only a Facebook/booking/directory page | https://www.instagram.com/pristinefinish.detailing?igsh=NTc4MTIwNjQ2YQ%3D%3D&utm_source=qr,,Car Detailers
SV Detailing,,+1-831-258-8931,,,Gilroy,CA,P1 | Class A | only a Facebook/booking/directory page | https://www.instagram.com/sv.detailz?igsh=NTc4MTIwNjQ2YQ==,,Car Detailers
Bordey Auto Detailing,,+1-818-915-3382,,,Glendale,CA,P1 | Class A | only a Facebook/booking/directory page | http://bordey-auto-detailing.square.site/,,Car Detailers
JG Auto Detail,,+1-323-572-0314,,,Glendale,CA,P1 | Class A | only a Facebook/booking/directory page | https://book.squareup.com/appointments/2gkeemzhlik50r/location/LM5S51A58EJR5?fbclid=PAVERFWASwB2hleHRuA2FlbQIxMABzcnRjBmFwcF9pZA8xMjQwMjQ1NzQyODc0MTQAAadAGEltgFOnJL4WPM646WYABGZ1Opl9X7MBDO5F3SZ-Ce2T4RzRdhOo9koP_w_aem_RlbBKlkDDQnEJsT1WgNFVQ,,Car Detailers
vvs auto mobile shine,,+1-818-799-5348,,,Glendale,CA,P1 | Class A | only a Facebook/booking/directory page | https://vvs-shine.square.site/,,Car Detailers
Pink Slips Automotive,,+1-530-785-5000,,,Grass Valley,CA,P1 | Class A | only a Facebook/booking/directory page | http://www.facebook.com/pinkslipsautomotive,,Car Detailers
L&L Mobile Detailing LLC,,+1-559-707-5319,,"329 W 5th St, Hanford, CA 93230, United States",Hanford,CA,P1 | Class A | only a Facebook/booking/directory page | http://bit.ly/LLDetailing,,Car Detailers
Swift Mobile Detailing,,+1-559-633-3734,,,Hanford,CA,P1 | Class A | only a Facebook/booking/directory page | https://swift-mobile-detailing-100222.square.site/?fbclid=PAQ0xDSwKq2v9leHRuA2FlbQIxMQABp6ahKjlxtgq8CqaEpRFOn5HKeHAW2tMCkXy6SczooX-WvszQFEl1wF90GzbC_aem_WF0mXUCXjFemgd4ky6zrXA,,Car Detailers
Auto Spa 880 Mobile,,+1-510-575-8495,,,Hayward,CA,P1 | Class A | only a Facebook/booking/directory page | https://www.instagram.com/auto.spa880?igsh=MTFsbXJleDRhemhuZw%3D%3D&utm_source=qr,,Car Detailers
Ethan's Mobile Detailz,,+1-925-487-1120,,,Hayward,CA,P1 | Class A | only a Facebook/booking/directory page | https://ethans-mobile-detailz.square.site/,,Car Detailers
Joses official tru.shine,,+1-510-701-4888,,,Hayward,CA,P1 | Class A | only a Facebook/booking/directory page | https://www.instagram.com/josesofficialtru.shine?igsh=MWFpYzU0ajBnYnBmOA==&utm_source=qr,,Car Detailers
MOBILE SERVICES,,+1-510-589-2064,,,Hayward,CA,P1 | Class A | only a Facebook/booking/directory page | http://mobile-services-510.square.site/,,Car Detailers
Royal Detailing,,+1-510-935-8557,,,Hayward,CA,P1 | Class A | only a Facebook/booking/directory page | https://www.instagram.com/roy.aldetailing?igsh=NTc4MTIwNjQ2YQ==&utm_source=qr,,Car Detailers
All-City Detail - Ceramic Coating,,+1-951-349-5717,,"1504 Villines Ave, San Jacinto, CA 92583, United States",Hemet,CA,P1 | Class A | only a Facebook/booking/directory page | https://all-citydetail.square.site/,,Car Detailers
Authentic Detailing,,+1-951-946-0211,,,Hemet,CA,P1 | Class A | only a Facebook/booking/directory page | https://linktr.ee/authenticdetailing,,Car Detailers
Moreno’s Auto Detailing,,+1-951-855-9447,,,Hemet,CA,P1 | Class A | only a Facebook/booking/directory page | https://morenosautodetailing.square.site/,,Car Detailers
QUINONESAUTODETAILING,,+1-951-287-0428,,"898 Ollie Way, Hemet, CA 92543, United States",Hemet,CA,P1 | Class A | only a Facebook/booking/directory page | https://www.instagram.com/quinonesautodetail?igsh=YTQwZjQ0NmI0OA==,,Car Detailers
Quality 1 Detailing,,+1-562-450-8926,,,Hemet,CA,P1 | Class A | only a Facebook/booking/directory page | https://instagram.com/quality1detailing?igshid=YmMyMTA2M2Y=,,Car Detailers
Desert Shine mobile wash/detail,,+1-442-800-4573,,"8562 C Ave, Hesperia, CA 92345, United States",Hesperia,CA,P1 | Class A | only a Facebook/booking/directory page | https://www.facebook.com/Desert-Shine-Mobile-Wash/Detail,,Car Detailers
El Guero’s Mobile Detailing,,+1-760-232-6185,,,Hesperia,CA,P1 | Class A | only a Facebook/booking/directory page | https://linktr.ee/elguerohd,,Car Detailers
First2none Wash & Detailing,,+1-442-414-8186,,,Hesperia,CA,P1 | Class A | only a Facebook/booking/directory page | https://first2none-washdetailing-102403.square.site/,,Car Detailers
JG Auto Detailing,,+1-760-628-9839,,,Hesperia,CA,P1 | Class A | only a Facebook/booking/directory page | https://linktr.ee/jgautodetailing?utm_source=qr_code,,Car Detailers
Mobile Detail HD,,+1-909-342-3625,,"17355 Darwin Ave, Hesperia, CA 92345, United States",Hesperia,CA,P1 | Class A | only a Facebook/booking/directory page | https://book.squareup.com/appointments/k6590qeiqxn0x8/location/74HDHBBSRRQVZ/services?fbclid=PAdGRleAO5YRRleHRuA2FlbQIxMQBzcnRjBmFwcF9pZA8xMjQwMjQ1NzQyODc0MTQAAacRrJMxv7XMJkdtofGMZWWHdi5uBQc-KNrkCr9Y2aqzJdfvdfonX29eBVZBmA_aem_-USeGCEB-EhUTsjQ5jmwKQ&utm_content=link_in_bio&utm_medium=social&utm_source=ig,,Car Detailers
ProFinish Auto Detailing,,+1-323-413-8140,,,Hesperia,CA,P1 | Class A | only a Facebook/booking/directory page | https://instagram.com/profinish_ad?igshid=YmMyMTA2M2Y=,,Car Detailers
Top G mobile detailing,,+1-442-368-9841,,,Hesperia,CA,P1 | Class A | only a Facebook/booking/directory page | https://www.instagram.com/top_g.detailing?igsh=NTc4MTIwNjQ2YQ==&utm_source=qr,,Car Detailers
831 Auto Spa,,+1-831-313-7654,,,Hollister,CA,P1 | Class A | only a Facebook/booking/directory page | https://831autospa.square.site/,,Car Detailers
831 Tys mobile autodetailing,,+1-831-383-2298,,"7450 Lovers Ln, Hollister, CA 95023, United States",Hollister,CA,P1 | Class A | only a Facebook/booking/directory page | https://linktr.ee/Tyy831,,Car Detailers
Mobile Auto Spa,,+1-831-673-5097,,,Hollister,CA,P1 | Class A | only a Facebook/booking/directory page | https://mobile-auto-spa-148019.square.site/,,Car Detailers
Perfect Auto Details,,+1-209-752-9300,,,Hollister,CA,P1 | Class A | only a Facebook/booking/directory page | https://squareup.com/appointments/book/v837r9iukus3mr/L9CSQ54NS4XFV/services,,Car Detailers
Solanos Automotive Detailing,,+1-831-673-1761,,,Hollister,CA,P1 | Class A | only a Facebook/booking/directory page | https://solanos-automotive-detailing.square.site/,,Car Detailers
Pro Wash Detailing Orange County,,+1-714-767-7553,,,Huntington Beach,CA,P1 | Class A | only a Facebook/booking/directory page | https://instagram.com/pwd.etailing?igshid=MmIzYWVlNDQ5Yg==,,Car Detailers
TOTL Mobile Detailing,,+1-657-334-8599,,"7161 Wellesley Ave, Westminster, CA 92683, United States",Huntington Beach,CA,P1 | Class A | only a Facebook/booking/directory page | https://totl-detailing-llc.square.site/,,Car Detailers
Ivan’s Fresh Fleet Mobile,,+1-760-909-0354,,"50000 Frederick St, Coachella, CA 92236, United States",Indio,CA,P1 | Class A | only a Facebook/booking/directory page | https://760freshfleet.square.site/,,Car Detailers
Pristine Auto Spa,,+1-760-673-6783,,,Indio,CA,P1 | Class A | only a Facebook/booking/directory page | https://www.instagram.com/pristine.auto_spa/,,Car Detailers
Ceejays mobile detailing,,+1-310-435-8966,,"625 W 120th St, Los Angeles, CA 90044, United States",Inglewood,CA,P1 | Class A | only a Facebook/booking/directory page | http://instagram.com/ceejays_mobile_detailing,,Car Detailers
Chameleon Mobile Car Detailing,,+1-323-509-0543,,"1719 1/2 W Vernon Ave, Los Angeles, CA 90062, United States",Inglewood,CA,P1 | Class A | only a Facebook/booking/directory page | https://www.instagram.com/chameleon_car_detailing/,,Car Detailers
Eddie’s Mobile Detailing,,+1-323-590-5805,,"1535 W 59th Pl, Los Angeles, CA 90047, United States",Inglewood,CA,P1 | Class A | only a Facebook/booking/directory page | https://eddiesmobiledetailing.square.site/,,Car Detailers
Fluff's Mobile Detailing,,+1-323-348-2016,,,Inglewood,CA,P1 | Class A | only a Facebook/booking/directory page | https://www.instagram.com/fluffsdetail/?hl=en,,Car Detailers
Lilpichito's Mobile Auto Spa,,+1-213-964-3600,,"1511 1/2 Leighton Ave, Los Angeles, CA 90062, United States",Inglewood,CA,P1 | Class A | only a Facebook/booking/directory page | https://www.instagram.com/lilpichitomobileautospa,,Car Detailers
MGD Detailz,,+1-213-429-8734,,,Inglewood,CA,P1 | Class A | only a Facebook/booking/directory page | https://mgd-detailz.square.site/,,Car Detailers
Mario's Auto Detail,,+1-310-853-3194,,"12181 S Campus Center Dr Level P1, Playa Vista, CA 90094, United States",Inglewood,CA,P1 | Class A | only a Facebook/booking/directory page | https://marios-auto-detail.square.site/,,Car Detailers
Mighty Mobile Detail,,+1-323-481-8405,,,Inglewood,CA,P1 | Class A | only a Facebook/booking/directory page | https://square.site/book/14ERZTWBRTWC8/mighty-mobile-detail-los-angeles-ca,,Car Detailers
Nomad detailing - Mobile car detailing Los Angeles,,+1-603-866-0903,,"5872 Abernathy Dr, Los Angeles, CA 90045, United States",Inglewood,CA,P1 | Class A | only a Facebook/booking/directory page | https://www.instagram.com/nomad.detailing.la?igsh=MWxhcndvMHhhbmYxMw==,,Car Detailers
Westside Mobile car wash & detailing,,+1-310-754-9894,,,Inglewood,CA,P1 | Class A | only a Facebook/booking/directory page | https://www.instagram.com/westside_mobile_detailing_?igsh=NGVhN2U2NjQ0Yg==&utm_source=qr,,Car Detailers
Clear Beam Auto Lighting - Mobile Headlight Restoration,,+1-714-931-8289,,,Irvine,CA,P1 | Class A | only a Facebook/booking/directory page | https://linktr.ee/ClearBeamAutoLighting,,Car Detailers
Irvine Details,,+1-714-856-9880,,,Irvine,CA,P1 | Class A | only a Facebook/booking/directory page | https://irvine-details.square.site/?fbclid=PAZXh0bgNhZW0CMTEAAab_xZw3fT5jQ-Ma_Prq9-qNcrRqc6x0pO_oQv4_Iyz54w3CUr2A7U2OcL4_aem_ga4c5UK4uuRscvlXBQOWFg,,Car Detailers
Prime Detail (PPF/vinyl wrap and tinting),,+1-949-873-1623,,"1712 Langley Ave, Irvine, CA 92614, United States",Irvine,CA,P1 | Class A | only a Facebook/booking/directory page | https://primedetailoc.square.site/,,Car Detailers
Promax CCS | Detailing Supplies,,+1-714-422-7554,,"17982 Sky Park Cir Ste n, Irvine, CA 92614, United States",Irvine,CA,P1 | Class A | only a Facebook/booking/directory page | https://www.instagram.com/promaxccs,,Car Detailers
Reflective Auto Care Mobile Detailing,,+1-949-287-3891,,,Irvine,CA,P1 | Class A | only a Facebook/booking/directory page | https://www.instagram.com/reflective.auto/,,Car Detailers
Wet Works Auto Finish by Deeezy,,+1-833-817-5945,,,Irvine,CA,P1 | Class A | only a Facebook/booking/directory page | https://book.squareup.com/appointments/o32ki72u8kkgkd/location/L13Z77Y9MB0NT,,Car Detailers
Bahama Motorsports,,+1-949-616-0237,,"22642 Lambert St #403, Lake Forest, CA 92630, United States",Lake Forest,CA,P1 | Class A | only a Facebook/booking/directory page | https://www.instagram.com/bahamamotorsportsgroup/,,Car Detailers
Detailpro,,+1-424-362-8252,,"Ladera Ranch, CA 92694, United States",Lake Forest,CA,P1 | Class A | only a Facebook/booking/directory page | https://linktr.ee/detailpro.oc?fbclid=PAAaZAOqYvzOtkavhqP5IRII6QXTlbUtW5qdGXQD14sKaLXkmAE-aTifZXrhE_aem_AYUNTrkhva7cXj4cwOHt40HsDaGGXMsAcm_M7HkRO9eQtNt-bvxqhzCNbnecNA2YgY0,,Car Detailers
Exotic treatment mobile detailing,,+1-949-942-0979,,,Lake Forest,CA,P1 | Class A | only a Facebook/booking/directory page | http://exotic-treatment-mobile-detailing-llc.square.site/,,Car Detailers
Blue’s Mobile Detailing,,+1-949-414-3473,,,Lakewood,CA,P1 | Class A | only a Facebook/booking/directory page | https://book.squareup.com/appointments/us3fxv4v1ft7ll/location/LAAXRKPJGDRK0/services,,Car Detailers
AV Mobile Detail And Wash,,+1-661-917-5202,,,Lancaster,CA,P1 | Class A | only a Facebook/booking/directory page | https://m.facebook.com/mobiledetailandwash/,,Car Detailers
Felix’s mobile wash and detail llc,,+1-661-583-4824,,,Lancaster,CA,P1 | Class A | only a Facebook/booking/directory page | https://instagram.com/felixs_mobilewashnddetail_llc?igshid=OGQ5ZDc2ODk2ZA==,,Car Detailers
Grace & Gloss Auto Spa,,+1-661-483-8181,,,Lancaster,CA,P1 | Class A | only a Facebook/booking/directory page | https://grace-and-gloss-detailing.square.site/,,Car Detailers
Mandos Detailing,,+1-661-965-8359,,"36542 Ramona Rd, Palmdale, CA 93550, United States",Lancaster,CA,P1 | Class A | only a Facebook/booking/directory page | http://mandosdetailing.square.site/,,Car Detailers
Palms Mobile Detailing Co,,+1-310-946-2575,,"4131 Lexington Ct, Palmdale, CA 93552, United States",Lancaster,CA,P1 | Class A | only a Facebook/booking/directory page | https://andys-inc.square.site/,,Car Detailers
Platinum Brothers Mobile Detailing,,+1-661-744-8703,,,Lancaster,CA,P1 | Class A | only a Facebook/booking/directory page | https://www.facebook.com/Platinumdetailing85,,Car Detailers
SPOTLESS AV MOBILE CAR WASH,,+1-661-604-5109,,,Lancaster,CA,P1 | Class A | only a Facebook/booking/directory page | https://www.instagram.com/spotless.av?igsh=NTc4MTIwNjQ2YQ%3D%3D&utm_source=qr,,Car Detailers
Ultra Slick Auto Detailing,,+1-818-856-6002,,,Lancaster,CA,P1 | Class A | only a Facebook/booking/directory page | https://www.instagram.com/ultra_slick_auto_detailing?igsh=NTc4MTIwNjQ2YQ%3D%3D&utm_source=qr,,Car Detailers
Sohanpal Shines 916,,+1-916-626-1779,,"1333 Southwick Ln, Lincoln, CA 95648, United States",Lincoln,CA,P1 | Class A | only a Facebook/booking/directory page | https://linktr.ee/qvwdygpxmk?utm_source=linktree_profile_share&ltsid=a18d4048-951b-48e8-bc0c-6989aea1c272,,Car Detailers
Islas Auto Detailing,,+1-925-290-8554,,,Livermore,CA,P1 | Class A | only a Facebook/booking/directory page | https://linktr.ee/islasautodetailing?utm_source=linktree_profile_share&ltsid=3404b8f1-5d4a-472a-a333-a8b75523010d,,Car Detailers
Bubbles On The Go,,+1-805-757-0313,,,Lompoc,CA,P1 | Class A | only a Facebook/booking/directory page | https://m.facebook.com/bubblesonthego/?ref=bookmarks,,Car Detailers
Gasca Detailing,,+1-805-345-9965,,"1415 Plum Ave, Lompoc, CA 93436, United States",Lompoc,CA,P1 | Class A | only a Facebook/booking/directory page | https://www.instagram.com/gascadetailing?igsh=NTc4MTIwNjQ2YQ%3D%3D&utm_source=qr,,Car Detailers
BR Auto Details,,+1-562-825-2933,,,Long Beach,CA,P1 | Class A | only a Facebook/booking/directory page | https://www.instagram.com/bxross562?igsh=MzRlODBiNWFlZA==,,Car Detailers
CarlosProDetailing,,+1-213-505-0201,,,Long Beach,CA,P1 | Class A | only a Facebook/booking/directory page | https://www.instagram.com/carlosprodetailing?igsh=MzRlODBiNWFlZA==,,Car Detailers
Jhezze Detailing Co.,,+1-562-277-1432,,"W Burnett St, Long Beach, CA 90810, United States",Long Beach,CA,P1 | Class A | only a Facebook/booking/directory page | https://www.instagram.com/jhezzedetailco/,,Car Detailers
AllSet Mobile Detailing,,+1-917-518-1444,,"700 W 9th St, Los Angeles, CA 90015, United States",Los Angeles,CA,P1 | Class A | only a Facebook/booking/directory page | https://book.squareup.com/appointments/j97oc0g7w3nbx0/location/LPB8DMNZHHFBN/services?utm_content=link_in_bio&utm_medium=social&utm_source=ig,,Car Detailers
Luxury Auto Detailing Spa(mobile),,+1-323-681-2977,,"7610 Beverly Blvd, Los Angeles, CA 90048, United States",Los Angeles,CA,P1 | Class A | only a Facebook/booking/directory page | https://www.instagram.com/luxury_autodetailingspa?igsh=NTc4MTIwNjQ2YQ%3D%3D&utm_source=qr,,Car Detailers
Ricardo's Mobile Detail,,+1-323-336-2391,,"300 Lincoln Blvd, Venice, CA 90291, United States",Los Angeles,CA,P1 | Class A | only a Facebook/booking/directory page | https://square.site/book/197WNXVV6AX8A/ricardo-s-mobile-detail,,Car Detailers
Adrians Mobile Detailing,,+1-209-829-9412,,,Los Banos,CA,P1 | Class A | only a Facebook/booking/directory page | https://www.instagram.com/adriansmobiledetailing1?igsh=MWM0NDM4dzBua3I4eA==&utm_source=qr,,Car Detailers
Dripping Wet Auto Detailing,,+1-209-287-9150,,"Pacheco and 10th, Los Banos, CA 93635, United States",Los Banos,CA,P1 | Class A | only a Facebook/booking/directory page | http://www.instagram.com/drippingwetauto,,Car Detailers
The Foam Spa,,+1-831-905-2207,,,Los Banos,CA,P1 | Class A | only a Facebook/booking/directory page | https://www.instagram.com/thefoamspa,,Car Detailers
Valley Top Car Detailing,,+1-209-737-4690,,,Los Banos,CA,P1 | Class A | only a Facebook/booking/directory page | https://linktr.ee/valleytopdetailing?utm_source=linktree_admin_share,,Car Detailers
diamond_detailing_209,,+1-209-829-9862,,"Los Banos, CA 93635, United States",Los Banos,CA,P1 | Class A | only a Facebook/booking/directory page | https://www.instagram.com/p/C4nzq9iRMe6/,,Car Detailers
Moore Sudz Mobile Detailing,,+1-559-416-9375,,,Madera,CA,P1 | Class A | only a Facebook/booking/directory page | https://moore-sudz-detailing.square.site/,,Car Detailers
Quinteros Car Detail,,+1-559-464-5849,,,Madera,CA,P1 | Class A | only a Facebook/booking/directory page | https://quinteroscardetail.square.site/,,Car Detailers
RZ Auto Detailing,,+1-559-464-4194,,,Madera,CA,P1 | Class A | only a Facebook/booking/directory page | https://rz-auto-detailing.square.site/,,Car Detailers
Sublime Auto Detail,,+1-559-917-2451,,,Madera,CA,P1 | Class A | only a Facebook/booking/directory page | https://www.instagram.com/sublimeautodetail?igsh=NTc4MTIwNjQ2YQ==&utm_source=qr,,Car Detailers
Car Detailing 209 (Mobile Detailing),,+1-209-600-1505,,,Mariposa,CA,P1 | Class A | only a Facebook/booking/directory page | https://app.urable.com/virtual-shop/8JkYwFa8W3KuAmNTDzUg,,Car Detailers
LV Reflection Detailing,,+1-209-626-6280,,,Mariposa,CA,P1 | Class A | only a Facebook/booking/directory page | https://www.instagram.com/lv.reflection?igsh=NTc4MTIwNjQ2YQ==&utm_source=qr,,Car Detailers
OP STANDARD DETAILING,,+1-209-259-0150,,,Mariposa,CA,P1 | Class A | only a Facebook/booking/directory page | https://app.urable.com/virtual-shop/oh9Hu4vvQVE4BXKHk2Rl,,Car Detailers
O`s Detailing,,+1-209-769-8918,,,Mariposa,CA,P1 | Class A | only a Facebook/booking/directory page | https://linktr.ee/osdetailing209,,Car Detailers
Off The Map Mobile Detailing,,+1-559-223-4399,,,Mariposa,CA,P1 | Class A | only a Facebook/booking/directory page | https://www.instagram.com/otm.detailz/?igsh=OGQ5ZDc2ODk2ZA==&utm_source=qr,,Car Detailers
Vargas Signature Detail,,+1-831-406-9779,,,Mariposa,CA,P1 | Class A | only a Facebook/booking/directory page | https://www.instagram.com/jd_.detailing?igsh=OGQ5ZDc2ODk2ZA==&utm_source=qr,,Car Detailers
Carnales Mobile Detailing,,+1-530-978-3119,,,Marysville,CA,P1 | Class A | only a Facebook/booking/directory page | https://carnalesmobiledetailing.square.site/,,Car Detailers
Detail By Luis,,+1-530-315-4466,,,Marysville,CA,P1 | Class A | only a Facebook/booking/directory page | https://instagram.com/detailbyluis,,Car Detailers
Nate’s Detailing,,+1-916-257-0751,,,Marysville,CA,P1 | Class A | only a Facebook/booking/directory page | https://www.instagram.com/natesdetails_?igsh=YTQwZjQ0NmI0OA==&utm_source=qr,,Car Detailers
Zays Mobile Auto Detailing,,+1-530-790-5657,,"6328 Trevor Dr, Marysville, CA 95901, United States",Marysville,CA,P1 | Class A | only a Facebook/booking/directory page | https://zays-auto-detailing.square.site/,,Car Detailers
Detail Xperts - Mobile Auto Detailing - Ceramic Coating,,+1-323-283-1511,,,Menifee,CA,P1 | Class A | only a Facebook/booking/directory page | https://app.urable.com/virtual-shop/R3mAxN0xsTBpUsmYSkQV,,Car Detailers
Eddieboys mobiledetailing,,+1-949-275-7907,,"24370 Canyon Lake Dr N, Menifee, CA 92587, United States",Menifee,CA,P1 | Class A | only a Facebook/booking/directory page | https://eddieboysmobiledetailing.square.site/,,Car Detailers
JA’s Auto Detailing,,+1-951-376-8996,,"3518 Ranch St, Perris, CA 92571, United States",Menifee,CA,P1 | Class A | only a Facebook/booking/directory page | https://jas-auto-detailing.square.site/,,Car Detailers
M&F Mobile Detail,,+1-602-446-0954,,,Menifee,CA,P1 | Class A | only a Facebook/booking/directory page | https://www.instagram.com/mfmobiledetail?igsh=NTc4MTIwNjQ2YQ%3D%3D&utm_source=qr,,Car Detailers
Sal's Luxury Detailing,,+1-909-833-5979,,,Menifee,CA,P1 | Class A | only a Facebook/booking/directory page | https://sals-luxury-detailing.square.site/,,Car Detailers
Thx detail,,+1-951-651-2438,,"26061 Sherman Rd, Menifee, CA 92585, United States",Menifee,CA,P1 | Class A | only a Facebook/booking/directory page | https://www.instagram.com/thx.detail?igsh=NTc4MTIwNjQ2YQ==&utm_source=qr,,Car Detailers
Delgado's Detail,,+1-209-355-0705,,,Merced,CA,P1 | Class A | only a Facebook/booking/directory page | https://delgadosdetail.square.site/,,Car Detailers
Nate’s Headlight Restoration & Cleaning (Headlights By Nate),,+1-209-233-0893,,,Merced,CA,P1 | Class A | only a Facebook/booking/directory page | https://www.instagram.com/headlightsbynate,,Car Detailers
Top Level Auto Detailing • PPF • Ceramic Coatings • Interior/Exterior Details • Polishing,,+1-209-449-6802,,"341 Business Park Way Ste E, City of Atwater, CA 95301, United States",Merced,CA,P1 | Class A | only a Facebook/booking/directory page | https://toplevel-auto-detailing.square.site/,,Car Detailers
Valleys finest detail Co,,+1-209-681-4934,,,Merced,CA,P1 | Class A | only a Facebook/booking/directory page | https://www.instagram.com/valleysfinestdetail.co?igsh=NTc4MTIwNjQ2YQ==&utm_source=qr,,Car Detailers
Windy City Detailing,,+1-209-819-0057,,,Merced,CA,P1 | Class A | only a Facebook/booking/directory page | https://www.facebook.com/WindyCityDetailingMerced/,,Car Detailers
Detailing Masters,,+1-408-352-5438,,"1206 Norman Ave, Santa Clara, CA 95054, United States",Milpitas,CA,P1 | Class A | only a Facebook/booking/directory page | https://detailing-masters.square.site/,,Car Detailers
JJDetailingOC,,+1-949-201-7179,,,Mission Viejo,CA,P1 | Class A | only a Facebook/booking/directory page | https://app.squareup.com/appointments/book/9vwkdbudedo1n4/LM41RR0YEJRKV/start,,Car Detailers
D-LUX DETAILS,,+1-209-629-2000,,,Modesto,CA,P1 | Class A | only a Facebook/booking/directory page | https://book.squareup.com/appointments/dmh58c0spwld00/location/L3A3C9Z048XQV/services,,Car Detailers
James Details,,+1-209-719-8737,,"123 Eula Dr, Modesto, CA 95354, United States",Modesto,CA,P1 | Class A | only a Facebook/booking/directory page | https://www.instagram.com/james_details0,,Car Detailers
Platinum Wash & Mobile Detail LLC,,+1-209-841-9400,,,Modesto,CA,P1 | Class A | only a Facebook/booking/directory page | http://platinum-wash-mobile-detail-llc.square.site/,,Car Detailers
I.C.Details,,+1-831-240-9150,,"1943 Princeton Ct, Salinas, CA 93906, United States",Monterey,CA,P1 | Class A | only a Facebook/booking/directory page | https://app.urable.com/virtual-shop/5BhVDnJIrIKrFrH01avm,,Car Detailers
4K Auto Care CA,,+1-951-563-4518,,,Moreno Valley,CA,P1 | Class A | only a Facebook/booking/directory page | https://4k-auto-care-ca.square.site/,,Car Detailers
Gloss lab mobile detailing,,+1-909-838-2968,,"11388 Trust Way, Moreno Valley, CA 92555, United States",Moreno Valley,CA,P1 | Class A | only a Facebook/booking/directory page | https://book.squareup.com/appointments/go98ezywcceunh/location/LYEKCP84JPZQN,,Car Detailers
Kevin's Auto Detailing,,+1-951-507-9459,,,Moreno Valley,CA,P1 | Class A | only a Facebook/booking/directory page | https://instagram.com/kevinsauto.detailing?igshid=YmMyMTA2M2Y=,,Car Detailers
Kingdomshine Luxury Detailing,,+1-951-379-6246,,"17415 Calle Deamigos, Moreno Valley, CA 92551, United States",Moreno Valley,CA,P1 | Class A | only a Facebook/booking/directory page | https://www.instagram.com/kingdomshineluxurydetail/,,Car Detailers
Luxur.s Mobile Detailing,,+1-951-319-5025,,,Moreno Valley,CA,P1 | Class A | only a Facebook/booking/directory page | https://instagram.com/luxur.s_mobile_detailing?igshid=YmMyMTA2M2Y=,,Car Detailers
Otto Detailing,,+1-909-486-9960,,,Moreno Valley,CA,P1 | Class A | only a Facebook/booking/directory page | https://linktr.ee/OttoDetailing,,Car Detailers
Partners n shine mobile detailing,,+1-951-447-3359,,"920 Vía Cartago, Riverside, CA 92507, United States",Moreno Valley,CA,P1 | Class A | only a Facebook/booking/directory page | http://partnersnshinebooking.square.site/,,Car Detailers
HL Auto Detail,,+1-408-931-4255,,,Morgan Hill,CA,P1 | Class A | only a Facebook/booking/directory page | https://linktr.ee/hl.auto.detail,,Car Detailers
Perfect Details,,+1-408-710-4024,,,Morgan Hill,CA,P1 | Class A | only a Facebook/booking/directory page | https://www.instagram.com/perfect_details_mh?igsh=NGVhN2U2NjQ0Yg%3D%3D&utm_source=qr,,Car Detailers
Essential Detail Company,,+1-619-569-8249,,,Murrieta,CA,P1 | Class A | only a Facebook/booking/directory page | http://essential-detail-co.square.site/,,Car Detailers
Julsshine auto detailing,,+1-951-440-0861,,,Murrieta,CA,P1 | Class A | only a Facebook/booking/directory page | https://linktr.ee/julsshine.detailing,,Car Detailers
MSQ Autohouse,,+1-951-466-6587,,"29990 Technology Dr #12, Murrieta, CA 92563, United States",Murrieta,CA,P1 | Class A | only a Facebook/booking/directory page | https://www.instagram.com/msqautohouse/,,Car Detailers
Rad Detail Company,,+1-951-349-6667,,"31581 Pompei Ln, Winchester, CA 92596, United States",Murrieta,CA,P1 | Class A | only a Facebook/booking/directory page | https://linktr.ee/raddetailcompany,,Car Detailers
Serrano’s Mobile Detailing Services,,+1-619-751-8534,,,Murrieta,CA,P1 | Class A | only a Facebook/booking/directory page | http://serranos-mobile-detailing-services-llc.square.site/,,Car Detailers
Vulture Arc Detailing,,+1-951-466-7556,,,Murrieta,CA,P1 | Class A | only a Facebook/booking/directory page | https://vulture-arc-detailing.square.site/,,Car Detailers
Xavier Exclusive Auto Detailing,,+1-951-319-2046,,"Whitewood Rd, Murrieta, CA 92563, United States",Murrieta,CA,P1 | Class A | only a Facebook/booking/directory page | https://xavier-exclusive-auto-detailing.square.site/,,Car Detailers
Luxurydetaling,,+1-707-302-9627,,,Napa,CA,P1 | Class A | only a Facebook/booking/directory page | https://www.instagram.com/luxurydetaling?igsh=NTc4MTIwNjQ2YQ==&utm_source=qr,,Car Detailers
Immaculate Wet Detailing,,+1-424-744-6492,,"8314 Alondra Blvd, Paramount, CA 90723, United States",Norwalk,CA,P1 | Class A | only a Facebook/booking/directory page | https://www.instagram.com/invites/contact/?i=1bt0nh2gjqkdo&utm_content=oudkpbz,,Car Detailers
Los Diablos Detailing,,+1-323-593-0620,,,Norwalk,CA,P1 | Class A | only a Facebook/booking/directory page | https://instagram.com/losdiablosdetailing?igshid=bqkap8scrjgn,,Car Detailers
Callmax Mobile-Carwash,,+1-510-491-4966,,,Oakland,CA,P1 | Class A | only a Facebook/booking/directory page | https://www.instagram.com/callmax_car?igsh=NTc4MTIwNjQ2YQ==&utm_source=qr,,Car Detailers
F&D Mobile Detailing Car Wash,,+1-760-450-6030,,,Oceanside,CA,P1 | Class A | only a Facebook/booking/directory page | https://www.facebook.com/profile.php?id=100063855590347,,Car Detailers
AJJ_auto_ detailing,,+1-951-525-9776,,"1206 W 4th St, Ontario, CA 91762, United States",Ontario,CA,P1 | Class A | only a Facebook/booking/directory page | https://www.instagram.com/ajj_auto_detailing?igsh=OGQ5ZDc2ODk2ZA==&utm_source=qr,,Car Detailers
Flacos Mobile Detailing,,+1-909-325-5749,,"863 Asbury Ave, Pomona, CA 91767, United States",Ontario,CA,P1 | Class A | only a Facebook/booking/directory page | https://flaco-details.square.site/,,Car Detailers
IE Autostyle,,+1-951-703-9688,,,Ontario,CA,P1 | Class A | only a Facebook/booking/directory page | https://www.instagram.com/ieautostyle/,,Car Detailers
JohnnyBoy's Auto Detail,,+1-602-784-5199,,"1716 E 4th St, Ontario, CA 91764, United States",Ontario,CA,P1 | Class A | only a Facebook/booking/directory page | https://instagram.com/johnnyboysautodetail?igshid=MjEwN2IyYWYwYw==,,Car Detailers
Out The Trunk Mobile Detailing,,+1-909-288-3862,,,Ontario,CA,P1 | Class A | only a Facebook/booking/directory page | https://outthetrunk-mobile-detailing.square.site/,,Car Detailers
Plush Mobile Detail,,+1-909-780-7104,,,Ontario,CA,P1 | Class A | only a Facebook/booking/directory page | https://plushmobiledetail.square.site/,,Car Detailers
Project: Detailing,,+1-909-749-8696,,,Ontario,CA,P1 | Class A | only a Facebook/booking/directory page | https://calendly.com/pd-projectdetailing/appointment,,Car Detailers
Detail Fellas Auto Detailing,,+1-714-261-4577,,"3717 W Park Balboa Ave, Orange, CA 92868, United States",Orange,CA,P1 | Class A | only a Facebook/booking/directory page | https://www.instagram.com/detail_fellas21/,,Car Detailers
Grande's Mobile Detailing,,+1-714-482-3059,,"258 N Kathleen Ln, Orange, CA 92869, United States",Orange,CA,P1 | Class A | only a Facebook/booking/directory page | https://book.squareup.com/appointments/ms0c5pe67m2yla/location/LPK3NYXTQCW8T/services?utm_source=ig&utm_medium=social&utm_content=link_in_bio&fbclid=PAdGRleASMeDJleHRuA2FlbQIxMQBzcnRjBmFwcF9pZA8xMjQwMjQ1NzQyODc0MTQAAacOZ-m4K1gKKsYBJHbm6Zj5Be2idJXiyVLIdNR_Ohd1XiOR8EBrZvPHQCML7g_aem_mopmt0CabzN6K1hCTlH2Hw,,Car Detailers
The Carfather Detailer,,+1-714-618-2435,,"763 S Fondren St A, Orange, CA 92868, United States",Orange,CA,P1 | Class A | only a Facebook/booking/directory page | https://linktr.ee/thecarfatherdetailer,,Car Detailers
Curry’s Detailing,,+1-530-712-7446,,"1915 5th St, Oroville, CA 95965, United States",Oroville,CA,P1 | Class A | only a Facebook/booking/directory page | https://book.squareup.com/appointments/n3g49aldq42rgm/location/LEGPQ13AAR6BV/services,,Car Detailers
GT Detailing,,+1-530-353-7999,,"2560 Feather River Blvd, Oroville, CA 95965, United States",Oroville,CA,P1 | Class A | only a Facebook/booking/directory page | https://gt-detailing.square.site/,,Car Detailers
S&P Details & Ceramic Coatings,,+1-530-403-0251,,"451 Grand Ave, Oroville, CA 95965, United States",Oroville,CA,P1 | Class A | only a Facebook/booking/directory page | https://book.squareup.com/appointments/bi1kd5cbbzaygf/location/LWYC63SJX8NBF,,Car Detailers
Tangerine Detailing,,+1-530-764-6272,,,Oroville,CA,P1 | Class A | only a Facebook/booking/directory page | https://tangerine-detailing.square.site/,,Car Detailers
Bravo's Mobile Detailing,,+1-805-636-2033,,"377 E Harrison Ave, Ventura, CA 93001, United States",Oxnard,CA,P1 | Class A | only a Facebook/booking/directory page | https://bravosdetailing.square.site/,,Car Detailers
MNT Detailing,,+1-805-827-1160,,,Oxnard,CA,P1 | Class A | only a Facebook/booking/directory page | http://mntdetailing.square.site/,,Car Detailers
Solis Auto Detailing,,+1-805-758-0346,,"Unique Auto Center, 1101 Saviers Rd, Oxnard, CA 93033, United States",Oxnard,CA,P1 | Class A | only a Facebook/booking/directory page | https://www.instagram.com/solis_autodetailing?igsh=NTc4MTIwNjQ2YQ==&utm_source=qr,,Car Detailers
Torres Mobile CarWash & Detailing,,+1-805-760-4253,,,Oxnard,CA,P1 | Class A | only a Facebook/booking/directory page | https://torresdetail.square.site/,,Car Detailers
Valexy mobile car wash & auto detail,,+1-626-620-1342,,,Oxnard,CA,P1 | Class A | only a Facebook/booking/directory page | https://www.instagram.com/valexycarwash?igsh=OGQ5ZDc2ODk2ZA==&utm_source=qr,,Car Detailers
Autoshine - Quality Car Care Specialist,,+1-760-303-5997,,"68945 Perez Rd #2, Cathedral City, CA 92234, United States",Palm Desert,CA,P1 | Class A | only a Facebook/booking/directory page | https://www.facebook.com/autoshine2020,,Car Detailers
SBM Mobile Detailing,,+1-760-620-1064,,,Palm Desert,CA,P1 | Class A | only a Facebook/booking/directory page | https://sbm-detailing.square.site/?fbclid=PAdGRleANGu9VleHRuA2FlbQIxMQABpwcLgwx0ZB6HOtD3-M0AlDDyhw1J-0cuOQdbqGDkGKfgByO7PthX20H7Tjo8_aem_AlMcN1kNyin1-C5HYaxGqQ,,Car Detailers
Seb_MobileDetails,,+1-442-666-0222,,,Palm Desert,CA,P1 | Class A | only a Facebook/booking/directory page | https://sebdetail.square.site/?utm_source=ig&utm_medium=social&utm_content=link_in_bio&fbclid=PAdGRleAR1HgBleHRuA2FlbQIxMQBzcnRjBmFwcF9pZA8xMjQwMjQ1NzQyODc0MTQAAafx966L1vBlTNRj94DahWgH_XzVaavLdAtiPAd5h25hRtIjLHUq0XyDO73e9g_aem_jwmI_jJm1r4-WXycAAGstA&utm_id=97760_v0_s00_e0_tv3,,Car Detailers
Tonys Mobile Detailing - Professional Auto Detailing & Ceramic Coatings,,+1-760-697-8907,,,Palm Desert,CA,P1 | Class A | only a Facebook/booking/directory page | https://tonysmobiledetailing.square.site/,,Car Detailers
Transformers Auto Detailing,,+1-760-906-2579,,,Palm Desert,CA,P1 | Class A | only a Facebook/booking/directory page | https://www.instagram.com/transformers_autodetailing/,,Car Detailers
Adame Desert Detailing,,+1-760-670-7383,,,Palm Springs,CA,P1 | Class A | only a Facebook/booking/directory page | https://www.facebook.com/profile.php?id=61583689782076,,Car Detailers
J.M760details,,+1-760-279-3835,,,Palm Springs,CA,P1 | Class A | only a Facebook/booking/directory page | https://linktr.ee/j.m760details,,Car Detailers
Precise detailing,,+1-760-803-7107,,,Palm Springs,CA,P1 | Class A | only a Facebook/booking/directory page | https://www.instagram.com/precisedetailing87/?hl=en,,Car Detailers
ARodsDetailing,,+1-323-768-8988,,,Palmdale,CA,P1 | Class A | only a Facebook/booking/directory page | http://arodsdetailing.square.site/,,Car Detailers
Guero’s Mobile Detailing,,+1-562-417-4772,,,Palmdale,CA,P1 | Class A | only a Facebook/booking/directory page | https://www.instagram.com/guer.osdetailing?igsh=NTc4MTIwNjQ2YQ==&utm_source=qr,,Car Detailers
Jacks Mobile Detail & Ceramic Coatings,,+1-661-433-5072,,"3559 Avocado Ln, Palmdale, CA 93550, United States",Palmdale,CA,P1 | Class A | only a Facebook/booking/directory page | https://instagram.com/jacksmobiledetail,,Car Detailers
Super Bright Auto Detailing,,+1-661-478-2630,,,Palmdale,CA,P1 | Class A | only a Facebook/booking/directory page | https://www.tiktok.com/@superbrightautodetailing?_t=8hRQhklmaLK&_r=1,,Car Detailers
Aura auto detail,,+1-818-579-0662,,"1 Harkness Ave, Pasadena, CA 91106, United States",Pasadena,CA,P1 | Class A | only a Facebook/booking/directory page | https://www.instagram.com/aura.auto.detail?igsh=NTc4MTIwNjQ2YQ%3D%3D&utm_source=qr,,Car Detailers
Raul’s Auto Works,,+1-626-409-3776,,,Pasadena,CA,P1 | Class A | only a Facebook/booking/directory page | https://www.instagram.com/raulsautoworks?igsh=NTc4MTIwNjQ2YQ==&utm_source=qr,,Car Detailers
J.B'S Detailing,,+1-209-895-9207,,,Patterson,CA,P1 | Class A | only a Facebook/booking/directory page | https://www.facebook.com/J.BS.Detailing1/?ref=page_internal,,Car Detailers
Infinitykarwashers,,+1-925-496-8154,,,Pittsburg,CA,P1 | Class A | only a Facebook/booking/directory page | https://www.instagram.com/infinitykarwashers/,,Car Detailers
4k Detailz,,+1-916-956-3454,,"2431 Morrene Dr, Placerville, CA 95667, United States",Placerville,CA,P1 | Class A | only a Facebook/booking/directory page | https://book.squareup.com/appointments/pz63411xpn5468/location/L4PD0PNGBCVNM/services,,Car Detailers
EliteShine Mobile Detailing,,+1-909-568-3287,,"806 Indian Hill Blvd, Pomona, CA 91767, United States",Pomona,CA,P1 | Class A | only a Facebook/booking/directory page | https://www.instagram.com/eliteshine_mobiledetail?igsh=MTdmZXkwcjg3cXluNQ==&utm_source=qr,,Car Detailers
HDZ mobile car detailing,,+1-909-634-6459,,"2974 Battram St, Pomona, CA 91767, United States",Pomona,CA,P1 | Class A | only a Facebook/booking/directory page | https://www.facebook.com/profile.php?id=100068051741077&mibextid=ZbWKwL,,Car Detailers
Isaiah's Mobile Detailing,,+1-909-215-4940,,,Pomona,CA,P1 | Class A | only a Facebook/booking/directory page | https://book.squareup.com/appointments/13f6u6ajqbm5cd/location/LNDCM5XEMY1Q9/services,,Car Detailers
Kev's Auto Detailing,,+1-909-901-3216,,,Pomona,CA,P1 | Class A | only a Facebook/booking/directory page | https://www.instagram.com/kauto_details,,Car Detailers
Next Level Detailz,,+1-760-485-4073,,"351 N Gordon St #1911, Pomona, CA 91768, United States",Pomona,CA,P1 | Class A | only a Facebook/booking/directory page | https://m.facebook.com/Next-Level-Detailz-576384142546486/,,Car Detailers
Quality one mobile wash & detail,,+1-909-238-8393,,,Pomona,CA,P1 | Class A | only a Facebook/booking/directory page | https://www.instagram.com/quality_one__/,,Car Detailers
J's Auto Detailing,,+1-559-560-8730,,,Porterville,CA,P1 | Class A | only a Facebook/booking/directory page | https://linktr.ee/jsautodetail,,Car Detailers
Jay’s Mobile Auto Detail LLC,,+1-515-567-9904,,,Porterville,CA,P1 | Class A | only a Facebook/booking/directory page | https://www.facebook.com/profile.php?id=61555420042166&mibextid=LQQJ4d,,Car Detailers
Mejia Details,,+1-509-831-9466,,,Porterville,CA,P1 | Class A | only a Facebook/booking/directory page | http://mejiadetails38.booksy.com/a/,,Car Detailers
Morales Auto Detailing,,+1-559-756-1998,,,Porterville,CA,P1 | Class A | only a Facebook/booking/directory page | https://linktr.ee/moralesautodetailing?utm_source=linktree_profile_share&ltsid=5b3fb040-6e93-4c5b-9662-2e86c17b1390,,Car Detailers
Dasari Details,,+1-916-917-8069,,,Rancho Cordova,CA,P1 | Class A | only a Facebook/booking/directory page | https://linktr.ee/dasaridetails,,Car Detailers
BRP Auto Spa,,+1-909-736-4590,,,Rancho Cucamonga,CA,P1 | Class A | only a Facebook/booking/directory page | https://brp-auto-spa.square.site/,,Car Detailers
Maroon Detailing,,+1-909-660-6964,,,Rancho Cucamonga,CA,P1 | Class A | only a Facebook/booking/directory page | http://booksy.info/MaroonDetailing,,Car Detailers
Detailing Dreams,,+1-530-720-9291,,,Red Bluff,CA,P1 | Class A | only a Facebook/booking/directory page | https://www.instagram.com/lurkingsc?igsh=NTc4MTIwNjQ2YQ==&utm_source=qr,,Car Detailers
Serrano Auto Spa,,+1-530-690-0992,,,Red Bluff,CA,P1 | Class A | only a Facebook/booking/directory page | https://squareup.com/appointments/book/5gzumrs8zw0xuq/LSPPXJV85NF2F/services,,Car Detailers
Holy Detailing Mobile Detailing,,+1-530-232-7826,,,Redding,CA,P1 | Class A | only a Facebook/booking/directory page | https://linktr.ee/qr/33f16477-8397-41b9-bffa-34fdb942d701,,Car Detailers
Less Stress Details,,+1-530-440-2684,,"11814 Hootenanny Ln, Redding, CA 96003, United States",Redding,CA,P1 | Class A | only a Facebook/booking/directory page | https://www.facebook.com/profile.php?id=100082675244401&mibextid=LQQJ4d,,Car Detailers
Professional Mobile Auto Detailing,,+1-530-440-6528,,"19806 Hirsch Ct Unit 1, Anderson, CA 96007, United States",Redding,CA,P1 | Class A | only a Facebook/booking/directory page | https://m.facebook.com/100063635077651/,,Car Detailers
RCAT Detailing,,+1-530-945-8203,,"2725 Favretto Ave, Redding, CA 96001, United States",Redding,CA,P1 | Class A | only a Facebook/booking/directory page | https://www.facebook.com/RCATdetailing/,,Car Detailers
Ace Auto Detailing Inc,,+1-909-915-4296,,,Redlands,CA,P1 | Class A | only a Facebook/booking/directory page | https://www.instagram.com/aceautodetailinginc/,,Car Detailers
J&S Auto Detail Pros,,+1-909-433-1018,,,Redlands,CA,P1 | Class A | only a Facebook/booking/directory page | https://book.squareup.com/appointments/xk864pmp5p8hh3/location/LCE2XYN2579Z2/services,,Car Detailers
LuxuryClassDetail Auto Detailing Rancho Cucamonga,,+1-909-725-9841,,,Redlands,CA,P1 | Class A | only a Facebook/booking/directory page | https://luxuryclassdetail-llc.square.site/,,Car Detailers
quick and slick mobile detailing,,+1-909-649-3023,,"church and, E San Bernardino Ave, Redlands, CA 92374, United States",Redlands,CA,P1 | Class A | only a Facebook/booking/directory page | https://www.instagram.com/quick_and_slick?igsh=MzRlODBiNWFlZA==,,Car Detailers
Polish Kings Detailing,,+1-650-727-2699,,,Redwood City,CA,P1 | Class A | only a Facebook/booking/directory page | https://www.instagram.com/polishkingsdetail?igsh=NTc4MTIwNjQ2YQ==,,Car Detailers
Convenient Auto Detailing,,+1-510-677-9278,,"1001 Hensley St A, Richmond, CA 94801, United States",Richmond,CA,P1 | Class A | only a Facebook/booking/directory page | https://www.instagram.com/convenient_autodetail/,,Car Detailers
RichmondMobileDetailerz,,+1-415-870-5373,,,Richmond,CA,P1 | Class A | only a Facebook/booking/directory page | https://l.facebook.com/l.php?u=https://champion-tadpole.10web.cloud/?fbclid=IwZXh0bgNhZW0CMTAAYnJpZBExYXptbEhBbmN2TWtic1U0d3NydGMGYXBwX2lkEDIyMjAzOTE3ODgyMDA4OTIAAR5yv7BgBCV_Vv41MkJZj0pA96u8dR3Erbt5-aMbPkQ5xLAs_8nusGYS2FGNIA_aem_wypOBk45xrXKFq0-7b8NqQ&h=AUDOlA2xm_pGg8Um5QYBZC7MGd4_iUKIe600X3YuLNHSoNHKZIBNc4eLgsByR_T3146yfWg8qWKos7e4m8zPi_D1I4-Vm0qF2FiAoV32KYpDZHZWWrsS0cpUHOKZKRITnrSZr_rSEVq_COfk03rp,,Car Detailers
Tropical Details,,+1-510-736-3930,,,Richmond,CA,P1 | Class A | only a Facebook/booking/directory page | https://tropical-cleaners.square.site/,,Car Detailers
1 Auto Detail,,+1-714-495-7381,,,Riverside,CA,P1 | Class A | only a Facebook/booking/directory page | https://1-auto-detail.square.site/,,Car Detailers
I.E.I. DETAIL SUPPLIES,,+1-951-241-0287,,"7117 Arlington Ave #F, Riverside, CA 92503, United States",Riverside,CA,P1 | Class A | only a Facebook/booking/directory page | https://instagram.com/i.e.i_detailsupplies?igshid=YmMyMTA2M2Y=,,Car Detailers
JC's Detailing,,+1-951-710-0729,,,Riverside,CA,P1 | Class A | only a Facebook/booking/directory page | https://jcs-detailing-107384.square.site/,,Car Detailers
Martin's Auto Detail,,+1-951-756-5261,,"4052 Manchester Pl, Riverside, CA 92503, United States",Riverside,CA,P1 | Class A | only a Facebook/booking/directory page | https://square.site/book/4CJC5YQE1WHN6/martin-s-auto-detail,,Car Detailers
Maxcy Detail Co,,+1-951-275-3374,,,Riverside,CA,P1 | Class A | only a Facebook/booking/directory page | https://www.instagram.com/maxcydetail.co?igsh=NTc4MTIwNjQ2YQ==,,Car Detailers
Mendoza Detailing,,+1-951-470-6973,,"7404 Philbin Ave Apt 7, Riverside, CA 92503, United States",Riverside,CA,P1 | Class A | only a Facebook/booking/directory page | https://mendoza-detailing.square.site/,,Car Detailers
Mobile Details By Kb,,+1-415-506-8054,,,Riverside,CA,P1 | Class A | only a Facebook/booking/directory page | https://www.instagram.com/mobiledetailsbykb/profilecard/?igsh=NTc4MTIwNjQ2YQ==,,Car Detailers
RYS AUTO DETAILING,,+1-951-545-9335,,,Riverside,CA,P1 | Class A | only a Facebook/booking/directory page | https://instagram.com/rysautodetailing_,,Car Detailers
Sabrositos Detailing,,+1-909-918-9215,,"3848 Rubidoux Blvd, Riverside, CA 92509, United States",Riverside,CA,P1 | Class A | only a Facebook/booking/directory page | https://www.instagram.com/sabrositosdetailing,,Car Detailers
Tae's Auto Detail,,+1-951-329-6611,,,Riverside,CA,P1 | Class A | only a Facebook/booking/directory page | https://www.instagram.com/taesautodetail?igsh=NTc4MTIwNjQ2YQ==,,Car Detailers
VL Details - Villarreal Luxury Mobile Detailing,,+1-951-291-8434,,,Riverside,CA,P1 | Class A | only a Facebook/booking/directory page | https://linktr.ee/vldetails,,Car Detailers
Colin's Mobile Detailing,,+1-916-280-8689,,,Rocklin,CA,P1 | Class A | only a Facebook/booking/directory page | https://colins-mobile-detailing.square.site/,,Car Detailers
Odius Auto Detailing,,+1-916-472-5441,,,Rocklin,CA,P1 | Class A | only a Facebook/booking/directory page | https://linktr.ee/OdiusAutoDetailing,,Car Detailers
Exclusive_carenhancments,,+1-707-790-7692,,,Rohnert Park,CA,P1 | Class A | only a Facebook/booking/directory page | https://l.instagram.com/?u=https://exclusivecarenhancements.netlify.app/?utm_source=ig&utm_medium=social&utm_content=link_in_bio&fbclid=PAZXh0bgNhZW0CMTEAc3J0YwZhcHBfaWQPOTM2NjE5NzQzMzkyNDU5AAGnbiUU1jTjr6QxIsxcdBitAuPfjbFkZCNczo3qoPmvvxPVob-0-aYxde9IsDs_aem_WqcqKFoyqmujwGYM9hzXPw&e=AUCWwoGEyr_GCJmrd46onCms_pfH4oYCiwFAB9v_ugI7I1817ij8SDRLALOFLBUBb_7wGhoaE4E-TKnZPJDMHiKCKWLYKCCbD_zd9QO1mbHYcYf0DDkUDE-RZ0N3NFquxv2u8SHOzi6c7WrSXdYQSNaxrVjW,,Car Detailers
Roseville Veteran Detailing,,+1-530-350-9148,,"1623 Cindy Cir B, Roseville, CA 95661, United States",Roseville,CA,P1 | Class A | only a Facebook/booking/directory page | http://roseville-veteran-detailing.square.site/,,Car Detailers
Hermano Details,,+1-916-841-6957,,,Sacramento,CA,P1 | Class A | only a Facebook/booking/directory page | http://hermanodetails.square.site/,,Car Detailers
Mobile Detailing Dudes,,+1-916-306-5240,,,Sacramento,CA,P1 | Class A | only a Facebook/booking/directory page | http://calendly.com/mobiledetailingdudes,,Car Detailers
Pro Performance Detail,,+1-916-388-4220,,"901 F St, Sacramento, CA 95814, United States",Sacramento,CA,P1 | Class A | only a Facebook/booking/directory page | https://book.squareup.com/appointments/bkwu14f2u28ujm/location/LQVZE8B5TVRA8/services,,Car Detailers
Specter Detailing,,+1-279-273-9144,,,Sacramento,CA,P1 | Class A | only a Facebook/booking/directory page | https://linktr.ee/specterdetailing?utm_source=linktree_profile_share&ltsid=c12b674c-218f-4d77-a91b-b3d04171f104,,Car Detailers
World Class Detail,,+1-916-396-9109,,,Sacramento,CA,P1 | Class A | only a Facebook/booking/directory page | https://instagram.com/world.class.detail?igshid=micryw4g1amd,,Car Detailers
Driveway Auto Detail,,+1-831-809-1102,,"15 Rincon Ave, Salinas, CA 93905, United States",Salinas,CA,P1 | Class A | only a Facebook/booking/directory page | https://www.instagram.com/invites/contact/?i=9hymx8562h8y&utm_content=lgwwfj6,,Car Detailers
GP Detailing,,+1-831-498-3514,,,Salinas,CA,P1 | Class A | only a Facebook/booking/directory page | https://squareup.com/appointments/book/ft5mshbzp21t5u/L9PT6AP28QQQ5/services,,Car Detailers
LS Details,,+1-831-747-0026,,"328 Larson Ln, Greenfield, CA 93927, United States",Salinas,CA,P1 | Class A | only a Facebook/booking/directory page | https://www.instagram.com/lsdetailss?igsh=NTc4MTIwNjQ2YQ==&utm_source=qr,,Car Detailers
MaxShine Auto Detailing,,+1-831-269-6745,,,Salinas,CA,P1 | Class A | only a Facebook/booking/directory page | http://facebook.com/maxshinead,,Car Detailers
Zavala Auto Detailing,,+1-831-809-9887,,,Salinas,CA,P1 | Class A | only a Facebook/booking/directory page | https://instagram.com/zavalaautodetailing?igshid=OGQ5ZDc2ODk2ZA==,,Car Detailers
909 Detailing,,+1-909-674-7147,,"357 S Arrowhead Ave, San Bernardino, CA 92408, United States",San Bernardino,CA,P1 | Class A | only a Facebook/booking/directory page | https://www.instagram.com/909detailing_?igsh=OGQ5ZDc2ODk2ZA%3D%3D&utm_source=qr,,Car Detailers
Amc mobile detailing,,+1-909-907-9120,,,San Bernardino,CA,P1 | Class A | only a Facebook/booking/directory page | https://www.facebook.com/profile.php?id=100086103926770&mibextid=LQQJ4d,,Car Detailers
Ceron’s Auto Detail,,+1-909-725-9789,,"1585 N Lugo Ave #21, San Bernardino, CA 92404, United States",San Bernardino,CA,P1 | Class A | only a Facebook/booking/directory page | https://instagram.com/ceronautodetail?igshid=MjEwN2IyYWYwYw==,,Car Detailers
D-lux Dorian’s Detailing,,+1-909-708-3050,,"201 S Pennsylvania Ave Spc52, San Bernardino, CA 92410, United States",San Bernardino,CA,P1 | Class A | only a Facebook/booking/directory page | https://www.tiktok.com/@detailing_by_dorian?_t=ZT-8vo3yJRfpWM&_r=1,,Car Detailers
Gloss Detailing,,+1-840-229-2143,,,San Bernardino,CA,P1 | Class A | only a Facebook/booking/directory page | https://www.instagram.com/glossdetailing_ie?igsh=MzRlODBiNWFlZA==,,Car Detailers
HighlyFavoredDetailing,,+1-909-751-5170,,"111 S I St, San Bernardino, CA 92410, United States",San Bernardino,CA,P1 | Class A | only a Facebook/booking/directory page | https://www.instagram.com/highlyfavored.detailing?igsh=NTc4MTIwNjQ2YQ==&utm_source=qr,,Car Detailers
JB Detailing Studio,,+1-909-677-9580,,,San Bernardino,CA,P1 | Class A | only a Facebook/booking/directory page | https://www.instagram.com/jb_detailing_studio_?igsh=NTc4MTIwNjQ2YQ==&utm_source=qr,,Car Detailers
Mobile Plug Detailz,,+1-909-780-4404,,,San Bernardino,CA,P1 | Class A | only a Facebook/booking/directory page | https://mobile-plug-details.square.site/,,Car Detailers
MunozDetailz,,+1-909-764-4572,,,San Bernardino,CA,P1 | Class A | only a Facebook/booking/directory page | https://munozdetailz.square.site/,,Car Detailers
Tyler’s Mobile Detailing Services,,+1-909-919-8767,,,San Bernardino,CA,P1 | Class A | only a Facebook/booking/directory page | https://www.instagram.com/tylers_mobile.detailing/,,Car Detailers
ZRO-G CAR DETAILING,,+1-951-866-3027,,,San Bernardino,CA,P1 | Class A | only a Facebook/booking/directory page | https://linktr.ee/ZER0_GDETAILING,,Car Detailers
"Automobili Country Club, Wash & Detail",,+1-650-539-3400,,"65 Star Way, Burlingame, CA 94010, United States",San Bruno,CA,P1 | Class A | only a Facebook/booking/directory page | http://www.facebook.com/automobiliCountryClub,,Car Detailers
Glow Auto Detailing,,+1-562-230-5897,,"581 Paloma Ave, Pacifica, CA 94044, United States",San Bruno,CA,P1 | Class A | only a Facebook/booking/directory page | https://www.instagram.com/glowautodetailing/,,Car Detailers
Prodash Auto Styling,,+1-619-709-6941,,"7374 Convoy Ct, San Diego, CA 92111, United States",San Diego,CA,P1 | Class A | only a Facebook/booking/directory page | https://prodash-auto-styling.square.site/,,Car Detailers
415 Auto Detailing,,+1-415-320-7920,,"1623 22nd Ave, San Francisco, CA 94122, United States",San Francisco,CA,P1 | Class A | only a Facebook/booking/directory page | https://415-auto-detailing.square.site/,,Car Detailers
Redline Auto Detail,,+1-415-969-1956,,"3784 Folsom St, San Francisco, CA 94110, United States",San Francisco,CA,P1 | Class A | only a Facebook/booking/directory page | https://book.squareup.com/appointments/fdf6v3ya90jc2k/location/LPVVP6YRZK6MR/services,,Car Detailers
Cured Detailing,,+1-408-829-7928,,,San Jose,CA,P1 | Class A | only a Facebook/booking/directory page | https://book.squareup.com/appointments/r9f9cffz5dmajm/location/LYW3241MARMFN/services,,Car Detailers
Medinacars,,+1-341-800-2830,,"943 Phelan Ave, San Jose, CA 95122, United States",San Jose,CA,P1 | Class A | only a Facebook/booking/directory page | https://www.instagram.com/medinacars_?igsh=NTc4MTIwNjQ2YQ==&utm_source=qr,,Car Detailers
MidnightDetailing,,+1-408-805-4195,,,San Jose,CA,P1 | Class A | only a Facebook/booking/directory page | https://midnight-detailing.square.site/,,Car Detailers
Shine And Drive Mobile Detailing,,+1-925-499-1226,,,San Leandro,CA,P1 | Class A | only a Facebook/booking/directory page | https://calendly.com/shineanddrivedetailing510,,Car Detailers
ShinebyJR,,+1-510-754-7213,,,San Leandro,CA,P1 | Class A | only a Facebook/booking/directory page | https://shinebyjr.square.site/,,Car Detailers
805 exclusive Mobile detailing,,+1-805-720-0526,,,San Luis Obispo,CA,P1 | Class A | only a Facebook/booking/directory page | https://www.instagram.com/805_exclusive_mobile_detailing?igsh=NTc4MTIwNjQ2YQ==&utm_source=qr,,Car Detailers
Grimy Groms Car Seat Cleaning,,+1-805-903-3262,,,San Luis Obispo,CA,P1 | Class A | only a Facebook/booking/directory page | https://www.instagram.com/grimygroms,,Car Detailers
Bay Mobile Detail,,+1-650-554-8032,,"724 Linden Ave, Burlingame, CA 94010, United States",San Mateo,CA,P1 | Class A | only a Facebook/booking/directory page | https://baymobiledetail.booksy.com/,,Car Detailers
Luxed Auto Detaling,,+1-510-556-4511,,,San Ramon,CA,P1 | Class A | only a Facebook/booking/directory page | https://luxedauto.square.site/,,Car Detailers
Orozco’s Auto Detailing,,+1-657-494-0048,,"S Towner St, Santa Ana, CA 92707, United States",Santa Ana,CA,P1 | Class A | only a Facebook/booking/directory page | https://book.squareup.com/appointments/7kfsoh9331qzqx/location/LF0N2MR7THX5J/services,,Car Detailers
The Wax Bros’ Detailing,,+1-714-586-0772,,"1430 S Townsend St Apt B, Santa Ana, CA 92704, United States",Santa Ana,CA,P1 | Class A | only a Facebook/booking/directory page | https://squareup.com/appointments/book/ky1armf7wnqegj/L55W4P3DPA5ZX/start,,Car Detailers
JIMMY’S MOBILE DETAILING,,+1-805-314-5769,,"315 N Curryer St, Santa Maria, CA 93458, United States",Santa Barbara,CA,P1 | Class A | only a Facebook/booking/directory page | https://www.facebook.com/Jimmys-Mobile-Detailing-114406473710486/,,Car Detailers
Nathan's Detailing | Santa Barbara,,+1-805-452-6518,,,Santa Barbara,CA,P1 | Class A | only a Facebook/booking/directory page | https://nathans-auto-detail.square.site/,,Car Detailers
RZ Auto Care,,+1-805-637-9904,,,Santa Barbara,CA,P1 | Class A | only a Facebook/booking/directory page | https://rzautocare.square.site/?utm_source=ig&utm_medium=social&utm_content=link_in_bio&fbclid=PAZXh0bgNhZW0CMTEAc3J0YwZhcHBfaWQMMjU2MjgxMDQwNTU4AAGnJU-27Lv_axKT6F-AcApi4L6tUwe_ofDZ5WaRYsk6pht-d__OKm42ke45dr4_aem_Erx_aFFPGVIsbQLrgqZ37Q,,Car Detailers
sanchez mobile auto detail,,+1-805-895-9802,,,Santa Barbara,CA,P1 | Class A | only a Facebook/booking/directory page | https://sanchezmobiledetail.square.site/,,Car Detailers
"Luxury Vehicle Wraps, LLC",,+1-650-394-6290,,"1869 Walsh Ave, Santa Clara, CA 95050, United States",Santa Clara,CA,P1 | Class A | only a Facebook/booking/directory page | https://www.instagram.com/luxuryvehiclewraps,,Car Detailers
Only Sudz,,+1-408-608-9265,,,Santa Clara,CA,P1 | Class A | only a Facebook/booking/directory page | https://instagram.com/onlysudz?igshid=MjEwN2IyYWYwYw==,,Car Detailers
Chicana Chrome Detailing,,+1-747-227-4146,,,Santa Clarita,CA,P1 | Class A | only a Facebook/booking/directory page | https://linktr.ee/chicanachromedetailing,,Car Detailers
JE Mobile Detailing,,+1-661-592-0291,,,Santa Clarita,CA,P1 | Class A | only a Facebook/booking/directory page | https://linktr.ee/je.mobile.detailing,,Car Detailers
SNG Mobile Detail,,+1-661-388-0661,,,Santa Clarita,CA,P1 | Class A | only a Facebook/booking/directory page | https://www.instagram.com/sngmobiledetail/,,Car Detailers
Slimeball mobile detailing,,+1-818-257-5879,,"18326 Oak Canyon Rd, Canyon Country, CA 91387, United States",Santa Clarita,CA,P1 | Class A | only a Facebook/booking/directory page | https://slimeball-detailing.square.site/,,Car Detailers
Velocity Auto Wash,,+1-661-621-8331,,"19326 Laroda Ln, Santa Clarita, CA 91350, United States",Santa Clarita,CA,P1 | Class A | only a Facebook/booking/directory page | https://linktr.ee/VelocityAutoWashSCV?utm_source=linktree_profile_share&ltsid=46ba7e71-9ab2-4737-a370-40635d6f04f0,,Car Detailers
Detail Therapy Santa Cruz,,+1-831-600-5266,,,Santa Cruz,CA,P1 | Class A | only a Facebook/booking/directory page | https://www.instagram.com/detailtherapysc/,,Car Detailers
Verdugo’s Mobile Detailing,,+1-831-400-9276,,"38th Ave, Santa Cruz, CA 95062, United States",Santa Cruz,CA,P1 | Class A | only a Facebook/booking/directory page | https://www.instagram.com/verdugos_detailing?igsh=MzRlODBiNWFlZA==,,Car Detailers
Attention2detail.805,,+1-805-406-9497,,"201 W Carmen Ln #16, Santa Maria, CA 93458, United States",Santa Maria,CA,P1 | Class A | only a Facebook/booking/directory page | https://www.instagram.com/attention2detail.805/,,Car Detailers
Crystal Clear Headlights Restoration,,+1-805-878-5772,,,Santa Maria,CA,P1 | Class A | only a Facebook/booking/directory page | https://www.facebook.com/rafa.cervantes.399488,,Car Detailers
Cy Auto Detailing,,+1-805-705-8618,,,Santa Maria,CA,P1 | Class A | only a Facebook/booking/directory page | https://linktr.ee/7d8x24pvg2,,Car Detailers
sheer detailing,,+1-805-441-9724,,,Santa Maria,CA,P1 | Class A | only a Facebook/booking/directory page | https://sheer-detailing.square.site/,,Car Detailers
Bonzai Auto Detailing,,+1-310-600-2278,,"1306 Arizona Ave, Santa Monica, CA 90404, United States",Santa Monica,CA,P1 | Class A | only a Facebook/booking/directory page | http://facebook.com/BonzaiAutoDetailing,,Car Detailers
Closest Detailing,,+1-424-272-1644,,"1616 Euclid St, Santa Monica, CA 90404, United States",Santa Monica,CA,P1 | Class A | only a Facebook/booking/directory page | https://closestdetailing.square.site/,,Car Detailers
Pacific Coast Mobile Detailing,,+1-310-363-2715,,,Santa Monica,CA,P1 | Class A | only a Facebook/booking/directory page | https://www.instagram.com/pacific.coast.mobile.detailing/reel/DFJyTOMJShw/,,Car Detailers
Panjab Mobile Detailing,,+1-323-744-1113,,,Santa Monica,CA,P1 | Class A | only a Facebook/booking/directory page | https://www.instagram.com/panjabmobiledetailing?igsh=NTc4MTIwNjQ2YQ%3D%3D&utm_source=qr,,Car Detailers
ARF CLEAN MOBILE DETAILS AND CARPET CLEANING 🛻✅,,+1-707-909-1944,,,Santa Rosa,CA,P1 | Class A | only a Facebook/booking/directory page | https://www.tiktok.com/@arf_clean?_r=1&_t=ZT-91vywkJws8c,,Car Detailers
Apex Detailing CA,,+1-805-368-7935,,,Simi Valley,CA,P1 | Class A | only a Facebook/booking/directory page | https://www.apexdetailingca.square.site/,,Car Detailers
MAB Auto Spa,,+1-818-826-0826,,"1351 E Jefferson Wy, Simi Valley, CA 93065, United States",Simi Valley,CA,P1 | Class A | only a Facebook/booking/directory page | https://mabautospa.square.site/,,Car Detailers
So Cal Detailing,,+1-818-437-2583,,,Simi Valley,CA,P1 | Class A | only a Facebook/booking/directory page | https://book.squareup.com/appointments/m97x6l7xfvoy15/location/L777MYKJPFWZA/services,,Car Detailers
Superior Mobile Detail,,+1-747-494-7741,,,Simi Valley,CA,P1 | Class A | only a Facebook/booking/directory page | https://superiormobiledetail.square.site/,,Car Detailers
Jr Mobile Detailing,,+1-562-358-9455,,,South Gate,CA,P1 | Class A | only a Facebook/booking/directory page | https://instagram.com/j_rsmobiledetailing?igshid=MjEwN2IyYWYwYw==,,Car Detailers
Mr. Drips Mobile Detailing,,+1-323-677-3775,,,South Gate,CA,P1 | Class A | only a Facebook/booking/directory page | https://www.instagram.com/mr.drips_mobile_detailing?igsh=NTc4MTIwNjQ2YQ%3D%3D&utm_source=qr,,Car Detailers
Onthespotdetailing,,+1-323-330-3538,,"163w75th st, Los Angeles, CA 90003, United States",South Gate,CA,P1 | Class A | only a Facebook/booking/directory page | https://www.instagram.com/onthe.spotdetailing/,,Car Detailers
Rez Detailing,,+1-323-834-3517,,"1241 E 60th St, Los Angeles, CA 90001, United States",South Gate,CA,P1 | Class A | only a Facebook/booking/directory page | http://rezdetailing.booksy.com/,,Car Detailers
Total Precision Mobile Detailing,,+1-714-683-6089,,,South Gate,CA,P1 | Class A | only a Facebook/booking/directory page | https://www.instagram.com/totalprecisionmobiledetailing?igsh=MzRlODBiNWFlZA==,,Car Detailers
Lassen Heights Mobile Auto-Detailing,,+1-530-250-9777,,,Susanville,CA,P1 | Class A | only a Facebook/booking/directory page | https://instagram.com/lassenheightsdetail?igshid=YmMyMTA2M2Y=,,Car Detailers
Atlas Auto Wash,,+1-951-306-8118,,,Temecula,CA,P1 | Class A | only a Facebook/booking/directory page | https://atlas-auto-wash.square.site/,,Car Detailers
Independent Performance Auto Detailing,,+1-760-410-6638,,,Temecula,CA,P1 | Class A | only a Facebook/booking/directory page | http://independent-performance-auto-detailing.square.site/,,Car Detailers
Vatore Mobile Detailing,,+1-661-802-9884,,"39484 Chamise St, Temecula, CA 92591, United States",Temecula,CA,P1 | Class A | only a Facebook/booking/directory page | https://www.instagram.com/vatoremobiledetailing?igsh=OGQ5ZDc2ODk2ZA==&utm_source=qr,,Car Detailers
4autodetail,,+1-805-660-1885,,,Thousand Oaks,CA,P1 | Class A | only a Facebook/booking/directory page | https://www.instagram.com/4autodetail?igsh=NTc4MTIwNjQ2YQ==&utm_source=qr,,Car Detailers
Janos Mobile Detailing,,+1-805-341-9932,,"1211 E Avenida De Los Arboles, Thousand Oaks, CA 91360, United States",Thousand Oaks,CA,P1 | Class A | only a Facebook/booking/directory page | https://janosmobiledetailing.square.site/,,Car Detailers
Darren Details Mobile Auto Spa,,+1-424-571-3420,,,Torrance,CA,P1 | Class A | only a Facebook/booking/directory page | https://darrendetails.square.site/,,Car Detailers
Detailing on Wheels,,+1-310-401-0846,,"3806 W 176th St, Torrance, CA 90504, United States",Torrance,CA,P1 | Class A | only a Facebook/booking/directory page | https://detailing-on-wheels.square.site/,,Car Detailers
Pacific Auto Cleaning,,+1-310-376-3965,,"1449 Aviation Blvd, Redondo Beach, CA 90278, United States",Torrance,CA,P1 | Class A | only a Facebook/booking/directory page | https://www.facebook.com/pages/Pacific-Auto-Cleaning/166370510056400,,Car Detailers
Scratch Mobile Polishing,,+1-818-836-1757,,,Torrance,CA,P1 | Class A | only a Facebook/booking/directory page | https://instagram.com/scratchpolishing,,Car Detailers
sb.autoshine,,+1-310-803-3001,,"25122 Oak St, Lomita, CA 90717, United States",Torrance,CA,P1 | Class A | only a Facebook/booking/directory page | https://www.instagram.com/sb.autoshine?igsh=NTc4MTIwNjQ2YQ==&utm_source=qr,,Car Detailers
517 Mobile Detailing,,+1-559-331-2632,,,Tulare,CA,P1 | Class A | only a Facebook/booking/directory page | https://www.instagram.com/_517detailing/,,Car Detailers
Bonnema's Auto Detail,,+1-559-624-1100,,"1750 E Finni Ct, Visalia, CA 93292, United States",Tulare,CA,P1 | Class A | only a Facebook/booking/directory page | http://facebook.com/bonnemasautodetail,,Car Detailers
Clean Cruise Detailing,,+1-559-509-9629,,,Tulare,CA,P1 | Class A | only a Facebook/booking/directory page | https://www.instagram.com/clean_cruise_detailing?igsh=MXhqb2t3MG00amJpNA==&utm_source=qr,,Car Detailers
OP Detailing,,+1-559-605-9902,,"500s S Becky St, Tulare, CA 93274, United States",Tulare,CA,P1 | Class A | only a Facebook/booking/directory page | https://www.instagram.com/opautodetail/,,Car Detailers
Peter's ultimate touch detailing,,+1-559-813-0482,,,Tulare,CA,P1 | Class A | only a Facebook/booking/directory page | https://www.facebook.com/Peters-ultimate-touch-detailing-124465145848995/,,Car Detailers
Revival Detailing Mobile Auto Detailing,,+1-559-991-9465,,,Tulare,CA,P1 | Class A | only a Facebook/booking/directory page | https://www.instagram.com/revivaldetailing.41.10?igsh=NTc4MTIwNjQ2YQ==&utm_source=qr,,Car Detailers
Sequoia Power Wash,,+1-559-302-9847,,,Tulare,CA,P1 | Class A | only a Facebook/booking/directory page | https://linktr.ee/sequoiapowerwash,,Car Detailers
Yogurt’s polishing,,+1-661-586-1529,,"2479 S K St, Tulare, CA 93274, United States",Tulare,CA,P1 | Class A | only a Facebook/booking/directory page | https://instagram.com/yogurtspolishing,,Car Detailers
AA Detailing Co.,,+1-209-683-0440,,"1650 Greenwood Ln, Turlock, CA 95380, United States",Turlock,CA,P1 | Class A | only a Facebook/booking/directory page | https://aadetailco.square.site/,,Car Detailers
BC Auto Detailing,,+1-209-225-7191,,,Turlock,CA,P1 | Class A | only a Facebook/booking/directory page | http://bcautodetailing.square.site/,,Car Detailers
SM Auto Detailing,,+1-209-410-2248,,"1091 Teakwood St, Turlock, CA 95380, United States",Turlock,CA,P1 | Class A | only a Facebook/booking/directory page | https://square.site/book/LV9YVHX3BSPAA/sm-auto-detailing-turlock-ca,,Car Detailers
Speedy Wax and Shine Detail,,+1-916-599-3944,,,Turlock,CA,P1 | Class A | only a Facebook/booking/directory page | https://www.instagram.com/speedywaxandshinedetail?igsh=NTc4MTIwNjQ2YQ==&utm_source=qr,,Car Detailers
Top Tier Detailing,,+1-209-226-2175,,"845 Jessica St, Turlock, CA 95380, United States",Turlock,CA,P1 | Class A | only a Facebook/booking/directory page | http://toptierdetailing209.square.site/,,Car Detailers
FLAWLESS FINISH AUTO DETAIL,,+1-707-380-4803,,,Ukiah,CA,P1 | Class A | only a Facebook/booking/directory page | https://www.instagram.com/flawless_finishautodetail?igsh=OGQ5ZDc2ODk2ZA==,,Car Detailers
Elite Hayward Detailing,,+1-510-677-7056,,,Union City,CA,P1 | Class A | only a Facebook/booking/directory page | https://www.instagram.com/elitehaywarddetails?utm_source=ig_web_button_share_sheet&igsh=ZDNlZDc0MzIxNw==,,Car Detailers
Dialed In Detailing,,+1-909-519-1306,,"154 W Foothill Blvd, Upland, CA 91786, United States",Upland,CA,P1 | Class A | only a Facebook/booking/directory page | https://dialedindetailing.square.site/,,Car Detailers
BIG FREDS MOBILE DETAIL,,+1-714-676-6278,,,Victorville,CA,P1 | Class A | only a Facebook/booking/directory page | https://www.instagram.com/big_freds_mobile_detail?igsh=NGVhN2U2NjQ0Yg==,,Car Detailers
Blue Sparrow Mobile Car Wash. Auto Detail,,+1-805-300-4498,,,Victorville,CA,P1 | Class A | only a Facebook/booking/directory page | https://www.instagram.com/bluesparrow_mobilecarwash,,Car Detailers
El charro auto detail LLC,,+1-650-784-1735,,"12831 Foley St, Victorville, CA 92392, United States",Victorville,CA,P1 | Class A | only a Facebook/booking/directory page | https://instagram.com/elcharroautodetail_?igshid=YmMyMTA2M2Y=,,Car Detailers
G's exotic mobile detailing,,+1-760-927-0680,,,Victorville,CA,P1 | Class A | only a Facebook/booking/directory page | https://www.instagram.com/gs.exotic.mobile.detailing?igsh=OGQ5ZDc2ODk2ZA%3D%3D&utm_source=qr,,Car Detailers
HD Detail Services,,+1-760-338-4480,,,Victorville,CA,P1 | Class A | only a Facebook/booking/directory page | https://www.instagram.com/hd_detail_services/,,Car Detailers
Rays Mobile Detailing LLC,,+1-562-200-2840,,,Victorville,CA,P1 | Class A | only a Facebook/booking/directory page | https://rays-mobile-detailing-llc.square.site/?fbclid=PAAaaSdHtLiIaKiquav9ax82IFVA12SHtu6oWR1I5ODRjm4njNRu_J1IKNqb8,,Car Detailers
Recovery Cuts Mobile Car Wash,,+1-424-781-7360,,,Victorville,CA,P1 | Class A | only a Facebook/booking/directory page | https://recoverycutscarwash.square.site/,,Car Detailers
Toros mobile detail,,+1-909-278-9558,,,Victorville,CA,P1 | Class A | only a Facebook/booking/directory page | https://www.instagram.com/toro.mobile.detail?igsh=NTc4MTIwNjQ2YQ==,,Car Detailers
Undead Detail,,+1-760-694-8686,,,Victorville,CA,P1 | Class A | only a Facebook/booking/directory page | https://squareup.com/appointments/book/at73vve9fptdcp/L231ABX4T2HF8/services,,Car Detailers
evolution mobile detail,,+1-760-229-5920,,,Victorville,CA,P1 | Class A | only a Facebook/booking/directory page | https://www.instagram.com/evolution_mobile_carwash/,,Car Detailers
Alex's Detailing Company,,+1-559-972-0084,,,Visalia,CA,P1 | Class A | only a Facebook/booking/directory page | https://www.instagram.com/alexsdetailingcompany/,,Car Detailers
Alyssa's Auto Shine,,+1-559-874-5386,,,Visalia,CA,P1 | Class A | only a Facebook/booking/directory page | https://www.instagram.com/alyssa_auto_shine?igsh=NTc4MTIwNjQ2YQ==,,Car Detailers
Bryan’s details,,+1-559-619-1799,,"1700 N Highland St, Visalia, CA 93291, United States",Visalia,CA,P1 | Class A | only a Facebook/booking/directory page | https://www.instagram.com/official__details?igsh=NTc4MTIwNjQ2YQ==,,Car Detailers
Diamond Detailing,,+1-559-827-1123,,,Visalia,CA,P1 | Class A | only a Facebook/booking/directory page | https://book.squareup.com/appointments/v0l9qbqphur00m/location/LQ7M8H1XJFPWY/services,,Car Detailers
Diamond Legacy Detailing,,+1-559-619-7730,,,Visalia,CA,P1 | Class A | only a Facebook/booking/directory page | https://diamondlegacydetailing.square.site/,,Car Detailers
E&J Auto detailing,,+1-559-334-7348,,,Visalia,CA,P1 | Class A | only a Facebook/booking/directory page | https://instagram.com/ejautodetailingservice?igshid=OGQ5ZDc2ODk2ZA==,,Car Detailers
Krispy Clean Detailing,,+1-559-723-6288,,,Visalia,CA,P1 | Class A | only a Facebook/booking/directory page | https://www.instagram.com/krispyclean_detailing?igsh=NTc4MTIwNjQ2YQ==&utm_source=qr,,Car Detailers
My Rock Detail LLC,,+1-559-827-7715,,,Visalia,CA,P1 | Class A | only a Facebook/booking/directory page | https://my-rock-detail-llc.square.site/,,Car Detailers
Visalia Auto Spa,,+1-559-381-6620,,,Visalia,CA,P1 | Class A | only a Facebook/booking/directory page | https://www.instagram.com/visalia_auto_spa,,Car Detailers
JV Gloss Auto Spa,,+1-831-201-2670,,,Watsonville,CA,P1 | Class A | only a Facebook/booking/directory page | http://instagram.com/_jvglossautospa,,Car Detailers
Leo Detailing,,+1-408-597-2097,,,Watsonville,CA,P1 | Class A | only a Facebook/booking/directory page | https://www.instagram.com/leo_detailing01,,Car Detailers
Nomadik Mobile Detail,,+1-626-541-7137,,,West Covina,CA,P1 | Class A | only a Facebook/booking/directory page | https://www.instagram.com/nomadikmobiledetail/,,Car Detailers
Royal Auto Detailing,,+1-626-591-7598,,,West Covina,CA,P1 | Class A | only a Facebook/booking/directory page | https://www.instagram.com/royaldetailin?igsh=NTc4MTIwNjQ2YQ==&utm_source=qr,,Car Detailers
Steven's Auto Detailing,,+1-626-558-0328,,,West Covina,CA,P1 | Class A | only a Facebook/booking/directory page | https://linktr.ee/stevensautodetailing?fbclid=PAZXh0bgNhZW0CMTEAAacjzwzDyBJG4uYePBegMEO--IqBnifDFbfG67siiC_ArG4ovsoUJ7dt2dQf_A_aem_r4fFBfjqQWRPu9OuQGrDsA,,Car Detailers
Alonzo’s Auto Detailing,,+1-916-508-1516,,,West Sacramento,CA,P1 | Class A | only a Facebook/booking/directory page | https://alonzoautodetailing.square.site/,,Car Detailers
Bush Detailing,,+1-657-263-6064,,"8942 Emerald Ave, Westminster, CA 92683, United States",Westminster,CA,P1 | Class A | only a Facebook/booking/directory page | https://bush-detailing.square.site/,,Car Detailers
Opulence Detailing,,+1-626-224-6290,,"Whittier Blvd, Whittier, CA 90606, United States",Whittier,CA,P1 | Class A | only a Facebook/booking/directory page | https://opulence-detail.square.site/,,Car Detailers
RetroRinses,,+1-323-879-1935,,"12107 Howard St, Whittier, CA 90601, United States",Whittier,CA,P1 | Class A | only a Facebook/booking/directory page | https://www.instagram.com/retrorinses?igsh=NTc4MTIwNjQ2YQ%3D%3D&utm_source=qr,,Car Detailers
Adrian's Detail Shop,,+1-530-204-9893,,"1038 Beamer St, Woodland, CA 95695, United States",Woodland,CA,P1 | Class A | only a Facebook/booking/directory page | http://adrians-detailing-shop.square.site/,,Car Detailers
Apex Detail and Ceramic Coatings,,+1-541-730-2264,,"877 29th Ave SW, Albany, OR 97321, United States",Albany,OR,P1 | Class A | only a Facebook/booking/directory page | https://www.facebook.com/ApexDetailAlbany,,Car Detailers
Auto Shine Detailing,,+1-541-979-7265,,,Albany,OR,P1 | Class A | only a Facebook/booking/directory page | https://linktr.ee/autoshinedetailing,,Car Detailers
EW’s Mobile Auto Detailing,,+1-541-666-6094,,,Albany,OR,P1 | Class A | only a Facebook/booking/directory page | https://www.instagram.com/ewsdetailing,,Car Detailers
Lopez Auto Detailing,,+1-541-220-9056,,"235 Pacific Blvd SW, Albany, OR 97321, United States",Albany,OR,P1 | Class A | only a Facebook/booking/directory page | https://www.instagram.com/lopezautodetailing1210/,,Car Detailers
True Detailing,,+1-503-932-0405,,,Albany,OR,P1 | Class A | only a Facebook/booking/directory page | https://www.facebook.com/share/5BZnrEmwsFN5PboX/,,Car Detailers
Let’s Go Mobile Detail,,+1-541-821-7677,,,Ashland,OR,P1 | Class A | only a Facebook/booking/directory page | https://www.instagram.com/letsgomobiledetail?igsh=NGdqdjBvcnBhYm1n&utm_source=qr,,Car Detailers
Rogue Valley Mobile Detailing,,+1-904-583-6172,,,Ashland,OR,P1 | Class A | only a Facebook/booking/directory page | https://facebook.com/rvmcdashland,,Car Detailers
DNS MOBILE DETAILING LLC,,+1-971-732-2867,,"121 NE 12th Ave, Hillsboro, OR 97124, United States",Beaverton,OR,P1 | Class A | only a Facebook/booking/directory page | https://dnsmobiledetailingllc.square.site/,,Car Detailers
De Leon Detailing,,+1-503-703-7576,,,Beaverton,OR,P1 | Class A | only a Facebook/booking/directory page | https://app.urable.com/virtual-shop/LpCZ3yTJhkbOcKCOry08,,Car Detailers
Detailed Auto PNW Limited Liability Company,,+1-971-990-9768,,,Beaverton,OR,P1 | Class A | only a Facebook/booking/directory page | https://detailedautopnw.square.site/,,Car Detailers
Impact Auto Care,,+1-503-481-1139,,"4270 SW 175th Ave, Aloha, OR 97078, United States",Beaverton,OR,P1 | Class A | only a Facebook/booking/directory page | https://www.instagram.com/impactautocare/,,Car Detailers
Sevster Mobile Detailing,,+1-971-202-0708,,"3368 SW Fairmount Blvd, Portland, OR 97239, United States",Beaverton,OR,P1 | Class A | only a Facebook/booking/directory page | https://sevsterdetailing.square.site/,,Car Detailers
Simple Suds mobile Detailing,,+1-503-957-3693,,,Beaverton,OR,P1 | Class A | only a Facebook/booking/directory page | https://simple-suds-detailing.square.site/,,Car Detailers
tadsmobiledetail,,+1-206-565-9862,,,Beaverton,OR,P1 | Class A | only a Facebook/booking/directory page | https://tads-mobile-detail.square.site/,,Car Detailers
Oregon Coast Auto Detailing,,+1-541-661-5194,,"845 Railroad St, Brookings, OR 97415, United States",Brookings,OR,P1 | Class A | only a Facebook/booking/directory page | https://www.facebook.com/oregoncoastautodetailing,,Car Detailers
TopKnotch Auto Spa,,+1-971-396-9351,,,Canby,OR,P1 | Class A | only a Facebook/booking/directory page | https://app.urable.com/virtual-shop/v8jESH9aoL9KYJABJuiB,,Car Detailers
Detail2U,,+1-541-630-0997,,,Central Point,OR,P1 | Class A | only a Facebook/booking/directory page | https://www.facebook.com/share/1LzycjFaJE/?mibextid=wwXIfr,,Car Detailers
Eager Beaver Detailing,,+1-503-877-4162,,,Corvallis,OR,P1 | Class A | only a Facebook/booking/directory page | https://calendly.com/elysianangels00/interior-detailing-session,,Car Detailers
Anderson’s Detailing,,+1-541-912-2042,,"713 Oakdale Ave, Springfield, OR 97477, United States",Eugene,OR,P1 | Class A | only a Facebook/booking/directory page | https://www.facebook.com/share/1F97ma3N9o/?mibextid=wwXIfr,,Car Detailers
CS Automotive Detailing,,+1-541-731-0296,,,Eugene,OR,P1 | Class A | only a Facebook/booking/directory page | https://www.facebook.com/share/16nxKh692x/?mibextid=wwXIfr,,Car Detailers
Door Step Auto Detailing.,,+1-541-579-0085,,,Eugene,OR,P1 | Class A | only a Facebook/booking/directory page | https://www.facebook.com/share/1CHEruBLUm/?mibextid=wwXIfr,,Car Detailers
Keith Jenkins Detailing,,+1-541-514-2543,,"295 Cap Ct Suite 5W, Eugene, OR 97402, United States",Eugene,OR,P1 | Class A | only a Facebook/booking/directory page | https://www.instagram.com/keithjdetailing/,,Car Detailers
Lucas Mobile Detailing,,+1-541-556-9280,,"30085 Federal Ln, Eugene, OR 97402, United States",Eugene,OR,P1 | Class A | only a Facebook/booking/directory page | https://www.facebook.com/profile.php?id=100083247516498&mibextid=LQQJ4d,,Car Detailers
Sonza Bros. Mobile Auto Detailing,,+1-541-606-9549,,"1277 Colton Way, Eugene, OR 97402, United States",Eugene,OR,P1 | Class A | only a Facebook/booking/directory page | https://sonzabros-mobile-detailing.square.site/,,Car Detailers
South Valley Detailing,,+1-541-745-8775,,,Eugene,OR,P1 | Class A | only a Facebook/booking/directory page | https://app.urable.com/virtual-shop/enBG3GdX422f8MFT42xD,,Car Detailers
MRG Detail co.,,+1-503-312-4578,,,Forest Grove,OR,P1 | Class A | only a Facebook/booking/directory page | https://mrg-detail-co.square.site/,,Car Detailers
TenMobileDetailing,,+1-971-217-7419,,"193 N Adair St, Cornelius, OR 97113, United States",Forest Grove,OR,P1 | Class A | only a Facebook/booking/directory page | https://linktr.ee/TenAutoDetailing,,Car Detailers
CB Mobile Detailing,,+1-541-232-4194,,,Grants Pass,OR,P1 | Class A | only a Facebook/booking/directory page | https://cb-mobile-detailing.square.site/,,Car Detailers
Diamond Auto Detail,,+1-541-479-0087,,"712 Redwood Hwy, Grants Pass, OR 97527, United States",Grants Pass,OR,P1 | Class A | only a Facebook/booking/directory page | https://www.facebook.com/Diamond-Auto-Detail-210326909001038/,,Car Detailers
Top Spot Auto Detail,,+1-541-630-3938,,"1810 NE 7th St, Grants Pass, OR 97526, United States",Grants Pass,OR,P1 | Class A | only a Facebook/booking/directory page | https://www.facebook.com/TopSpotDetail,,Car Detailers
CarSpa Wash & Detail,,+1-503-877-7252,,"12668 SE Bush St, Portland, OR 97236, United States",Gresham,OR,P1 | Class A | only a Facebook/booking/directory page | https://linktr.ee/carspawd?utm_source=linktree_profile_share,,Car Detailers
Clean Line Detailing,,+1-503-421-8570,,"17655 NE Flanders Ct, Portland, OR 97230, United States",Gresham,OR,P1 | Class A | only a Facebook/booking/directory page | https://www.instagram.com/clean_line_detailing?igsh=MWh4eWljczlvcjQ4Yw==&utm_source=qr,,Car Detailers
Muddy Wheels Auto Detailing,,+1-503-208-4028,,,Gresham,OR,P1 | Class A | only a Facebook/booking/directory page | https://www.instagram.com/muddy_wheels_pdx/,,Car Detailers
Rose City Quick Mobile Detailing,,+1-503-468-3903,,,Gresham,OR,P1 | Class A | only a Facebook/booking/directory page | https://www.instagram.com/quickdetailpdx/,,Car Detailers
Wishy Washy Mobile Detailing,,+1-503-406-8446,,"14089 SE 115th Cir, Clackamas, OR 97015, United States",Gresham,OR,P1 | Class A | only a Facebook/booking/directory page | https://wishywashypdx.square.site/,,Car Detailers
A+ Auto Detailing,,+1-206-406-8880,,,Happy Valley,OR,P1 | Class A | only a Facebook/booking/directory page | https://a-autodetailing.square.site/,,Car Detailers
MC Auto Detail,,+1-503-422-7428,,"6521 SE 82nd Ave, Portland, OR 97206, United States",Happy Valley,OR,P1 | Class A | only a Facebook/booking/directory page | https://instagram.com/mc_autodetaill?igshid=YmMyMTA2M2Y=,,Car Detailers
MPro Auto Detailing,,+1-541-314-8786,,"80561 US-395, Hermiston, OR 97838, United States",Hermiston,OR,P1 | Class A | only a Facebook/booking/directory page | https://www.instagram.com/mproautodetailing?igsh=aGFtY2JhbmRmNnh1&utm_source=qr,,Car Detailers
Crystal Vision Auto Detailing,,+1-971-232-1288,,"1973 SE Bush St, Hillsboro, OR 97123, United States",Hillsboro,OR,P1 | Class A | only a Facebook/booking/directory page | https://linktr.ee/CrystalVision_PDX,,Car Detailers
LUCHO’S Mobile Detailing,,+1-503-318-1984,,,Hillsboro,OR,P1 | Class A | only a Facebook/booking/directory page | https://instagram.com/carwashdetaillucho?igshid=MzRlODBiNWFlZA==,,Car Detailers
Afonin Auto Detailing,,+1-971-209-2243,,"2020 Hwy Ave NE, Salem, OR 97301, United States",Keizer,OR,P1 | Class A | only a Facebook/booking/directory page | http://afonin-auto-detailing.square.site/,,Car Detailers
Bryan Corrects Detailing LLC,,+1-971-209-6057,,,Keizer,OR,P1 | Class A | only a Facebook/booking/directory page | https://www.instagram.com/p/ChqUWsXPnQ2/?igshid=YmMyMTA2M2Y=,,Car Detailers
JR’s Elite Detailing,,+1-503-881-6821,,"1453 Hunter Ave N, Keizer, OR 97303, United States",Keizer,OR,P1 | Class A | only a Facebook/booking/directory page | https://linktr.ee/jrselitedetailing06,,Car Detailers
Shine n Go Mobile Detailing Keizer/Salem,,+1-503-752-4020,,,Keizer,OR,P1 | Class A | only a Facebook/booking/directory page | https://www.instagram.com/shinengo_mobiledetailing/,,Car Detailers
Blue Wave Detailing Services,,+1-541-891-4521,,"3967 Greensprings Dr, Klamath Falls, OR 97601, United States",Klamath Falls,OR,P1 | Class A | only a Facebook/booking/directory page | https://www.facebook.com/bluewavedetail,,Car Detailers
Cascade Detailing Company,,+1-928-399-9732,,,Klamath Falls,OR,P1 | Class A | only a Facebook/booking/directory page | https://www.facebook.com/cascadedetailco,,Car Detailers
Detail 1 Mobile Detailing,,+1-458-327-5300,,,Klamath Falls,OR,P1 | Class A | only a Facebook/booking/directory page | http://detail1mobiledetailing.square.site/,,Car Detailers
Dirty Girls Detailing,,+1-541-805-8150,,"62849 Philynda Loop, La Grande, OR 97850, United States",La Grande,OR,P1 | Class A | only a Facebook/booking/directory page | https://www.facebook.com/DirtyGirlsDetailing/,,Car Detailers
Tactical Details,,+1-541-215-3515,,"703 Crook St, La Grande, OR 97850, United States",La Grande,OR,P1 | Class A | only a Facebook/booking/directory page | https://www.facebook.com/profile.php?id=61556513163790&mibextid=LQQJ4d,,Car Detailers
A&E Mobile Detailing,,+1-503-750-0658,,,Lake Oswego,OR,P1 | Class A | only a Facebook/booking/directory page | https://www.instagram.com/ae_mobile_detailing/,,Car Detailers
Cowboy mobile detailing,,+1-805-888-1691,,,Lake Oswego,OR,P1 | Class A | only a Facebook/booking/directory page | https://l.instagram.com/?u=https://brand.page/cowboymobiledetailing?fbclid=PAAaYagqtGCu9whsiF4lDYEKuUvpGDgwjo2hvma4hBkSnVrFyu-8mfUdKF9_A_aem_Acf2Rtt53aKZV_iVOUN_Nu3gu3Z1LEH6FYLbOe6b5WDQQt6HOT8JV6wiw46yUSFPv90&e=AT16sfhA8weM7Xsce2WNM9nANAlu5c7d3otOmSmjmPfn5lOtV-VH2d8flfXbeZfuGEEqbmUZPLqrgQ00LZ-9fAMRIT60hkj7_38KqJgO4IYaxK9NJlji_Q,,Car Detailers
GIO'S T AUTO DETAIL LLC,,+1-971-352-7603,,"4281 SE Roethe Rd, Portland, OR 97267, United States",Lake Oswego,OR,P1 | Class A | only a Facebook/booking/directory page | https://www.facebook.com/profile.php?id=61583573227649,,Car Detailers
Southern Oregon Auto Spa LLC,,+1-541-292-1635,,"179 Schulz Rd, Central Point, OR 97502, United States",Medford,OR,P1 | Class A | only a Facebook/booking/directory page | https://www.facebook.com/Southern-Oregon-Auto-Spa-LLC-245332139163202/,,Car Detailers
Everette's Auto Detailing LLC,,+1-971-440-8189,,,Milwaukie,OR,P1 | Class A | only a Facebook/booking/directory page | http://everettesautodetailing.square.site/,,Car Detailers
Jay's Auto Detailing Northwest,,+1-971-462-1600,,"608 E Foothills Dr, Newberg, OR 97132, United States",Newberg,OR,P1 | Class A | only a Facebook/booking/directory page | https://app.urable.com/virtual-shop/E2MRuA3OldzayK1XQsfA,,Car Detailers
Millers Auto Detailing,,+1-206-715-3618,,"911 E 3rd St, Newberg, OR 97132, United States",Newberg,OR,P1 | Class A | only a Facebook/booking/directory page | https://book.squareup.com/appointments/m89zt6ff9v1mfb/location/LSACFDM56A8GN/services,,Car Detailers
Backwoods Mobile Detailing,,+1-208-580-3496,,,Ontario,OR,P1 | Class A | only a Facebook/booking/directory page | https://www.facebook.com/share/18C912RAGN/,,Car Detailers
Ichiban Detailing,,+1-541-709-1713,,,Ontario,OR,P1 | Class A | only a Facebook/booking/directory page | https://www.facebook.com/p/Ichiban-Detailing-61575593639520/,,Car Detailers
Enox,,+1-503-869-0412,,,Oregon City,OR,P1 | Class A | only a Facebook/booking/directory page | https://www.facebook.com/profile.php?id=61552282104195,,Car Detailers
K Clean Details PDX,,+1-503-799-6196,,"4547 NE 42nd Ave, Portland, OR 97218, United States",Portland,OR,P1 | Class A | only a Facebook/booking/directory page | https://linktr.ee/kcleandetailspdx?utm_source=linktree_profile_share&ltsid=f72367d0-5e9d-421f-8170-561adc7e2940,,Car Detailers
Prineville Headlight Restoration,,+1-458-329-4470,,,Prineville,OR,P1 | Class A | only a Facebook/booking/directory page | https://www.facebook.com/PrinevilleHeadlightRestoration,,Car Detailers
THE CLEAN CAT AUTO DETAILZ,,+1-458-271-9658,,"1453 NE Airport Rd, Roseburg, OR 97470, United States",Roseburg,OR,P1 | Class A | only a Facebook/booking/directory page | https://www.facebook.com/thecleancatautodetailz/,,Car Detailers
MCC Detailing,,+1-971-218-9383,,"870 Hazel St, Aumsville, OR 97325, United States",Salem,OR,P1 | Class A | only a Facebook/booking/directory page | https://m.facebook.com/Mccdetail/,,Car Detailers
The Perfect Drip,,+1-971-267-5587,,,Salem,OR,P1 | Class A | only a Facebook/booking/directory page | https://instagram.com/theperfectdrip?igshid=mrq1e054ws5h,,Car Detailers
DayDream Auto Detail,,+1-458-201-3185,,,Springfield,OR,P1 | Class A | only a Facebook/booking/directory page | http://daydream-auto-detail.square.site/,,Car Detailers
Columbia River Mobile Detailing LLC,,+1-503-545-4544,,,St. Helens,OR,P1 | Class A | only a Facebook/booking/directory page | https://crmobiledetail.square.site/,,Car Detailers
Rockwood Innovations LLC,,+1-971-930-9635,,,Tillamook,OR,P1 | Class A | only a Facebook/booking/directory page | http://facebook.com/rockwoodinnovations,,Car Detailers
Maxzy’s Auto Spa,,+1-971-280-1601,,,Troutdale,OR,P1 | Class A | only a Facebook/booking/directory page | https://maxzysautospa.square.site/,,Car Detailers
Cortez Automotive Detailing LLC,,+1-503-602-7636,,,Woodburn,OR,P1 | Class A | only a Facebook/booking/directory page | http://cortez-automotive-detailing.square.site/,,Car Detailers
Bayline mobile car detailing,,+1-510-405-6559,,"3851 Magee Ave, Oakland, CA 94619, United States",Alameda,CA,P2 | Class A | no website found on Google,,Car Detailers
California Mobile Detail,,+1-510-688-2765,,"3542 Fruitvale Ave, Oakland, CA 94602, United States",Alameda,CA,P2 | Class A | no website found on Google,,Car Detailers
Charlotte's Web Car Detailing,,+1-510-479-1836,,"2964 Fruitvale Ave, Oakland, CA 94602, United States",Alameda,CA,P2 | Class A | no website found on Google,,Car Detailers
El Capitan Mobile Detailing,,+1-510-630-3702,,,Alameda,CA,P2 | Class A | no website found on Google,,Car Detailers
Kart Shine Mobile Car Detailing,,+1-510-800-9754,,"2435 Potter St, Oakland, CA 94601, United States",Alameda,CA,P2 | Class A | no website found on Google,,Car Detailers
Mickey's Auto Detail,,+1-510-763-6375,,"500 E 12th St, Oakland, CA 94606, United States",Alameda,CA,P2 | Class A | no website found on Google,,Car Detailers
Squared Away Detailing,,+1-808-482-8044,,"Enterprise Dr, Alameda, CA 94501, United States",Alameda,CA,P2 | Class A | no website found on Google,,Car Detailers
Crystal Clear Mobile Auto & Fleet Detailing,,+1-562-686-5628,,"10 W Bay State St #605, Alhambra, CA 91802, United States",Alhambra,CA,P2 | Class A | no website found on Google,,Car Detailers
Detail Alley,,+1-323-432-0607,,"2100 W Valley Blvd, Alhambra, CA 91803, United States",Alhambra,CA,P2 | Class A | no website found on Google,,Car Detailers
Forte Detail,,+1-626-949-7199,,"560 W Main St, Alhambra, CA 91801, United States",Alhambra,CA,P2 | Class A | no website found on Google,,Car Detailers
Garvey Auto Salon,,+1-626-571-7015,,"3017 Muscatel Ave, Rosemead, CA 91770, United States",Alhambra,CA,P2 | Class A | no website found on Google,,Car Detailers
Jay D's Auto Detailing,,+1-323-312-8423,,,Alhambra,CA,P2 | Class A | no website found on Google,,Car Detailers
Johnny detailing & car wash,,+1-323-899-3061,,,Alhambra,CA,P2 | Class A | no website found on Google,,Car Detailers
Lopez mobile auto detailing LLC,,+1-323-539-0906,,,Alhambra,CA,P2 | Class A | no website found on Google,,Car Detailers
Mr. Cleen Mobile Auto Detail,,+1-323-599-9630,,,Alhambra,CA,P2 | Class A | no website found on Google,,Car Detailers
RNA TOP1DETAILING,,+1-626-615-5645,,,Alhambra,CA,P2 | Class A | no website found on Google,,Car Detailers
Romans Auto Detailing,,+1-562-646-8151,,,Alhambra,CA,P2 | Class A | no website found on Google,,Car Detailers
Undefeated Mobile Detailing & Window Tinting,,+1-323-302-3458,,,Alhambra,CA,P2 | Class A | no website found on Google,,Car Detailers
Vital Detail Supplies (Auto Detail Supplies),,+1-626-703-4146,,"2219 W Valley Blvd, Alhambra, CA 91803, United States",Alhambra,CA,P2 | Class A | no website found on Google,,Car Detailers
rs Auto Detailing,,+1-562-821-3291,,,Alhambra,CA,P2 | Class A | no website found on Google,,Car Detailers
A Fresh Detail | Mobile Car Detailing Service,,+1-714-388-8928,,"2446 W Transit Ave, Anaheim, CA 92804, United States",Anaheim,CA,P2 | Class A | no website found on Google,,Car Detailers
ACH Mobile Car Wash and Detailing,,+1-323-628-6798,,"3608 E Orangethorpe Ave, Anaheim, CA 92806, United States",Anaheim,CA,P2 | Class A | no website found on Google,,Car Detailers
Advanced Steam Detailing,,+1-714-403-0595,,"8175 E Kaiser Blvd, Anaheim, CA 92808, United States",Anaheim,CA,P2 | Class A | no website found on Google,,Car Detailers
Aesthetix Auto Mobile Detailing,,+1-657-712-5249,,,Anaheim,CA,P2 | Class A | no website found on Google,,Car Detailers
B Clean Auto Detailing,,+1-951-403-7160,,"799 Micmac Dr, Placentia, CA 92870, United States",Anaheim,CA,P2 | Class A | no website found on Google,,Car Detailers
C Mobil Detail,,+1-714-457-3182,,"713 N Mavis St #4, Anaheim, CA 92805, United States",Anaheim,CA,P2 | Class A | no website found on Google,,Car Detailers
Cash's Auto Detailing,,+1-669-224-9475,,,Anaheim,CA,P2 | Class A | no website found on Google,,Car Detailers
Damien Details,,+1-714-471-8309,,"621 S Sunkist St, Anaheim, CA 92806, United States",Anaheim,CA,P2 | Class A | no website found on Google,,Car Detailers
Daniel's Auto Detailing,,+1-714-586-1701,,"13172 Chapman Ave, Garden Grove, CA 92840, United States",Anaheim,CA,P2 | Class A | no website found on Google,,Car Detailers
Danny V’s Mobile Detail,,+1-714-750-6258,,"12952 Lampson Ave, Garden Grove, CA 92840, United States",Anaheim,CA,P2 | Class A | no website found on Google,,Car Detailers
Detail Don's Mobile Detailing,,+1-714-746-3744,,,Anaheim,CA,P2 | Class A | no website found on Google,,Car Detailers
Diamond auto detail,,+1-714-225-9435,,"100 N Merrimac Dr, Anaheim, CA 92807, United States",Anaheim,CA,P2 | Class A | no website found on Google,,Car Detailers
Euro Buff Detailing,,+1-714-274-5301,,"1351 N Miller St #205, Anaheim, CA 92806, United States",Anaheim,CA,P2 | Class A | no website found on Google,,Car Detailers
"Glossy Mobile Car Detailing of Yorba Linda, CA",,+1-667-452-7152,,"3910 Prospect Ave, Yorba Linda, CA 92886, United States",Anaheim,CA,P2 | Class A | no website found on Google,,Car Detailers
JC Mobile Car Wash & Detailing,,+1-714-597-2417,,,Anaheim,CA,P2 | Class A | no website found on Google,,Car Detailers
Lily's Precision Mobile Auto Detail,,+1-714-342-9234,,"125 N Syracuse St #7, Anaheim, CA 92801, United States",Anaheim,CA,P2 | Class A | no website found on Google,,Car Detailers
MAX Detail OC,,+1-562-225-9856,,,Anaheim,CA,P2 | Class A | no website found on Google,,Car Detailers
Mobile Rapid Detailing LLC,,+1-714-363-7091,,"625 S Casita St, Anaheim, CA 92805, United States",Anaheim,CA,P2 | Class A | no website found on Google,,Car Detailers
OG Luxury Detail,,+1-714-231-9249,,"2449 Chinook Dr, Placentia, CA 92870, United States",Anaheim,CA,P2 | Class A | no website found on Google,,Car Detailers
Perez Auto Detailing,,+1-714-272-8459,,"Sierra Vista Ave, Placentia, CA 92870, United States",Anaheim,CA,P2 | Class A | no website found on Google,,Car Detailers
"Precision Mobile Car Detailing Anaheim, CA",,+1-657-258-2709,,"144 W Lincoln Ave, Anaheim, CA 92805, United States",Anaheim,CA,P2 | Class A | no website found on Google,,Car Detailers
Q's Mobile Detail,,+1-949-334-5854,,,Anaheim,CA,P2 | Class A | no website found on Google,,Car Detailers
Reset Auto Detail,,+1-310-692-1117,,,Anaheim,CA,P2 | Class A | no website found on Google,,Car Detailers
TB Clean Auto Detailing Services,,+1-714-875-1177,,"949 E Mason Ln Unit 71, Anaheim, CA 92805, United States",Anaheim,CA,P2 | Class A | no website found on Google,,Car Detailers
True Shine Mobile Car Detailing of Anaheim,,+1-714-487-0928,,"626 S Anaheim Blvd, Anaheim, CA 92805, United States",Anaheim,CA,P2 | Class A | no website found on Google,,Car Detailers
Xcellence Mobile Detailing,,+1-657-341-8743,,"W Birch St, Brea, CA 92821, United States",Anaheim,CA,P2 | Class A | no website found on Google,,Car Detailers
dmds auto,,+1-714-225-1646,,"4750 E Tanglewood Ave, Anaheim, CA 92807, United States",Anaheim,CA,P2 | Class A | no website found on Google,,Car Detailers
Allens Detailing CA,,+1-209-916-5689,,"4667 French Gulch Rd, Murphys, CA 95247, United States",Angels Camp,CA,P2 | Class A | no website found on Google,,Car Detailers
Cal Auto Detail,,+1-209-984-6474,,,Angels Camp,CA,P2 | Class A | no website found on Google,,Car Detailers
Elite Shine Mobile Detailing - Paint Corrections & Ceramic coatings,,+1-209-304-0109,,"4 Jean St, Valley Springs, CA 95252, United States",Angels Camp,CA,P2 | Class A | no website found on Google,,Car Detailers
Fresh & Clean Auto Detailing,,+1-209-743-5096,,,Angels Camp,CA,P2 | Class A | no website found on Google,,Car Detailers
G & D Auto Detailing,,+1-209-684-2664,,,Angels Camp,CA,P2 | Class A | no website found on Google,,Car Detailers
Mountain Detail,,+1-209-770-4063,,,Angels Camp,CA,P2 | Class A | no website found on Google,,Car Detailers
Mountain mobile car detailing,,+1-209-768-7516,,,Angels Camp,CA,P2 | Class A | no website found on Google,,Car Detailers
River Rat Detailing,,+1-209-329-1952,,"8875 State Rte 26, Valley Springs, CA 95252, United States",Angels Camp,CA,P2 | Class A | no website found on Google,,Car Detailers
Sonora Auto Detailing,,+1-209-743-4955,,"14396 Tuolumne Rd, Sonora, CA 95370, United States",Angels Camp,CA,P2 | Class A | no website found on Google,,Car Detailers
Stilleys Mobile Detailing,,+1-209-765-4406,,"3634 Snowbird Ct, Copperopolis, CA 95228, United States",Angels Camp,CA,P2 | Class A | no website found on Google,,Car Detailers
AB's mobile detailing,,+1-925-595-0615,,"D St, Antioch, CA 94509, United States",Antioch,CA,P2 | Class A | no website found on Google,,Car Detailers
ACRS Mobile Detailing,,+1-925-481-0965,,,Antioch,CA,P2 | Class A | no website found on Google,,Car Detailers
All For Us Enterprise,,+1-415-926-0459,,"4464 Lone Tree Wy, Antioch, CA 94531, United States",Antioch,CA,P2 | Class A | no website found on Google,,Car Detailers
Brager Mobile Auto Detailing,,+1-707-342-1596,,,Antioch,CA,P2 | Class A | no website found on Google,,Car Detailers
C&Z Detailing,,+1-209-740-1014,,,Antioch,CA,P2 | Class A | no website found on Google,,Car Detailers
CRL’Z Mobile Auto Detailing,,+1-510-760-9493,,"849 Walnut Dr, Oakley, CA 94561, United States",Antioch,CA,P2 | Class A | no website found on Google,,Car Detailers
Crystal’s Mobile Car Detail,,+1-925-755-6068,,"1113 W 10th St, Antioch, CA 94509, United States",Antioch,CA,P2 | Class A | no website found on Google,,Car Detailers
DKD_Detailing,,+1-925-222-2320,,,Antioch,CA,P2 | Class A | no website found on Google,,Car Detailers
Danny Mobile Detail,,+1-925-499-9861,,,Antioch,CA,P2 | Class A | no website found on Google,,Car Detailers
David's Delta Detailing,,+1-888-449-4911,,"1904 San Jose Dr, Antioch, CA 94509, United States",Antioch,CA,P2 | Class A | no website found on Google,,Car Detailers
Detail Don Co.,,+1-925-665-4614,,,Antioch,CA,P2 | Class A | no website found on Google,,Car Detailers
Diamond detail autospa,,+1-925-783-8547,,"3365 Deer Valley Rd, Antioch, CA 94509, United States",Antioch,CA,P2 | Class A | no website found on Google,,Car Detailers
E&O Detailing,,+1-925-329-0145,,,Antioch,CA,P2 | Class A | no website found on Google,,Car Detailers
Erick’s mobile detailing,,+1-925-334-8583,,,Antioch,CA,P2 | Class A | no website found on Google,,Car Detailers
Final Stage Mobile Detailing,,+1-925-301-6980,,,Antioch,CA,P2 | Class A | no website found on Google,,Car Detailers
Five star mobile detailing,,+1-510-631-5044,,,Antioch,CA,P2 | Class A | no website found on Google,,Car Detailers
"Flawless Details, Professional Interior/Exterior Detailing",,+1-415-988-0037,,,Antioch,CA,P2 | Class A | no website found on Google,,Car Detailers
Front Yard Detail,,+1-925-665-9666,,,Antioch,CA,P2 | Class A | no website found on Google,,Car Detailers
Glossworks Auto,,+1-925-403-4881,,"5328 Alexander Valley Ln, Antioch, CA 94531, United States",Antioch,CA,P2 | Class A | no website found on Google,,Car Detailers
Golden Coast Auto Care,,+1-925-510-7214,,,Antioch,CA,P2 | Class A | no website found on Google,,Car Detailers
Jay & Kays Mobile Detailing,,+1-510-756-8139,,,Antioch,CA,P2 | Class A | no website found on Google,,Car Detailers
Jeffreys Detailing and More!,,+1-925-393-8978,,"623 W Fourteenth St, Antioch, CA 94509, United States",Antioch,CA,P2 | Class A | no website found on Google,,Car Detailers
Johnson Auto detailing,,+1-925-848-4916,,"1000 Claudia Ct, Antioch, CA 94509, United States",Antioch,CA,P2 | Class A | no website found on Google,,Car Detailers
Juan the detailer,,+1-925-354-2737,,,Antioch,CA,P2 | Class A | no website found on Google,,Car Detailers
Khai’s Mobile Auto Spa,,+1-510-717-4136,,,Antioch,CA,P2 | Class A | no website found on Google,,Car Detailers
KikosExoticDetailing,,+1-925-265-3172,,"3848 Oriole Ct, Antioch, CA 94509, United States",Antioch,CA,P2 | Class A | no website found on Google,,Car Detailers
LS Shine Detailing,,+1-925-382-0606,,,Antioch,CA,P2 | Class A | no website found on Google,,Car Detailers
Lucky auto detailing & ceramic coating,,+1-925-238-6342,,,Antioch,CA,P2 | Class A | no website found on Google,,Car Detailers
Lujan's Detailing,,+1-925-238-4960,,"A St, Antioch, CA 94509, United States",Antioch,CA,P2 | Class A | no website found on Google,,Car Detailers
Meridian Mobile detailing,,+1-925-544-7697,,,Antioch,CA,P2 | Class A | no website found on Google,,Car Detailers
Perfect Shine - Mobile Auto Detailing,,+1-707-207-9551,,,Antioch,CA,P2 | Class A | no website found on Google,,Car Detailers
Pinballwoody Detail Service mobile,,+1-510-689-6160,,,Antioch,CA,P2 | Class A | no website found on Google,,Car Detailers
Platinum Mobile Detailing,,+1-925-437-1749,,,Antioch,CA,P2 | Class A | no website found on Google,,Car Detailers
Ray's Mobile Detailing,,+1-925-518-0030,,,Antioch,CA,P2 | Class A | no website found on Google,,Car Detailers
Rg details,,+1-925-877-0598,,,Antioch,CA,P2 | Class A | no website found on Google,,Car Detailers
Rich's Mobile Detailing,,+1-925-507-8520,,"61 Mountain View Ave, Bay Point, CA 94565, United States",Antioch,CA,P2 | Class A | no website found on Google,,Car Detailers
T & J Professional Auto Detail,,+1-925-628-0521,,"2172 Piedmont Way # C, Pittsburg, CA 94565, United States",Antioch,CA,P2 | Class A | no website found on Google,,Car Detailers
TF Mobile Detailing,,+1-925-510-7063,,,Antioch,CA,P2 | Class A | no website found on Google,,Car Detailers
Toldetailing,,+1-341-222-7867,,"4813 Sterling Hill Dr, Antioch, CA 94531, United States",Antioch,CA,P2 | Class A | no website found on Google,,Car Detailers
V&R MOBILE DETAILING,,+1-925-481-8371,,,Antioch,CA,P2 | Class A | no website found on Google,,Car Detailers
E.G Auto Detailing,,+1-715-781-5815,,"1260 N Park Ln, McKinleyville, CA 95519, United States",Arcata,CA,P2 | Class A | no website found on Google,,Car Detailers
Mobile Car Wash & Detailing,,+1-805-396-4889,,"1971 Daniels St, Arcata, CA 95521, United States",Arcata,CA,P2 | Class A | no website found on Google,,Car Detailers
Redwood Reflections Mobile Detailing,,+1-707-572-5744,,,Arcata,CA,P2 | Class A | no website found on Google,,Car Detailers
Spot to Spot Mobile Detailing,,+1-707-382-0773,,"3065 McKinleyville Ave A, McKinleyville, CA 95519, United States",Arcata,CA,P2 | Class A | no website found on Google,,Car Detailers
The Detail Surgeon,,+1-707-440-9868,,"2330 Central Ave #3, McKinleyville, CA 95519, United States",Arcata,CA,P2 | Class A | no website found on Google,,Car Detailers
Tilley's mobil Detailing service,,+1-707-440-9006,,,Arcata,CA,P2 | Class A | no website found on Google,,Car Detailers
Tymber’s Automotive Detailing,,+1-435-219-5128,,,Arcata,CA,P2 | Class A | no website found on Google,,Car Detailers
AB Mobile Carwash & Detail,,+1-661-302-2971,,,Bakersfield,CA,P2 | Class A | no website found on Google,,Car Detailers
All Shine No Grime Detailing,,+1-661-900-6825,,,Bakersfield,CA,P2 | Class A | no website found on Google,,Car Detailers
Aloha Mobile Wash & Detail,,+1-661-487-1541,,,Bakersfield,CA,P2 | Class A | no website found on Google,,Car Detailers
Azul Detailing,,+1-661-670-6343,,"Bakersfield, CA 93309, United States",Bakersfield,CA,P2 | Class A | no website found on Google,,Car Detailers
Bakersfield Finest Mobile Detailing,,+1-661-370-7496,,"Panama Ln, Bakersfield, CA 93313, United States",Bakersfield,CA,P2 | Class A | no website found on Google,,Car Detailers
Best Hands Mobile Car Wash,,+1-661-448-9759,,,Bakersfield,CA,P2 | Class A | no website found on Google,,Car Detailers
Boo's mobile auto detailing,,+1-661-995-7667,,,Bakersfield,CA,P2 | Class A | no website found on Google,,Car Detailers
Bull Detailing LLC,,+1-661-301-5698,,,Bakersfield,CA,P2 | Class A | no website found on Google,,Car Detailers
CHAVEZ MOBILE AUTO DETAILING,,+1-818-403-5071,,"2008 Magdelena Ave, Bakersfield, CA 93307, United States",Bakersfield,CA,P2 | Class A | no website found on Google,,Car Detailers
CV Mobile Detailing,,+1-661-314-5122,,"210 E Harding Ave B, Bakersfield, CA 93308, United States",Bakersfield,CA,P2 | Class A | no website found on Google,,Car Detailers
Cali Auto Spa,,+1-661-809-1917,,"5151 Stine Rd, Bakersfield, CA 93313, United States",Bakersfield,CA,P2 | Class A | no website found on Google,,Car Detailers
California Mobile Auto Detailing,,+1-661-699-3214,,,Bakersfield,CA,P2 | Class A | no website found on Google,,Car Detailers
Car Wash baraja's & Tlaquepaque's,,+1-661-384-1780,,"547 Brundage Ln, Bakersfield, CA 93304, United States",Bakersfield,CA,P2 | Class A | no website found on Google,,Car Detailers
Car show detailing,,+1-661-232-9664,,"S H St, Bakersfield, CA 93304, United States",Bakersfield,CA,P2 | Class A | no website found on Google,,Car Detailers
Cse Premium Detailing,,+1-888-666-3107,,"1601 New Stine Rd ste 120, Bakersfield, CA 93309, United States",Bakersfield,CA,P2 | Class A | no website found on Google,,Car Detailers
Detail Specialist of Bakersfield,,+1-661-472-8430,,"5501 Aldrin Ct Ste A, Bakersfield, CA 93313, United States",Bakersfield,CA,P2 | Class A | no website found on Google,,Car Detailers
Estrada's Detail & Car Wash,,+1-661-330-4672,,"700 Wible Rd, Bakersfield, CA 93304, United States",Bakersfield,CA,P2 | Class A | no website found on Google,,Car Detailers
Five Bros Auto Detail LLC,,+1-661-662-3791,,,Bakersfield,CA,P2 | Class A | no website found on Google,,Car Detailers
Flawless Carpet And Auto Care,,+1-661-346-1881,,,Bakersfield,CA,P2 | Class A | no website found on Google,,Car Detailers
GRC Mobile Car Wash & Detailing,,+1-661-379-5948,,,Bakersfield,CA,P2 | Class A | no website found on Google,,Car Detailers
G’s Kustom Detailing,,+1-661-487-9961,,"1414 25th St, Bakersfield, CA 93301, United States",Bakersfield,CA,P2 | Class A | no website found on Google,,Car Detailers
Hercules mobile detailing,,+1-661-525-8581,,,Bakersfield,CA,P2 | Class A | no website found on Google,,Car Detailers
J's Auto Detailing,,+1-661-493-1929,,,Bakersfield,CA,P2 | Class A | no website found on Google,,Car Detailers
Jaded detailing and ceramic applications,,+1-661-570-0201,,"2537 Center St, Bakersfield, CA 93306, United States",Bakersfield,CA,P2 | Class A | no website found on Google,,Car Detailers
Johny’s auto detailing,,+1-661-649-8606,,"224 Sperry St, Bakersfield, CA 93307, United States",Bakersfield,CA,P2 | Class A | no website found on Google,,Car Detailers
Jose Villatoro Auto Detail,,+1-661-932-6099,,"110 Morning Dr, Bakersfield, CA 93306, United States",Bakersfield,CA,P2 | Class A | no website found on Google,,Car Detailers
"Kalifornia Wash - Detail, L.P.",,+1-661-205-5736,,"2606 Brundage Ln, Bakersfield, CA 93304, United States",Bakersfield,CA,P2 | Class A | no website found on Google,,Car Detailers
Krazy Klean Detail,,+1-661-376-9809,,"2545 S Union Ave, Bakersfield, CA 93307, United States",Bakersfield,CA,P2 | Class A | no website found on Google,,Car Detailers
Leo_Details,,+1-661-314-9913,,"5415 Los Amigos Dr, Bakersfield, CA 93307, United States",Bakersfield,CA,P2 | Class A | no website found on Google,,Car Detailers
Medina's White Glove Auto Detailing,,+1-661-379-5941,,"2901 Bucknell St, Bakersfield, CA 93305, United States",Bakersfield,CA,P2 | Class A | no website found on Google,,Car Detailers
Motorfield detailing,,+1-661-379-2506,,,Bakersfield,CA,P2 | Class A | no website found on Google,,Car Detailers
Mutts detailing,,+1-661-332-1440,,"1917 Bradley Ave, Bakersfield, CA 93304, United States",Bakersfield,CA,P2 | Class A | no website found on Google,,Car Detailers
Peak Mobile Detailing,,+1-661-889-8355,,,Bakersfield,CA,P2 | Class A | no website found on Google,,Car Detailers
Sergio's Detailing,,+1-661-805-3988,,"4412 Chadbourn St, Bakersfield, CA 93307, United States",Bakersfield,CA,P2 | Class A | no website found on Google,,Car Detailers
Shine & Shield Detail Lab,,+1-661-695-2560,,"4900 California Ave Suite 210 B, Bakersfield, CA 93309, United States",Bakersfield,CA,P2 | Class A | no website found on Google,,Car Detailers
Steady auto details,,+1-661-384-4261,,,Bakersfield,CA,P2 | Class A | no website found on Google,,Car Detailers
TLC.Detailing,,+1-832-466-1100,,"13901 Austin Creek Ave, Bakersfield, CA 93314, United States",Bakersfield,CA,P2 | Class A | no website found on Google,,Car Detailers
Tapia Mobile Car Wash and Detail,,+1-661-671-2947,,,Bakersfield,CA,P2 | Class A | no website found on Google,,Car Detailers
The Detail Shop,,+1-661-381-7286,,"4501 Stine Rd #101, Bakersfield, CA 93313, United States",Bakersfield,CA,P2 | Class A | no website found on Google,,Car Detailers
17 Mobile Detailing,,+1-626-324-2869,,,Baldwin Park,CA,P2 | Class A | no website found on Google,,Car Detailers
Apex F1 Auto,,+1-626-608-1118,,"United States, California, Baldwin Park, Arrow Hwy, Apex F1 Auto邮政编码: 91706",Baldwin Park,CA,P2 | Class A | no website found on Google,,Car Detailers
BoysDetails,,+1-626-523-7694,,"15114 Arrow Hwy, Baldwin Park, CA 91706, United States",Baldwin Park,CA,P2 | Class A | no website found on Google,,Car Detailers
Dolphin Auto Detail,,+1-626-408-7717,,,Baldwin Park,CA,P2 | Class A | no website found on Google,,Car Detailers
"Fleetz pro Mobile Truck Wash , Trailer Washouts ,semi detailing , Fleet Wash services city of Industry California",,+1-626-489-2892,,,Baldwin Park,CA,P2 | Class A | no website found on Google,,Car Detailers
Gloss Culture Garage,,+1-626-321-2161,,"4831 Fortin St, Baldwin Park, CA 91706, United States",Baldwin Park,CA,P2 | Class A | no website found on Google,,Car Detailers
JA'S Mobile Detail,,+1-626-826-4947,,"201 S 2nd Ave, La Puente, CA 91746, United States",Baldwin Park,CA,P2 | Class A | no website found on Google,,Car Detailers
Jay’s mobile detailing,,+1-818-845-3396,,,Baldwin Park,CA,P2 | Class A | no website found on Google,,Car Detailers
KP Pressure Wash & Auto Detailing,,+1-626-393-0438,,,Baldwin Park,CA,P2 | Class A | no website found on Google,,Car Detailers
Kaway’s auto detailing,,+1-626-814-7105,,"2010 W Pacific Ave, West Covina, CA 91790, United States",Baldwin Park,CA,P2 | Class A | no website found on Google,,Car Detailers
Laser Detailing,,+1-626-278-9875,,"1042 S Susanna Ave, West Covina, CA 91790, United States",Baldwin Park,CA,P2 | Class A | no website found on Google,,Car Detailers
MKE Mobile Detailing,,+1-323-377-1423,,,Baldwin Park,CA,P2 | Class A | no website found on Google,,Car Detailers
Ministry Auto Detail,,+1-562-282-6845,,,Baldwin Park,CA,P2 | Class A | no website found on Google,,Car Detailers
Mundos Mobile Detailing Services,,+1-626-684-7186,,,Baldwin Park,CA,P2 | Class A | no website found on Google,,Car Detailers
Peraltas detailing,,+1-909-489-2630,,,Baldwin Park,CA,P2 | Class A | no website found on Google,,Car Detailers
Prodigy Detailing,,+1-626-290-4865,,,Baldwin Park,CA,P2 | Class A | no website found on Google,,Car Detailers
QCAUTODETAILING2019,,+1-626-316-8575,,,Baldwin Park,CA,P2 | Class A | no website found on Google,,Car Detailers
Reservedparkingdetail,,+1-626-290-7644,,"527 N Broadmoor Ave, West Covina, CA 91790, United States",Baldwin Park,CA,P2 | Class A | no website found on Google,,Car Detailers
SS Mobile Detailing,,+1-626-416-9381,,,Baldwin Park,CA,P2 | Class A | no website found on Google,,Car Detailers
Stunning Mobile Detail,,+1-626-632-1084,,,Baldwin Park,CA,P2 | Class A | no website found on Google,,Car Detailers
Swishy Mobile Detailing,,+1-323-446-9280,,,Baldwin Park,CA,P2 | Class A | no website found on Google,,Car Detailers
Unique wrapz and auto detail,,+1-626-665-8113,,"14312 Arrow Hwy, Baldwin Park, CA 91706, United States",Baldwin Park,CA,P2 | Class A | no website found on Google,,Car Detailers
precision1detailing,,+1-626-406-6581,,,Baldwin Park,CA,P2 | Class A | no website found on Google,,Car Detailers
562 mobile detailing,,+1-562-228-8067,,"9328 Ramona St, Bellflower, CA 90706, United States",Bellflower,CA,P2 | Class A | no website found on Google,,Car Detailers
Abel’s Classic touch,,+1-562-660-6792,,,Bellflower,CA,P2 | Class A | no website found on Google,,Car Detailers
Aim For Excellence Auto Detailing,,+1-562-330-7986,,,Bellflower,CA,P2 | Class A | no website found on Google,,Car Detailers
Auto Vision Mobile Detailing,,+1-562-208-1895,,,Bellflower,CA,P2 | Class A | no website found on Google,,Car Detailers
Dr Benjamin Auto Detaiil,,+1-562-925-9300,,"15506 Lakewood Blvd, Bellflower, CA 90706, United States",Bellflower,CA,P2 | Class A | no website found on Google,,Car Detailers
GamaAutoDetail,,+1-562-330-6426,,,Bellflower,CA,P2 | Class A | no website found on Google,,Car Detailers
Golden Legacy Auto Detailing LLC,,+1-213-479-7388,,,Bellflower,CA,P2 | Class A | no website found on Google,,Car Detailers
Iglesias Auto Detailing,,+1-562-714-2583,,,Bellflower,CA,P2 | Class A | no website found on Google,,Car Detailers
Inside Out Custom Auto Detail,,+1-562-473-9706,,,Bellflower,CA,P2 | Class A | no website found on Google,,Car Detailers
Joe's Auto Detailing,,+1-562-526-5295,,,Bellflower,CA,P2 | Class A | no website found on Google,,Car Detailers
LA Auto Detailers Paint correction specialist,,+1-562-242-9744,,,Bellflower,CA,P2 | Class A | no website found on Google,,Car Detailers
M & R Auto Detailing,,+1-562-804-2732,,"15804 Lakewood Blvd, Bellflower, CA 90706, United States",Bellflower,CA,P2 | Class A | no website found on Google,,Car Detailers
Mocha's Mobile Detail,,+1-562-446-3545,,,Bellflower,CA,P2 | Class A | no website found on Google,,Car Detailers
Odell's Luxury Mobile Detailing,,+1-323-713-6460,,,Bellflower,CA,P2 | Class A | no website found on Google,,Car Detailers
PS Mobile Auto Detail,,+1-562-215-9454,,"9343 Artesia Blvd, Bellflower, CA 90706, United States",Bellflower,CA,P2 | Class A | no website found on Google,,Car Detailers
Perceptive Auto Detailing,,+1-310-766-9403,,,Bellflower,CA,P2 | Class A | no website found on Google,,Car Detailers
Private Auto Detailing,,+1-562-348-5294,,,Bellflower,CA,P2 | Class A | no website found on Google,,Car Detailers
Pros Auto Detailing,,+1-562-923-2415,,"11434 Downey Ave, Downey, CA 90241, United States",Bellflower,CA,P2 | Class A | no website found on Google,,Car Detailers
Speedy Automotive Detailing,,+1-424-286-0278,,,Bellflower,CA,P2 | Class A | no website found on Google,,Car Detailers
SweetSpot Auto Detailing,,+1-562-372-1274,,,Bellflower,CA,P2 | Class A | no website found on Google,,Car Detailers
The Twins Deep Clean Mobile Auto Detail,,+1-323-915-8828,,,Bellflower,CA,P2 | Class A | no website found on Google,,Car Detailers
Tonys Auto Detailing Products Norwalk,,+1-714-350-9273,,"11831 Firestone Blvd, Norwalk, CA 90650, United States",Bellflower,CA,P2 | Class A | no website found on Google,,Car Detailers
Vibrant Shine Auto Detailing,,+1-562-379-1270,,,Bellflower,CA,P2 | Class A | no website found on Google,,Car Detailers
classic touch mobile detail,,+1-909-242-6399,,"Lakewood Blvd, Bellflower, CA 90706, United States",Bellflower,CA,P2 | Class A | no website found on Google,,Car Detailers
Ace Auto Details,,+1-925-326-1223,,"3610 Pacheco Blvd C, Martinez, CA 94553, United States",Benicia,CA,P2 | Class A | no website found on Google,,Car Detailers
AllStar Detailz –Mobile Car Detailing,,+1-707-712-4479,,,Benicia,CA,P2 | Class A | no website found on Google,,Car Detailers
Allbright mobile details llc,,+1-707-712-0936,,"301 Avian Dr, Vallejo, CA 94591, United States",Benicia,CA,P2 | Class A | no website found on Google,,Car Detailers
Black on blak detail,,+1-775-460-3820,,"82 Rotary Wy, Vallejo, CA 94591, United States",Benicia,CA,P2 | Class A | no website found on Google,,Car Detailers
Clarify Your Ride,,+1-707-752-7705,,,Benicia,CA,P2 | Class A | no website found on Google,,Car Detailers
DeWayne Herrman Detailing,,+1-707-771-8271,,,Benicia,CA,P2 | Class A | no website found on Google,,Car Detailers
Detail Shop,,+1-707-747-1409,,"988 Adams St, Benicia, CA 94510, United States",Benicia,CA,P2 | Class A | no website found on Google,,Car Detailers
G&C Auto Detail Co.,,+1-707-310-9010,,,Benicia,CA,P2 | Class A | no website found on Google,,Car Detailers
Ragsquad Mobile Detailing,,+1-707-655-8067,,,Benicia,CA,P2 | Class A | no website found on Google,,Car Detailers
Ross Mobile Detail Service,,+1-707-641-3968,,"148 Guava Ct, Vallejo, CA 94589, United States",Benicia,CA,P2 | Class A | no website found on Google,,Car Detailers
SR Garage 510,,+1-510-860-3725,,"4822 E 2nd St, Benicia, CA 94510, United States",Benicia,CA,P2 | Class A | no website found on Google,,Car Detailers
York’s Mobile Detailing,,+1-707-236-4870,,"1133 Porter St, Vallejo, CA 94590, United States",Benicia,CA,P2 | Class A | no website found on Google,,Car Detailers
1 Berkeley Auto Detailing,,+1-510-841-6000,,"1043 Hearst Ave, Berkeley, CA 94710, United States",Berkeley,CA,P2 | Class A | no website found on Google,,Car Detailers
AcevesDetailing510,,+1-510-928-0012,,"#1726, Berkeley, CA 94710, United States",Berkeley,CA,P2 | Class A | no website found on Google,,Car Detailers
Alberty Detail Shop,,+1-510-526-1987,,"1809 San Pablo Ave, Berkeley, CA 94702, United States",Berkeley,CA,P2 | Class A | no website found on Google,,Car Detailers
Alpha 1 Detail,,+1-804-709-7227,,,Berkeley,CA,P2 | Class A | no website found on Google,,Car Detailers
Cooper Auto Detailing,,+1-510-812-7514,,"2449 Russell St, Berkeley, CA 94705, United States",Berkeley,CA,P2 | Class A | no website found on Google,,Car Detailers
Hi-Caliber AutoStyling,,+1-925-538-3339,,,Berkeley,CA,P2 | Class A | no website found on Google,,Car Detailers
Hud Details,,+1-408-710-9192,,,Berkeley,CA,P2 | Class A | no website found on Google,,Car Detailers
Joe's Mobile Car Detailing,,+1-510-463-4914,,,Berkeley,CA,P2 | Class A | no website found on Google,,Car Detailers
Nex Zon Auto Detailing,,+1-628-267-9366,,,Berkeley,CA,P2 | Class A | no website found on Google,,Car Detailers
ShawnieBo Mobile Detailing,,+1-831-253-6934,,,Berkeley,CA,P2 | Class A | no website found on Google,,Car Detailers
Shines Car Detailing Service,,+1-408-893-2922,,,Berkeley,CA,P2 | Class A | no website found on Google,,Car Detailers
Whittaker's Graffiti and Detailing,,+1-510-978-3052,,,Berkeley,CA,P2 | Class A | no website found on Google,,Car Detailers
Kustom Karr,,+1-760-872-7688,,"224 S Main St, Bishop, CA 93514, United States",Bishop,CA,P2 | Class A | no website found on Google,,Car Detailers
Owens Valley Detailing,,+1-760-920-3098,,,Bishop,CA,P2 | Class A | no website found on Google,,Car Detailers
All in the Details Auto Care,,+1-925-421-1460,,,Brentwood,CA,P2 | Class A | no website found on Google,,Car Detailers
Cortes Detailz,,+1-925-628-5448,,,Brentwood,CA,P2 | Class A | no website found on Google,,Car Detailers
DNA Details,,+1-925-519-2724,,,Brentwood,CA,P2 | Class A | no website found on Google,,Car Detailers
Gold Label Detailing,,+1-925-477-1761,,,Brentwood,CA,P2 | Class A | no website found on Google,,Car Detailers
Liberty Mobile Auto Detailing,,+1-925-301-0389,,,Brentwood,CA,P2 | Class A | no website found on Google,,Car Detailers
Ronaldo’s professional detailing,,+1-209-662-5767,,"846 Midway, Brentwood, CA 94513, United States",Brentwood,CA,P2 | Class A | no website found on Google,,Car Detailers
T4 detailing,,+1-925-744-7446,,"Bay Area, Brentwood, CA 94513, United States",Brentwood,CA,P2 | Class A | no website found on Google,,Car Detailers
Touchless Detailing,,+1-925-860-8900,,,Brentwood,CA,P2 | Class A | no website found on Google,,Car Detailers
UP CAR WASH & MOBILE DETAILING,,+1-510-940-6702,,,Brentwood,CA,P2 | Class A | no website found on Google,,Car Detailers
VeloGT Headlight Restoration,,+1-925-384-1431,,,Brentwood,CA,P2 | Class A | no website found on Google,,Car Detailers
Vortec Auto Spa,,+1-925-529-2069,,,Brentwood,CA,P2 | Class A | no website found on Google,,Car Detailers
3 brothers car wash and detailing,,+1-714-718-4585,,,Buena Park,CA,P2 | Class A | no website found on Google,,Car Detailers
All Star Auto Detailing,,+1-657-340-8109,,,Buena Park,CA,P2 | Class A | no website found on Google,,Car Detailers
BNA auto detailing,,+1-657-252-1764,,,Buena Park,CA,P2 | Class A | no website found on Google,,Car Detailers
Best mobile detail,,+1-657-551-3587,,"6575 Crescent Ave, Buena Park, CA 90620, United States",Buena Park,CA,P2 | Class A | no website found on Google,,Car Detailers
"Beyond The Wash ""Because Dirt Happens""",,+1-626-600-8036,,,Buena Park,CA,P2 | Class A | no website found on Google,,Car Detailers
California Detail,,+1-714-750-7947,,,Buena Park,CA,P2 | Class A | no website found on Google,,Car Detailers
Cisco's Detailing,,+1-714-423-3525,,,Buena Park,CA,P2 | Class A | no website found on Google,,Car Detailers
Elite Auto Detailing Services,,+1-714-803-5157,,,Buena Park,CA,P2 | Class A | no website found on Google,,Car Detailers
IRON WASH DETAILING,,+1-714-721-5293,,,Buena Park,CA,P2 | Class A | no website found on Google,,Car Detailers
Island boy luxury detailing,,+1-714-714-4742,,"729 S Knott Ave, Anaheim, CA 92804, United States",Buena Park,CA,P2 | Class A | no website found on Google,,Car Detailers
Jack’s mobile Detailing,,+1-714-386-0891,,,Buena Park,CA,P2 | Class A | no website found on Google,,Car Detailers
Kailani's mobile carwash,,+1-626-230-1672,,,Buena Park,CA,P2 | Class A | no website found on Google,,Car Detailers
Long Beach Car Detail - Los Angeles,,+1-714-423-4542,,,Buena Park,CA,P2 | Class A | no website found on Google,,Car Detailers
Moe's Auto Mobil Detailing,,+1-714-222-8163,,"6282 Homewood Ave, Buena Park, CA 90621, United States",Buena Park,CA,P2 | Class A | no website found on Google,,Car Detailers
NuSkin Auto Detailing,,+1-714-396-7422,,"5172 Dumaine Dr, La Palma, CA 90623, United States",Buena Park,CA,P2 | Class A | no website found on Google,,Car Detailers
Ozzy's mobile detailing,,+1-714-631-9895,,,Buena Park,CA,P2 | Class A | no website found on Google,,Car Detailers
Premium Auto Spa,,+1-626-429-1675,,,Buena Park,CA,P2 | Class A | no website found on Google,,Car Detailers
Project R,,+1-702-929-0244,,,Buena Park,CA,P2 | Class A | no website found on Google,,Car Detailers
Prospect Detailing,,+1-714-220-7150,,,Buena Park,CA,P2 | Class A | no website found on Google,,Car Detailers
Remington Detail Co,,+1-714-829-8748,,,Buena Park,CA,P2 | Class A | no website found on Google,,Car Detailers
The best mobile detail,,+1-562-503-7219,,,Buena Park,CA,P2 | Class A | no website found on Google,,Car Detailers
TorresAutoSpa,,+1-714-603-0040,,,Buena Park,CA,P2 | Class A | no website found on Google,,Car Detailers
Trident Detail,,+1-714-710-3877,,,Buena Park,CA,P2 | Class A | no website found on Google,,Car Detailers
TurboShine Mobile Detailing,,+1-714-309-0844,,,Buena Park,CA,P2 | Class A | no website found on Google,,Car Detailers
Xtreme Auto Detail Supplies,,+1-714-492-5013,,"7701 Katella Ave Ste A, Stanton, CA 90680, United States",Buena Park,CA,P2 | Class A | no website found on Google,,Car Detailers
818 Shine,,+1-818-434-2131,,,Burbank,CA,P2 | Class A | no website found on Google,,Car Detailers
AR Mobile Detailing,,+1-747-955-9645,,"12770 Herrick Ave, Sylmar, CA 91342, United States",Burbank,CA,P2 | Class A | no website found on Google,,Car Detailers
AcemobilewashLa,,+1-747-774-6222,,,Burbank,CA,P2 | Class A | no website found on Google,,Car Detailers
Anthony’s Mobile Detailing,,+1-747-344-6228,,,Burbank,CA,P2 | Class A | no website found on Google,,Car Detailers
Autodetailing,,+1-818-941-5316,,"11681 Saticoy St, North Hollywood, CA 91605, United States",Burbank,CA,P2 | Class A | no website found on Google,,Car Detailers
Baker Auto Detailing,,+1-818-524-8127,,,Burbank,CA,P2 | Class A | no website found on Google,,Car Detailers
Brasil Mobile Detailing,,+1-213-562-4000,,,Burbank,CA,P2 | Class A | no website found on Google,,Car Detailers
Burnettes spotless mobile detailing,,+1-818-631-1765,,,Burbank,CA,P2 | Class A | no website found on Google,,Car Detailers
CLA Mobile Car Wash,,+1-818-277-2224,,,Burbank,CA,P2 | Class A | no website found on Google,,Car Detailers
Car washing mobile service,,+1-818-863-0608,,"11512 Oxnard St, North Hollywood, CA 91606, United States",Burbank,CA,P2 | Class A | no website found on Google,,Car Detailers
Carbs Auto Spa,,+1-818-749-9375,,"711 S Flower St, Burbank, CA 91502, United States",Burbank,CA,P2 | Class A | no website found on Google,,Car Detailers
City Car Detailing,,+1-747-946-5718,,"3964 Carpenter Ave, Studio City, CA 91604, United States",Burbank,CA,P2 | Class A | no website found on Google,,Car Detailers
Creative mobile Detaling,,+1-818-606-5663,,,Burbank,CA,P2 | Class A | no website found on Google,,Car Detailers
DMG auto detail,,+1-818-317-5725,,,Burbank,CA,P2 | Class A | no website found on Google,,Car Detailers
DP Auto Finish,,+1-818-617-6157,,,Burbank,CA,P2 | Class A | no website found on Google,,Car Detailers
Detail Cleanic - Mobile Detail & Car Wash,,+1-747-955-6550,,,Burbank,CA,P2 | Class A | no website found on Google,,Car Detailers
Detail Plus,,+1-818-972-1026,,"2612 N Hollywood Way, Burbank, CA 91505, United States",Burbank,CA,P2 | Class A | no website found on Google,,Car Detailers
Dope Auto Detailing,,+1-818-310-0962,,,Burbank,CA,P2 | Class A | no website found on Google,,Car Detailers
EverMint Auto Detail,,+1-818-641-3927,,,Burbank,CA,P2 | Class A | no website found on Google,,Car Detailers
Exquisite Mobile Detailing,,+1-562-445-0245,,,Burbank,CA,P2 | Class A | no website found on Google,,Car Detailers
Final Touch Pro,,+1-818-632-9274,,"1413 W Kenneth Rd, Glendale, CA 91201, United States",Burbank,CA,P2 | Class A | no website found on Google,,Car Detailers
Gloss Boss Mobile Detail,,+1-747-351-9666,,,Burbank,CA,P2 | Class A | no website found on Google,,Car Detailers
Limitless Auto Detail,,+1-818-946-9114,,,Burbank,CA,P2 | Class A | no website found on Google,,Car Detailers
LuxCoat Mobile Ceramic and Detailing,,+1-818-305-5791,,"10919 Ratner St, Sun Valley, CA 91353, United States",Burbank,CA,P2 | Class A | no website found on Google,,Car Detailers
Luxury Auto Detailing Inc.,,+1-818-856-8800,,"5745 Lankershim Blvd, North Hollywood, CA 91601, United States",Burbank,CA,P2 | Class A | no website found on Google,,Car Detailers
Mega Star Detailing services,,+1-747-466-6305,,,Burbank,CA,P2 | Class A | no website found on Google,,Car Detailers
Mikey’s Mobile Detailing,,+1-626-232-5153,,,Burbank,CA,P2 | Class A | no website found on Google,,Car Detailers
Mission Detail,,+1-818-216-2268,,"827 N Hollywood Way, Burbank, CA 91505, United States",Burbank,CA,P2 | Class A | no website found on Google,,Car Detailers
Mobile Car Detailing,,+1-747-285-7071,,"4715 N Eagle Rock Blvd, Los Angeles, CA 90041, United States",Burbank,CA,P2 | Class A | no website found on Google,,Car Detailers
Mobile Oasis Car Wash and detail,,+1-323-821-4444,,,Burbank,CA,P2 | Class A | no website found on Google,,Car Detailers
MobileWash,,+1-888-209-5585,,,Burbank,CA,P2 | Class A | no website found on Google,,Car Detailers
Noven Detailing,,+1-818-720-7123,,,Burbank,CA,P2 | Class A | no website found on Google,,Car Detailers
PacTown mobile car wash,,+1-818-853-3486,,"5614 Fulcher Ave, North Hollywood, CA 91601, United States",Burbank,CA,P2 | Class A | no website found on Google,,Car Detailers
Pick&Drop Auto Services,,+1-323-770-5877,,,Burbank,CA,P2 | Class A | no website found on Google,,Car Detailers
Primedetail_la,,+1-213-453-0573,,"132 S Adams St, Glendale, CA 91205, United States",Burbank,CA,P2 | Class A | no website found on Google,,Car Detailers
Resilient Mobile Detail And Wash,,+1-818-275-0641,,,Burbank,CA,P2 | Class A | no website found on Google,,Car Detailers
Straw Hat Mobile Auto Detailing,,+1-818-468-1585,,,Burbank,CA,P2 | Class A | no website found on Google,,Car Detailers
The Dream Auto Spa,,+1-818-940-7193,,,Burbank,CA,P2 | Class A | no website found on Google,,Car Detailers
The Purist Auto Detailing,,+1-818-439-0428,,,Burbank,CA,P2 | Class A | no website found on Google,,Car Detailers
True Heaven Mobile Detailing,,+1-818-339-1755,,"5660 Cahuenga Blvd, North Hollywood, CA 91601, United States",Burbank,CA,P2 | Class A | no website found on Google,,Car Detailers
Turtle Express Detailing and Ceramic,,+1-818-398-9274,,"1420 W Clark Ave, Burbank, CA 91506, United States",Burbank,CA,P2 | Class A | no website found on Google,,Car Detailers
VIP Mobile Auto Detailing,,+1-877-338-8856,,,Burbank,CA,P2 | Class A | no website found on Google,,Car Detailers
Vosh Mobile Detailing,,+1-800-506-8445,,,Burbank,CA,P2 | Class A | no website found on Google,,Car Detailers
WM mobile auto detailing,,+1-818-213-6882,,"10225 Hillhaven Ave Unit 113, Tujunga, CA 91042, United States",Burbank,CA,P2 | Class A | no website found on Google,,Car Detailers
WashbarLA,,+1-818-666-6060,,"2113 N Glenoaks Blvd, Burbank, CA 91504, United States",Burbank,CA,P2 | Class A | no website found on Google,,Car Detailers
joe's mobile detailing,,+1-818-644-7578,,"233 N Isabel St, Glendale, CA 91206, United States",Burbank,CA,P2 | Class A | no website found on Google,,Car Detailers
Heatwave Detailing,,+1-760-592-3539,,,Calexico,CA,P2 | Class A | no website found on Google,,Car Detailers
High End Detailing,,+1-442-238-8431,,,Calexico,CA,P2 | Class A | no website found on Google,,Car Detailers
Men's Carwash and Detail,,+1-214-684-8679,,,Calexico,CA,P2 | Class A | no website found on Google,,Car Detailers
Organic Mobile Detailing,,+1-442-297-6326,,,Calexico,CA,P2 | Class A | no website found on Google,,Car Detailers
Renaissance Car Wash & Detail Shop,,+1-760-353-6626,,"690 Main St, El Centro, CA 92243, United States",Calexico,CA,P2 | Class A | no website found on Google,,Car Detailers
WOW Detailing,,+1-760-818-3659,,,Calexico,CA,P2 | Class A | no website found on Google,,Car Detailers
5 Star Mobile Detail and Car wash,,+1-805-607-8691,,"606 Dorena Dr, Newbury Park, CA 91320, United States",Camarillo,CA,P2 | Class A | no website found on Google,,Car Detailers
Cali's Detailing,,+1-805-819-8776,,"49 Raemere St, Camarillo, CA 93010, United States",Camarillo,CA,P2 | Class A | no website found on Google,,Car Detailers
Classic Detailing,,+1-805-558-1003,,"436 Via Del Lago, Newbury Park, CA 91320, United States",Camarillo,CA,P2 | Class A | no website found on Google,,Car Detailers
Evolution Mobile detailing,,+1-805-248-2774,,"735 W Ventura Blvd STE B, Camarillo, CA 93010, United States",Camarillo,CA,P2 | Class A | no website found on Google,,Car Detailers
Executive auto detailing CO,,+1-805-414-3828,,,Camarillo,CA,P2 | Class A | no website found on Google,,Car Detailers
Eye Catcher's Unlimited,,+1-805-388-0446,,"Camarillo, CA 93010, United States",Camarillo,CA,P2 | Class A | no website found on Google,,Car Detailers
LucidLenz805,,+1-805-657-4392,,,Camarillo,CA,P2 | Class A | no website found on Google,,Car Detailers
SRVdetail,,+1-805-284-8972,,"13170 Andalusia Dr, Camarillo, CA 93012, United States",Camarillo,CA,P2 | Class A | no website found on Google,,Car Detailers
The Detail Doctor,,+1-805-388-5660,,"817 Osage Cir, Camarillo, CA 93012, United States",Camarillo,CA,P2 | Class A | no website found on Google,,Car Detailers
Black Forest Mobile Detail,,+1-760-622-2122,,,Carlsbad,CA,P2 | Class A | no website found on Google,,Car Detailers
Bryan Mobile Detailing Services,,+1-760-783-8514,,,Carlsbad,CA,P2 | Class A | no website found on Google,,Car Detailers
Carlsbad Detailing,,+1-714-653-5511,,,Carlsbad,CA,P2 | Class A | no website found on Google,,Car Detailers
Carlsbad Mobile Auto Detailing,,+1-760-592-0203,,,Carlsbad,CA,P2 | Class A | no website found on Google,,Car Detailers
Coastline Auto Detailing of Oceanside,,+1-760-400-6318,,"2110 S Coast Hwy ste 0, Oceanside, CA 92054, United States",Carlsbad,CA,P2 | Class A | no website found on Google,,Car Detailers
Diamond mobile detail,,+1-760-893-6879,,,Carlsbad,CA,P2 | Class A | no website found on Google,,Car Detailers
Dirty Rudy's Detail,,+1-760-994-2850,,,Carlsbad,CA,P2 | Class A | no website found on Google,,Car Detailers
Dynamic Luxury Auto Spa,,+1-951-347-6949,,,Carlsbad,CA,P2 | Class A | no website found on Google,,Car Detailers
Five Star Mobile Detailing,,+1-760-889-3923,,,Carlsbad,CA,P2 | Class A | no website found on Google,,Car Detailers
Gold Eagle Mobile Detailing – Vista & North County,,+1-760-410-2061,,"907 Ruby Dr, Vista, CA 92083, United States",Carlsbad,CA,P2 | Class A | no website found on Google,,Car Detailers
Goodfellas Auto Detailing,,+1-760-450-6323,,,Carlsbad,CA,P2 | Class A | no website found on Google,,Car Detailers
Guerrero Detailing LTD.,,+1-760-879-5782,,,Carlsbad,CA,P2 | Class A | no website found on Google,,Car Detailers
Hoss Auto Detail,,+1-760-798-5234,,,Carlsbad,CA,P2 | Class A | no website found on Google,,Car Detailers
LotWash,,+1-760-452-4252,,,Carlsbad,CA,P2 | Class A | no website found on Google,,Car Detailers
MD AUTO DETAIL MOBILE SERVICES,,+1-760-613-2463,,"3503 De Leone Rd, San Marcos, CA 92069, United States",Carlsbad,CA,P2 | Class A | no website found on Google,,Car Detailers
Massimo's Mobile Detail,,+1-760-420-6313,,,Carlsbad,CA,P2 | Class A | no website found on Google,,Car Detailers
Pristine Clean Mobile Detailing,,+1-442-444-0273,,,Carlsbad,CA,P2 | Class A | no website found on Google,,Car Detailers
RVIVE LUXURY MOBILE DETAILING,,+1-760-842-3231,,"3330 Harding St, Carlsbad, CA 92008, United States",Carlsbad,CA,P2 | Class A | no website found on Google,,Car Detailers
SR Elite Mobile Detailing & Ceramic Coating,,+1-760-405-6813,,"3316 Par Dr, Oceanside, CA 92056, United States",Carlsbad,CA,P2 | Class A | no website found on Google,,Car Detailers
Shine Bright Mobile Detail,,+1-858-218-6894,,,Carlsbad,CA,P2 | Class A | no website found on Google,,Car Detailers
Super Soakers Mobile Detail,,+1-619-415-1162,,,Carlsbad,CA,P2 | Class A | no website found on Google,,Car Detailers
The Auto Revival,,+1-858-791-4685,,,Carlsbad,CA,P2 | Class A | no website found on Google,,Car Detailers
Time to Shine Detailing,,+1-858-848-1127,,"169 Balboa St Ste B1, San Marcos, CA 92069, United States",Carlsbad,CA,P2 | Class A | no website found on Google,,Car Detailers
Zepedas Mobile Detailing,,+1-760-916-6212,,"1251 Armorlite Dr, San Marcos, CA 92069, United States",Carlsbad,CA,P2 | Class A | no website found on Google,,Car Detailers
500 Auto Salon,,+1-916-990-1754,,"11345 Trade Center Dr #350, Rancho Cordova, CA 95742, United States",Carmichael,CA,P2 | Class A | no website found on Google,,Car Detailers
Almir’s Car Detailing,,+1-916-944-5011,,,Carmichael,CA,P2 | Class A | no website found on Google,,Car Detailers
Auto Detail 916,,+1-916-347-4908,,,Carmichael,CA,P2 | Class A | no website found on Google,,Car Detailers
Auto tinting and detailing,,+1-916-753-2443,,"1808 Fulton Ave, Sacramento, CA 95825, United States",Carmichael,CA,P2 | Class A | no website found on Google,,Car Detailers
Average Joe's Auto Detailing,,+1-916-398-2304,,"2618 El Parque Cir, Rancho Cordova, CA 95670, United States",Carmichael,CA,P2 | Class A | no website found on Google,,Car Detailers
California's Finest Auto Detail,,+1-916-956-7072,,"2620 Mercantile Dr, Rancho Cordova, CA 95742, United States",Carmichael,CA,P2 | Class A | no website found on Google,,Car Detailers
Carmichael Car Detailing,,+1-279-465-7349,,,Carmichael,CA,P2 | Class A | no website found on Google,,Car Detailers
Cooks Mobile Auto Detailers,,+1-916-260-1242,,"5044 Osgood Way, Fair Oaks, CA 95628, United States",Carmichael,CA,P2 | Class A | no website found on Google,,Car Detailers
Freshride Mobile Detailing,,+1-279-251-7376,,,Carmichael,CA,P2 | Class A | no website found on Google,,Car Detailers
Gloss Lab Mobile Auto Detailing,,+1-818-903-8301,,,Carmichael,CA,P2 | Class A | no website found on Google,,Car Detailers
Gloss Shine Mobile Detailing,,+1-916-770-9392,,,Carmichael,CA,P2 | Class A | no website found on Google,,Car Detailers
High Star Mobile Detailing,,+1-916-621-7567,,,Carmichael,CA,P2 | Class A | no website found on Google,,Car Detailers
Kobe’s Mobile Detailing,,+1-916-581-4661,,"4901 Little Oak Ln, Sacramento, CA 95841, United States",Carmichael,CA,P2 | Class A | no website found on Google,,Car Detailers
Luxe Express Mobile Detailing,,+1-916-777-2777,,,Carmichael,CA,P2 | Class A | no website found on Google,,Car Detailers
Luxury Shine Auto Detailing,,+1-279-944-7197,,"4021 Constitution Ave, North Highlands, CA 95660, United States",Carmichael,CA,P2 | Class A | no website found on Google,,Car Detailers
Luxx Detailing,,+1-916-544-8246,,,Carmichael,CA,P2 | Class A | no website found on Google,,Car Detailers
Mobile Rv/Auto Detailing,,+1-916-538-0692,,"2435 Catalina Dr, Sacramento, CA 95864, United States",Carmichael,CA,P2 | Class A | no website found on Google,,Car Detailers
Motion Guys Detailing,,+1-279-321-1130,,,Carmichael,CA,P2 | Class A | no website found on Google,,Car Detailers
NorCal Auto Mobile detailing,,+1-916-237-6537,,"388 Park Fair Dr, Sacramento, CA 95864, United States",Carmichael,CA,P2 | Class A | no website found on Google,,Car Detailers
Royal detail,,+1-916-905-4775,,"4777 Auburn Blvd, Sacramento, CA 95841, United States",Carmichael,CA,P2 | Class A | no website found on Google,,Car Detailers
Stay Golden Detail,,+1-916-879-6322,,"2920 Walnut Ave, Carmichael, CA 95608, United States",Carmichael,CA,P2 | Class A | no website found on Google,,Car Detailers
AUTO LUST MOBILE DETAILING,,+1-562-326-1021,,,Carson,CA,P2 | Class A | no website found on Google,,Car Detailers
Agua Suave Car Detailing Supplies,,+1-562-423-2482,,"5301 Cherry Ave, Long Beach, CA 90805, United States",Carson,CA,P2 | Class A | no website found on Google,,Car Detailers
Alvaro Auto Detail - Auto Detailing-Window Tinting- Heatlight Restoration,,+1-310-561-9511,,"22515 Vermont Ave, Torrance, CA 90502, United States",Carson,CA,P2 | Class A | no website found on Google,,Car Detailers
Andres mobile auto detailing,,+1-213-357-8566,,"1208 S Central Ave, Compton, CA 90220, United States",Carson,CA,P2 | Class A | no website found on Google,,Car Detailers
Best Cleaning - Car Detailing and Window Tint,,+1-310-901-3398,,"22641 Normandie Ave, Torrance, CA 90501, United States",Carson,CA,P2 | Class A | no website found on Google,,Car Detailers
Boo's Magic Touch - Mobile Detail,,+1-714-367-6387,,,Carson,CA,P2 | Class A | no website found on Google,,Car Detailers
Bridge’s Mobile Detailing,,+1-562-248-6136,,,Carson,CA,P2 | Class A | no website found on Google,,Car Detailers
Cisneros Mobile Detailing,,+1-310-594-1697,,,Carson,CA,P2 | Class A | no website found on Google,,Car Detailers
Corey's Mobile Detailing,,+1-909-345-3205,,"2122 W Willard St, Long Beach, CA 90810, United States",Carson,CA,P2 | Class A | no website found on Google,,Car Detailers
Crown Car Cleaning,,+1-213-563-6732,,,Carson,CA,P2 | Class A | no website found on Google,,Car Detailers
DaRocha Mobile Detail,,+1-310-200-8886,,,Carson,CA,P2 | Class A | no website found on Google,,Car Detailers
Detail Center,,+1-310-371-6301,,"15808 Inglewood Ave, Lawndale, CA 90260, United States",Carson,CA,P2 | Class A | no website found on Google,,Car Detailers
Detail Pioneers,,+1-310-738-6258,,,Carson,CA,P2 | Class A | no website found on Google,,Car Detailers
Doctor's Automotive,,+1-562-548-1188,,"22025 Avalon Blvd, Carson, CA 90745, United States",Carson,CA,P2 | Class A | no website found on Google,,Car Detailers
Dr. Detail mobile detailing,,+1-760-896-5018,,"1315 Magnolia Ave, Gardena, CA 90247, United States",Carson,CA,P2 | Class A | no website found on Google,,Car Detailers
Eddies Auto Detail,,+1-562-984-1974,,"711 E Market St, Long Beach, CA 90805, United States",Carson,CA,P2 | Class A | no website found on Google,,Car Detailers
El Kora Auto Detailing,,+1-562-786-0806,,"1150 E Salt Lake St, Long Beach, CA 90806, United States",Carson,CA,P2 | Class A | no website found on Google,,Car Detailers
Elite Auto Shine Detailing,,+1-562-521-6505,,,Carson,CA,P2 | Class A | no website found on Google,,Car Detailers
Fast Guyz Mobile Detailing,,+1-562-549-7050,,,Carson,CA,P2 | Class A | no website found on Google,,Car Detailers
Huero’s Mobile Detail & Supply,,+1-424-362-8457,,"25622 Narbonne Ave, Lomita, CA 90717, United States",Carson,CA,P2 | Class A | no website found on Google,,Car Detailers
Legacy Auto Detailing,,+1-424-210-8109,,,Carson,CA,P2 | Class A | no website found on Google,,Car Detailers
Martin M's Auto Detailing,,+1-562-257-6514,,,Carson,CA,P2 | Class A | no website found on Google,,Car Detailers
Mobile car wash and detailing,,+1-323-787-7675,,,Carson,CA,P2 | Class A | no website found on Google,,Car Detailers
My Detail Guy Mobile Detailing,,+1-210-972-3169,,"18827 Gerkin Ave, Torrance, CA 90504, United States",Carson,CA,P2 | Class A | no website found on Google,,Car Detailers
Nanos Mobile Detailing,,+1-562-454-2489,,,Carson,CA,P2 | Class A | no website found on Google,,Car Detailers
Onepercent auto detail,,+1-562-282-3471,,"6280 Long Beach Blvd, Long Beach, CA 90805, United States",Carson,CA,P2 | Class A | no website found on Google,,Car Detailers
PachecosAutoDetail,,+1-562-735-1881,,,Carson,CA,P2 | Class A | no website found on Google,,Car Detailers
R.S.MOBILE.DETAILING,,+1-424-222-2563,,,Carson,CA,P2 | Class A | no website found on Google,,Car Detailers
Red wagon detailing LLC,,+1-310-562-8670,,"15312 S Vermont Ave, Gardena, CA 90247, United States",Carson,CA,P2 | Class A | no website found on Google,,Car Detailers
Runz Mobile Detail,,+1-424-409-9548,,,Carson,CA,P2 | Class A | no website found on Google,,Car Detailers
SOZA Mobile Detailing,,+1-323-283-4076,,,Carson,CA,P2 | Class A | no website found on Google,,Car Detailers
SWIFT Auto Wash Solutions & Ceramic Coatings,,+1-310-346-4621,,"17007 Hawthorne Blvd, Lawndale, CA 90260, United States",Carson,CA,P2 | Class A | no website found on Google,,Car Detailers
Servin Mobile Auto Detail,,+1-323-472-0289,,"6925 Cherry Ave, Long Beach, CA 90805, United States",Carson,CA,P2 | Class A | no website found on Google,,Car Detailers
Short bed Mobile detailing,,+1-562-850-6631,,,Carson,CA,P2 | Class A | no website found on Google,,Car Detailers
SoCal Shine Mobile Detailing,,+1-310-413-9128,,,Carson,CA,P2 | Class A | no website found on Google,,Car Detailers
Splashin Detailing,,+1-310-294-0943,,"20806 Orchard Ave, Torrance, CA 90502, United States",Carson,CA,P2 | Class A | no website found on Google,,Car Detailers
The Car Detail Guy,,+1-818-600-1891,,,Carson,CA,P2 | Class A | no website found on Google,,Car Detailers
Torrance 5Star Fresh Mobile Car Detailing,,+1-714-947-1009,,"2816 Columbia St, Torrance, CA 90503, United States",Carson,CA,P2 | Class A | no website found on Google,,Car Detailers
Westdrift Details - Mobile Detailing Service,,+1-424-324-9040,,,Carson,CA,P2 | Class A | no website found on Google,,Car Detailers
one touch mobile car detailing,,+1-323-335-6642,,"1029 Magnolia Ave, Gardena, CA 90247, United States",Carson,CA,P2 | Class A | no website found on Google,,Car Detailers
A Plus Auto Detailing,,+1-209-345-1408,,"1001 Reno Ave, Modesto, CA 95351, United States",Ceres,CA,P2 | Class A | no website found on Google,,Car Detailers
Adelfos AutoDetailing,,+1-209-750-8137,,,Ceres,CA,P2 | Class A | no website found on Google,,Car Detailers
America Auto Detail / Ceramic Pro,,+1-209-559-0733,,"11 Urmi Ave, Ceres, CA 95307, United States",Ceres,CA,P2 | Class A | no website found on Google,,Car Detailers
Angelitos detail mob,,+1-209-695-4186,,,Ceres,CA,P2 | Class A | no website found on Google,,Car Detailers
Catrin Detailing,,+1-209-618-6976,,,Ceres,CA,P2 | Class A | no website found on Google,,Car Detailers
Ceres Mobile Auto Detailing,,+1-209-485-7889,,"2925 Alphonse Dr, Ceres, CA 95307, United States",Ceres,CA,P2 | Class A | no website found on Google,,Car Detailers
Dying Breed Detailing,,+1-209-281-1550,,"5278 Jerusalem Ct Ste 2, Modesto, CA 95356, United States",Ceres,CA,P2 | Class A | no website found on Google,,Car Detailers
Final Touch mobile detailing,,+1-209-681-3766,,"2316 Glendale Ave, Modesto, CA 95354, United States",Ceres,CA,P2 | Class A | no website found on Google,,Car Detailers
Gold Blooded Detailing,,+1-209-214-9163,,"928 Stonum Rd, Modesto, CA 95351, United States",Ceres,CA,P2 | Class A | no website found on Google,,Car Detailers
Golden Hour Auto Detailing,,+1-209-214-9461,,,Ceres,CA,P2 | Class A | no website found on Google,,Car Detailers
HP Auto Detailing,,+1-209-300-9959,,,Ceres,CA,P2 | Class A | no website found on Google,,Car Detailers
Happy Car Detail,,+1-209-303-8965,,"701 M St, Modesto, CA 95354, United States",Ceres,CA,P2 | Class A | no website found on Google,,Car Detailers
Happy Jetts auto sales/detailing & more,,+1-510-822-4052,,"613 S 9th St, Modesto, CA 95351, United States",Ceres,CA,P2 | Class A | no website found on Google,,Car Detailers
K1 Auto Detailing,,+1-408-597-5522,,,Ceres,CA,P2 | Class A | no website found on Google,,Car Detailers
LJDC DETAIL CO,,+1-209-808-3045,,,Ceres,CA,P2 | Class A | no website found on Google,,Car Detailers
Limitless Auto Detailing,,+1-209-409-1387,,,Ceres,CA,P2 | Class A | no website found on Google,,Car Detailers
Luke's Auto Detailing,,+1-209-485-8884,,,Ceres,CA,P2 | Class A | no website found on Google,,Car Detailers
Luxe Mobile Detailing,,+1-209-608-4978,,"216 Yosemite Ave, Modesto, CA 95351, United States",Ceres,CA,P2 | Class A | no website found on Google,,Car Detailers
Mobile Auto Detailing Gold Coast detailing,,+1-209-303-0645,,"2316 Glendale Ave, Modesto, CA 95354, United States",Ceres,CA,P2 | Class A | no website found on Google,,Car Detailers
Mr Shiny Mobile Car Detailing Modesto,,+1-201-720-5158,,"Near 409, W Morris Ave, Modesto, CA 95354, United States",Ceres,CA,P2 | Class A | no website found on Google,,Car Detailers
PRIME AUTO DETAILING,,+1-209-303-6569,,"1411 Yosemite Blvd, Modesto, CA 95354, United States",Ceres,CA,P2 | Class A | no website found on Google,,Car Detailers
Perfect Detail,,+1-209-618-0532,,"405 McHenry Ave B, Modesto, CA 95354, United States",Ceres,CA,P2 | Class A | no website found on Google,,Car Detailers
Raw auto interior detailing,,+1-209-222-8254,,"2841 Fowler Rd, Ceres, CA 95307, United States",Ceres,CA,P2 | Class A | no website found on Google,,Car Detailers
Second2noneGarage,,+1-209-252-5505,,"903 Kansas Ave, Modesto, CA 95351, United States",Ceres,CA,P2 | Class A | no website found on Google,,Car Detailers
The Elite Detailers,,+1-209-281-9360,,,Ceres,CA,P2 | Class A | no website found on Google,,Car Detailers
Top Notch Detail and Window Tint Modesto,,+1-209-595-6415,,"1020 Partee Ln, Ceres, CA 95307, United States",Ceres,CA,P2 | Class A | no website found on Google,,Car Detailers
Toriitos auto Details inc,,+1-209-303-4551,,"696 Crows Landing Rd Suite E, Modesto, CA 95351, United States",Ceres,CA,P2 | Class A | no website found on Google,,Car Detailers
Valley Detailing,,+1-209-541-5009,,,Ceres,CA,P2 | Class A | no website found on Google,,Car Detailers
Xgmobiledetailing,,+1-209-360-8453,,"2228 Lavon Ln, Ceres, CA 95307, United States",Ceres,CA,P2 | Class A | no website found on Google,,Car Detailers
Advanced Car Care,,+1-530-899-8964,,"2290 Ivy St #100, Chico, CA 95928, United States",Chico,CA,P2 | Class A | no website found on Google,,Car Detailers
Bennys Auto Detailing,,+1-530-513-1620,,"Sheridan Ave, Chico, CA 95926, United States",Chico,CA,P2 | Class A | no website found on Google,,Car Detailers
Detail Bros Chico,,+1-530-680-9064,,,Chico,CA,P2 | Class A | no website found on Google,,Car Detailers
Don’t call,,+1-530-369-4539,,"406 Nord Ave, Chico, CA 95926, United States",Chico,CA,P2 | Class A | no website found on Google,,Car Detailers
Dugan’s Detailing,,+1-530-815-9476,,,Chico,CA,P2 | Class A | no website found on Google,,Car Detailers
ESQUIVEL AUTO CARE AND DETAILING,,+1-530-717-5101,,"2961 CA-32 #19, Chico, CA 95973, United States",Chico,CA,P2 | Class A | no website found on Google,,Car Detailers
Farmers Detailing & Ceramic Coatings,,+1-530-826-6767,,,Chico,CA,P2 | Class A | no website found on Google,,Car Detailers
Hurricane Auto Detail,,+1-530-591-4723,,"4331 Hedstrom Way, Chico, CA 95973, United States",Chico,CA,P2 | Class A | no website found on Google,,Car Detailers
JC Auto Detailing,,+1-530-519-6483,,"9011 Stanford Ln, Durham, CA 95938, United States",Chico,CA,P2 | Class A | no website found on Google,,Car Detailers
Luxe Auto Detailing,,+1-530-781-2589,,,Chico,CA,P2 | Class A | no website found on Google,,Car Detailers
Luxury Auto Detail,,+1-530-630-8507,,"1329 Sherman Ave, Chico, CA 95926, United States",Chico,CA,P2 | Class A | no website found on Google,,Car Detailers
MIKES auto detailing,,+1-650-267-0899,,"2961 CA-32 #19, Chico, CA 95973, United States",Chico,CA,P2 | Class A | no website found on Google,,Car Detailers
North State Mobile Detail,,+1-530-444-2022,,,Chico,CA,P2 | Class A | no website found on Google,,Car Detailers
Quality Automotive Detailing,,+1-760-498-8559,,"1163 Arcadian Ave, Chico, CA 95926, United States",Chico,CA,P2 | Class A | no website found on Google,,Car Detailers
Signature Details,,+1-214-815-3696,,"11 Commerce Ct, Chico, CA 95928, United States",Chico,CA,P2 | Class A | no website found on Google,,Car Detailers
SlickNShine,,+1-530-630-7097,,,Chico,CA,P2 | Class A | no website found on Google,,Car Detailers
Superior Shine Mobile Detailing,,+1-916-899-7915,,,Chico,CA,P2 | Class A | no website found on Google,,Car Detailers
TL Auto Detailing,,+1-530-487-1428,,"177 E 15th St, Chico, CA 95928, United States",Chico,CA,P2 | Class A | no website found on Google,,Car Detailers
UHD Auto Detailing,,+1-530-717-0600,,,Chico,CA,P2 | Class A | no website found on Google,,Car Detailers
United Shine Chico,,+1-530-809-1976,,"2246 Esplanade, Chico, CA 95926, United States",Chico,CA,P2 | Class A | no website found on Google,,Car Detailers
W Precision Mobile Details,,+1-530-510-0890,,,Chico,CA,P2 | Class A | no website found on Google,,Car Detailers
skullex mobile car detailing,,+1-530-907-7281,,,Chico,CA,P2 | Class A | no website found on Google,,Car Detailers
2xtreme Mobile Detailing- Clean&Shine,,+1-626-277-8045,,,Chino,CA,P2 | Class A | no website found on Google,,Car Detailers
A&L Detailing,,+1-951-227-5978,,,Chino,CA,P2 | Class A | no website found on Google,,Car Detailers
Acey Mobile Detailing,,+1-562-762-2598,,,Chino,CA,P2 | Class A | no website found on Google,,Car Detailers
Boostedd Auto Detailing,,+1-626-848-6019,,,Chino,CA,P2 | Class A | no website found on Google,,Car Detailers
CJ Mobile Car Wash Detailing,,+1-909-236-2147,,"6603 Lacey St, Chino, CA 91710, United States",Chino,CA,P2 | Class A | no website found on Google,,Car Detailers
Campos Mobile Auto Detailing,,+1-562-418-9268,,,Chino,CA,P2 | Class A | no website found on Google,,Car Detailers
Clean Slate Mobile Detailing,,+1-626-383-6045,,,Chino,CA,P2 | Class A | no website found on Google,,Car Detailers
Davids Detailing Co. Ceramic Coating,,+1-909-538-0107,,,Chino,CA,P2 | Class A | no website found on Google,,Car Detailers
Finish Touch Mobile Detailing,,+1-714-759-8208,,,Chino,CA,P2 | Class A | no website found on Google,,Car Detailers
Jet Pro Detail,,+1-909-787-4075,,"13024 12th St C, Chino, CA 91710, United States",Chino,CA,P2 | Class A | no website found on Google,,Car Detailers
Ken’s curbside details,,+1-909-536-5045,,,Chino,CA,P2 | Class A | no website found on Google,,Car Detailers
Lucent Lux Detailing,,+1-909-539-5850,,,Chino,CA,P2 | Class A | no website found on Google,,Car Detailers
M&G detailing,,+1-702-985-1105,,"Fern Ave, Chino, CA 91710, United States",Chino,CA,P2 | Class A | no website found on Google,,Car Detailers
Matthew’s auto detailing,,+1-909-456-0698,,"2724 S Baker Ave, Ontario, CA 91762, United States",Chino,CA,P2 | Class A | no website found on Google,,Car Detailers
Mb mobile detailing,,+1-714-204-7337,,"Chino Hills Pkwy, Chino Hills, CA 91709, United States",Chino,CA,P2 | Class A | no website found on Google,,Car Detailers
OKM Mobile Detailing,,+1-951-751-1601,,,Chino,CA,P2 | Class A | no website found on Google,,Car Detailers
Pono Detailing,,+1-808-268-7875,,,Chino,CA,P2 | Class A | no website found on Google,,Car Detailers
RG Details,,+1-323-530-4159,,,Chino,CA,P2 | Class A | no website found on Google,,Car Detailers
Reyna Mobile Detailing,,+1-626-592-9738,,"5663 Buckthorn Ct, Chino, CA 91710, United States",Chino,CA,P2 | Class A | no website found on Google,,Car Detailers
Rivera’s Detailing,,+1-714-213-2606,,,Chino,CA,P2 | Class A | no website found on Google,,Car Detailers
SandovalsDetailing,,+1-909-688-9566,,,Chino,CA,P2 | Class A | no website found on Google,,Car Detailers
SickSix Mobile Auto Detailing,,+1-626-838-8219,,"14125 Fern Ave, Chino, CA 91710, United States",Chino,CA,P2 | Class A | no website found on Google,,Car Detailers
SocalShineDetails,,+1-909-696-1628,,,Chino,CA,P2 | Class A | no website found on Google,,Car Detailers
The Mobile Car Wash & Detail Service,,+1-909-846-1090,,"12985 Wright Ave, Chino, CA 91710, United States",Chino,CA,P2 | Class A | no website found on Google,,Car Detailers
Timeless Detail,,+1-626-667-4097,,"14122 Central Ave Unit d, Chino, CA 91710, United States",Chino,CA,P2 | Class A | no website found on Google,,Car Detailers
Topnotch Auto Detailing,,+1-626-890-2918,,"13025 Oaks Ave, Chino, CA 91710, United States",Chino,CA,P2 | Class A | no website found on Google,,Car Detailers
YG Auto Detailing,,+1-909-764-8262,,"1266 W 1st St Unit A, Pomona, CA 91766, United States",Chino,CA,P2 | Class A | no website found on Google,,Car Detailers
diamond mobile detailing,,+1-909-550-3869,,"12057 Lester Pl, Chino, CA 91710, United States",Chino,CA,P2 | Class A | no website found on Google,,Car Detailers
619_Cardetailing,,+1-619-852-5792,,"1675 Exploration Falls Dr, Chula Vista, CA 91915, United States",Chula Vista,CA,P2 | Class A | no website found on Google,,Car Detailers
A23 Detail Company,,+1-858-598-3323,,"1724 Metro Ave, Chula Vista, CA 91915, United States",Chula Vista,CA,P2 | Class A | no website found on Google,,Car Detailers
Astral Auto Detailing | Mobile Car Detailing San Diego,,+1-619-327-3432,,,Chula Vista,CA,P2 | Class A | no website found on Google,,Car Detailers
Autocraft- ceramic coating,,+1-619-799-7993,,"2520 Main St Ste D, Chula Vista, CA 91911, United States",Chula Vista,CA,P2 | Class A | no website found on Google,,Car Detailers
CAR GLO.,,+1-619-271-1851,,"873 Palomar St Suite A, Chula Vista, CA 91911, United States",Chula Vista,CA,P2 | Class A | no website found on Google,,Car Detailers
Danny San’s Mobile Auto Detailing,,+1-619-919-5262,,,Chula Vista,CA,P2 | Class A | no website found on Google,,Car Detailers
Detailing Supplies,,+1-858-226-7032,,"873 Palomar St Ste a, Chula Vista, CA 91911, United States",Chula Vista,CA,P2 | Class A | no website found on Google,,Car Detailers
Factory detailing and paint,,+1-954-702-9275,,,Chula Vista,CA,P2 | Class A | no website found on Google,,Car Detailers
Golden Breeze Mobile Detailing,,+1-619-361-1851,,,Chula Vista,CA,P2 | Class A | no website found on Google,,Car Detailers
Guzmans Mobile Detailing,,+1-619-636-2015,,"975 Hale Pl, Chula Vista, CA 91914, United States",Chula Vista,CA,P2 | Class A | no website found on Google,,Car Detailers
Happy Suds Detail Wash,,+1-619-952-6553,,"detail department, 1450 3rd Ave, Chula Vista, CA 91911, United States",Chula Vista,CA,P2 | Class A | no website found on Google,,Car Detailers
Krystal Clear Detailing Service - Exterior & Interior Detailing | Car Wash Service Chula Vista CA,,+1-858-229-3669,,,Chula Vista,CA,P2 | Class A | no website found on Google,,Car Detailers
Living Water Car Detailing,,+1-619-565-0660,,"121 E Queen Ann Dr, Chula Vista, CA 91911, United States",Chula Vista,CA,P2 | Class A | no website found on Google,,Car Detailers
Mad Gorilla Mobil Auto Detail,,+1-909-552-3332,,"750 Otay Lakes Rd, Chula Vista, CA 91910, United States",Chula Vista,CA,P2 | Class A | no website found on Google,,Car Detailers
Magnus Mobile Detailing San Diego,,+1-619-831-7460,,,Chula Vista,CA,P2 | Class A | no website found on Google,,Car Detailers
Mobile-Expert Auto Detail 1,,+1-619-761-6431,,,Chula Vista,CA,P2 | Class A | no website found on Google,,Car Detailers
Monkey Details,,+1-619-791-9796,,"647 H St, Chula Vista, CA 91910, United States",Chula Vista,CA,P2 | Class A | no website found on Google,,Car Detailers
Nc&ab cleaning car,,+1-619-279-4014,,"2540 Main St, Chula Vista, CA 91911, United States",Chula Vista,CA,P2 | Class A | no website found on Google,,Car Detailers
OnPoint Mobile Detailing,,+1-619-650-2697,,,Chula Vista,CA,P2 | Class A | no website found on Google,,Car Detailers
Precision Mobile Detailing San Diego CA,,+1-619-207-2591,,,Chula Vista,CA,P2 | Class A | no website found on Google,,Car Detailers
Prestige Finish Mobile Detailing,,+1-619-601-7564,,,Chula Vista,CA,P2 | Class A | no website found on Google,,Car Detailers
Prestige mobile detailing,,+1-619-872-3994,,,Chula Vista,CA,P2 | Class A | no website found on Google,,Car Detailers
Pristine Auto Care Mobile Detailing,,+1-619-530-1524,,"1552 Jason St, San Diego, CA 92154, United States",Chula Vista,CA,P2 | Class A | no website found on Google,,Car Detailers
Pro clean and detailing(mobile),,+1-619-418-0437,,,Chula Vista,CA,P2 | Class A | no website found on Google,,Car Detailers
ProShine Car Detailing of Chula Vista,,+1-704-520-3725,,"815 3rd Ave #315, Chula Vista, CA 91911, United States",Chula Vista,CA,P2 | Class A | no website found on Google,,Car Detailers
Purely Clean Detail,,+1-619-751-7814,,"825 E Palomar St, Chula Vista, CA 91911, United States",Chula Vista,CA,P2 | Class A | no website found on Google,,Car Detailers
Shiny Detailz,,+1-619-932-9981,,,Chula Vista,CA,P2 | Class A | no website found on Google,,Car Detailers
Soft Touch Mobile Auto Detail,,+1-619-208-5678,,"2364 Donnington Way, San Diego, CA 92139, United States",Chula Vista,CA,P2 | Class A | no website found on Google,,Car Detailers
The detail doctors,,+1-619-942-7653,,"993 Barrett Ave, Chula Vista, CA 91911, United States",Chula Vista,CA,P2 | Class A | no website found on Google,,Car Detailers
916 Mobile Detailing,,+1-279-209-9612,,"1101 River Rock Dr, Folsom, CA 95630, United States",Citrus Heights,CA,P2 | Class A | no website found on Google,,Car Detailers
AVExclusive Mobile Detailing,,+1-916-860-9876,,"4555 Auburn Blvd, Sacramento, CA 95841, United States",Citrus Heights,CA,P2 | Class A | no website found on Google,,Car Detailers
Alejandros mobile detailing,,+1-916-502-4191,,,Citrus Heights,CA,P2 | Class A | no website found on Google,,Car Detailers
Auto Care Detailing,,+1-916-955-8198,,,Citrus Heights,CA,P2 | Class A | no website found on Google,,Car Detailers
Brad's Mobile Auto Detail,,+1-916-813-0664,,"5433 Olympic Way, Sacramento, CA 95842, United States",Citrus Heights,CA,P2 | Class A | no website found on Google,,Car Detailers
Brightside Mobile Auto Detailing,,+1-916-836-4842,,,Citrus Heights,CA,P2 | Class A | no website found on Google,,Car Detailers
Bubble Buddies Automotive Detailing,,+1-916-572-5444,,,Citrus Heights,CA,P2 | Class A | no website found on Google,,Car Detailers
Buckley Mobile Detailing,,+1-916-832-7926,,,Citrus Heights,CA,P2 | Class A | no website found on Google,,Car Detailers
Classic Detail,,+1-916-783-9393,,"324 Church St, Roseville, CA 95678, United States",Citrus Heights,CA,P2 | Class A | no website found on Google,,Car Detailers
Clean Ride Detailing,,+1-916-519-6598,,,Citrus Heights,CA,P2 | Class A | no website found on Google,,Car Detailers
Elite Shine Mobile detailing,,+1-916-410-4621,,,Citrus Heights,CA,P2 | Class A | no website found on Google,,Car Detailers
GK Detailing,,+1-916-757-2632,,,Citrus Heights,CA,P2 | Class A | no website found on Google,,Car Detailers
Jay's Auto Detail,,+1-916-586-5553,,"5800 Auburn Blvd Ste 9, Sacramento, CA 95841, United States",Citrus Heights,CA,P2 | Class A | no website found on Google,,Car Detailers
KE Automotive Detailing,,+1-916-693-9702,,,Citrus Heights,CA,P2 | Class A | no website found on Google,,Car Detailers
Max's Auto Detailing,,+1-916-595-9904,,,Citrus Heights,CA,P2 | Class A | no website found on Google,,Car Detailers
Michaels Mobile Detailing,,+1-916-335-4479,,,Citrus Heights,CA,P2 | Class A | no website found on Google,,Car Detailers
Mint Condition Mobile Detailing,,+1-916-271-1093,,,Citrus Heights,CA,P2 | Class A | no website found on Google,,Car Detailers
Moe's Mobile Detailing,,+1-916-931-5374,,,Citrus Heights,CA,P2 | Class A | no website found on Google,,Car Detailers
Newberry.detail.co,,+1-916-214-2769,,"6592 Campfire Way, Citrus Heights, CA 95621, United States",Citrus Heights,CA,P2 | Class A | no website found on Google,,Car Detailers
Placer Mobile Detailing,,+1-916-872-5509,,"6380 Tupelo Dr #3, Citrus Heights, CA 95621, United States",Citrus Heights,CA,P2 | Class A | no website found on Google,,Car Detailers
Profound Mobile Detailing,,+1-916-919-0650,,,Citrus Heights,CA,P2 | Class A | no website found on Google,,Car Detailers
QuickShine Mobile Car Detailing,,+1-916-860-3705,,"4527 Stonewall Dr, Fair Oaks, CA 95628, United States",Citrus Heights,CA,P2 | Class A | no website found on Google,,Car Detailers
Rancho Cordova Mobile Detail,,+1-916-467-9097,,,Citrus Heights,CA,P2 | Class A | no website found on Google,,Car Detailers
ShinyWhips Mobile Car Detailing,,+1-916-999-4138,,"4325 Marconi Ave, Sacramento, CA 95821, United States",Citrus Heights,CA,P2 | Class A | no website found on Google,,Car Detailers
Sud Masters Auto Detail,,+1-916-968-6849,,,Citrus Heights,CA,P2 | Class A | no website found on Google,,Car Detailers
Swiss Auto Care,,+1-916-662-0396,,,Citrus Heights,CA,P2 | Class A | no website found on Google,,Car Detailers
V&R Mobile Detailing Roseville,,+1-916-735-2942,,,Citrus Heights,CA,P2 | Class A | no website found on Google,,Car Detailers
Verse Mobile Detailing,,+1-279-977-9692,,"6615 Pecan Ave, Orangevale, CA 95662, United States",Citrus Heights,CA,P2 | Class A | no website found on Google,,Car Detailers
Virgin Mobile Detailing,,+1-386-265-9500,,,Citrus Heights,CA,P2 | Class A | no website found on Google,,Car Detailers
pull-Up Polish Mobile detailing,,+1-279-465-7989,,,Citrus Heights,CA,P2 | Class A | no website found on Google,,Car Detailers
Drinnon's Auto Detailing and Ceramic Coating,,+1-707-245-3339,,"6985 Old Hwy 53, Clearlake, CA 95422, United States",Clearlake,CA,P2 | Class A | no website found on Google,,Car Detailers
Finest.shine.detailing,,+1-707-295-6983,,,Clearlake,CA,P2 | Class A | no website found on Google,,Car Detailers
Giumelli Mobile detailing,,+1-707-533-3007,,,Clearlake,CA,P2 | Class A | no website found on Google,,Car Detailers
Lens Lab,,+1-707-350-9858,,,Clearlake,CA,P2 | Class A | no website found on Google,,Car Detailers
559 New Look Auto Detailing,,+1-559-321-6437,,,Clovis,CA,P2 | Class A | no website found on Google,,Car Detailers
Art Mobile Detail,,+1-559-417-2665,,"120 Scott Ave # 159, Clovis, CA 93612, United States",Clovis,CA,P2 | Class A | no website found on Google,,Car Detailers
BNM Detailing,,+1-559-712-0837,,"610 Santa Ana Ave, Clovis, CA 93612, United States",Clovis,CA,P2 | Class A | no website found on Google,,Car Detailers
Badasci mobile auto detailing,,+1-559-917-4820,,,Clovis,CA,P2 | Class A | no website found on Google,,Car Detailers
Cross Luxury Detailing,,+1-559-216-7445,,"10449 E Fieldstone Ave, Clovis, CA 93619, United States",Clovis,CA,P2 | Class A | no website found on Google,,Car Detailers
Detail Bros 559 Mobil Detail,,+1-559-801-2010,,,Clovis,CA,P2 | Class A | no website found on Google,,Car Detailers
Diamond Detail (mobile car detailing),,+1-559-770-3909,,,Clovis,CA,P2 | Class A | no website found on Google,,Car Detailers
Dick’s Mobile Wash,,+1-559-259-0059,,,Clovis,CA,P2 | Class A | no website found on Google,,Car Detailers
ELEV8 Detail Co.,,+1-559-712-0065,,"7870 E Alluvial Ave, Clovis, CA 93619, United States",Clovis,CA,P2 | Class A | no website found on Google,,Car Detailers
Essential Detail,,+1-559-341-3914,,"815 E Brighton Ln, Fresno, CA 93720, United States",Clovis,CA,P2 | Class A | no website found on Google,,Car Detailers
G.O.A.T Mobile Detail,,+1-559-289-6728,,,Clovis,CA,P2 | Class A | no website found on Google,,Car Detailers
G.O.A.T Mobile Detail,,+1-559-476-6183,,"3458 E Hedges Ave, Fresno, CA 93703, United States",Clovis,CA,P2 | Class A | no website found on Google,,Car Detailers
GomezMobileDetail,,+1-559-878-7317,,,Clovis,CA,P2 | Class A | no website found on Google,,Car Detailers
HighLine Detailing 559,,+1-559-392-8780,,,Clovis,CA,P2 | Class A | no website found on Google,,Car Detailers
J&R Mobile Car Detailing,,+1-559-216-6878,,,Clovis,CA,P2 | Class A | no website found on Google,,Car Detailers
JJAutoDetailing,,+1-559-908-8183,,,Clovis,CA,P2 | Class A | no website found on Google,,Car Detailers
Maddog Mobile Detailing,,+1-559-519-1570,,"4330 E Dayton Ave, Fresno, CA 93726, United States",Clovis,CA,P2 | Class A | no website found on Google,,Car Detailers
Marshall's Auto Detailing,,+1-559-363-2156,,"2793 N Sunnyside Ave #107, Fresno, CA 93727, United States",Clovis,CA,P2 | Class A | no website found on Google,,Car Detailers
Monroe’s Buff & Shine,,+1-559-761-5728,,"883 N Bush Ave, Clovis, CA 93611, United States",Clovis,CA,P2 | Class A | no website found on Google,,Car Detailers
Not alike detailing,,+1-559-374-8556,,"4244 Bellaire Ave, Clovis, CA 93619, United States",Clovis,CA,P2 | Class A | no website found on Google,,Car Detailers
OTG mobile detailing,,+1-559-761-6653,,,Clovis,CA,P2 | Class A | no website found on Google,,Car Detailers
Prestige Auto Detailing,,+1-805-514-4681,,,Clovis,CA,P2 | Class A | no website found on Google,,Car Detailers
Protect & Shine Mobile Detail,,+1-559-393-7805,,"1300 I St, Reedley, CA 93654, United States",Clovis,CA,P2 | Class A | no website found on Google,,Car Detailers
Quality Auto Detail,,+1-559-515-4206,,,Clovis,CA,P2 | Class A | no website found on Google,,Car Detailers
Silica Detailing,,+1-559-908-4605,,,Clovis,CA,P2 | Class A | no website found on Google,,Car Detailers
Sparkle Busters Mobile Detailing,,+1-415-926-0564,,,Clovis,CA,P2 | Class A | no website found on Google,,Car Detailers
Speed Shine Mobile Detailing,,+1-559-712-0362,,,Clovis,CA,P2 | Class A | no website found on Google,,Car Detailers
Suds Auto Spa,,+1-559-241-4861,,"4555 E Pine Ave, Fresno, CA 93703, United States",Clovis,CA,P2 | Class A | no website found on Google,,Car Detailers
Super Shine Auto Detailing,,+1-559-447-9549,,"47 E Sierra Ave, Fresno, CA 93710, United States",Clovis,CA,P2 | Class A | no website found on Google,,Car Detailers
Verafied Mobile Car Detailing,,+1-559-882-5975,,"1547 N Filbert Ave, Fresno, CA 93727, United States",Clovis,CA,P2 | Class A | no website found on Google,,Car Detailers
Bee’s Auto Detailing & Ceramic Coatings Woodland Ca,,+1-530-902-4846,,,Colusa,CA,P2 | Class A | no website found on Google,,Car Detailers
Berber Mobile Detail,,+1-530-665-3493,,,Colusa,CA,P2 | Class A | no website found on Google,,Car Detailers
CEJ Auto Detailing,,+1-650-679-2883,,,Colusa,CA,P2 | Class A | no website found on Google,,Car Detailers
Dream Details Yuba City,,+1-530-455-9483,,,Colusa,CA,P2 | Class A | no website found on Google,,Car Detailers
Elite Auto Detail,,+1-530-517-8642,,"521 B 6th St, Orland, CA 95963, United States",Colusa,CA,P2 | Class A | no website found on Google,,Car Detailers
Hozzer’s Mobile Detailing,,+1-916-640-6710,,,Colusa,CA,P2 | Class A | no website found on Google,,Car Detailers
I-And-E-Detail-And-Co,,+1-530-649-4015,,,Colusa,CA,P2 | Class A | no website found on Google,,Car Detailers
Jdubs Auto Detailing,,+1-530-844-3873,,,Colusa,CA,P2 | Class A | no website found on Google,,Car Detailers
OREGEL.DETAILING.CO,,+1-530-812-4118,,,Colusa,CA,P2 | Class A | no website found on Google,,Car Detailers
Premier Auto Detailing,,+1-530-370-5147,,,Colusa,CA,P2 | Class A | no website found on Google,,Car Detailers
RSC Detailing,,+1-530-216-3403,,,Colusa,CA,P2 | Class A | no website found on Google,,Car Detailers
Soria Detailing,,+1-323-712-9543,,,Colusa,CA,P2 | Class A | no website found on Google,,Car Detailers
Turbo Detail,,+1-530-237-4660,,,Colusa,CA,P2 | Class A | no website found on Google,,Car Detailers
Vegas Auto Detailing,,+1-530-650-6080,,"909 Eighth St, Williams, CA 95987, United States",Colusa,CA,P2 | Class A | no website found on Google,,Car Detailers
Alvarado.auto.detail925,,+1-925-744-9187,,"41 Adobe Dr, Concord, CA 94520, United States",Concord,CA,P2 | Class A | no website found on Google,,Car Detailers
Bay Area Mobile Detail,,+1-925-378-9484,,,Concord,CA,P2 | Class A | no website found on Google,,Car Detailers
Bears Automotive Detailing,,+1-702-504-3659,,,Concord,CA,P2 | Class A | no website found on Google,,Car Detailers
Bubbles Professional Auto Detailers,,+1-925-698-4980,,"5012 Forni Dr, Concord, CA 94520, United States",Concord,CA,P2 | Class A | no website found on Google,,Car Detailers
Clear car detailing California,,+1-925-405-8812,,"2300 Clayton Rd, Concord, CA 94520, United States",Concord,CA,P2 | Class A | no website found on Google,,Car Detailers
Elegant Automobile,,+1-925-256-0703,,"1507 3rd Ave, Walnut Creek, CA 94597, United States",Concord,CA,P2 | Class A | no website found on Google,,Car Detailers
Fuentes Auto Detail,,+1-415-939-3789,,"1 mobile service, Concord, CA 94518, United States",Concord,CA,P2 | Class A | no website found on Google,,Car Detailers
House Of Royal Auto Care,,+1-925-300-6327,,"1520 Schenone Ct, Concord, CA 94521, United States",Concord,CA,P2 | Class A | no website found on Google,,Car Detailers
Inside out mobile details,,+1-925-664-6501,,,Concord,CA,P2 | Class A | no website found on Google,,Car Detailers
JB's Ultimate Mobile Detail,,+1-925-278-9921,,,Concord,CA,P2 | Class A | no website found on Google,,Car Detailers
Little Rock's Finest Auto Spa,,+1-925-204-5434,,,Concord,CA,P2 | Class A | no website found on Google,,Car Detailers
Luis Auto Detail,,+1-925-497-4064,,"1475 Darlene Dr, Concord, CA 94520, United States",Concord,CA,P2 | Class A | no website found on Google,,Car Detailers
Luminous Coatings,,+1-925-261-6355,,,Concord,CA,P2 | Class A | no website found on Google,,Car Detailers
PJ Auto Detailing & More,,+1-925-808-8308,,"2575 Monument Blvd STE P, Concord, CA 94520, United States",Concord,CA,P2 | Class A | no website found on Google,,Car Detailers
Pro Finish Mobile Detailing Car Wash,,+1-805-295-0976,,,Concord,CA,P2 | Class A | no website found on Google,,Car Detailers
Retroe’Z Classic Detailing Premium Detailing Service,,+1-925-354-4509,,"1320 Willow Pass Rd, Concord, CA 94520, United States",Concord,CA,P2 | Class A | no website found on Google,,Car Detailers
Rodriguez Professional Auto Detailing,,+1-925-726-9724,,"1000 Detroit Ave, Concord, CA 94518, United States",Concord,CA,P2 | Class A | no website found on Google,,Car Detailers
Spotless Show Time Mobile Detailing,,+1-925-202-5603,,,Concord,CA,P2 | Class A | no website found on Google,,Car Detailers
Triple A Mobile Detailing & hand wash,,+1-925-787-3104,,,Concord,CA,P2 | Class A | no website found on Google,,Car Detailers
Xxxxx,,+1-925-464-9591,,"4875 Clayton Rd, Concord, CA 94521, United States",Concord,CA,P2 | Class A | no website found on Google,,Car Detailers
ARM mobile Detailing,,+1-951-532-9667,,,Corona,CA,P2 | Class A | no website found on Google,,Car Detailers
Anaya Auto Detail,,+1-951-539-4793,,,Corona,CA,P2 | Class A | no website found on Google,,Car Detailers
Auto Detailing ramos,,+1-951-256-7045,,,Corona,CA,P2 | Class A | no website found on Google,,Car Detailers
Baba’s Mobile Detailing,,+1-951-642-3117,,"3248 Greenvale Cir, Corona, CA 92882, United States",Corona,CA,P2 | Class A | no website found on Google,,Car Detailers
Brian's Mobile Wash,,+1-562-522-7845,,"3161 Vallejo St, Riverside, CA 92503, United States",Corona,CA,P2 | Class A | no website found on Google,,Car Detailers
Cali mobile carwash biz,,+1-951-403-7271,,,Corona,CA,P2 | Class A | no website found on Google,,Car Detailers
Car wash mobile LAP,,+1-714-478-4758,,,Corona,CA,P2 | Class A | no website found on Google,,Car Detailers
Clean Shield,,+1-951-437-0303,,,Corona,CA,P2 | Class A | no website found on Google,,Car Detailers
Detailz Matter,,+1-951-429-8063,,,Corona,CA,P2 | Class A | no website found on Google,,Car Detailers
EXPRESS WATERWORKS MOBILE DETAILING,,+1-702-630-6576,,,Corona,CA,P2 | Class A | no website found on Google,,Car Detailers
Edwin’s mobile detailing,,+1-951-662-3376,,"4172 Jackson St, Riverside, CA 92503, United States",Corona,CA,P2 | Class A | no website found on Google,,Car Detailers
Garcia’s Mobile Auto Detailing,,+1-714-349-0334,,"3092 Strasbourg Dr, Riverside, CA 92504, United States",Corona,CA,P2 | Class A | no website found on Google,,Car Detailers
Green Steam Clean Tech Car Wash and Auto Detail,,+1-949-522-1208,,"2197 Sampson Ave, Corona, CA 92879, United States",Corona,CA,P2 | Class A | no website found on Google,,Car Detailers
Hamner Auto Detailing,,+1-818-648-1227,,"2126 Hamner Ave #1, Norco, CA 92860, United States",Corona,CA,P2 | Class A | no website found on Google,,Car Detailers
Hand Wash Near Me BLKMKT Mobile Auto Detail,,+1-888-995-5212,,"11266 Heathcliff Dr, Riverside, CA 92505, United States",Corona,CA,P2 | Class A | no website found on Google,,Car Detailers
Headlight Doc Mobile,,+1-909-905-5154,,,Corona,CA,P2 | Class A | no website found on Google,,Car Detailers
MC Mobile Detailing,,+1-909-204-0865,,"25217 Pacific Crest St, Corona, CA 92883, United States",Corona,CA,P2 | Class A | no website found on Google,,Car Detailers
MMT Mobile Detailing,,+1-951-239-9704,,,Corona,CA,P2 | Class A | no website found on Google,,Car Detailers
Mason Mobile Carwash and Detailing,,+1-909-582-5139,,,Corona,CA,P2 | Class A | no website found on Google,,Car Detailers
Mendoza_auto_detail,,+1-951-772-5718,,"Unknown, Riverside, CA 92505, United States",Corona,CA,P2 | Class A | no website found on Google,,Car Detailers
Mobile X Detailing,,+1-909-363-6093,,,Corona,CA,P2 | Class A | no website found on Google,,Car Detailers
Mount Mobile Detailing,,+1-951-287-8153,,,Corona,CA,P2 | Class A | no website found on Google,,Car Detailers
NANO'S Mobile Detailing,,+1-951-261-6747,,"9761 Indiana Ave, Riverside, CA 92503, United States",Corona,CA,P2 | Class A | no website found on Google,,Car Detailers
NextLevel custom cleaning,,+1-951-525-8408,,,Corona,CA,P2 | Class A | no website found on Google,,Car Detailers
Norco Auto Detailing/ Johns Auto Detail,,+1-951-340-2151,,"1950 4 Wheel Ct H, Norco, CA 92860, United States",Corona,CA,P2 | Class A | no website found on Google,,Car Detailers
PA Mobil Detailing,,+1-951-707-6128,,"902 W Grand Blvd, Corona, CA 92882, United States",Corona,CA,P2 | Class A | no website found on Google,,Car Detailers
Patos Detailing,,+1-951-441-9653,,,Corona,CA,P2 | Class A | no website found on Google,,Car Detailers
Premium Auto Detailing,,+1-951-808-2384,,,Corona,CA,P2 | Class A | no website found on Google,,Car Detailers
Prime automotive detailing,,+1-951-583-0680,,"2225 Collett Ave, Corona, CA 92879, United States",Corona,CA,P2 | Class A | no website found on Google,,Car Detailers
Royce Reflekt Detailing,,+1-909-532-0919,,,Corona,CA,P2 | Class A | no website found on Google,,Car Detailers
ShineWerks Mobile Detail,,+1-951-403-9776,,"25043 Peppertree Ct, Corona, CA 92883, United States",Corona,CA,P2 | Class A | no website found on Google,,Car Detailers
Slicks Auto Spa,,+1-949-584-5287,,"304 W Olive St, Corona, CA 92882, United States",Corona,CA,P2 | Class A | no website found on Google,,Car Detailers
SqueekyCleenDetailing,,+1-951-271-1859,,,Corona,CA,P2 | Class A | no website found on Google,,Car Detailers
Sudz Detailing LLC,,+1-323-776-5283,,,Corona,CA,P2 | Class A | no website found on Google,,Car Detailers
T.C.B.,,+1-951-272-9889,,"1359 W 6th St, Corona, CA 92882, United States",Corona,CA,P2 | Class A | no website found on Google,,Car Detailers
The Worx Auto Detailing,,+1-909-513-5279,,"1045 La Marillo Cir, Corona, CA 92879, United States",Corona,CA,P2 | Class A | no website found on Google,,Car Detailers
TopTierDetailz,,+1-951-463-6862,,,Corona,CA,P2 | Class A | no website found on Google,,Car Detailers
West Coast Boat Detailing,,+1-928-275-1524,,,Corona,CA,P2 | Class A | no website found on Google,,Car Detailers
guerrero’s Mobile Detailing,,+1-951-435-3960,,,Corona,CA,P2 | Class A | no website found on Google,,Car Detailers
hydro drip mobile detail,,+1-951-680-4845,,,Corona,CA,P2 | Class A | no website found on Google,,Car Detailers
norcoautodetailing&tint,,+1-951-765-7703,,"1950 S 4 Wheel Dr H, Norco, CA 92860, United States",Corona,CA,P2 | Class A | no website found on Google,,Car Detailers
A&K Mobile Detailing,,+1-949-542-2329,,,Costa Mesa,CA,P2 | Class A | no website found on Google,,Car Detailers
Ariza's mobile detail,,+1-714-818-9926,,"7845 - 8085 East Coast Hwy, Newport Coast, CA 92657, United States",Costa Mesa,CA,P2 | Class A | no website found on Google,,Car Detailers
Bernals Mobile Carwash & Detail,,+1-657-859-0822,,"17082 Rotterdam Ln, Huntington Beach, CA 92647, United States",Costa Mesa,CA,P2 | Class A | no website found on Google,,Car Detailers
Blvd Detail Supplies,,+1-714-656-0201,,,Costa Mesa,CA,P2 | Class A | no website found on Google,,Car Detailers
Complete Detailing,,+1-949-393-5355,,"1011 Brioso Dr, Costa Mesa, CA 92627, United States",Costa Mesa,CA,P2 | Class A | no website found on Google,,Car Detailers
DJ’s Mobile Car Wash & Detail,,+1-714-251-6628,,,Costa Mesa,CA,P2 | Class A | no website found on Google,,Car Detailers
Detail Addiction,,+1-949-873-5185,,"2920 Red Hill Ave, Costa Mesa, CA 92626, United States",Costa Mesa,CA,P2 | Class A | no website found on Google,,Car Detailers
Donnie's Mobile Auto Detailing,,+1-714-316-8072,,,Costa Mesa,CA,P2 | Class A | no website found on Google,,Car Detailers
Eleven Mobile Auto Detailing,,+1-714-756-9445,,,Costa Mesa,CA,P2 | Class A | no website found on Google,,Car Detailers
Exclusive Detail Auto spa,,+1-949-310-0449,,"580 Anton Blvd, Costa Mesa, CA 92626, United States",Costa Mesa,CA,P2 | Class A | no website found on Google,,Car Detailers
Full tilt auto detailing,,+1-714-813-4530,,"598 Sturgeon Dr, Costa Mesa, CA 92626, United States",Costa Mesa,CA,P2 | Class A | no website found on Google,,Car Detailers
Glossy Mobile Car Detailing of Newport Beach - CA,,+1-657-279-8708,,"Corporate Plaza Dr, Newport Beach, CA 92660, United States",Costa Mesa,CA,P2 | Class A | no website found on Google,,Car Detailers
J&D Auto Excellence,,+1-949-504-2016,,"585 Anton Blvd, Costa Mesa, CA 92626, United States",Costa Mesa,CA,P2 | Class A | no website found on Google,,Car Detailers
JMZ Detailing,,+1-949-426-5107,,"602 Center St, Costa Mesa, CA 92627, United States",Costa Mesa,CA,P2 | Class A | no website found on Google,,Car Detailers
Jer’s Details,,+1-805-478-2262,,,Costa Mesa,CA,P2 | Class A | no website found on Google,,Car Detailers
Jimmy's Automotive Cosmetics & Detailing,,+1-949-795-7461,,"1619 Superior Ave, Costa Mesa, CA 92627, United States",Costa Mesa,CA,P2 | Class A | no website found on Google,,Car Detailers
MP Mobile CarWash & Detailing,,+1-714-631-6354,,,Costa Mesa,CA,P2 | Class A | no website found on Google,,Car Detailers
Marc's Mobile Detailing,,+1-916-295-0249,,,Costa Mesa,CA,P2 | Class A | no website found on Google,,Car Detailers
Meticulous Wash,,+1-949-449-4405,,"18545 Jamboree Rd, Irvine, CA 92612, United States",Costa Mesa,CA,P2 | Class A | no website found on Google,,Car Detailers
Mobile Auto Detail,,+1-949-252-1443,,"4000 MacArthur Blvd, Newport Beach, CA 92660, United States",Costa Mesa,CA,P2 | Class A | no website found on Google,,Car Detailers
Mobile Car Wash Vladimir,,+1-949-903-5242,,,Costa Mesa,CA,P2 | Class A | no website found on Google,,Car Detailers
OC Mobile Detail,,+1-714-801-2897,,"115 Duchess Ln, Santa Ana, CA 92704, United States",Costa Mesa,CA,P2 | Class A | no website found on Google,,Car Detailers
One Stop Detailing,,+1-949-629-8271,,,Costa Mesa,CA,P2 | Class A | no website found on Google,,Car Detailers
Polish Pros Auto Detailing,,+1-714-487-2480,,"18881 Von Karman Ave, Irvine, CA 92612, United States",Costa Mesa,CA,P2 | Class A | no website found on Google,,Car Detailers
"Precision Mobile Car Detailing of Irvine, CA",,+1-657-837-3088,,"2540 Main St, Irvine, CA 92614, United States",Costa Mesa,CA,P2 | Class A | no website found on Google,,Car Detailers
Silver Touch Auto Repair,,+1-714-866-0666,,"Costa Mesa, CA 92627, United States",Costa Mesa,CA,P2 | Class A | no website found on Google,,Car Detailers
Spirit Detail Club,,+1-626-617-3467,,"United States, California, Costa Mesa, Baker St, Spirit Detail Club邮政编码: 92626",Costa Mesa,CA,P2 | Class A | no website found on Google,,Car Detailers
Manny's Quality Detailing,,+1-707-954-2729,,"1307 Northcrest Dr, Crescent City, CA 95531, United States",Crescent City,CA,P2 | Class A | no website found on Google,,Car Detailers
.,,+1-510-858-4220,,"107 Arcadia Dr, Pacifica, CA 94044, United States",Daly City,CA,P2 | Class A | no website found on Google,,Car Detailers
A&D Auto Detailing,,+1-415-368-8604,,"617 Airport Blvd, South San Francisco, CA 94080, United States",Daly City,CA,P2 | Class A | no website found on Google,,Car Detailers
D-Mo's Car Detailing Daly City,,+1-406-595-9382,,,Daly City,CA,P2 | Class A | no website found on Google,,Car Detailers
JT Mobile Auto Detailing,,+1-415-510-9513,,"475 Moscow St, San Francisco, CA 94112, United States",Daly City,CA,P2 | Class A | no website found on Google,,Car Detailers
Pacifica Mobile Detailing - Permanently CLOSED,,+1-415-933-5738,,"107 Arcadia Dr, Pacifica, CA 94044, United States",Daly City,CA,P2 | Class A | no website found on Google,,Car Detailers
Sunset Mobile Car Detailing,,+1-510-603-4231,,"2001 37th Ave, San Francisco, CA 94116, United States",Daly City,CA,P2 | Class A | no website found on Google,,Car Detailers
The Dream Team Mobile Car Wash & Detail,,+1-415-410-4639,,,Daly City,CA,P2 | Class A | no website found on Google,,Car Detailers
Attention To Detail,,+1-707-373-7990,,,Davis,CA,P2 | Class A | no website found on Google,,Car Detailers
Clean Bee Auto Detailing,,+1-650-644-5944,,,Davis,CA,P2 | Class A | no website found on Google,,Car Detailers
Kiel's Auto Detailing,,+1-775-369-2043,,,Davis,CA,P2 | Class A | no website found on Google,,Car Detailers
Tito's Mobile Detail,,+1-415-368-7277,,,Davis,CA,P2 | Class A | no website found on Google,,Car Detailers
Urban detailing,,+1-530-601-3741,,,Davis,CA,P2 | Class A | no website found on Google,,Car Detailers
Vipers Auto Detailing,,+1-530-564-0055,,"1540B Jade St, Davis, CA 95616, United States",Davis,CA,P2 | Class A | no website found on Google,,Car Detailers
Yolo Automotive Detailing,,+1-530-746-1284,,,Davis,CA,P2 | Class A | no website found on Google,,Car Detailers
Alex Auto Details,,+1-661-372-5491,,,Delano,CA,P2 | Class A | no website found on Google,,Car Detailers
Infinity Luxury Mobile Detailing,,+1-661-454-4251,,"2217 5th Ave, Delano, CA 93215, United States",Delano,CA,P2 | Class A | no website found on Google,,Car Detailers
JC Auto Detailing & Window Tinting,,+1-661-617-9969,,"1322 Fremont St, Delano, CA 93215, United States",Delano,CA,P2 | Class A | no website found on Google,,Car Detailers
Jose detailing,,+1-661-690-6419,,"513 8th St, McFarland, CA 93250, United States",Delano,CA,P2 | Class A | no website found on Google,,Car Detailers
Ralphyboy Detailing,,+1-661-778-9652,,"527 6th St, McFarland, CA 93250, United States",Delano,CA,P2 | Class A | no website found on Google,,Car Detailers
Rapid Fleet Wash,,+1-661-927-8296,,,Delano,CA,P2 | Class A | no website found on Google,,Car Detailers
Shine & Drive Mobile Detailing,,+1-661-534-5698,,,Delano,CA,P2 | Class A | no website found on Google,,Car Detailers
Affinity Detail,,+1-707-210-2333,,"640 Eubanks Ct, Vacaville, CA 95688, United States",Dixon,CA,P2 | Class A | no website found on Google,,Car Detailers
Big Al's Auto Detailing,,+1-707-384-3886,,"340 Industrial Way, Dixon, CA 95620, United States",Dixon,CA,P2 | Class A | no website found on Google,,Car Detailers
Depth Detail,,+1-707-408-8000,,"801 Davis St Ste G, Vacaville, CA 95687, United States",Dixon,CA,P2 | Class A | no website found on Google,,Car Detailers
Jcmobile.detailing,,+1-707-635-3741,,,Dixon,CA,P2 | Class A | no website found on Google,,Car Detailers
213 Luis Mobile Diteiling,,+1-213-449-0427,,,Downey,CA,P2 | Class A | no website found on Google,,Car Detailers
American Mobile Detail,,+1-818-799-9156,,,Downey,CA,P2 | Class A | no website found on Google,,Car Detailers
Aragon Auto Detailing,,+1-323-459-0214,,,Downey,CA,P2 | Class A | no website found on Google,,Car Detailers
Car Detailing Discounts,,+1-323-545-7304,,,Downey,CA,P2 | Class A | no website found on Google,,Car Detailers
DJ’s Auto Detailing,,+1-323-794-3283,,,Downey,CA,P2 | Class A | no website found on Google,,Car Detailers
Dwc mobile detailing and studio,,+1-818-251-0037,,,Downey,CA,P2 | Class A | no website found on Google,,Car Detailers
Eduardo Mobile Detailing,,+1-323-557-7571,,,Downey,CA,P2 | Class A | no website found on Google,,Car Detailers
El Gallo Mobile Detailing,,+1-562-292-4163,,,Downey,CA,P2 | Class A | no website found on Google,,Car Detailers
Expendables Mobile Detailing,,+1-310-722-3919,,,Downey,CA,P2 | Class A | no website found on Google,,Car Detailers
HEM Full Service,,+1-562-503-9971,,"9647 Pomering Rd, Downey, CA 90240, United States",Downey,CA,P2 | Class A | no website found on Google,,Car Detailers
Habibi Bros Mobile Detailing,,+1-562-481-4691,,,Downey,CA,P2 | Class A | no website found on Google,,Car Detailers
Hdez Mobile detailing,,+1-562-579-6320,,"11924 Leland Ave, Whittier, CA 90605, United States",Downey,CA,P2 | Class A | no website found on Google,,Car Detailers
J&G mobile detail,,+1-323-540-0517,,"9222 Bowman Ave, South Gate, CA 90280, United States",Downey,CA,P2 | Class A | no website found on Google,,Car Detailers
JAG Mobile Detailing LLC,,+1-323-470-3504,,,Downey,CA,P2 | Class A | no website found on Google,,Car Detailers
Junior's Auto Detail,,+1-562-862-7117,,"11400 Paramount Blvd, Downey, CA 90241, United States",Downey,CA,P2 | Class A | no website found on Google,,Car Detailers
Lightyear Detailing,,+1-562-250-5496,,,Downey,CA,P2 | Class A | no website found on Google,,Car Detailers
Lobo's Mobile Detailing,,+1-213-302-0637,,,Downey,CA,P2 | Class A | no website found on Google,,Car Detailers
Miguelitos Mobile Detail,,+1-747-283-7070,,,Downey,CA,P2 | Class A | no website found on Google,,Car Detailers
Millan's Mobile Details,,+1-323-773-6010,,,Downey,CA,P2 | Class A | no website found on Google,,Car Detailers
Mr. Cleanvenience Mobile Detail,,+1-562-208-3432,,,Downey,CA,P2 | Class A | no website found on Google,,Car Detailers
Nanos Auto Detailing,,+1-562-632-2617,,"12102 Lowemont St, Norwalk, CA 90650, United States",Downey,CA,P2 | Class A | no website found on Google,,Car Detailers
One touch mobile detailing,,+1-562-521-6118,,"Cheshire St, Norwalk, CA 90650, United States",Downey,CA,P2 | Class A | no website found on Google,,Car Detailers
Premier Auto Detail Supplies,,+1-323-926-9535,,"3717 Tweedy Blvd, South Gate, CA 90280, United States",Downey,CA,P2 | Class A | no website found on Google,,Car Detailers
Prime Mobile Detailing,,+1-747-254-5352,,,Downey,CA,P2 | Class A | no website found on Google,,Car Detailers
RDL MOBILE WASH,,+1-323-513-3605,,"8957 Virginia Ave, South Gate, CA 90280, United States",Downey,CA,P2 | Class A | no website found on Google,,Car Detailers
RR auto detailing,,+1-562-362-9132,,,Downey,CA,P2 | Class A | no website found on Google,,Car Detailers
Rinsed Detailing,,+1-949-306-1428,,,Downey,CA,P2 | Class A | no website found on Google,,Car Detailers
Rocky's Mobile Auto Detail INC.,,+1-323-500-9771,,,Downey,CA,P2 | Class A | no website found on Google,,Car Detailers
Roger Detailing,,+1-562-334-6342,,,Downey,CA,P2 | Class A | no website found on Google,,Car Detailers
Royal Wash & Detail,,+1-626-483-2122,,,Downey,CA,P2 | Class A | no website found on Google,,Car Detailers
Soto's Auto Detailing,,+1-323-326-5430,,,Downey,CA,P2 | Class A | no website found on Google,,Car Detailers
Statik Mobile Detailz,,+1-323-326-8494,,"5520 Lindbergh Ln, Bell Gardens, CA 90201, United States",Downey,CA,P2 | Class A | no website found on Google,,Car Detailers
Sunny Side Mobile Car Wash & Detail,,+1-714-419-9844,,,Downey,CA,P2 | Class A | no website found on Google,,Car Detailers
Super Detailing,,+1-562-644-9348,,"12333 Woodruff Ave, Downey, CA 90241, United States",Downey,CA,P2 | Class A | no website found on Google,,Car Detailers
Transcendent Mobile Auto Detail,,+1-714-818-4158,,"8930 Painter Ave #219, Whittier, CA 90602, United States",Downey,CA,P2 | Class A | no website found on Google,,Car Detailers
WDA mobile car detailing,,+1-424-547-6089,,,Downey,CA,P2 | Class A | no website found on Google,,Car Detailers
Wonders Auto Detailing LLC,,+1-323-694-1972,,,Downey,CA,P2 | Class A | no website found on Google,,Car Detailers
downeycardetail,,+1-562-302-7881,,"12816 Cornuta Ave, Downey, CA 90242, United States",Downey,CA,P2 | Class A | no website found on Google,,Car Detailers
joes mobile detailing services,,+1-323-351-5609,,"5616 Maywood Ave, Maywood, CA 90270, United States",Downey,CA,P2 | Class A | no website found on Google,,Car Detailers
925 Auto Detail,,+1-925-831-2846,,"23 Beta Ct Ste h, San Ramon, CA 94583, United States",Dublin,CA,P2 | Class A | no website found on Google,,Car Detailers
Auto Detailing,,+1-925-730-9356,,"241 Wild Flower Ct, Pleasanton, CA 94566, United States",Dublin,CA,P2 | Class A | no website found on Google,,Car Detailers
Auto Wrap Solutions,,+1-510-935-6111,,"6773 Sierra Ct B, Dublin, CA 94568, United States",Dublin,CA,P2 | Class A | no website found on Google,,Car Detailers
Bay Area Headlightz,,+1-925-640-6342,,,Dublin,CA,P2 | Class A | no website found on Google,,Car Detailers
BlackHawkDetailCo,,+1-925-875-8031,,,Dublin,CA,P2 | Class A | no website found on Google,,Car Detailers
Diablo Valley Detailing,,+1-925-886-1723,,,Dublin,CA,P2 | Class A | no website found on Google,,Car Detailers
Elite Detailing,,+1-209-262-8516,,,Dublin,CA,P2 | Class A | no website found on Google,,Car Detailers
Joe's Mobile Auto Detailing,,+1-925-580-0006,,,Dublin,CA,P2 | Class A | no website found on Google,,Car Detailers
Lucas's Car Spa,,+1-925-967-4271,,,Dublin,CA,P2 | Class A | no website found on Google,,Car Detailers
Lux Detailing Solutions,,+1-925-817-9712,,,Dublin,CA,P2 | Class A | no website found on Google,,Car Detailers
M3 Detailing,,+1-510-999-2905,,,Dublin,CA,P2 | Class A | no website found on Google,,Car Detailers
Mobile Detail Service,,+1-925-548-3770,,"7172 Regional St #277, Dublin, CA 94568, United States",Dublin,CA,P2 | Class A | no website found on Google,,Car Detailers
Q&R Auto Detailing,,+1-925-484-0144,,"2649 Ingrid Ct, Pleasanton, CA 94566, United States",Dublin,CA,P2 | Class A | no website found on Google,,Car Detailers
Santi's Luxury Car Detailing,,+1-925-784-2680,,,Dublin,CA,P2 | Class A | no website found on Google,,Car Detailers
ShineTimeDetailing,,+1-805-754-0340,,,Dublin,CA,P2 | Class A | no website found on Google,,Car Detailers
Shiny restore,,+1-925-640-6730,,,Dublin,CA,P2 | Class A | no website found on Google,,Car Detailers
TVA Mobile Detailing,,+1-925-413-3080,,,Dublin,CA,P2 | Class A | no website found on Google,,Car Detailers
A.P Mobile Detailing,,+1-619-396-3817,,,El Cajon,CA,P2 | Class A | no website found on Google,,Car Detailers
ABC Mobile Detailing,,+1-619-630-7809,,,El Cajon,CA,P2 | Class A | no website found on Google,,Car Detailers
Autosalon Mobile Detailing,,+1-619-579-2352,,"1270 Pioneer Way, El Cajon, CA 92020, United States",El Cajon,CA,P2 | Class A | no website found on Google,,Car Detailers
Burke’s Mobile Detailing,,+1-619-717-2515,,,El Cajon,CA,P2 | Class A | no website found on Google,,Car Detailers
CSNRS Color Studio,,+1-619-807-2279,,"1997 Friendship Dr F, El Cajon, CA 92020, United States",El Cajon,CA,P2 | Class A | no website found on Google,,Car Detailers
CarPeople Mobile Detailing,,+1-619-856-3064,,,El Cajon,CA,P2 | Class A | no website found on Google,,Car Detailers
Chavitas Detailing,,+1-619-776-7835,,"478 Van Houten Ave Apt.5, El Cajon, CA 92020, United States",El Cajon,CA,P2 | Class A | no website found on Google,,Car Detailers
Details Finest Mobile Detail,,+1-619-467-9900,,,El Cajon,CA,P2 | Class A | no website found on Google,,Car Detailers
Falcon Mobile Detailing Services,,+1-619-325-9555,,"191 N Mollison Ave # 5, El Cajon, CA 92021, United States",El Cajon,CA,P2 | Class A | no website found on Google,,Car Detailers
GT Auto Detail Supplying,,+1-760-419-4871,,"1934 N Marshall Ave #104, El Cajon, CA 92020, United States",El Cajon,CA,P2 | Class A | no website found on Google,,Car Detailers
Golden Palms Mobile Detail,,+1-619-431-6377,,"4019 Van Dyke Ave, San Diego, CA 92105, United States",El Cajon,CA,P2 | Class A | no website found on Google,,Car Detailers
Habibi Shine Car detailing,,+1-619-666-6033,,"966 E Main St, El Cajon, CA 92021, United States",El Cajon,CA,P2 | Class A | no website found on Google,,Car Detailers
Knuteson’s Mobile Auto Detailing,,+1-619-430-0774,,,El Cajon,CA,P2 | Class A | no website found on Google,,Car Detailers
Lucky Ducky Detail,,+1-619-368-9916,,"8753 Crossway Ct, Santee, CA 92071, United States",El Cajon,CA,P2 | Class A | no website found on Google,,Car Detailers
Majei Auto Detailing,,+1-619-401-1118,,"919 El Cajon Blvd C, El Cajon, CA 92020, United States",El Cajon,CA,P2 | Class A | no website found on Google,,Car Detailers
N&J Mobile Detailing,,+1-619-322-7557,,,El Cajon,CA,P2 | Class A | no website found on Google,,Car Detailers
One Source Mobile Detailing,,+1-619-433-4470,,,El Cajon,CA,P2 | Class A | no website found on Google,,Car Detailers
Patrick's Mobile Auto Detail,,+1-916-517-6763,,"401 W Lexington Ave, El Cajon, CA 92020, United States",El Cajon,CA,P2 | Class A | no website found on Google,,Car Detailers
Pennison Mobile Detailing,,+1-619-772-3826,,"15379 Oak Creek Rd space 43, El Cajon, CA 92021, United States",El Cajon,CA,P2 | Class A | no website found on Google,,Car Detailers
Red White and Buff Auto Detailing,,+1-619-647-1110,,"1618 Magnolia Ave, El Cajon, CA 92020, United States",El Cajon,CA,P2 | Class A | no website found on Google,,Car Detailers
San Diego Auto Detailing,,+1-619-396-8300,,"8755 Winter Gdns Blvd, Lakeside, CA 92040, United States",El Cajon,CA,P2 | Class A | no website found on Google,,Car Detailers
So-Cal Details,,+1-619-344-7333,,"5333 Baltimore Dr, La Mesa, CA 91942, United States",El Cajon,CA,P2 | Class A | no website found on Google,,Car Detailers
Turtle Shine Mobile Detailing,,+1-619-558-7662,,"E Main St, El Cajon, CA 92021, United States",El Cajon,CA,P2 | Class A | no website found on Google,,Car Detailers
Wooten’s Wash & Wax Mobile Detailing,,+1-619-753-8842,,,El Cajon,CA,P2 | Class A | no website found on Google,,Car Detailers
headlight doctor,,+1-619-328-9727,,"1110 Petree St, El Cajon, CA 92020, United States",El Cajon,CA,P2 | Class A | no website found on Google,,Car Detailers
Auto Brite,,+1-760-404-8016,,"1898 Wake Ave, El Centro, CA 92243, United States",El Centro,CA,P2 | Class A | no website found on Google,,Car Detailers
Auto Shop Auto Detailing,,+1-760-482-8260,,"101 N 8th St, El Centro, CA 92243, United States",El Centro,CA,P2 | Class A | no website found on Google,,Car Detailers
Emerald Mobile,,+1-760-970-3888,,"782 W Heil Ave, El Centro, CA 92243, United States",El Centro,CA,P2 | Class A | no website found on Google,,Car Detailers
Hope Detailing LLC,,+1-760-595-5221,,,El Centro,CA,P2 | Class A | no website found on Google,,Car Detailers
J's detailing shine,,+1-760-886-1963,,,El Centro,CA,P2 | Class A | no website found on Google,,Car Detailers
Off Duty Detailing,,+1-760-235-5766,,,El Centro,CA,P2 | Class A | no website found on Google,,Car Detailers
AAV DETAILING,,+1-279-842-8366,,,El Dorado Hills,CA,P2 | Class A | no website found on Google,,Car Detailers
All-Star Mobile Auto Detail,,+1-916-628-9459,,,El Dorado Hills,CA,P2 | Class A | no website found on Google,,Car Detailers
Arrowhead Elegance - Mobile Detailing,,+1-916-705-8532,,,El Dorado Hills,CA,P2 | Class A | no website found on Google,,Car Detailers
Ascension To Detail,,+1-916-591-6123,,,El Dorado Hills,CA,P2 | Class A | no website found on Google,,Car Detailers
Derek's Mobile Detailing,,+1-530-306-2241,,,El Dorado Hills,CA,P2 | Class A | no website found on Google,,Car Detailers
DetailingTeens,,+1-916-996-8670,,,El Dorado Hills,CA,P2 | Class A | no website found on Google,,Car Detailers
Details Matter Auto,,+1-407-404-3025,,,El Dorado Hills,CA,P2 | Class A | no website found on Google,,Car Detailers
EAC Elite Auto Care Inc.,,+1-916-627-0971,,,El Dorado Hills,CA,P2 | Class A | no website found on Google,,Car Detailers
Echelon auto detailing,,+1-279-267-7713,,,El Dorado Hills,CA,P2 | Class A | no website found on Google,,Car Detailers
Elite Auto Detailing,,+1-916-260-1408,,,El Dorado Hills,CA,P2 | Class A | no website found on Google,,Car Detailers
Isaac’s Detailing,,+1-530-240-5165,,,El Dorado Hills,CA,P2 | Class A | no website found on Google,,Car Detailers
NorCal Detailing,,+1-916-586-5019,,,El Dorado Hills,CA,P2 | Class A | no website found on Google,,Car Detailers
Old Blue Detailing,,+1-916-800-8077,,,El Dorado Hills,CA,P2 | Class A | no website found on Google,,Car Detailers
One Of A Shine Auto Detailing,,+1-916-770-5920,,,El Dorado Hills,CA,P2 | Class A | no website found on Google,,Car Detailers
Palm Bros Mobile Detailing,,+1-916-260-1734,,,El Dorado Hills,CA,P2 | Class A | no website found on Google,,Car Detailers
Schurr Detailing,,+1-858-987-6747,,,El Dorado Hills,CA,P2 | Class A | no website found on Google,,Car Detailers
Upgrade Auto Details,,+1-916-229-8720,,,El Dorado Hills,CA,P2 | Class A | no website found on Google,,Car Detailers
Beyond The Detail,,+1-626-681-9896,,"12700 Elliott Ave, El Monte, CA 91732, United States",El Monte,CA,P2 | Class A | no website found on Google,,Car Detailers
Chatos mobile detailing,,+1-626-274-3982,,,El Monte,CA,P2 | Class A | no website found on Google,,Car Detailers
Cris Auto detail,,+1-562-338-7999,,,El Monte,CA,P2 | Class A | no website found on Google,,Car Detailers
DPS AUTO DETAILING,,+1-626-315-4508,,,El Monte,CA,P2 | Class A | no website found on Google,,Car Detailers
Detailverse_la,,+1-626-329-6090,,"3925 Eunice Ave, El Monte, CA 91731, United States",El Monte,CA,P2 | Class A | no website found on Google,,Car Detailers
El Monte Auto Car Detail Wash,,+1-626-483-0423,,"11234 Oak St, El Monte, CA 91731, United States",El Monte,CA,P2 | Class A | no website found on Google,,Car Detailers
Elite mobile detail los angeles,,+1-626-534-8810,,,El Monte,CA,P2 | Class A | no website found on Google,,Car Detailers
Expo Auto Detailing,,+1-626-279-1900,,"4535 Baldwin Ave, El Monte, CA 91731, United States",El Monte,CA,P2 | Class A | no website found on Google,,Car Detailers
Fast lyfe mobile detailing,,+1-626-341-8961,,,El Monte,CA,P2 | Class A | no website found on Google,,Car Detailers
Frank 2000 Detail Center,,+1-626-564-2532,,"2655 E Colorado Blvd, Pasadena, CA 91107, United States",El Monte,CA,P2 | Class A | no website found on Google,,Car Detailers
Jey's Mobile Detailing,,+1-626-361-1647,,,El Monte,CA,P2 | Class A | no website found on Google,,Car Detailers
Keep It Dirty Detail,,+1-909-462-3154,,,El Monte,CA,P2 | Class A | no website found on Google,,Car Detailers
LVLUP Auto Detail,,+1-626-371-4825,,,El Monte,CA,P2 | Class A | no website found on Google,,Car Detailers
Lalo’s Auto Detailing,,+1-626-541-8832,,,El Monte,CA,P2 | Class A | no website found on Google,,Car Detailers
Low End Detailing,,+1-626-712-4221,,,El Monte,CA,P2 | Class A | no website found on Google,,Car Detailers
Magik Touch Mobile Detailing,,+1-626-652-2955,,"14120 Fairgrove Ave, La Puente, CA 91746, United States",El Monte,CA,P2 | Class A | no website found on Google,,Car Detailers
Mike's mobile auto care,,+1-909-938-3009,,,El Monte,CA,P2 | Class A | no website found on Google,,Car Detailers
Mobile Detailing Los Angeles,,+1-832-453-3873,,,El Monte,CA,P2 | Class A | no website found on Google,,Car Detailers
New Generation Auto Detailing,,+1-626-758-2675,,"11202 Redberry St, El Monte, CA 91733, United States",El Monte,CA,P2 | Class A | no website found on Google,,Car Detailers
Reyes Mobile Wash,,+1-626-804-1121,,,El Monte,CA,P2 | Class A | no website found on Google,,Car Detailers
ShineTime Auto Care,,+1-626-923-7178,,"2366 Silverbay Ave, El Monte, CA 91732, United States",El Monte,CA,P2 | Class A | no website found on Google,,Car Detailers
Sho-time mobile detailing,,+1-562-844-6456,,,El Monte,CA,P2 | Class A | no website found on Google,,Car Detailers
Spotless Trio Mobile Detail,,+1-626-360-3598,,,El Monte,CA,P2 | Class A | no website found on Google,,Car Detailers
Three Point Auto Detailing,,+1-626-362-9332,,"9834 Alpaca St, South El Monte, CA 91733, United States",El Monte,CA,P2 | Class A | no website found on Google,,Car Detailers
VNR Mobile Auto Detail,,+1-626-235-2347,,,El Monte,CA,P2 | Class A | no website found on Google,,Car Detailers
el monte mobile car detail wash,,+1-626-483-0421,,,El Monte,CA,P2 | Class A | no website found on Google,,Car Detailers
magaña’s mobile auto detailing,,+1-626-265-1524,,,El Monte,CA,P2 | Class A | no website found on Google,,Car Detailers
shk mobile detailing,,+1-909-490-1964,,,El Monte,CA,P2 | Class A | no website found on Google,,Car Detailers
A&C Mobile Detailing,,+1-916-531-8780,,,Elk Grove,CA,P2 | Class A | no website found on Google,,Car Detailers
Arturo's Mobile Detailing,,+1-916-329-2680,,,Elk Grove,CA,P2 | Class A | no website found on Google,,Car Detailers
Baraki Detailing,,+1-916-709-9785,,,Elk Grove,CA,P2 | Class A | no website found on Google,,Car Detailers
Black Label Mobile Car Detailing,,+1-916-862-4002,,,Elk Grove,CA,P2 | Class A | no website found on Google,,Car Detailers
Bright Vibes Detailing,,+1-916-498-4702,,"7843 Western Port Way, Sacramento, CA 95828, United States",Elk Grove,CA,P2 | Class A | no website found on Google,,Car Detailers
Capital Shine Detailing,,+1-916-895-9147,,,Elk Grove,CA,P2 | Class A | no website found on Google,,Car Detailers
Cool Wash Car Detailing,,+1-916-515-3125,,,Elk Grove,CA,P2 | Class A | no website found on Google,,Car Detailers
DMC Detailing LLC,,+1-916-835-1602,,,Elk Grove,CA,P2 | Class A | no website found on Google,,Car Detailers
Daniel mobile detailing,,+1-916-883-4965,,,Elk Grove,CA,P2 | Class A | no website found on Google,,Car Detailers
DevsCarDetailing,,+1-916-821-9391,,,Elk Grove,CA,P2 | Class A | no website found on Google,,Car Detailers
Diamondx Auto,,+1-916-587-7776,,"9291 Bendel Pl #150, Elk Grove, CA 95624, United States",Elk Grove,CA,P2 | Class A | no website found on Google,,Car Detailers
Doble M Detailing Co,,+1-916-926-7842,,,Elk Grove,CA,P2 | Class A | no website found on Google,,Car Detailers
Elk Grove Clean,,+1-916-937-9398,,"5901 Isaac Way, Elk Grove, CA 95757, United States",Elk Grove,CA,P2 | Class A | no website found on Google,,Car Detailers
Elk Grove Mobile Detail,,+1-916-268-0220,,,Elk Grove,CA,P2 | Class A | no website found on Google,,Car Detailers
Everyday Auto Detailing,,+1-279-800-9949,,,Elk Grove,CA,P2 | Class A | no website found on Google,,Car Detailers
Fine Line Auto Detailing & Tint,,+1-916-905-4043,,"8851 Calvine Rd Ste k, Sacramento, CA 95828, United States",Elk Grove,CA,P2 | Class A | no website found on Google,,Car Detailers
Four Seasons Auto Detailing,,+1-916-562-5208,,,Elk Grove,CA,P2 | Class A | no website found on Google,,Car Detailers
GD Auto Detailing,,+1-916-793-9050,,,Elk Grove,CA,P2 | Class A | no website found on Google,,Car Detailers
Grant's Auto Shine Mobile Detailing,,+1-916-205-3347,,,Elk Grove,CA,P2 | Class A | no website found on Google,,Car Detailers
Helix Detail & Tinting,,+1-209-429-8092,,,Elk Grove,CA,P2 | Class A | no website found on Google,,Car Detailers
High Class Mobile Detail,,+1-916-895-6256,,"9071 Richborough Way, Elk Grove, CA 95624, United States",Elk Grove,CA,P2 | Class A | no website found on Google,,Car Detailers
Huffman’s Mobile Detailing,,+1-408-329-8295,,,Elk Grove,CA,P2 | Class A | no website found on Google,,Car Detailers
Hydro Solution Mobile Detailing,,+1-279-800-1773,,,Elk Grove,CA,P2 | Class A | no website found on Google,,Car Detailers
JCV Mobile Auto Detailing,,+1-562-939-5859,,,Elk Grove,CA,P2 | Class A | no website found on Google,,Car Detailers
JS DETAILING SERVICE,,+1-916-335-2881,,,Elk Grove,CA,P2 | Class A | no website found on Google,,Car Detailers
MidnightRestorationCo.,,+1-916-385-8340,,,Elk Grove,CA,P2 | Class A | no website found on Google,,Car Detailers
Mile 1 Auto Detailing,,+1-916-512-0435,,,Elk Grove,CA,P2 | Class A | no website found on Google,,Car Detailers
Mobile Detailz,,+1-916-582-9870,,"9051 Acorn Ridge Cir, Elk Grove, CA 95758, United States",Elk Grove,CA,P2 | Class A | no website found on Google,,Car Detailers
NS Detailing,,+1-916-544-2474,,,Elk Grove,CA,P2 | Class A | no website found on Google,,Car Detailers
OrganicAutoDetailing,,+1-925-334-4123,,,Elk Grove,CA,P2 | Class A | no website found on Google,,Car Detailers
Pearl Shine Auto Detailing,,+1-530-537-6868,,,Elk Grove,CA,P2 | Class A | no website found on Google,,Car Detailers
Prestige Auto Detailing,,+1-916-671-6305,,"9454 Callisto Ct, Elk Grove, CA 95624, United States",Elk Grove,CA,P2 | Class A | no website found on Google,,Car Detailers
SHINY WHIPZ,,+1-279-249-9743,,,Elk Grove,CA,P2 | Class A | no website found on Google,,Car Detailers
Sacramento Detailing,,+1-916-999-1313,,,Elk Grove,CA,P2 | Class A | no website found on Google,,Car Detailers
Sacramento Elite Auto Detailing,,+1-925-510-0677,,,Elk Grove,CA,P2 | Class A | no website found on Google,,Car Detailers
Sacramento Elite Detailing,,+1-916-896-6661,,"9824 Dino Dr, Elk Grove, CA 95624, United States",Elk Grove,CA,P2 | Class A | no website found on Google,,Car Detailers
Shine Masterworks,,+1-279-800-0088,,,Elk Grove,CA,P2 | Class A | no website found on Google,,Car Detailers
SudBuddy Auto Detailing,,+1-408-627-2700,,,Elk Grove,CA,P2 | Class A | no website found on Google,,Car Detailers
Suspiciously Clean Detailing,,+1-916-694-7270,,,Elk Grove,CA,P2 | Class A | no website found on Google,,Car Detailers
Tadpole's Mobile Detailing,,+1-279-207-0993,,,Elk Grove,CA,P2 | Class A | no website found on Google,,Car Detailers
Vinnys Auto Detailing,,+1-916-532-6383,,,Elk Grove,CA,P2 | Class A | no website found on Google,,Car Detailers
Amphibious mobile detailing,,+1-760-503-5625,,,Escondido,CA,P2 | Class A | no website found on Google,,Car Detailers
Bolanos Mobile Detailing,,+1-760-975-8138,,,Escondido,CA,P2 | Class A | no website found on Google,,Car Detailers
Diamond Touch Auto Spa,,+1-213-929-4418,,,Escondido,CA,P2 | Class A | no website found on Google,,Car Detailers
Diaz Driven Car Detailing,,+1-949-210-0413,,"830 W Lincoln Ave, Escondido, CA 92026, United States",Escondido,CA,P2 | Class A | no website found on Google,,Car Detailers
Euro Auto Detailing,,+1-760-695-8175,,,Escondido,CA,P2 | Class A | no website found on Google,,Car Detailers
Francisco Urcino Mobile Auto Detailing,,+1-760-853-5108,,,Escondido,CA,P2 | Class A | no website found on Google,,Car Detailers
Go-Go Mobile Car Detailing,,+1-760-825-8113,,,Escondido,CA,P2 | Class A | no website found on Google,,Car Detailers
Hernandez Detailing,,+1-760-430-3539,,"1502 Mills Pl, Escondido, CA 92027, United States",Escondido,CA,P2 | Class A | no website found on Google,,Car Detailers
Hypergloss Car Detailing of Escondido,,+1-760-466-5497,,"365 W 2nd Ave ste 217, Escondido, CA 92025, United States",Escondido,CA,P2 | Class A | no website found on Google,,Car Detailers
Imperial Mobile Detailing SD,,+1-760-543-6544,,,Escondido,CA,P2 | Class A | no website found on Google,,Car Detailers
InfiniteAutoDetail,,+1-760-884-4893,,,Escondido,CA,P2 | Class A | no website found on Google,,Car Detailers
Instant Car Care,,+1-760-430-9135,,,Escondido,CA,P2 | Class A | no website found on Google,,Car Detailers
MDP Detail,,+1-323-815-6850,,"2121 E Valley Pkwy, Escondido, CA 92027, United States",Escondido,CA,P2 | Class A | no website found on Google,,Car Detailers
North County Mobile Detail,,+1-619-777-8415,,,Escondido,CA,P2 | Class A | no website found on Google,,Car Detailers
Pro Finish Auto Details,,+1-760-877-0714,,"Escondido, CA 92026, United States",Escondido,CA,P2 | Class A | no website found on Google,,Car Detailers
Q&R Mobile Detail & Car Wash,,+1-760-697-4410,,,Escondido,CA,P2 | Class A | no website found on Google,,Car Detailers
Rodriguez Auto Detailing,,+1-760-907-5375,,"135 Sheridan Ave, Escondido, CA 92026, United States",Escondido,CA,P2 | Class A | no website found on Google,,Car Detailers
Royal Flores auto detailing,,+1-760-290-5596,,"1325 Borden Rd, Escondido, CA 92026, United States",Escondido,CA,P2 | Class A | no website found on Google,,Car Detailers
Steve's Detail It Mobile Detailing,,+1-619-794-7012,,,Escondido,CA,P2 | Class A | no website found on Google,,Car Detailers
Sudds Supreme Mobile Detailing,,+1-442-944-6519,,,Escondido,CA,P2 | Class A | no website found on Google,,Car Detailers
Triple H Auto Detailing,,+1-760-532-9451,,,Escondido,CA,P2 | Class A | no website found on Google,,Car Detailers
VMD Auto Solutions,,+1-760-755-8945,,,Escondido,CA,P2 | Class A | no website found on Google,,Car Detailers
Victory Auto Clean,,+1-831-421-2467,,,Escondido,CA,P2 | Class A | no website found on Google,,Car Detailers
707 Mobile Auto Detailing,,+1-707-854-5284,,,Eureka,CA,P2 | Class A | no website found on Google,,Car Detailers
AC's Auto Detailing,,+1-707-298-3676,,,Eureka,CA,P2 | Class A | no website found on Google,,Car Detailers
Deep Clean Detailing,,+1-707-496-2573,,"2039 Broadway St Unit B, Eureka, CA 95501, United States",Eureka,CA,P2 | Class A | no website found on Google,,Car Detailers
Elite Auto Detailing,,+1-707-273-0360,,"F St, Eureka, CA 95503, United States",Eureka,CA,P2 | Class A | no website found on Google,,Car Detailers
Topetes Auto Detail,,+1-707-362-9531,,,Eureka,CA,P2 | Class A | no website found on Google,,Car Detailers
Unlimited Detail,,+1-707-613-7143,,"2000 Rolica Cir, Eureka, CA 95503, United States",Eureka,CA,P2 | Class A | no website found on Google,,Car Detailers
All Star Mobile Detail,,+1-719-557-0550,,,Fairfield,CA,P2 | Class A | no website found on Google,,Car Detailers
Amazing shine mobile detailing,,+1-707-438-5060,,,Fairfield,CA,P2 | Class A | no website found on Google,,Car Detailers
Armor Auto Detailing,,+1-707-315-9009,,"1130 E Monte Vista Ave Ste C, Vacaville, CA 95688, United States",Fairfield,CA,P2 | Class A | no website found on Google,,Car Detailers
Carl & Carl Customized Detail,,+1-707-688-9424,,"Fairfield, CA 94533, United States",Fairfield,CA,P2 | Class A | no website found on Google,,Car Detailers
Carnahan Mobile Detailing,,+1-707-227-7336,,,Fairfield,CA,P2 | Class A | no website found on Google,,Car Detailers
Champion Auto Detail,,+1-707-316-0576,,"Sunset Ave, Suisun City, CA 94585, United States",Fairfield,CA,P2 | Class A | no website found on Google,,Car Detailers
Chuys detailing,,+1-707-810-5477,,,Fairfield,CA,P2 | Class A | no website found on Google,,Car Detailers
Class A Detailz Mobile,,+1-323-674-5556,,"552 E Wigeon Way, Suisun City, CA 94585, United States",Fairfield,CA,P2 | Class A | no website found on Google,,Car Detailers
Dubz Mobile Detailing,,+1-707-213-7037,,,Fairfield,CA,P2 | Class A | no website found on Google,,Car Detailers
Elite Mobile Car Wash & Detail,,+1-510-228-2753,,,Fairfield,CA,P2 | Class A | no website found on Google,,Car Detailers
Fergusons Mobile Detailing,,+1-415-340-0474,,,Fairfield,CA,P2 | Class A | no website found on Google,,Car Detailers
Flores Mobile Detailing,,+1-707-758-0169,,,Fairfield,CA,P2 | Class A | no website found on Google,,Car Detailers
Fortune’s Auto Detailing,,+1-707-724-9577,,,Fairfield,CA,P2 | Class A | no website found on Google,,Car Detailers
Golden State Auto Detail,,+1-707-639-8827,,"411 Main St, Suisun City, CA 94585, United States",Fairfield,CA,P2 | Class A | no website found on Google,,Car Detailers
Lavadita Mobile Detailing,,+1-707-590-8077,,,Fairfield,CA,P2 | Class A | no website found on Google,,Car Detailers
MarinBay Mobile Detailing,,+1-707-384-1079,,,Fairfield,CA,P2 | Class A | no website found on Google,,Car Detailers
Norcal Auto Mobile Detailing,,+1-707-359-8362,,"1942 Northwood Dr, Vacaville, CA 95687, United States",Fairfield,CA,P2 | Class A | no website found on Google,,Car Detailers
Premium Polish Auto Detailing,,+1-707-803-6637,,,Fairfield,CA,P2 | Class A | no website found on Google,,Car Detailers
Quality Mobile Detailing,,+1-707-688-1146,,,Fairfield,CA,P2 | Class A | no website found on Google,,Car Detailers
RaulsAutoDetailing,,+1-707-438-8318,,"200 Sacramento St, Suisun City, CA 94585, United States",Fairfield,CA,P2 | Class A | no website found on Google,,Car Detailers
Sagil Detailing,,+1-480-395-9241,,,Fairfield,CA,P2 | Class A | no website found on Google,,Car Detailers
Sam''s Auto Detail,,+1-650-276-6717,,"Falcon Dr, Fairfield, CA 94533, United States",Fairfield,CA,P2 | Class A | no website found on Google,,Car Detailers
Streets mobile carwash,,+1-707-635-3485,,,Fairfield,CA,P2 | Class A | no website found on Google,,Car Detailers
True Ride Detail,,+1-707-828-1971,,,Fairfield,CA,P2 | Class A | no website found on Google,,Car Detailers
Folsom Brothers Detailing,,+1-916-673-8916,,,Folsom,CA,P2 | Class A | no website found on Google,,Car Detailers
Folsom mobile detailing,,+1-916-893-6903,,"2412 Cottage Way, Sacramento, CA 95825, United States",Folsom,CA,P2 | Class A | no website found on Google,,Car Detailers
GlossFusion Detailing,,+1-916-707-7197,,"412 Turn Pike Dr, Folsom, CA 95630, United States",Folsom,CA,P2 | Class A | no website found on Google,,Car Detailers
JS Motorsports,,+1-916-201-5985,,,Folsom,CA,P2 | Class A | no website found on Google,,Car Detailers
OG Mobile Detailing,,+1-916-936-7123,,,Folsom,CA,P2 | Class A | no website found on Google,,Car Detailers
Revive Detail Works,,+1-279-264-3114,,,Folsom,CA,P2 | Class A | no website found on Google,,Car Detailers
SudStuds Mobile Detailing,,+1-916-586-1124,,,Folsom,CA,P2 | Class A | no website found on Google,,Car Detailers
Transform Auto Detailing,,+1-916-295-3123,,,Folsom,CA,P2 | Class A | no website found on Google,,Car Detailers
AR Detailing,,+1-626-634-5475,,"Randall Ave, Fontana, CA 92335, United States",Fontana,CA,P2 | Class A | no website found on Google,,Car Detailers
Alansdetailwashshine45,,+1-840-271-9407,,"16656 Randall Ave, Fontana, CA 92335, United States",Fontana,CA,P2 | Class A | no website found on Google,,Car Detailers
Alvarez Auto Detail,,+1-909-346-8217,,,Fontana,CA,P2 | Class A | no website found on Google,,Car Detailers
Arts Mobile Detailz,,+1-626-723-6414,,,Fontana,CA,P2 | Class A | no website found on Google,,Car Detailers
Bbl_detailing,,+1-909-446-2753,,"7475 Boxwood Ave, Fontana, CA 92336, United States",Fontana,CA,P2 | Class A | no website found on Google,,Car Detailers
Bell's Mobile Detailing,,+1-951-750-8234,,"994 N Teakwood Ave, Rialto, CA 92376, United States",Fontana,CA,P2 | Class A | no website found on Google,,Car Detailers
Caliluxx Mobile Detail,,+1-909-828-5504,,"9764 Lime Ave, Fontana, CA 92335, United States",Fontana,CA,P2 | Class A | no website found on Google,,Car Detailers
Car Detailing Explicit Auto Detailing,,+1-323-402-2694,,"15400 Gatwick Ave, Fontana, CA 92336, United States",Fontana,CA,P2 | Class A | no website found on Google,,Car Detailers
Catalyst Mobile Detailing,,+1-626-346-6425,,,Fontana,CA,P2 | Class A | no website found on Google,,Car Detailers
Chapala Express Detail,,+1-909-550-7090,,"15891 Foothill Blvd Ste 5, Fontana, CA 92335, United States",Fontana,CA,P2 | Class A | no website found on Google,,Car Detailers
Convenient Mobile Detail LLC,,+1-909-441-6963,,"Fontana, CA 92336, United States",Fontana,CA,P2 | Class A | no website found on Google,,Car Detailers
Cruz Mobile Auto Spa,,+1-909-565-5666,,"14978 Rosemary Dr, Fontana, CA 92335, United States",Fontana,CA,P2 | Class A | no website found on Google,,Car Detailers
Detail Warriors,,+1-317-986-0374,,"9068 Sierra Ave., Fontana, CA 92335, United States",Fontana,CA,P2 | Class A | no website found on Google,,Car Detailers
Eddie’s Detailing,,+1-909-452-6314,,,Fontana,CA,P2 | Class A | no website found on Google,,Car Detailers
Empire Mobile Detail,,+1-317-677-4541,,,Fontana,CA,P2 | Class A | no website found on Google,,Car Detailers
Gloss auto mobile detailing,,+1-909-373-5989,,,Fontana,CA,P2 | Class A | no website found on Google,,Car Detailers
Go Big Auto Detailing,,+1-909-977-2035,,"11895 savona dr, Fontana, CA 92336, United States",Fontana,CA,P2 | Class A | no website found on Google,,Car Detailers
Issa's Professional Mobile Detailing,,+1-909-510-1282,,"7593 Los Olivos Pl, Rancho Cucamonga, CA 91739, United States",Fontana,CA,P2 | Class A | no website found on Google,,Car Detailers
J&E Auto Detailing,,+1-909-538-7286,,"1531 W Rialto Ave, Fontana, CA 92335, United States",Fontana,CA,P2 | Class A | no website found on Google,,Car Detailers
Lizardo's Auto Detailing,,+1-909-732-3453,,,Fontana,CA,P2 | Class A | no website found on Google,,Car Detailers
MD DETAILING Professional mobile detail,,+1-909-346-8041,,"11339 Mountain View Dr, Rancho Cucamonga, CA 91730, United States",Fontana,CA,P2 | Class A | no website found on Google,,Car Detailers
Precision Shine Mobile Detailing LLC,,+1-909-782-8860,,,Fontana,CA,P2 | Class A | no website found on Google,,Car Detailers
Rancho Cucamonga Cali Auto Mobile Car Wash and Detail (II),,+1-909-487-8910,,,Fontana,CA,P2 | Class A | no website found on Google,,Car Detailers
Royal Auto Detail,,+1-909-252-6308,,"16630 Foothill Blvd, Fontana, CA 92335, United States",Fontana,CA,P2 | Class A | no website found on Google,,Car Detailers
SOFT-TOUCH DETAILING,,+1-909-320-9361,,"12505 S Mainstreet, Rancho Cucamonga, CA 91739, United States",Fontana,CA,P2 | Class A | no website found on Google,,Car Detailers
SS Mobile Detailing,,+1-310-956-5915,,,Fontana,CA,P2 | Class A | no website found on Google,,Car Detailers
TORREY Mobile Detailing & Car Wash,,+1-909-644-0935,,,Fontana,CA,P2 | Class A | no website found on Google,,Car Detailers
Vic's Mobile Wash,,+1-559-284-9116,,,Fontana,CA,P2 | Class A | no website found on Google,,Car Detailers
Visualfinish Detailing,,+1-909-549-4331,,,Fontana,CA,P2 | Class A | no website found on Google,,Car Detailers
Z’S Mobile Detailing,,+1-909-241-9947,,"18829 Orange St, Bloomington, CA 92316, United States",Fontana,CA,P2 | Class A | no website found on Google,,Car Detailers
Best Mobile Auto Detailing,,+1-408-509-5951,,"301 Educational Park Dr, San Jose, CA 95133, United States",Fremont,CA,P2 | Class A | no website found on Google,,Car Detailers
East Bay Auto Detail,,+1-510-402-8390,,"Eugene St, Fremont, CA 94538, United States",Fremont,CA,P2 | Class A | no website found on Google,,Car Detailers
Interstate Mobile Detailing,,+1-510-901-9998,,,Fremont,CA,P2 | Class A | no website found on Google,,Car Detailers
JRS Mobile Auto Spa,,+1-408-582-4365,,,Fremont,CA,P2 | Class A | no website found on Google,,Car Detailers
Luxury Lather Detailing,,+1-510-468-4566,,,Fremont,CA,P2 | Class A | no website found on Google,,Car Detailers
OMG Mobile Auto / RV Detailing,,+1-408-320-3847,,"3559 Oakleaf Dr, San Jose, CA 95127, United States",Fremont,CA,P2 | Class A | no website found on Google,,Car Detailers
RNR Auto Spa,,+1-510-828-1215,,"Oregon St, Union City, CA 94587, United States",Fremont,CA,P2 | Class A | no website found on Google,,Car Detailers
THE DETAIL GOD Mobile Detailing LLC,,+1-510-485-6032,,,Fremont,CA,P2 | Class A | no website found on Google,,Car Detailers
Bigu’s Auto Detail,,+1-714-391-1118,,"3655 W San Jose Ave Apt 162, Fresno, CA 93711, United States",Fresno,CA,P2 | Class A | no website found on Google,,Car Detailers
Bloom Auto Detailing,,+1-559-767-8404,,"5348 N Antioch Ave, Fresno, CA 93722, United States",Fresno,CA,P2 | Class A | no website found on Google,,Car Detailers
Blue Water Car Detailing,,+1-559-920-6095,,"1543 E Cornell Ave, Fresno, CA 93704, United States",Fresno,CA,P2 | Class A | no website found on Google,,Car Detailers
Brothers mobile car & truck detailing LLC,,+1-559-200-9125,,"5655 W Pine Ave, Fresno, CA 93722, United States",Fresno,CA,P2 | Class A | no website found on Google,,Car Detailers
Carmona Detailing,,+1-559-712-9375,,"2142 Mayfair Dr E, Fresno, CA 93703, United States",Fresno,CA,P2 | Class A | no website found on Google,,Car Detailers
Catrina Auto Detailing,,+1-559-573-5695,,"1480 N Blackstone Ave, Fresno, CA 93703, United States",Fresno,CA,P2 | Class A | no website found on Google,,Car Detailers
Crown Car Detailing of Fresno,,+1-559-354-2917,,"802 Fulton St, Fresno, CA 93721, United States",Fresno,CA,P2 | Class A | no website found on Google,,Car Detailers
Custom Polishing by Ralph Avery,,+1-559-207-1630,,"5494 E Lamona Ave Ste 120, Fresno, CA 93727, United States",Fresno,CA,P2 | Class A | no website found on Google,,Car Detailers
Detail Tech,,+1-559-919-6070,,"3907 E Belmont Ave, Fresno, CA 93702, United States",Fresno,CA,P2 | Class A | no website found on Google,,Car Detailers
EG Mobile Automotive Detailing and Mechanical,,+1-559-214-8794,,"620 W Hawes Ave, Fresno, CA 93706, United States",Fresno,CA,P2 | Class A | no website found on Google,,Car Detailers
Executive Auto Spa Detailing,,+1-559-396-9670,,"3770 N Marty Ave B, Fresno, CA 93722, United States",Fresno,CA,P2 | Class A | no website found on Google,,Car Detailers
E’s auto shine,,+1-559-513-7209,,"1945 E Home Ave, Fresno, CA 93703, United States",Fresno,CA,P2 | Class A | no website found on Google,,Car Detailers
FS DETAILING,,+1-559-691-1510,,"4556 E University Ave, Fresno, CA 93703, United States",Fresno,CA,P2 | Class A | no website found on Google,,Car Detailers
First Class Auto Detailing,,+1-559-701-9995,,"2384 S Whitney Ave, Fresno, CA 93725, United States",Fresno,CA,P2 | Class A | no website found on Google,,Car Detailers
Fresno Detailing Pros,,+1-209-801-6405,,"7621 N Del Mar Ave, Fresno, CA 93711, United States",Fresno,CA,P2 | Class A | no website found on Google,,Car Detailers
Js auto detailing,,+1-559-240-8814,,"1654 E Home Ave, Fresno, CA 93728, United States",Fresno,CA,P2 | Class A | no website found on Google,,Car Detailers
KayCentral Detail,,+1-559-341-9673,,"4625 W Jennifer Ave #112, Fresno, CA 93722, United States",Fresno,CA,P2 | Class A | no website found on Google,,Car Detailers
Lazer Shine Auto Detailing,,+1-559-439-8345,,"1847 E Gettysburg Ave B, Fresno, CA 93726, United States",Fresno,CA,P2 | Class A | no website found on Google,,Car Detailers
Lua Auto Detailing & Mobile,,+1-559-513-9739,,,Fresno,CA,P2 | Class A | no website found on Google,,Car Detailers
MD Auto Detailing,,+1-559-538-5899,,,Fresno,CA,P2 | Class A | no website found on Google,,Car Detailers
Magic Touch Auto Detailing 559,,+1-559-951-4421,,"2575 N Blackstone Ave Ste B, Fresno, CA 93703, United States",Fresno,CA,P2 | Class A | no website found on Google,,Car Detailers
Matt’s Mobile Detailing,,+1-559-776-3745,,,Fresno,CA,P2 | Class A | no website found on Google,,Car Detailers
Moreno’s Mobile Auto Detailing,,+1-559-301-6159,,"4316 W Dudley Ave, Fresno, CA 93722, United States",Fresno,CA,P2 | Class A | no website found on Google,,Car Detailers
NX Level Auto Detailing,,+1-559-346-8815,,"5045 W Sierra Ave, Fresno, CA 93722, United States",Fresno,CA,P2 | Class A | no website found on Google,,Car Detailers
Nate’s detailing,,+1-559-203-9925,,"4419 N Laureen Ave, Fresno, CA 93726, United States",Fresno,CA,P2 | Class A | no website found on Google,,Car Detailers
Pablo's Auto Detail,,+1-559-233-5820,,"633 Van Ness Ave, Fresno, CA 93721, United States",Fresno,CA,P2 | Class A | no website found on Google,,Car Detailers
Pacheco Detailing,,+1-559-653-6915,,"6447 N Dolores Ave, Fresno, CA 93711, United States",Fresno,CA,P2 | Class A | no website found on Google,,Car Detailers
Pure Diamond Auto Spa,,+1-559-374-4449,,"3541 W Holland Ave, Fresno, CA 93722, United States",Fresno,CA,P2 | Class A | no website found on Google,,Car Detailers
Quality Car Detailing,,+1-559-237-6988,,"1228 N Doon Way, Fresno, CA 93703, United States",Fresno,CA,P2 | Class A | no website found on Google,,Car Detailers
R M Mobile Detailing,,+1-559-761-6665,,"Fresno, CA 93702, United States",Fresno,CA,P2 | Class A | no website found on Google,,Car Detailers
Rc Premium Detailing,,+1-559-899-4354,,"475 W Sierra Ave, Fresno, CA 93704, United States",Fresno,CA,P2 | Class A | no website found on Google,,Car Detailers
Rojas mobile detailing Fresno,,+1-559-301-2467,,,Fresno,CA,P2 | Class A | no website found on Google,,Car Detailers
Sharp Shine Mobile Auto Detail,,+1-559-934-5141,,,Fresno,CA,P2 | Class A | no website found on Google,,Car Detailers
Sophie’s Auto Detail,,+1-559-317-2114,,"1470 N Jackson Ave, Fresno, CA 93703, United States",Fresno,CA,P2 | Class A | no website found on Google,,Car Detailers
Super Wet Mobile Detailing,,+1-559-319-3448,,"351 N Abby St, Fresno, CA 93701, United States",Fresno,CA,P2 | Class A | no website found on Google,,Car Detailers
Unique Auto Detailing,,+1-559-286-3326,,"3303 E McKenzie Ave, Fresno, CA 93702, United States",Fresno,CA,P2 | Class A | no website found on Google,,Car Detailers
A&R mobile auto detailing,,+1-562-524-5854,,"321 La Serna Dr, La Habra, CA 90631, United States",Fullerton,CA,P2 | Class A | no website found on Google,,Car Detailers
Advanced Auto Dynamics,,+1-714-398-4541,,"719 Monroe Way, Placentia, CA 92870, United States",Fullerton,CA,P2 | Class A | no website found on Google,,Car Detailers
"Arturos Mobile Auto Detail - Auto Detailing, Exterior and Interior Car Washing",,+1-714-476-1975,,,Fullerton,CA,P2 | Class A | no website found on Google,,Car Detailers
BM Shine- Auto Detailing Supplies,,+1-562-458-3922,,"831 E Lambert Rd E, La Habra, CA 90631, United States",Fullerton,CA,P2 | Class A | no website found on Google,,Car Detailers
CarDrew Mobile Car Detailing,,+1-562-241-4345,,,Fullerton,CA,P2 | Class A | no website found on Google,,Car Detailers
Classic Shine Detailing,,+1-714-584-5422,,"Fullerton, CA 92833, United States",Fullerton,CA,P2 | Class A | no website found on Google,,Car Detailers
Crème Auto Detailing,,+1-714-732-2760,,"709 Monroe Way, Placentia, CA 92870, United States",Fullerton,CA,P2 | Class A | no website found on Google,,Car Detailers
Detail Therapy,,+1-714-684-6066,,"2017 W Commonwealth Ave ste t, Fullerton, CA 92833, United States",Fullerton,CA,P2 | Class A | no website found on Google,,Car Detailers
EL Auto Detailing,,+1-714-770-4899,,"1401 S Harbor Blvd, La Habra, CA 90631, United States",Fullerton,CA,P2 | Class A | no website found on Google,,Car Detailers
Grime N Shine Mobile Detailing,,+1-714-341-3165,,,Fullerton,CA,P2 | Class A | no website found on Google,,Car Detailers
Hi Perf. Auto Detailing,,+1-949-354-7811,,"1920 E Cypress St, Anaheim, CA 92805, United States",Fullerton,CA,P2 | Class A | no website found on Google,,Car Detailers
JP Auto Mobile Detailing,,+1-562-781-5985,,"309 Lois St, La Habra, CA 90631, United States",Fullerton,CA,P2 | Class A | no website found on Google,,Car Detailers
Johnny's Detailing OC,,+1-714-497-3709,,"498 N State College Blvd, Anaheim, CA 92806, United States",Fullerton,CA,P2 | Class A | no website found on Google,,Car Detailers
Juanito's Mobile Wash,,+1-714-586-0433,,,Fullerton,CA,P2 | Class A | no website found on Google,,Car Detailers
Mobile Shine Auto Reconditioning Specialist,,+1-714-272-5830,,,Fullerton,CA,P2 | Class A | no website found on Google,,Car Detailers
Mobile Wash and Detail,,+1-562-329-7946,,"15262 Goodhue St, Whittier, CA 90604, United States",Fullerton,CA,P2 | Class A | no website found on Google,,Car Detailers
Mobile car wash & auto detailing,,+1-760-886-3869,,"N Marian St, La Habra, CA 90631, United States",Fullerton,CA,P2 | Class A | no website found on Google,,Car Detailers
Platinum detailing,,+1-657-514-3428,,"2655 Milton Ave Apt 24, Fullerton, CA 92831, United States",Fullerton,CA,P2 | Class A | no website found on Google,,Car Detailers
SIMMONS MOBILE DETAIL,,+1-714-737-9538,,"2271 W Malvern Ave #22, Fullerton, CA 92833, United States",Fullerton,CA,P2 | Class A | no website found on Google,,Car Detailers
Street Rage Mobile Car Wash & Detailing,,+1-714-467-5396,,,Fullerton,CA,P2 | Class A | no website found on Google,,Car Detailers
The Exotic Touch Mobile Detailing,,+1-714-767-3907,,"1721 E Lambert Rd Ste A, La Habra, CA 90631, United States",Fullerton,CA,P2 | Class A | no website found on Google,,Car Detailers
Tony's Mobile & Supplies,,+1-714-488-8230,,"1013 N Euclid St, Anaheim, CA 92801, United States",Fullerton,CA,P2 | Class A | no website found on Google,,Car Detailers
Enhanced Mobile Detailing,,+1-209-251-5141,,,Galt,CA,P2 | Class A | no website found on Google,,Car Detailers
High Life Detailing,,+1-209-781-3097,,,Galt,CA,P2 | Class A | no website found on Google,,Car Detailers
LPS Detailing,,+1-209-263-5112,,,Galt,CA,P2 | Class A | no website found on Google,,Car Detailers
Plat Detailing,,+1-650-921-9495,,"Galt, CA 95632, United States",Galt,CA,P2 | Class A | no website found on Google,,Car Detailers
Rivas auto revival,,+1-916-306-3639,,,Galt,CA,P2 | Class A | no website found on Google,,Car Detailers
StarCity Auto Detailing,,+1-209-693-0794,,,Galt,CA,P2 | Class A | no website found on Google,,Car Detailers
Transformation Brothers Mobile Detailing LLC,,+1-530-830-2537,,,Galt,CA,P2 | Class A | no website found on Google,,Car Detailers
Absolute Auto Spa,,+1-323-271-7528,,"11841 Cardinal Cir, Garden Grove, CA 92843, United States",Garden Grove,CA,P2 | Class A | no website found on Google,,Car Detailers
Blue Kraken Mobile Auto Detailing,,+1-657-200-1531,,,Garden Grove,CA,P2 | Class A | no website found on Google,,Car Detailers
Delgado Auto Detailing,,+1-714-235-0486,,,Garden Grove,CA,P2 | Class A | no website found on Google,,Car Detailers
Detailing Super Store,,+1-949-424-6008,,"13235 Harbor Blvd, Garden Grove, CA 92843, United States",Garden Grove,CA,P2 | Class A | no website found on Google,,Car Detailers
EZ1 MOBILE DETAILING,,+1-714-818-3498,,,Garden Grove,CA,P2 | Class A | no website found on Google,,Car Detailers
GA Auto Detailing,,+1-714-766-2719,,,Garden Grove,CA,P2 | Class A | no website found on Google,,Car Detailers
"Glossy Mobile Car Detailing of Santa Ana, CA",,+1-657-837-2631,,"2029 W 1st St, Santa Ana, CA 92703, United States",Garden Grove,CA,P2 | Class A | no website found on Google,,Car Detailers
Gutierrez Auto Detail,,+1-714-900-6683,,,Garden Grove,CA,P2 | Class A | no website found on Google,,Car Detailers
HomeTown Mobile Car Detailing,,+1-714-589-6829,,,Garden Grove,CA,P2 | Class A | no website found on Google,,Car Detailers
Los Chicos Company Mobile Auto Detail,,+1-657-566-0632,,,Garden Grove,CA,P2 | Class A | no website found on Google,,Car Detailers
Luxury Auto Detailing,,+1-714-631-2470,,,Garden Grove,CA,P2 | Class A | no website found on Google,,Car Detailers
Luxury Auto Spa Mobile Detailing,,+1-714-603-0780,,,Garden Grove,CA,P2 | Class A | no website found on Google,,Car Detailers
Magic auto detail,,+1-714-329-2527,,"15179 Moran St, Westminster, CA 92683, United States",Garden Grove,CA,P2 | Class A | no website found on Google,,Car Detailers
Mr.Suds Mobile Detailing,,+1-310-421-8604,,,Garden Grove,CA,P2 | Class A | no website found on Google,,Car Detailers
Onyx Auto Detailing,,+1-714-231-9545,,,Garden Grove,CA,P2 | Class A | no website found on Google,,Car Detailers
RicosMobileDetailing,,+1-657-261-0853,,,Garden Grove,CA,P2 | Class A | no website found on Google,,Car Detailers
Ride N Shine Car Detailing,,+1-657-348-4789,,"7882 15th St, Westminster, CA 92683, United States",Garden Grove,CA,P2 | Class A | no website found on Google,,Car Detailers
RoadRunner Auto Spa,,+1-714-353-6141,,,Garden Grove,CA,P2 | Class A | no website found on Google,,Car Detailers
Shine & go detailing,,+1-714-336-8628,,,Garden Grove,CA,P2 | Class A | no website found on Google,,Car Detailers
Speed wagon mobile detail inc,,+1-714-650-1813,,,Garden Grove,CA,P2 | Class A | no website found on Google,,Car Detailers
SpotlessFam Detailing,,+1-657-226-7125,,"Garden Grove Blvd, Garden Grove, CA 92840, United States",Garden Grove,CA,P2 | Class A | no website found on Google,,Car Detailers
Superior Automotive Detailing,,+1-714-574-8674,,,Garden Grove,CA,P2 | Class A | no website found on Google,,Car Detailers
Walt Formula Detail Care,,+1-949-415-8334,,"12861 West St, Garden Grove, CA 92840, United States",Garden Grove,CA,P2 | Class A | no website found on Google,,Car Detailers
Westlake Mobile Detailing,,+1-714-269-0840,,"13371 Westlake St, Garden Grove, CA 92843, United States",Garden Grove,CA,P2 | Class A | no website found on Google,,Car Detailers
Xtreme Auto Detail,,+1-213-915-1931,,,Garden Grove,CA,P2 | Class A | no website found on Google,,Car Detailers
“The detail kid” mobile detailing,,+1-714-499-4252,,,Garden Grove,CA,P2 | Class A | no website found on Google,,Car Detailers
A&J Sudz,,+1-408-206-1901,,,Gilroy,CA,P2 | Class A | no website found on Google,,Car Detailers
Coastline Car Care,,+1-669-208-9984,,,Gilroy,CA,P2 | Class A | no website found on Google,,Car Detailers
Crown Detailing Gilroy Car Detailing,,+1-669-239-1730,,,Gilroy,CA,P2 | Class A | no website found on Google,,Car Detailers
Danny's Mobile Auto Detailing,,+1-408-393-7518,,,Gilroy,CA,P2 | Class A | no website found on Google,,Car Detailers
El Gordo Scrubs,,+1-408-857-8882,,,Gilroy,CA,P2 | Class A | no website found on Google,,Car Detailers
Elite Auto Glow,,+1-831-837-7652,,,Gilroy,CA,P2 | Class A | no website found on Google,,Car Detailers
Famous Mobile Detail,,+1-408-590-8197,,"325 Cohansey Ave, Gilroy, CA 95020, United States",Gilroy,CA,P2 | Class A | no website found on Google,,Car Detailers
Fast And Furious Detail,,+1-408-722-8923,,"6901 Monterey Rd # C, Gilroy, CA 95020, United States",Gilroy,CA,P2 | Class A | no website found on Google,,Car Detailers
Front Line Auto Detail LLC,,+1-669-888-4561,,,Gilroy,CA,P2 | Class A | no website found on Google,,Car Detailers
JlDetailing ceramic coatings,,+1-831-537-6374,,,Gilroy,CA,P2 | Class A | no website found on Google,,Car Detailers
Primo Mobile Detailing,,+1-831-741-8535,,,Gilroy,CA,P2 | Class A | no website found on Google,,Car Detailers
RC Mobile Detailing,,+1-209-996-7230,,,Gilroy,CA,P2 | Class A | no website found on Google,,Car Detailers
South Valley Mobile Detailing,,+1-669-304-8624,,,Gilroy,CA,P2 | Class A | no website found on Google,,Car Detailers
Willy's Wash ~N~ Wax,,+1-408-312-9961,,,Gilroy,CA,P2 | Class A | no website found on Google,,Car Detailers
Big Bruce Mobile Detailing,,+1-213-949-8210,,"3030 N Eagle Rock Blvd, Los Angeles, CA 90065, United States",Glendale,CA,P2 | Class A | no website found on Google,,Car Detailers
LA EMPIRE AUTO DETAIL,,+1-213-330-5040,,"1871 Colorado Blvd, Eagle Rock, CA 90041, United States",Glendale,CA,P2 | Class A | no website found on Google,,Car Detailers
Ocean Auto Detail,,+1-818-541-0066,,"3520 Ocean View Blvd, Glendale, CA 91208, United States",Glendale,CA,P2 | Class A | no website found on Google,,Car Detailers
Paradise 1 Mobile Car Wash & Detailing,,+1-213-279-6821,,,Glendale,CA,P2 | Class A | no website found on Google,,Car Detailers
Paul's Mobile Detailing,,+1-213-585-7861,,,Glendale,CA,P2 | Class A | no website found on Google,,Car Detailers
Pro Clean Auto Spa,,+1-213-933-9993,,,Glendale,CA,P2 | Class A | no website found on Google,,Car Detailers
SW Auto Mobile Car Wash Car Detailing,,+1-818-826-3417,,,Glendale,CA,P2 | Class A | no website found on Google,,Car Detailers
Satin Detailing,,+1-805-727-3161,,"611 Orange Grove Ave, Glendale, CA 91205, United States",Glendale,CA,P2 | Class A | no website found on Google,,Car Detailers
Step Back Mobile Detail,,+1-818-860-6885,,,Glendale,CA,P2 | Class A | no website found on Google,,Car Detailers
Supreme Mobile Detail,,+1-323-388-9088,,,Glendale,CA,P2 | Class A | no website found on Google,,Car Detailers
System-J Detailing,,+1-818-590-5969,,"Glendale, CA 91204, United States",Glendale,CA,P2 | Class A | no website found on Google,,Car Detailers
Vechy's Mobile Car Detailing,,+1-818-928-9825,,,Glendale,CA,P2 | Class A | no website found on Google,,Car Detailers
Amazing Details,,+1-530-615-1856,,"800 E Main St, Grass Valley, CA 95945, United States",Grass Valley,CA,P2 | Class A | no website found on Google,,Car Detailers
Godspeed Details,,+1-530-575-0021,,,Grass Valley,CA,P2 | Class A | no website found on Google,,Car Detailers
NorCal Dependable Mobile Detailing,,+1-530-648-8331,,,Grass Valley,CA,P2 | Class A | no website found on Google,,Car Detailers
Prince Mobile Detailing,,+1-530-813-5760,,"18543 Wolf Creek Rd, Grass Valley, CA 95949, United States",Grass Valley,CA,P2 | Class A | no website found on Google,,Car Detailers
Rich's Wash & Wax Auto Detailmmobilesteam,,+1-530-477-3308,,"536eastmain unit c, Grass Valley, CA 95945, United States",Grass Valley,CA,P2 | Class A | no website found on Google,,Car Detailers
California Detailing,,+1-559-816-8597,,,Hanford,CA,P2 | Class A | no website found on Google,,Car Detailers
Detail perfection,,+1-559-572-0200,,"13151 12th Ave, Hanford, CA 93230, United States",Hanford,CA,P2 | Class A | no website found on Google,,Car Detailers
Garcia Detailing,,+1-559-817-7911,,,Hanford,CA,P2 | Class A | no website found on Google,,Car Detailers
Gnars Detailing,,+1-863-624-7360,,,Hanford,CA,P2 | Class A | no website found on Google,,Car Detailers
INC Mobile Detail,,+1-559-500-0469,,"13530 Hood Ave, Hanford, CA 93230, United States",Hanford,CA,P2 | Class A | no website found on Google,,Car Detailers
Imago Dei Detailing,,+1-559-415-5544,,,Hanford,CA,P2 | Class A | no website found on Google,,Car Detailers
Mamba Auto Detailing,,+1-209-777-1478,,,Hanford,CA,P2 | Class A | no website found on Google,,Car Detailers
Mint Conditions Auto Detailing,,+1-559-423-3359,,"861 Woodridge Cir, Lemoore, CA 93245, United States",Hanford,CA,P2 | Class A | no website found on Google,,Car Detailers
Miranda’s detailing,,+1-559-717-9132,,,Hanford,CA,P2 | Class A | no website found on Google,,Car Detailers
NeighborWash Detaling,,+1-559-796-9786,,"1430 Bengston Ave, Hanford, CA 93230, United States",Hanford,CA,P2 | Class A | no website found on Google,,Car Detailers
Prevail Mobile Detail,,+1-559-381-2750,,"1231 Van Ct, Hanford, CA 93230, United States",Hanford,CA,P2 | Class A | no website found on Google,,Car Detailers
Refine Detailing,,+1-559-415-3472,,,Hanford,CA,P2 | Class A | no website found on Google,,Car Detailers
Ruelas Detailing,,+1-424-386-6189,,,Hanford,CA,P2 | Class A | no website found on Google,,Car Detailers
Spotless Detailing LLC,,+1-559-530-2189,,,Hanford,CA,P2 | Class A | no website found on Google,,Car Detailers
SunriseAutoDetails,,+1-559-772-7776,,,Hanford,CA,P2 | Class A | no website found on Google,,Car Detailers
The Detail Lizards,,+1-678-356-7131,,,Hanford,CA,P2 | Class A | no website found on Google,,Car Detailers
The Detail Room,,+1-559-413-2687,,,Hanford,CA,P2 | Class A | no website found on Google,,Car Detailers
Total Image Mobile Detailing,,+1-559-585-0275,,,Hanford,CA,P2 | Class A | no website found on Google,,Car Detailers
WishyWashMobileDetailing,,+1-559-365-2701,,,Hanford,CA,P2 | Class A | no website found on Google,,Car Detailers
Witness Perfection Mobile Detailing,,+1-559-530-2972,,,Hanford,CA,P2 | Class A | no website found on Google,,Car Detailers
Auto Detail Mobile,,+1-510-512-3379,,,Hayward,CA,P2 | Class A | no website found on Google,,Car Detailers
Blue Tide Auto Detailers – Mobile Auto Detailing Bay Area,,+1-510-942-1055,,,Hayward,CA,P2 | Class A | no website found on Google,,Car Detailers
Brismars&nicksCarDetailing,,+1-510-206-2783,,"1990 Boca Raton St, Hayward, CA 94545, United States",Hayward,CA,P2 | Class A | no website found on Google,,Car Detailers
Bubble Bay Detail,,+1-510-362-8537,,,Hayward,CA,P2 | Class A | no website found on Google,,Car Detailers
DC Detailing,,+1-510-387-8316,,"391 Ocie Way, Hayward, CA 94541, United States",Hayward,CA,P2 | Class A | no website found on Google,,Car Detailers
Exotic Auto Detailers,,+1-510-571-6036,,"2628 Barrington Ct, Hayward, CA 94545, United States",Hayward,CA,P2 | Class A | no website found on Google,,Car Detailers
Freddy’s Auto Detailing,,+1-510-925-7071,,"22596 Norwood Dr, Hayward, CA 94541, United States",Hayward,CA,P2 | Class A | no website found on Google,,Car Detailers
Grade A Hand Wash & Mobile Detailing,,+1-510-984-9146,,,Hayward,CA,P2 | Class A | no website found on Google,,Car Detailers
Hector’s mobile wash and detailing,,+1-510-276-0819,,,Hayward,CA,P2 | Class A | no website found on Google,,Car Detailers
Intense autodetailing,,+1-209-482-7061,,"21117 Meekland Ave, Hayward, CA 94541, United States",Hayward,CA,P2 | Class A | no website found on Google,,Car Detailers
JB_CARSERVICES,,+1-510-556-7163,,"575 C St, Hayward, CA 94541, United States",Hayward,CA,P2 | Class A | no website found on Google,,Car Detailers
Magic Mike Mobile Car Detailing,,+1-408-509-4226,,,Hayward,CA,P2 | Class A | no website found on Google,,Car Detailers
NorCal Wing Waxers,,+1-707-774-4241,,"20301 Skywest Dr, Hayward, CA 94545, United States",Hayward,CA,P2 | Class A | no website found on Google,,Car Detailers
North West Auto Detail,,+1-510-395-6804,,"24821 Huntwood Ave, Hayward, CA 94544, United States",Hayward,CA,P2 | Class A | no website found on Google,,Car Detailers
Precision Auto Detailing,,+1-510-575-1255,,"24343 Dover Ln, Hayward, CA 94541, United States",Hayward,CA,P2 | Class A | no website found on Google,,Car Detailers
Sauce Lab Auto LLC,,+1-510-775-6255,,"2415 Radley Ct, Hayward, CA 94545, United States",Hayward,CA,P2 | Class A | no website found on Google,,Car Detailers
Sunshine Auto Detailing,,+1-510-727-0976,,"25789 Dollar St, Hayward, CA 94544, United States",Hayward,CA,P2 | Class A | no website found on Google,,Car Detailers
TopTier Detailings,,+1-510-626-5344,,,Hayward,CA,P2 | Class A | no website found on Google,,Car Detailers
West Bay Detail,,+1-650-669-5586,,,Hayward,CA,P2 | Class A | no website found on Google,,Car Detailers
XSteam,,+1-510-359-1341,,"877 Industrial Pkwy W Ste C, Hayward, CA 94544, United States",Hayward,CA,P2 | Class A | no website found on Google,,Car Detailers
ALL IN THE DETAILS MOBILE DETAILING,,+1-951-992-7792,,"440 S Walnut St, Hemet, CA 92543, United States",Hemet,CA,P2 | Class A | no website found on Google,,Car Detailers
Black Clover Detailing,,+1-951-388-4418,,,Hemet,CA,P2 | Class A | no website found on Google,,Car Detailers
Carrera auto detailing,,+1-951-426-1574,,,Hemet,CA,P2 | Class A | no website found on Google,,Car Detailers
Cars & Dirt Detailing,,+1-951-486-8002,,,Hemet,CA,P2 | Class A | no website found on Google,,Car Detailers
Clarito Visto Mobile Detail,,+1-760-212-3241,,"3297 Warley Rd, Hemet, CA 92545, United States",Hemet,CA,P2 | Class A | no website found on Google,,Car Detailers
Danny’s Mobile Detailing,,+1-323-218-1593,,"551 N Girard St, Hemet, CA 92544, United States",Hemet,CA,P2 | Class A | no website found on Google,,Car Detailers
Deez Detailing and care LLC,,+1-951-502-6550,,"W Kimball Ave, Hemet, CA 92543, United States",Hemet,CA,P2 | Class A | no website found on Google,,Car Detailers
Dezert Detail,,+1-951-438-3350,,,Hemet,CA,P2 | Class A | no website found on Google,,Car Detailers
Elite Precision Auto Care,,+1-951-388-8562,,,Hemet,CA,P2 | Class A | no website found on Google,,Car Detailers
Hyper Focus Auto Detail,,+1-760-224-4252,,,Hemet,CA,P2 | Class A | no website found on Google,,Car Detailers
J&J MOBILE DETAILING,,+1-951-543-0023,,"1097 N State St, Hemet, CA 92543, United States",Hemet,CA,P2 | Class A | no website found on Google,,Car Detailers
KPalm Detailz,,+1-951-434-9779,,,Hemet,CA,P2 | Class A | no website found on Google,,Car Detailers
LCJ Mobile detailing,,+1-951-732-3081,,"2348 S San Jacinto Ave, San Jacinto, CA 92583, United States",Hemet,CA,P2 | Class A | no website found on Google,,Car Detailers
Last kings detailing,,+1-562-712-7715,,,Hemet,CA,P2 | Class A | no website found on Google,,Car Detailers
Luxworks_detailing,,+1-951-388-7215,,,Hemet,CA,P2 | Class A | no website found on Google,,Car Detailers
MMZ auto detailing,,+1-619-572-1661,,"174 La Boca St, San Jacinto, CA 92582, United States",Hemet,CA,P2 | Class A | no website found on Google,,Car Detailers
Moe’s Auto Spa,,+1-909-705-6098,,,Hemet,CA,P2 | Class A | no website found on Google,,Car Detailers
Olympias Mobile Detailing,,+1-951-394-5627,,,Hemet,CA,P2 | Class A | no website found on Google,,Car Detailers
Precision Auto Mobile Detailing,,+1-909-688-0543,,,Hemet,CA,P2 | Class A | no website found on Google,,Car Detailers
Prime Detailing and Ceramic Coating,,+1-714-715-5422,,,Hemet,CA,P2 | Class A | no website found on Google,,Car Detailers
Prince Mobile Detail,,+1-951-783-8018,,"1750 Mundo Dr, Hemet, CA 92545, United States",Hemet,CA,P2 | Class A | no website found on Google,,Car Detailers
RVM Auto Detailing,,+1-951-229-4205,,,Hemet,CA,P2 | Class A | no website found on Google,,Car Detailers
S.J Auto Detail,,+1-951-537-9670,,"41486 Whittier Ave, Hemet, CA 92544, United States",Hemet,CA,P2 | Class A | no website found on Google,,Car Detailers
Splashy Bubbles Mobile Auto Detailing,,+1-951-708-6705,,"782 Suncup Cir, Hemet, CA 92543, United States",Hemet,CA,P2 | Class A | no website found on Google,,Car Detailers
Ultimate Shine Detailing llc,,+1-951-404-9177,,,Hemet,CA,P2 | Class A | no website found on Google,,Car Detailers
Velorex Auto Detailing,,+1-909-999-1109,,,Hemet,CA,P2 | Class A | no website found on Google,,Car Detailers
Willowalk Mobile Detailing,,+1-951-438-8151,,"3075 Caper Bush Ct, Hemet, CA 92545, United States",Hemet,CA,P2 | Class A | no website found on Google,,Car Detailers
Zia Details,,+1-951-772-7633,,,Hemet,CA,P2 | Class A | no website found on Google,,Car Detailers
Elite Car Details,,+1-323-893-2873,,,Hesperia,CA,P2 | Class A | no website found on Google,,Car Detailers
ExplicitAutoCare,,+1-626-422-7413,,,Hesperia,CA,P2 | Class A | no website found on Google,,Car Detailers
Extreme detailing,,+1-442-369-6613,,"8889 10th Ave, Hesperia, CA 92345, United States",Hesperia,CA,P2 | Class A | no website found on Google,,Car Detailers
Garcia Truck Wash,,+1-909-548-9880,,,Hesperia,CA,P2 | Class A | no website found on Google,,Car Detailers
Guero's Mobil Carwash And Detail,,+1-909-292-6232,,,Hesperia,CA,P2 | Class A | no website found on Google,,Car Detailers
HDDETAILLAB,,+1-951-336-6197,,"10266 Tamarisk Ave, Hesperia, CA 92345, United States",Hesperia,CA,P2 | Class A | no website found on Google,,Car Detailers
High Desert Auto Detailing & Spa,,+1-760-474-3916,,"15072 Gravilla Rd, Victorville, CA 92392, United States",Hesperia,CA,P2 | Class A | no website found on Google,,Car Detailers
J.T. Mobile Auto Detailing,,+1-442-229-6287,,,Hesperia,CA,P2 | Class A | no website found on Google,,Car Detailers
Mando’s Auto Detail,,+1-909-202-2759,,,Hesperia,CA,P2 | Class A | no website found on Google,,Car Detailers
Maurice's Automotive Detailing,,+1-442-382-0936,,,Hesperia,CA,P2 | Class A | no website found on Google,,Car Detailers
Stay Clean Auto Detailing,,+1-760-812-8586,,,Hesperia,CA,P2 | Class A | no website found on Google,,Car Detailers
Streamline Detailing,,+1-951-323-0271,,"Ranchero Rd, Hesperia, CA 92345, United States",Hesperia,CA,P2 | Class A | no website found on Google,,Car Detailers
Sunrise Auto Detail,,+1-760-605-9697,,"10425 Shahaptian Ave, Hesperia, CA 92345, United States",Hesperia,CA,P2 | Class A | no website found on Google,,Car Detailers
Tough Details,,+1-909-278-0406,,"7020 Kenyon Ave, Hesperia, CA 92345, United States",Hesperia,CA,P2 | Class A | no website found on Google,,Car Detailers
Valencia’s Detailing,,+1-442-356-1580,,"19110 Sheffield St, Hesperia, CA 92345, United States",Hesperia,CA,P2 | Class A | no website found on Google,,Car Detailers
Victorious Auto Detail,,+1-760-508-6854,,"10232 I Ave #7, Hesperia, CA 92345, United States",Hesperia,CA,P2 | Class A | no website found on Google,,Car Detailers
Zerk's Details,,+1-760-713-9246,,"17872 Deodar St, Hesperia, CA 92345, United States",Hesperia,CA,P2 | Class A | no website found on Google,,Car Detailers
California Finest Auto Salon,,+1-831-207-1524,,"41 5th St Ste B, Hollister, CA 95023, United States",Hollister,CA,P2 | Class A | no website found on Google,,Car Detailers
Diamante Detailing LLC,,+1-408-430-2726,,,Hollister,CA,P2 | Class A | no website found on Google,,Car Detailers
E&S mobile detailing,,+1-831-537-6956,,,Hollister,CA,P2 | Class A | no website found on Google,,Car Detailers
Elite Auto Detailing,,+1-831-297-4942,,"40 Thompson St, Hollister, CA 95023, United States",Hollister,CA,P2 | Class A | no website found on Google,,Car Detailers
Forsyth detailing and tint,,+1-831-313-2024,,"1586 Foxtail Ct, Hollister, CA 95023, United States",Hollister,CA,P2 | Class A | no website found on Google,,Car Detailers
Humilde Detailing,,+1-669-400-9241,,,Hollister,CA,P2 | Class A | no website found on Google,,Car Detailers
OT’S MOBILE PERFECT SHINE,,+1-831-821-2437,,,Hollister,CA,P2 | Class A | no website found on Google,,Car Detailers
Pro Spectrum Auto,,+1-408-707-7000,,,Hollister,CA,P2 | Class A | no website found on Google,,Car Detailers
ProShine Auto Detail,,+1-831-265-9881,,,Hollister,CA,P2 | Class A | no website found on Google,,Car Detailers
Royal Clean Detailing,,+1-831-313-6567,,,Hollister,CA,P2 | Class A | no website found on Google,,Car Detailers
Sergio's Auto Detailing,,+1-408-430-4944,,,Hollister,CA,P2 | Class A | no website found on Google,,Car Detailers
Xtreme Wash,,+1-831-673-1639,,,Hollister,CA,P2 | Class A | no website found on Google,,Car Detailers
Ace Mobile Detailing,,+1-714-719-1198,,"3500 Westminster Ave, Santa Ana, CA 92703, United States",Huntington Beach,CA,P2 | Class A | no website found on Google,,Car Detailers
Auto-detailingLM,,+1-714-568-8452,,"California St, Huntington Beach, CA 92648, United States",Huntington Beach,CA,P2 | Class A | no website found on Google,,Car Detailers
Crestview Coastal Auto Detailing,,+1-619-261-4726,,"1771 Crestview Ave, Seal Beach, CA 90740, United States",Huntington Beach,CA,P2 | Class A | no website found on Google,,Car Detailers
Daddydetailing,,+1-562-637-3950,,"7850 Slater Ave #91, Huntington Beach, CA 92647, United States",Huntington Beach,CA,P2 | Class A | no website found on Google,,Car Detailers
Detail360,,+1-844-502-8060,,"6551 Warner Ave, Huntington Beach, CA 92647, United States",Huntington Beach,CA,P2 | Class A | no website found on Google,,Car Detailers
Details on Demand,,+1-714-421-5822,,,Huntington Beach,CA,P2 | Class A | no website found on Google,,Car Detailers
Dunham Mobile Detailing,,+1-909-300-1840,,,Huntington Beach,CA,P2 | Class A | no website found on Google,,Car Detailers
Exteer Detailing,,+1-714-418-6459,,"6742 Auburn Dr, Huntington Beach, CA 92647, United States",Huntington Beach,CA,P2 | Class A | no website found on Google,,Car Detailers
Fast Mobile Ceramic Coatings,,+1-657-251-6504,,,Huntington Beach,CA,P2 | Class A | no website found on Google,,Car Detailers
KaiShine Auto Detailing,,+1-714-786-7614,,,Huntington Beach,CA,P2 | Class A | no website found on Google,,Car Detailers
Lolos Mobile Detailing,,+1-909-991-2475,,"16542 Gothard St, Huntington Beach, CA 92647, United States",Huntington Beach,CA,P2 | Class A | no website found on Google,,Car Detailers
MR. V’S Detail,,+1-714-394-2439,,"7522 Slater Ave Unit 118, Huntington Beach, CA 92647, United States",Huntington Beach,CA,P2 | Class A | no website found on Google,,Car Detailers
Mobile Auto Tech Detailing,,+1-714-395-9226,,,Huntington Beach,CA,P2 | Class A | no website found on Google,,Car Detailers
No Limits Detailing,,+1-714-829-6393,,"Huntington Beach, CA 92647, United States",Huntington Beach,CA,P2 | Class A | no website found on Google,,Car Detailers
Red Hot Details HB,,+1-714-900-8283,,,Huntington Beach,CA,P2 | Class A | no website found on Google,,Car Detailers
Soggy Hands Mobile Detailing,,+1-714-805-8056,,"17827 Beach Blvd Unit G, Huntington Beach, CA 92647, United States",Huntington Beach,CA,P2 | Class A | no website found on Google,,Car Detailers
Syndicate Detail Co.,,+1-657-604-6725,,"6551 Warner Ave, Huntington Beach, CA 92647, United States",Huntington Beach,CA,P2 | Class A | no website found on Google,,Car Detailers
760 Detail Specialties,,+1-760-485-1968,,,Indio,CA,P2 | Class A | no website found on Google,,Car Detailers
Aesthetic Mobile Detail & Power Washing,,+1-760-577-3130,,,Indio,CA,P2 | Class A | no website found on Google,,Car Detailers
Auto Detailing by vfrescoo,,+1-442-400-2593,,,Indio,CA,P2 | Class A | no website found on Google,,Car Detailers
Care Package Auto Detailing,,+1-760-396-6082,,,Indio,CA,P2 | Class A | no website found on Google,,Car Detailers
Exotic Mobile Detailing,,+1-760-485-0909,,"80684 Lafayette Ct, Indio, CA 92201, United States",Indio,CA,P2 | Class A | no website found on Google,,Car Detailers
FJ Auto Detailing,,+1-760-550-3417,,"Coachella Way, Indio, CA 92203, United States",Indio,CA,P2 | Class A | no website found on Google,,Car Detailers
First class auto detail,,+1-760-774-3035,,"81860 Shadow Palm Ave, Indio, CA 92201, United States",Indio,CA,P2 | Class A | no website found on Google,,Car Detailers
HydroShine760,,+1-442-599-3402,,,Indio,CA,P2 | Class A | no website found on Google,,Car Detailers
JohnnyAngel Auto Detail,,+1-760-558-9651,,,Indio,CA,P2 | Class A | no website found on Google,,Car Detailers
Loustaunau's Mobile Detailing,,+1-442-529-5654,,,Indio,CA,P2 | Class A | no website found on Google,,Car Detailers
MD’s Auto Detailing,,+1-760-905-2744,,,Indio,CA,P2 | Class A | no website found on Google,,Car Detailers
MEG Cleaning Supplies & Solutions,,+1-760-775-7550,,"80-975 Indio Blvd B7, Indio, CA 92201, United States",Indio,CA,P2 | Class A | no website found on Google,,Car Detailers
Mobile Carwash,,+1-760-464-5980,,"84143 Fiesta Rd, Coachella, CA 92236, United States",Indio,CA,P2 | Class A | no website found on Google,,Car Detailers
Orozco Car Wash & Detail,,+1-760-289-9874,,,Indio,CA,P2 | Class A | no website found on Google,,Car Detailers
Pristine Auto Details,,+1-442-484-8972,,,Indio,CA,P2 | Class A | no website found on Google,,Car Detailers
Santiago's Mobile RV's & Details,,+1-760-673-2061,,,Indio,CA,P2 | Class A | no website found on Google,,Car Detailers
Suds N Shine Detailing,,+1-760-905-2729,,,Indio,CA,P2 | Class A | no website found on Google,,Car Detailers
Total Clean Auto Detailing,,+1-760-498-7429,,"50265 Mazatlan Dr, Coachella, CA 92236, United States",Indio,CA,P2 | Class A | no website found on Google,,Car Detailers
Tripnotike Studio's,,+1-760-206-0082,,"82785 Smoke Tree Ave, Indio, CA 92201, United States",Indio,CA,P2 | Class A | no website found on Google,,Car Detailers
UAV Mobile Detailing,,+1-760-391-8358,,,Indio,CA,P2 | Class A | no website found on Google,,Car Detailers
VIP Mobile Carwash & Detailing,,+1-760-668-8139,,,Indio,CA,P2 | Class A | no website found on Google,,Car Detailers
Valley Elite Detailing,,+1-760-485-0036,,,Indio,CA,P2 | Class A | no website found on Google,,Car Detailers
110 Auto Detailing LLC,,+1-323-580-4423,,,Inglewood,CA,P2 | Class A | no website found on Google,,Car Detailers
All In One Mobile Car Wash,,+1-323-977-0838,,,Inglewood,CA,P2 | Class A | no website found on Google,,Car Detailers
Arzate.mobile.detailing,,+1-562-291-5658,,,Inglewood,CA,P2 | Class A | no website found on Google,,Car Detailers
Auto Detail Spa,,+1-323-489-1909,,,Inglewood,CA,P2 | Class A | no website found on Google,,Car Detailers
BDD MOBILE AUTO DETAILING,,+1-424-375-0603,,,Inglewood,CA,P2 | Class A | no website found on Google,,Car Detailers
Before & After Detailing,,+1-310-912-1498,,"10308 S Burin Ave, Inglewood, CA 90304, United States",Inglewood,CA,P2 | Class A | no website found on Google,,Car Detailers
Champion Mobile Detailing,,+1-310-725-7470,,,Inglewood,CA,P2 | Class A | no website found on Google,,Car Detailers
Covenant Mobile Detailing,,+1-323-342-7004,,,Inglewood,CA,P2 | Class A | no website found on Google,,Car Detailers
Dirt Master Mobile Car Detailing,,+1-213-913-0901,,"8923 Menlo Ave, Los Angeles, CA 90044, United States",Inglewood,CA,P2 | Class A | no website found on Google,,Car Detailers
Dreaming Clean Mobile Wash,,+1-310-878-0973,,,Inglewood,CA,P2 | Class A | no website found on Google,,Car Detailers
Every Little Detail Auto Detailing of Hawthorne,,+1-805-621-9500,,"1590 Rosecrans Ave Suite D #164, Manhattan Beach, CA 90266, United States",Inglewood,CA,P2 | Class A | no website found on Google,,Car Detailers
"Evolved Destiny Mobile Detailing, Ceramic Coatings , Polishing , Paint Correction",,+1-424-393-7013,,"3675 W 113th St, Inglewood, CA 90303, United States",Inglewood,CA,P2 | Class A | no website found on Google,,Car Detailers
Family and friends mobile detailing,,+1-323-216-5272,,"725 W 46th St, Los Angeles, CA 90037, United States",Inglewood,CA,P2 | Class A | no website found on Google,,Car Detailers
Goldenwash mobiledetail,,+1-424-439-1622,,"10827 Larch Ave, Lennox, CA 90304, United States",Inglewood,CA,P2 | Class A | no website found on Google,,Car Detailers
Green Buddy Auto Detailing,,+1-213-294-9180,,,Inglewood,CA,P2 | Class A | no website found on Google,,Car Detailers
Jacob’s mobile detailing,,+1-424-610-6209,,,Inglewood,CA,P2 | Class A | no website found on Google,,Car Detailers
J’s Auto Mobile Detailing,,+1-213-676-6367,,"5817 Cimarron St, Los Angeles, CA 90047, United States",Inglewood,CA,P2 | Class A | no website found on Google,,Car Detailers
L.d mobile auto detail,,+1-323-302-6465,,"130 W 51st St, Los Angeles, CA 90011, United States",Inglewood,CA,P2 | Class A | no website found on Google,,Car Detailers
Lara Mobile Detailing,,+1-310-817-3111,,,Inglewood,CA,P2 | Class A | no website found on Google,,Car Detailers
Los Mojados auto detailing service,,+1-323-841-2691,,"11310 Main St, Los Angeles, CA 90061, United States",Inglewood,CA,P2 | Class A | no website found on Google,,Car Detailers
Magic Suds Mobile Detailing,,+1-323-812-6812,,,Inglewood,CA,P2 | Class A | no website found on Google,,Car Detailers
Majestic Detailing (Mobile Detailing),,+1-323-809-8327,,,Inglewood,CA,P2 | Class A | no website found on Google,,Car Detailers
Mar Vista Detail,,+1-424-216-0252,,"4524 S Slauson Ave, Culver City, CA 90230, United States",Inglewood,CA,P2 | Class A | no website found on Google,,Car Detailers
Menos Auto Detail,,+1-310-491-8620,,"12205 Prairie Ave, Hawthorne, CA 90250, United States",Inglewood,CA,P2 | Class A | no website found on Google,,Car Detailers
Pacific Detail Center,,+1-424-351-8138,,"6080 Center Dr, Los Angeles, CA 90045, United States",Inglewood,CA,P2 | Class A | no website found on Google,,Car Detailers
Procar sales mobile car detailing - Los Angeles,,+1-445-544-4280,,"3894 Crenshaw Blvd, Los Angeles, CA 90008, United States",Inglewood,CA,P2 | Class A | no website found on Google,,Car Detailers
Ramirez Auto Detailing,,+1-310-743-6245,,"3818 W 109th St, Inglewood, CA 90303, United States",Inglewood,CA,P2 | Class A | no website found on Google,,Car Detailers
South LA Detailing,,+1-323-695-8866,,"1431 W 70th St, Los Angeles, CA 90047, United States",Inglewood,CA,P2 | Class A | no website found on Google,,Car Detailers
Supreme Lux Mobile Detailing And Custom Wrapping,,+1-562-684-5465,,,Inglewood,CA,P2 | Class A | no website found on Google,,Car Detailers
The Magic Touch Auto Detailing,,+1-310-606-5595,,"870 S Nash St, El Segundo, CA 90245, United States",Inglewood,CA,P2 | Class A | no website found on Google,,Car Detailers
TopTier Mobile Detailing,,+1-213-399-7671,,,Inglewood,CA,P2 | Class A | no website found on Google,,Car Detailers
Unlimited Mobile Detail,,+1-323-388-7210,,"10239 Crenshaw Blvd, Inglewood, CA 90303, United States",Inglewood,CA,P2 | Class A | no website found on Google,,Car Detailers
Vincent Detailing,,+1-424-521-3111,,,Inglewood,CA,P2 | Class A | no website found on Google,,Car Detailers
mobile car bath auto detailing,,+1-213-369-3815,,,Inglewood,CA,P2 | Class A | no website found on Google,,Car Detailers
Ace Elite Mobile Detailing,,+1-949-327-7446,,"Lake Forest, CA 92630, United States",Irvine,CA,P2 | Class A | no website found on Google,,Car Detailers
Amir Car Wash,,+1-949-600-0864,,,Irvine,CA,P2 | Class A | no website found on Google,,Car Detailers
Cali Mobile Car Wash,,+1-714-260-8491,,,Irvine,CA,P2 | Class A | no website found on Google,,Car Detailers
"Dynamic Auto Images, Inc.",,+1-714-771-3400,,"2860 Michelle Dr Ste 240, Irvine, CA 92606, United States",Irvine,CA,P2 | Class A | no website found on Google,,Car Detailers
Grand Auto Protection,,+1-949-439-8167,,"8797 Irvine Center Dr Ste L, Irvine, CA 92618, United States",Irvine,CA,P2 | Class A | no website found on Google,,Car Detailers
Irvine Mobile Detailing,,+1-714-617-7869,,,Irvine,CA,P2 | Class A | no website found on Google,,Car Detailers
J&A carwashing,,+1-949-735-0655,,"3431 Eboe St, Irvine, CA 92606, United States",Irvine,CA,P2 | Class A | no website found on Google,,Car Detailers
Julio's Mobile Detail,,+1-714-605-5108,,,Irvine,CA,P2 | Class A | no website found on Google,,Car Detailers
Level Auto Detailing,,+1-213-844-1369,,,Irvine,CA,P2 | Class A | no website found on Google,,Car Detailers
Louies Mobile Detail Wash,,+1-951-545-3419,,"8065 Marine Way, Irvine, CA 92618, United States",Irvine,CA,P2 | Class A | no website found on Google,,Car Detailers
Naab Car Auto Detailing,,+1-571-919-5337,,"7414 Spectrum, Irvine, CA 92618, United States",Irvine,CA,P2 | Class A | no website found on Google,,Car Detailers
Oc Auto Detailing,,+1-714-486-5448,,"Fountainhead, Irvine, CA 92618, United States",Irvine,CA,P2 | Class A | no website found on Google,,Car Detailers
PHLux Mobile Detailing,,+1-213-703-9504,,,Irvine,CA,P2 | Class A | no website found on Google,,Car Detailers
Precision Mobile Car Detailing of Irvine CA,,+1-657-325-8946,,"5401 University Dr, Irvine, CA 92612, United States",Irvine,CA,P2 | Class A | no website found on Google,,Car Detailers
Precision Mobile Car Detailing of Lake Forest - CA,,+1-657-571-3783,,"Trabuco Rd, Lake Forest, CA 92630, United States",Irvine,CA,P2 | Class A | no website found on Google,,Car Detailers
Sapphire Mobile Car Detailing,,+1-714-927-1597,,"3992 Barranca Pkwy, Irvine, CA 92606, United States",Irvine,CA,P2 | Class A | no website found on Google,,Car Detailers
Spotless Auto Detail,,+1-714-328-2837,,"18006 Sky Park Cir, Irvine, CA 92614, United States",Irvine,CA,P2 | Class A | no website found on Google,,Car Detailers
Steve's Detailing Co,,+1-949-851-0100,,"18925 Bardeen Ave, Irvine, CA 92612, United States",Irvine,CA,P2 | Class A | no website found on Google,,Car Detailers
VAR LUX Mobile Auto Detailing,,+1-949-329-4214,,,Irvine,CA,P2 | Class A | no website found on Google,,Car Detailers
All American Mobile Detailing By Michael,,+1-949-842-2323,,"21 Aliento, Rancho Santa Margarita, CA 92688, United States",Lake Forest,CA,P2 | Class A | no website found on Google,,Car Detailers
California Golden Detailers,,+1-571-982-2034,,"24391 Avenida De La Carlota, Laguna Hills, CA 92653, United States",Lake Forest,CA,P2 | Class A | no website found on Google,,Car Detailers
DM Detailing,,+1-949-416-3779,,,Lake Forest,CA,P2 | Class A | no website found on Google,,Car Detailers
Diamond Detailing,,+1-714-390-5275,,"Lake Forest, CA 92630, United States",Lake Forest,CA,P2 | Class A | no website found on Google,,Car Detailers
Jakubs Premium Detailing,,+1-949-431-1691,,,Lake Forest,CA,P2 | Class A | no website found on Google,,Car Detailers
"Osborn Auto Detailing, LLC",,+1-949-402-4139,,,Lake Forest,CA,P2 | Class A | no website found on Google,,Car Detailers
Precision Mobile Car Detailing of Mission Viejo CA,,+1-657-341-1154,,"25209 Marguerite Pkwy, Mission Viejo, CA 92691, United States",Lake Forest,CA,P2 | Class A | no website found on Google,,Car Detailers
Precision Pro Mobile Detailing,,+1-949-357-7953,,,Lake Forest,CA,P2 | Class A | no website found on Google,,Car Detailers
Silk Road Mobile Detailing,,+1-949-870-5715,,,Lake Forest,CA,P2 | Class A | no website found on Google,,Car Detailers
Sir. Detail OC,,+1-562-544-9608,,,Lake Forest,CA,P2 | Class A | no website found on Google,,Car Detailers
South County Detail,,+1-949-525-7689,,,Lake Forest,CA,P2 | Class A | no website found on Google,,Car Detailers
Third Eye Shined Auto Detailing,,+1-949-828-7876,,,Lake Forest,CA,P2 | Class A | no website found on Google,,Car Detailers
Top Shine OC Detailing,,+1-714-383-2373,,,Lake Forest,CA,P2 | Class A | no website found on Google,,Car Detailers
Acme Auto Details,,+1-562-324-1216,,"5218 Coke Ave, Lakewood, CA 90712, Lakewood, CA 90716, United States",Lakewood,CA,P2 | Class A | no website found on Google,,Car Detailers
Everylastdetail by TNL,,+1-562-443-1151,,"5025 1/2 Hayter Ave, Lakewood, CA 90712, United States",Lakewood,CA,P2 | Class A | no website found on Google,,Car Detailers
JJS&D Professional Auto Detailing,,+1-714-642-9323,,"2067 Volk Ave, Long Beach, CA 90815, United States",Lakewood,CA,P2 | Class A | no website found on Google,,Car Detailers
Showroom Detail Co.,,+1-562-724-4511,,"4961 Adenmoor Ave, Lakewood, CA 90713, United States",Lakewood,CA,P2 | Class A | no website found on Google,,Car Detailers
Tiny Auto Detailing,,+1-562-386-2434,,"2330 E 7th St, Long Beach, CA 90804, United States",Lakewood,CA,P2 | Class A | no website found on Google,,Car Detailers
steellabdetailing,,+1-562-618-5588,,,Lakewood,CA,P2 | Class A | no website found on Google,,Car Detailers
1 suave Mobile Auto Detailing,,+1-661-471-5469,,,Lancaster,CA,P2 | Class A | no website found on Google,,Car Detailers
365 SHINE & ENTERTAINMENT,,+1-661-743-4566,,,Lancaster,CA,P2 | Class A | no website found on Google,,Car Detailers
A to Z Mobile Detailing,,+1-702-600-9252,,,Lancaster,CA,P2 | Class A | no website found on Google,,Car Detailers
All American Detail Service,,+1-661-435-1939,,,Lancaster,CA,P2 | Class A | no website found on Google,,Car Detailers
Angel’s auto care LLC,,+1-818-619-1282,,,Lancaster,CA,P2 | Class A | no website found on Google,,Car Detailers
Atlas Luxury Auto Care & Ceramic Coatings Palmdale,,+1-661-604-3688,,"39212 Harvard Ln, Palmdale, CA 93551, United States",Lancaster,CA,P2 | Class A | no website found on Google,,Car Detailers
Black sheep mobile detailing,,+1-661-598-4574,,,Lancaster,CA,P2 | Class A | no website found on Google,,Car Detailers
Blessed By The Best,,+1-661-547-7706,,"838 W Jackman St, Lancaster, CA 93534, United States",Lancaster,CA,P2 | Class A | no website found on Google,,Car Detailers
BullDog Auto Mobile Detail & Wash LLC,,+1-408-646-2861,,,Lancaster,CA,P2 | Class A | no website found on Google,,Car Detailers
Car’s Car Care,,+1-661-802-3167,,,Lancaster,CA,P2 | Class A | no website found on Google,,Car Detailers
Devoted mobile detailing,,+1-661-916-1933,,,Lancaster,CA,P2 | Class A | no website found on Google,,Car Detailers
Diamond Mobile Detail,,+1-661-232-8700,,,Lancaster,CA,P2 | Class A | no website found on Google,,Car Detailers
Diamond Mobile Detail,,+1-661-492-8055,,,Lancaster,CA,P2 | Class A | no website found on Google,,Car Detailers
Evany Mobile Detail - AV,,+1-702-232-8695,,,Lancaster,CA,P2 | Class A | no website found on Google,,Car Detailers
Full auto detailing (mobile),,+1-323-439-3033,,"Sun Ct, Lancaster, CA 93535, United States",Lancaster,CA,P2 | Class A | no website found on Google,,Car Detailers
Ghost Works Detail,,+1-909-609-1617,,"2025 Westwood Ct, Lancaster, CA 93536, United States",Lancaster,CA,P2 | Class A | no website found on Google,,Car Detailers
Graves Detailing Club,,+1-818-296-8370,,,Lancaster,CA,P2 | Class A | no website found on Google,,Car Detailers
HP Mobile Detailing,,+1-661-233-2942,,,Lancaster,CA,P2 | Class A | no website found on Google,,Car Detailers
J & I Mobile Auto Detailing,,+1-661-388-8352,,"34232 Red Rover Mine Rd, Acton, CA 93510, United States",Lancaster,CA,P2 | Class A | no website found on Google,,Car Detailers
Johnny's Mobile Detailing LLC,,+1-661-434-5948,,"1008 W Ave M-14 Ste A, Palmdale, CA 93551, United States",Lancaster,CA,P2 | Class A | no website found on Google,,Car Detailers
Journey Mobile Detailing And Car Wash,,+1-818-401-5526,,"43506 Kirkland Ave, Lancaster, CA 93535, United States",Lancaster,CA,P2 | Class A | no website found on Google,,Car Detailers
Mad Mikes Detailing,,+1-661-492-4635,,"50st Ave L-14, Quartz Hill, CA 93536, United States",Lancaster,CA,P2 | Class A | no website found on Google,,Car Detailers
Master Clean Mobile Detail,,+1-661-483-8989,,,Lancaster,CA,P2 | Class A | no website found on Google,,Car Detailers
Mena Mobile Carwash and Detail,,+1-661-916-4085,,,Lancaster,CA,P2 | Class A | no website found on Google,,Car Detailers
Peñas Auto Detailing,,+1-661-899-0553,,"44122 20th St E spc 49, Lancaster, CA 93535, United States",Lancaster,CA,P2 | Class A | no website found on Google,,Car Detailers
Prestige Automotive Salon,,+1-661-917-5050,,"2037 Ave J-6, Lancaster, CA 93536, United States",Lancaster,CA,P2 | Class A | no website found on Google,,Car Detailers
R and k mobile detail,,+1-661-886-2625,,"44508 Date Ave, Lancaster, CA 93534, United States",Lancaster,CA,P2 | Class A | no website found on Google,,Car Detailers
REDs Automotive detailing,,+1-661-571-4774,,"41521 47th St W, Lancaster, CA 93536, United States",Lancaster,CA,P2 | Class A | no website found on Google,,Car Detailers
Smoov detailing,,+1-661-547-5338,,"505 W Ave J-10, Lancaster, CA 93534, United States",Lancaster,CA,P2 | Class A | no website found on Google,,Car Detailers
Superfly Detail Bro's,,+1-602-583-9644,,,Lancaster,CA,P2 | Class A | no website found on Google,,Car Detailers
Wichis detailing,,+1-661-483-6562,,,Lancaster,CA,P2 | Class A | no website found on Google,,Car Detailers
Bhatoy Detailing,,+1-530-443-6036,,"5696 Saratoga Cir, Rocklin, CA 95765, United States",Lincoln,CA,P2 | Class A | no website found on Google,,Car Detailers
Bucket Hat Detailing,,+1-916-295-2194,,"2256 Torc Mountain Ln, Lincoln, CA 95648, United States",Lincoln,CA,P2 | Class A | no website found on Google,,Car Detailers
Buff It Out Auto Detailing,,+1-916-626-0662,,,Lincoln,CA,P2 | Class A | no website found on Google,,Car Detailers
Carson Cleans Cars,,+1-916-474-9427,,,Lincoln,CA,P2 | Class A | no website found on Google,,Car Detailers
Clean Freaks Detailing,,+1-833-772-3687,,"6520 Lonetree Blvd #2022, Rocklin, CA 95765, United States",Lincoln,CA,P2 | Class A | no website found on Google,,Car Detailers
Dualistic Natural Detailing,,+1-916-345-2103,,,Lincoln,CA,P2 | Class A | no website found on Google,,Car Detailers
Luxe Sudz Detailing,,+1-916-655-4614,,,Lincoln,CA,P2 | Class A | no website found on Google,,Car Detailers
Nomad detailing,,+1-916-915-4601,,"1801 Figg St, Lincoln, CA 95648, United States",Lincoln,CA,P2 | Class A | no website found on Google,,Car Detailers
OnyxShine Detailing,,+1-916-975-3860,,,Lincoln,CA,P2 | Class A | no website found on Google,,Car Detailers
Roaming Auto Detailing Lincoln Roseville Rocklin,,+1-279-900-9315,,,Lincoln,CA,P2 | Class A | no website found on Google,,Car Detailers
Smooth Mobile Detail,,+1-916-521-6930,,,Lincoln,CA,P2 | Class A | no website found on Google,,Car Detailers
Sparkle N Clean Mobile Auto Detailing,,+1-916-521-1010,,,Lincoln,CA,P2 | Class A | no website found on Google,,Car Detailers
The Detail Drive,,+1-279-966-8182,,,Lincoln,CA,P2 | Class A | no website found on Google,,Car Detailers
Xpress detailing llc,,+1-916-295-8694,,,Lincoln,CA,P2 | Class A | no website found on Google,,Car Detailers
AJ's Customs,,+1-925-895-9272,,"3555 First St, Livermore, CA 94550, United States",Livermore,CA,P2 | Class A | no website found on Google,,Car Detailers
Agnoletti Detailing,,+1-408-829-0653,,,Livermore,CA,P2 | Class A | no website found on Google,,Car Detailers
Bubble Magic Detailing,,+1-925-518-1012,,,Livermore,CA,P2 | Class A | no website found on Google,,Car Detailers
Higher Class Mobile Detail,,+1-925-307-9411,,,Livermore,CA,P2 | Class A | no website found on Google,,Car Detailers
L & D Mobile Auto Detailing,,+1-510-766-4111,,"Springtown Blvd, Livermore, CA 94551, United States",Livermore,CA,P2 | Class A | no website found on Google,,Car Detailers
LV hand wash and detailing,,+1-669-294-3240,,"1025 N Vasco Rd, Livermore, CA 94551, United States",Livermore,CA,P2 | Class A | no website found on Google,,Car Detailers
Snoopy's Professional Auto Detailing,,+1-925-352-6738,,"690 N Livermore Ave, Livermore, CA 94551, United States",Livermore,CA,P2 | Class A | no website found on Google,,Car Detailers
Technique Detail And Protection - Livermore - Ceramic Coating - Window tint -,,+1-925-264-9155,,,Livermore,CA,P2 | Class A | no website found on Google,,Car Detailers
360detailingco,,+1-805-717-3004,,,Lompoc,CA,P2 | Class A | no website found on Google,,Car Detailers
A&NAutoShine,,+1-805-866-1900,,,Lompoc,CA,P2 | Class A | no website found on Google,,Car Detailers
AutoWorx Detailing,,+1-805-610-6840,,,Lompoc,CA,P2 | Class A | no website found on Google,,Car Detailers
Borrego's mobile detail,,+1-805-294-2417,,,Lompoc,CA,P2 | Class A | no website found on Google,,Car Detailers
D3tlduo Mobile Detailing,,+1-805-757-2290,,,Lompoc,CA,P2 | Class A | no website found on Google,,Car Detailers
Elite Mobile Detailing,,+1-805-757-0484,,,Lompoc,CA,P2 | Class A | no website found on Google,,Car Detailers
Franks Mobile Detailing,,+1-820-241-1646,,"416 N G St, Lompoc, CA 93436, United States",Lompoc,CA,P2 | Class A | no website found on Google,,Car Detailers
Like New Mobile Detailing,,+1-805-588-0108,,,Lompoc,CA,P2 | Class A | no website found on Google,,Car Detailers
Mr mobile detailing,,+1-805-757-8992,,,Lompoc,CA,P2 | Class A | no website found on Google,,Car Detailers
Premium Details,,+1-805-450-3784,,,Lompoc,CA,P2 | Class A | no website found on Google,,Car Detailers
Rigo's Auto Detail & Supply,,+1-820-218-8051,,,Lompoc,CA,P2 | Class A | no website found on Google,,Car Detailers
Royal detailing and tinting,,+1-805-616-4518,,,Lompoc,CA,P2 | Class A | no website found on Google,,Car Detailers
themobiledetailduo,,+1-805-757-0989,,,Lompoc,CA,P2 | Class A | no website found on Google,,Car Detailers
5 Stars Mobile Services,,+1-562-284-9478,,,Long Beach,CA,P2 | Class A | no website found on Google,,Car Detailers
Chris Auto Detailing,,+1-562-528-2396,,,Long Beach,CA,P2 | Class A | no website found on Google,,Car Detailers
Detailed and Company,,+1-562-578-0255,,,Long Beach,CA,P2 | Class A | no website found on Google,,Car Detailers
Dive Works Bottom & Topside Service,,+1-949-759-0773,,"Long Beach, CA 90801, United States",Long Beach,CA,P2 | Class A | no website found on Google,,Car Detailers
Farrells mobile detailing,,+1-562-357-1503,,,Long Beach,CA,P2 | Class A | no website found on Google,,Car Detailers
Fresh Mobile Detailing,,+1-562-320-6313,,,Long Beach,CA,P2 | Class A | no website found on Google,,Car Detailers
Junior Mobile Shinexpress,,+1-562-820-1769,,,Long Beach,CA,P2 | Class A | no website found on Google,,Car Detailers
L & E Eco Mobile Detailing,,+1-562-357-3989,,,Long Beach,CA,P2 | Class A | no website found on Google,,Car Detailers
Left Shining Auto Spa,,+1-562-786-7111,,,Long Beach,CA,P2 | Class A | no website found on Google,,Car Detailers
Local Mobile Wash & Detail,,+1-805-794-8894,,,Long Beach,CA,P2 | Class A | no website found on Google,,Car Detailers
Luxury Road,,+1-562-399-6830,,,Long Beach,CA,P2 | Class A | no website found on Google,,Car Detailers
PERFORMANCE DETAILING,,+1-562-618-2523,,"1430 E 28th St, Signal Hill, CA 90755, United States",Long Beach,CA,P2 | Class A | no website found on Google,,Car Detailers
Pristine Detailing LA,,+1-562-306-9557,,,Long Beach,CA,P2 | Class A | no website found on Google,,Car Detailers
Skae Auto Detailing,,+1-424-219-1789,,,Long Beach,CA,P2 | Class A | no website found on Google,,Car Detailers
Tito’s Auto Details,,+1-562-394-2043,,"1487 N Molino Ave, Long Beach, CA 90804, United States",Long Beach,CA,P2 | Class A | no website found on Google,,Car Detailers
Torres Auto Detail,,+1-562-225-5246,,"1806 Gaviota Ave, Long Beach, CA 90806, United States",Long Beach,CA,P2 | Class A | no website found on Google,,Car Detailers
Trujillo Mobile Detailing,,+1-562-471-1913,,,Long Beach,CA,P2 | Class A | no website found on Google,,Car Detailers
VIP Auto Detailing,,+1-626-321-3322,,,Long Beach,CA,P2 | Class A | no website found on Google,,Car Detailers
Zak's Mobile Detailing,,+1-562-537-3261,,,Long Beach,CA,P2 | Class A | no website found on Google,,Car Detailers
Aztec Auto Detailing,,+1-310-557-2277,,"2029 Century Pk E p3, Los Angeles, CA 90067, United States",Los Angeles,CA,P2 | Class A | no website found on Google,,Car Detailers
Cruz Mobile Detail,,+1-424-274-1332,,,Los Angeles,CA,P2 | Class A | no website found on Google,,Car Detailers
Detail Of One: Auto Shine,,+1-818-572-5589,,"3217 W 73rd St, Los Angeles, CA 90043, United States",Los Angeles,CA,P2 | Class A | no website found on Google,,Car Detailers
DiamondGloss Auto Spa,,+1-424-421-4210,,"535 S Curson Ave 4 L, Los Angeles, CA 90036, United States",Los Angeles,CA,P2 | Class A | no website found on Google,,Car Detailers
Galaxy Detailing,,+1-818-730-4949,,"5501 Venice Blvd., Los Angeles, CA 90019, United States",Los Angeles,CA,P2 | Class A | no website found on Google,,Car Detailers
George's Auto Detailing,,+1-310-231-1933,,"11771 W Pico Blvd, Los Angeles, CA 90064, United States",Los Angeles,CA,P2 | Class A | no website found on Google,,Car Detailers
International Detail,,+1-310-312-8989,,"11305 Santa Monica Blvd, Los Angeles, CA 90025, United States",Los Angeles,CA,P2 | Class A | no website found on Google,,Car Detailers
Jn Details Luxury Auto Services,,+1-310-591-9817,,"11152 Culver Blvd, Los Angeles, CA 90230, United States",Los Angeles,CA,P2 | Class A | no website found on Google,,Car Detailers
Lucerne Car Detailing,,+1-213-513-6391,,"347 S Lucerne Blvd, Los Angeles, CA 90020, United States",Los Angeles,CA,P2 | Class A | no website found on Google,,Car Detailers
MA-Auto Detailing,,+1-310-570-3810,,"4639 Coliseum St #5, Los Angeles, CA 90016, United States",Los Angeles,CA,P2 | Class A | no website found on Google,,Car Detailers
Marlex Mobile Car Wash,,+1-323-617-0799,,"320 S Ardmore Ave, Los Angeles, CA 90020, United States",Los Angeles,CA,P2 | Class A | no website found on Google,,Car Detailers
Mena Detail,,+1-323-301-2923,,"6175 Santa Monica Blvd, Los Angeles, CA 90038, United States",Los Angeles,CA,P2 | Class A | no website found on Google,,Car Detailers
Ohj Custom Detailing,,+1-310-923-8342,,"8017 W 3rd St, Los Angeles, CA 90048, United States",Los Angeles,CA,P2 | Class A | no website found on Google,,Car Detailers
Partow Detailing,,+1-310-849-7132,,"8513 1/2 Horner St, Los Angeles, CA 90035, United States",Los Angeles,CA,P2 | Class A | no website found on Google,,Car Detailers
Primos Detailing,,+1-213-292-3414,,"5004 S Van Ness Ave, Los Angeles, CA 90062, United States",Los Angeles,CA,P2 | Class A | no website found on Google,,Car Detailers
ProShine Mobile Detail,,+1-424-362-5047,,"1818 W 24th St, Los Angeles, CA 90018, United States",Los Angeles,CA,P2 | Class A | no website found on Google,,Car Detailers
Pure Intensions mobile car wash & detail,,+1-346-377-3170,,"550 N Figueroa St, Los Angeles, CA 90012, United States",Los Angeles,CA,P2 | Class A | no website found on Google,,Car Detailers
Renewal Mobile Car Detailing Los Angeles,,+1-213-875-3656,,"4320 Honduras St, Los Angeles, CA 90011, United States",Los Angeles,CA,P2 | Class A | no website found on Google,,Car Detailers
Renewal Mobile Car Detailing of Los Angeles,,+1-213-782-3965,,"2622 Pennsylvania Ave, Los Angeles, CA 90033, United States",Los Angeles,CA,P2 | Class A | no website found on Google,,Car Detailers
Rick's Auto Detailing Los Angeles,,+1-818-274-6256,,"10801 National Blvd, Los Angeles, CA 90064, United States",Los Angeles,CA,P2 | Class A | no website found on Google,,Car Detailers
Royal Gloss detailing,,+1-213-306-3163,,"4156 Tivoli Ave, Los Angeles, CA 90066, United States",Los Angeles,CA,P2 | Class A | no website found on Google,,Car Detailers
Ultimate Detailing,,+1-323-299-2886,,"5120 Goldleaf Cir, Los Angeles, CA 90056, United States",Los Angeles,CA,P2 | Class A | no website found on Google,,Car Detailers
5-Stardetailing,,+1-209-495-3905,,,Los Banos,CA,P2 | Class A | no website found on Google,,Car Detailers
ACE Mobile Auto Detailing,,+1-408-724-2402,,,Los Banos,CA,P2 | Class A | no website found on Google,,Car Detailers
Aurum Auto Studio,,+1-408-422-3618,,"339 H St, Los Banos, CA 93635, United States",Los Banos,CA,P2 | Class A | no website found on Google,,Car Detailers
CalPro Detailing,,+1-209-519-3176,,,Los Banos,CA,P2 | Class A | no website found on Google,,Car Detailers
DeLeon auto detailing,,+1-408-661-4438,,"1121 Symphony St, Los Banos, CA 93635, United States",Los Banos,CA,P2 | Class A | no website found on Google,,Car Detailers
Ernesto's,,+1-209-270-0501,,,Los Banos,CA,P2 | Class A | no website found on Google,,Car Detailers
Express Auto Spa & Detail,,+1-209-619-1950,,,Los Banos,CA,P2 | Class A | no website found on Google,,Car Detailers
First Class Detail,,+1-209-737-9806,,"N/a, Los Banos, CA 93635, United States",Los Banos,CA,P2 | Class A | no website found on Google,,Car Detailers
Ironclad Auto Detailing,,+1-408-666-1737,,,Los Banos,CA,P2 | Class A | no website found on Google,,Car Detailers
Lujoso Auto Detailing,,+1-209-737-1719,,"Mercey Springs Rd, Los Banos, CA 93635, United States",Los Banos,CA,P2 | Class A | no website found on Google,,Car Detailers
Lupita’s car wash,,+1-805-994-6175,,"1100 H St, Los Banos, CA 93635, United States",Los Banos,CA,P2 | Class A | no website found on Google,,Car Detailers
Onyx Auto Spa,,+1-408-775-0571,,"Overland Ave, Los Banos, CA 93635, United States",Los Banos,CA,P2 | Class A | no website found on Google,,Car Detailers
Out of World Detailing,,+1-209-489-1556,,,Los Banos,CA,P2 | Class A | no website found on Google,,Car Detailers
Star Class Detailing,,+1-408-577-7662,,,Los Banos,CA,P2 | Class A | no website found on Google,,Car Detailers
T-whips Mobile Detailing,,+1-209-829-5154,,"and near towns, Los banos, Dos Palos, CA 93635, United States",Los Banos,CA,P2 | Class A | no website found on Google,,Car Detailers
The Cleaner,,+1-209-752-8938,,,Los Banos,CA,P2 | Class A | no website found on Google,,Car Detailers
A.M. Detailing,,+1-559-517-0066,,,Madera,CA,P2 | Class A | no website found on Google,,Car Detailers
All Pro Auto Detailing,,+1-559-536-8302,,"16870 Hill Dr, Madera, CA 93638, United States",Madera,CA,P2 | Class A | no website found on Google,,Car Detailers
Anthony’s Auto Detail,,+1-559-598-2845,,"24379 Tropical Dr, Madera, CA 93638, United States",Madera,CA,P2 | Class A | no website found on Google,,Car Detailers
Detailed Sleek,,+1-559-507-1710,,,Madera,CA,P2 | Class A | no website found on Google,,Car Detailers
Fineline Auto Detailing,,+1-209-233-0594,,,Madera,CA,P2 | Class A | no website found on Google,,Car Detailers
Gallo's Detailing,,+1-559-598-1586,,,Madera,CA,P2 | Class A | no website found on Google,,Car Detailers
Garcia’s Mobile Detailing,,+1-559-706-2356,,,Madera,CA,P2 | Class A | no website found on Google,,Car Detailers
Jose’s mobile detailing,,+1-559-481-9811,,,Madera,CA,P2 | Class A | no website found on Google,,Car Detailers
LUXURY AUTO DETAIL,,+1-559-395-6396,,,Madera,CA,P2 | Class A | no website found on Google,,Car Detailers
LuxeLensAuto,,+1-559-330-3414,,,Madera,CA,P2 | Class A | no website found on Google,,Car Detailers
Luxury Detailing,,+1-559-507-6134,,,Madera,CA,P2 | Class A | no website found on Google,,Car Detailers
M1 detailing,,+1-559-232-3839,,,Madera,CA,P2 | Class A | no website found on Google,,Car Detailers
Madtown.detailing,,+1-559-598-3052,,,Madera,CA,P2 | Class A | no website found on Google,,Car Detailers
Mtz Mobile Detailing,,+1-559-212-5379,,,Madera,CA,P2 | Class A | no website found on Google,,Car Detailers
Nate’s Auto Perfection,,+1-559-718-3623,,,Madera,CA,P2 | Class A | no website found on Google,,Car Detailers
Premium Auto Detailz LLC,,+1-559-373-4333,,,Madera,CA,P2 | Class A | no website found on Google,,Car Detailers
RefindRide Detailing,,+1-559-416-0407,,,Madera,CA,P2 | Class A | no website found on Google,,Car Detailers
Reyes Car Detailing,,+1-559-330-9164,,,Madera,CA,P2 | Class A | no website found on Google,,Car Detailers
Sierra Auto Spa,,+1-559-598-3923,,"1212 E Lincoln Ave, Madera, CA 93638, United States",Madera,CA,P2 | Class A | no website found on Google,,Car Detailers
Superior Mobile Detail,,+1-559-978-2188,,"14396 CA-41, Madera, CA 93638, United States",Madera,CA,P2 | Class A | no website found on Google,,Car Detailers
The Grind LTD,,+1-559-377-1315,,"345 S Schnoor Ave #133, Madera, CA 93637, United States",Madera,CA,P2 | Class A | no website found on Google,,Car Detailers
TheGlossBoss,,+1-559-664-7262,,,Madera,CA,P2 | Class A | no website found on Google,,Car Detailers
TruCoat.mobiledetailing,,+1-559-716-0000,,,Madera,CA,P2 | Class A | no website found on Google,,Car Detailers
Virtuous Detailing,,+1-559-505-8583,,,Madera,CA,P2 | Class A | no website found on Google,,Car Detailers
ZBoys Customs,,+1-559-507-2101,,"345 S Schnoor Ave, Madera, CA 93637, United States",Madera,CA,P2 | Class A | no website found on Google,,Car Detailers
xerolinedetail,,+1-559-223-8126,,,Madera,CA,P2 | Class A | no website found on Google,,Car Detailers
Cali detail,,+1-209-347-5375,,,Mariposa,CA,P2 | Class A | no website found on Google,,Car Detailers
Casner Details,,+1-209-347-7691,,,Mariposa,CA,P2 | Class A | no website found on Google,,Car Detailers
Exotic Auto Detailing,,+1-209-761-7192,,,Mariposa,CA,P2 | Class A | no website found on Google,,Car Detailers
Fresno-Madera Luxe Mobile Auto Detailing,,+1-949-540-8684,,,Mariposa,CA,P2 | Class A | no website found on Google,,Car Detailers
Lost Art Mobile Detail,,+1-209-822-0066,,,Mariposa,CA,P2 | Class A | no website found on Google,,Car Detailers
Mountain Detailing,,+1-209-704-1490,,,Mariposa,CA,P2 | Class A | no website found on Google,,Car Detailers
925 Auto Detailing,,+1-925-214-5108,,,Martinez,CA,P2 | Class A | no website found on Google,,Car Detailers
A1bombdetailing,,+1-925-250-4824,,"Lucille Ln, Pleasant Hill, CA 94523, United States",Martinez,CA,P2 | Class A | no website found on Google,,Car Detailers
Eagle Detailing,,+1-707-828-9707,,,Martinez,CA,P2 | Class A | no website found on Google,,Car Detailers
Leo’s ClearView Auto Detail,,+1-925-956-3882,,,Martinez,CA,P2 | Class A | no website found on Google,,Car Detailers
Major 1 Details,,+1-925-490-5829,,,Martinez,CA,P2 | Class A | no website found on Google,,Car Detailers
Yazi’s Detailing,,+1-510-672-2448,,,Martinez,CA,P2 | Class A | no website found on Google,,Car Detailers
Aloha Auto Detail And Custom Paint,,+1-530-749-2204,,"2314 Canyon Creek Trail, Plumas Lake, CA 95961, United States",Marysville,CA,P2 | Class A | no website found on Google,,Car Detailers
B.M.A Auto Detailing,,+1-916-699-9436,,"5564 Arboga Rd, Olivehurst, CA 95961, United States",Marysville,CA,P2 | Class A | no website found on Google,,Car Detailers
Cesar's Auto Detailing,,+1-530-813-3789,,"3580 Butte House Rd, Yuba City, CA 95993, United States",Marysville,CA,P2 | Class A | no website found on Google,,Car Detailers
Decker Detailing Services,,+1-530-674-5406,,"1097 Kimberly Dr, Yuba City, CA 95993, United States",Marysville,CA,P2 | Class A | no website found on Google,,Car Detailers
Detail Cleaner,,+1-530-237-4619,,"Shanghai Bend Rd, Yuba City, CA 95991, United States",Marysville,CA,P2 | Class A | no website found on Google,,Car Detailers
Ferguson Mobile Auto Spa,,+1-530-782-0943,,,Marysville,CA,P2 | Class A | no website found on Google,,Car Detailers
GlossBoss Auto Detailing,,+1-530-312-4991,,"1530 Jodi Dr, Yuba City, CA 95993, United States",Marysville,CA,P2 | Class A | no website found on Google,,Car Detailers
Juniors auto premiere detailing,,+1-530-813-8412,,,Marysville,CA,P2 | Class A | no website found on Google,,Car Detailers
K.A.M Detailing,,+1-530-812-3719,,,Marysville,CA,P2 | Class A | no website found on Google,,Car Detailers
Larry Stevens Detailing and cleaning,,+1-530-565-5512,,,Marysville,CA,P2 | Class A | no website found on Google,,Car Detailers
Metalwax,,+1-530-923-2972,,"1250 Market St, Yuba City, CA 95991, United States",Marysville,CA,P2 | Class A | no website found on Google,,Car Detailers
NB Auto Detailing,,+1-530-434-1569,,"6298 Trevor Dr, Marysville, CA 95901, United States",Marysville,CA,P2 | Class A | no website found on Google,,Car Detailers
Nor-cal auto care,,+1-530-315-0483,,,Marysville,CA,P2 | Class A | no website found on Google,,Car Detailers
Quality detailing,,+1-530-645-8472,,"250 Bridge St, Yuba City, CA 95991, United States",Marysville,CA,P2 | Class A | no website found on Google,,Car Detailers
Shine N Show Detail,,+1-530-701-8985,,"Swezy St, Marysville, CA 95901, United States",Marysville,CA,P2 | Class A | no website found on Google,,Car Detailers
The Finish Lab,,+1-530-268-5468,,"2205 Harvest St, Linda, CA 95901, United States",Marysville,CA,P2 | Class A | no website found on Google,,Car Detailers
detailuzz,,+1-530-812-6789,,,Marysville,CA,P2 | Class A | no website found on Google,,Car Detailers
not brad auto details,,+1-530-315-9736,,,Marysville,CA,P2 | Class A | no website found on Google,,Car Detailers
A/B Mobile Detail Of Menifee,,+1-714-681-8955,,,Menifee,CA,P2 | Class A | no website found on Google,,Car Detailers
All About Auto Detailing,,+1-951-837-7742,,"Around Back of Building, 31560 Railroad Canyon Rd, Canyon Lake, CA 92587, United States",Menifee,CA,P2 | Class A | no website found on Google,,Car Detailers
Anthony's Detailing,,+1-951-292-3546,,,Menifee,CA,P2 | Class A | no website found on Google,,Car Detailers
CR Mobile Detailing,,+1-951-282-6100,,"30044 Pomo Cyn Ct, Menifee, CA 92585, United States",Menifee,CA,P2 | Class A | no website found on Google,,Car Detailers
Clarity Auto Detail LLC,,+1-951-609-6165,,"29120 Springshores Dr, Menifee, CA 92585, United States",Menifee,CA,P2 | Class A | no website found on Google,,Car Detailers
Curbside Mobile Detailers,,+1-951-502-5220,,,Menifee,CA,P2 | Class A | no website found on Google,,Car Detailers
DETAIL POPS CERAMIC COATINGS,,+1-951-723-4999,,"29356 Reading Rd, Menifee, CA 92586, United States",Menifee,CA,P2 | Class A | no website found on Google,,Car Detailers
Drew's Detailing,,+1-951-370-5454,,,Menifee,CA,P2 | Class A | no website found on Google,,Car Detailers
Everlast Detail,,+1-951-775-8168,,"28686 Nevada Dr, Canyon Lake, CA 92587, United States",Menifee,CA,P2 | Class A | no website found on Google,,Car Detailers
JM Detailing,,+1-442-232-0591,,"29067 Stonybrook Ln, Menifee, CA 92584, United States",Menifee,CA,P2 | Class A | no website found on Google,,Car Detailers
King of kings mobile detailing,,+1-951-630-1307,,,Menifee,CA,P2 | Class A | no website found on Google,,Car Detailers
Meyer Details,,+1-951-606-3182,,"28535 Jenny Ln, Menifee, CA 92584, United States",Menifee,CA,P2 | Class A | no website found on Google,,Car Detailers
On the Go Glow Detailing,,+1-562-850-3994,,"26639 China Dr, Menifee, CA 92585, United States",Menifee,CA,P2 | Class A | no website found on Google,,Car Detailers
Onestopdetailingg & Ceramic Coatings,,+1-951-420-3120,,"30300 Antelope Rd Apt 2515, Menifee, CA 92584, United States",Menifee,CA,P2 | Class A | no website found on Google,,Car Detailers
PS Auto Detailing,,+1-909-721-7350,,"25140 Showdown Ct, Menifee, CA 92584, United States",Menifee,CA,P2 | Class A | no website found on Google,,Car Detailers
Pro Image Mobile Auto Detailing,,+1-951-850-7969,,,Menifee,CA,P2 | Class A | no website found on Google,,Car Detailers
Shark Shine Autodetail,,+1-909-961-6681,,"32791 Lakeview Terrace, Lake Elsinore, CA 92530, United States",Menifee,CA,P2 | Class A | no website found on Google,,Car Detailers
Spooled Up Mobile Detailing,,+1-951-722-8511,,"S Canyon Dr, Menifee, CA 92587, United States",Menifee,CA,P2 | Class A | no website found on Google,,Car Detailers
The Detail Guy,,+1-951-203-3333,,,Menifee,CA,P2 | Class A | no website found on Google,,Car Detailers
West Coast Boat Detailing,,+1-951-335-7858,,"30340 Channel Way Dr, Canyon Lake, CA 92587, United States",Menifee,CA,P2 | Class A | no website found on Google,,Car Detailers
24k Mobile Detailing,,+1-209-678-1951,,,Merced,CA,P2 | Class A | no website found on Google,,Car Detailers
Alexander's Car Detailing,,+1-209-638-9197,,,Merced,CA,P2 | Class A | no website found on Google,,Car Detailers
BLXCKOUT DETAILING,,+1-209-447-7670,,"3346 Carson Ct, Merced, CA 95348, United States",Merced,CA,P2 | Class A | no website found on Google,,Car Detailers
Bray's Mobile Detailing,,+1-209-354-6433,,,Merced,CA,P2 | Class A | no website found on Google,,Car Detailers
B’s Details,,+1-350-503-5953,,,Merced,CA,P2 | Class A | no website found on Google,,Car Detailers
CJs Mobile Detailing,,+1-209-504-6181,,,Merced,CA,P2 | Class A | no website found on Google,,Car Detailers
Debwani Mobile Detailing,,+1-209-777-1084,,,Merced,CA,P2 | Class A | no website found on Google,,Car Detailers
Diamond Auto Shine Detailing,,+1-209-631-8161,,,Merced,CA,P2 | Class A | no website found on Google,,Car Detailers
Elite Showroom Finish,,+1-209-495-8583,,,Merced,CA,P2 | Class A | no website found on Google,,Car Detailers
FLAWLESS_AUTO_WORKS,,+1-209-628-5862,,"573 Granada Court, Merced, CA 95341, United States",Merced,CA,P2 | Class A | no website found on Google,,Car Detailers
Foam Up,,+1-209-793-0227,,,Merced,CA,P2 | Class A | no website found on Google,,Car Detailers
Jr’s Car Wash & Detail,,+1-209-408-7934,,"1140 W Dr, Merced, CA 95341, United States",Merced,CA,P2 | Class A | no website found on Google,,Car Detailers
LuxeAutoCare,,+1-559-316-1224,,"Parsons Ave, Merced, CA 95340, United States",Merced,CA,P2 | Class A | no website found on Google,,Car Detailers
M&C Auto Spa,,+1-209-756-2382,,,Merced,CA,P2 | Class A | no website found on Google,,Car Detailers
M.I.L Headlight Restoration,,+1-209-564-9840,,,Merced,CA,P2 | Class A | no website found on Google,,Car Detailers
Mobile Detailz,,+1-209-917-0910,,,Merced,CA,P2 | Class A | no website found on Google,,Car Detailers
Nickie's Mobile Wash,,+1-209-313-4824,,,Merced,CA,P2 | Class A | no website found on Google,,Car Detailers
Panda's Detailing,,+1-209-326-5471,,"2668 Peppertree Dr, Merced, CA 95348, United States",Merced,CA,P2 | Class A | no website found on Google,,Car Detailers
Restore Mobile Car Detailing Modesto,,+1-209-439-5884,,"4053 Elmo Loop, Modesto, CA 95356, United States",Merced,CA,P2 | Class A | no website found on Google,,Car Detailers
Sickest Detailing,,+1-209-326-2028,,,Merced,CA,P2 | Class A | no website found on Google,,Car Detailers
Twinshine Mobile Detailing,,+1-209-777-1237,,,Merced,CA,P2 | Class A | no website found on Google,,Car Detailers
Vibez N Shine Mobile detailing,,+1-209-799-0691,,,Merced,CA,P2 | Class A | no website found on Google,,Car Detailers
ACQUA BLACK Mobile Detailing,,+1-408-304-6971,,,Milpitas,CA,P2 | Class A | no website found on Google,,Car Detailers
Divino Detailing,,+1-925-290-9317,,,Milpitas,CA,P2 | Class A | no website found on Google,,Car Detailers
Imperial Detailing,,+1-408-533-8102,,,Milpitas,CA,P2 | Class A | no website found on Google,,Car Detailers
J.O.C Auto Detailing,,+1-669-245-9089,,,Milpitas,CA,P2 | Class A | no website found on Google,,Car Detailers
Novare Auto Detailing,,+1-669-499-6056,,,Milpitas,CA,P2 | Class A | no website found on Google,,Car Detailers
Palmas Auto Detail,,+1-408-707-2077,,,Milpitas,CA,P2 | Class A | no website found on Google,,Car Detailers
Pop & Flash Auto Detailing,,+1-408-401-2220,,"1645 Yellowstone Ave, Milpitas, CA 95035, United States",Milpitas,CA,P2 | Class A | no website found on Google,,Car Detailers
SOTO'S Mobile Detailing,,+1-408-594-0821,,,Milpitas,CA,P2 | Class A | no website found on Google,,Car Detailers
Shine and Go Mobile Detailing and Fleet Washing,,+1-408-234-7328,,,Milpitas,CA,P2 | Class A | no website found on Google,,Car Detailers
vcp services,,+1-669-223-8759,,,Milpitas,CA,P2 | Class A | no website found on Google,,Car Detailers
Christo Mobile Detailing,,+1-949-547-1517,,"1111 Gateway Pl, Mission Viejo, CA 92694, United States",Mission Viejo,CA,P2 | Class A | no website found on Google,,Car Detailers
Eagle detailing,,+1-949-539-6783,,,Mission Viejo,CA,P2 | Class A | no website found on Google,,Car Detailers
Elite Detailing,,+1-949-545-8010,,"84 Strawflower St, Ladera Ranch, CA 92694, United States",Mission Viejo,CA,P2 | Class A | no website found on Google,,Car Detailers
EzAutoDetails,,+1-949-866-7701,,,Mission Viejo,CA,P2 | Class A | no website found on Google,,Car Detailers
High Society Luxe Detailing,,+1-949-993-8265,,,Mission Viejo,CA,P2 | Class A | no website found on Google,,Car Detailers
Investment Detailing,,+1-949-973-4610,,,Mission Viejo,CA,P2 | Class A | no website found on Google,,Car Detailers
JC Auto Mobile Detailing,,+1-949-519-8582,,,Mission Viejo,CA,P2 | Class A | no website found on Google,,Car Detailers
Kings Auto Detailing Services,,+1-442-222-4293,,,Mission Viejo,CA,P2 | Class A | no website found on Google,,Car Detailers
LuxxTail Detailing,,+1-949-877-9289,,,Mission Viejo,CA,P2 | Class A | no website found on Google,,Car Detailers
PristineView detailing,,+1-949-569-0268,,,Mission Viejo,CA,P2 | Class A | no website found on Google,,Car Detailers
VIP 23 car wash & Auto Detailing,,+1-949-312-7108,,,Mission Viejo,CA,P2 | Class A | no website found on Google,,Car Detailers
A & A Truck Wash Mobile,,+1-209-409-1598,,,Modesto,CA,P2 | Class A | no website found on Google,,Car Detailers
Adan’s Auto Detailing,,+1-209-303-4451,,,Modesto,CA,P2 | Class A | no website found on Google,,Car Detailers
Aj’s auto detailed,,+1-510-690-3121,,"2501 Prescott Rd Apt 2, Modesto, CA 95350, United States",Modesto,CA,P2 | Class A | no website found on Google,,Car Detailers
Angelo's Auto Detailing LLC,,+1-209-900-7487,,,Modesto,CA,P2 | Class A | no website found on Google,,Car Detailers
Cuevas Mobile Detail,,+1-209-765-1314,,,Modesto,CA,P2 | Class A | no website found on Google,,Car Detailers
Fine Shine Mobile Detailing,,+1-209-214-5266,,,Modesto,CA,P2 | Class A | no website found on Google,,Car Detailers
GH_AutoDetailz,,+1-510-409-9562,,"1828 Los Pajaros Way, Modesto, CA 95358, United States",Modesto,CA,P2 | Class A | no website found on Google,,Car Detailers
Good Deal Detail,,+1-209-614-0944,,"2300 Shortline Ct, Modesto, CA 95350, United States",Modesto,CA,P2 | Class A | no website found on Google,,Car Detailers
High Shine Auto Detail,,+1-209-345-0595,,"1400 N 9th St, Modesto, CA 95350, United States",Modesto,CA,P2 | Class A | no website found on Google,,Car Detailers
Kept Clean Auto Interior Mobile Detailing,,+1-209-818-2455,,,Modesto,CA,P2 | Class A | no website found on Google,,Car Detailers
Modified Detail,,+1-209-585-7972,,"Rumble Rd, Modesto, CA 95355, United States",Modesto,CA,P2 | Class A | no website found on Google,,Car Detailers
Royal Auto Detailing,,+1-209-222-1693,,,Modesto,CA,P2 | Class A | no website found on Google,,Car Detailers
Sergul Mobil Car Detailing,,+1-209-312-4856,,"2001 McHenry Ave, Modesto, CA 95350, United States",Modesto,CA,P2 | Class A | no website found on Google,,Car Detailers
Sid's Auto Style Mobile Detailing,,+1-925-724-6181,,,Modesto,CA,P2 | Class A | no website found on Google,,Car Detailers
Ultimate suds mobile detailing,,+1-209-568-6700,,,Modesto,CA,P2 | Class A | no website found on Google,,Car Detailers
Xpress Full Mobil Auto Detailing-CarWash Modesto,,+1-209-202-1818,,,Modesto,CA,P2 | Class A | no website found on Google,,Car Detailers
A&O Automotive Mobile Detailing,,+1-831-601-7217,,,Monterey,CA,P2 | Class A | no website found on Google,,Car Detailers
Auto Shine Detailing,,+1-831-917-6715,,"1278 Hamilton Ave, Seaside, CA 93955, United States",Monterey,CA,P2 | Class A | no website found on Google,,Car Detailers
Elite shine Autospa,,+1-831-869-5041,,,Monterey,CA,P2 | Class A | no website found on Google,,Car Detailers
Hernandez mobile car detail,,+1-831-210-7014,,"222 Cypress Ave, Marina, CA 93933, United States",Monterey,CA,P2 | Class A | no website found on Google,,Car Detailers
L&C Detailing,,+1-831-265-2463,,,Monterey,CA,P2 | Class A | no website found on Google,,Car Detailers
Mc Call Motorsports,,+1-831-372-6433,,"517 Airport Way # C, Monterey, CA 93940, United States",Monterey,CA,P2 | Class A | no website found on Google,,Car Detailers
Primedetails831,,+1-831-383-3402,,,Monterey,CA,P2 | Class A | no website found on Google,,Car Detailers
RC Finishing Touch,,+1-831-236-9128,,,Monterey,CA,P2 | Class A | no website found on Google,,Car Detailers
ivan’s Autodetailing 🧪,,+1-831-328-2926,,"12825 Vía Linda, Castroville, CA 95012, United States",Monterey,CA,P2 | Class A | no website found on Google,,Car Detailers
superior auto detail,,+1-831-601-1831,,"Monterey Bay Coastal Trail, Monterey, CA 93940, United States",Monterey,CA,P2 | Class A | no website found on Google,,Car Detailers
A.M.W. Detailing,,+1-951-525-1984,,,Moreno Valley,CA,P2 | Class A | no website found on Google,,Car Detailers
BD Deluxe Detailing,,+1-408-707-0396,,,Moreno Valley,CA,P2 | Class A | no website found on Google,,Car Detailers
BLEU COLLAR MOBILE DETAIL,,+1-909-492-0698,,"10833 Cedar Tree Dr, Moreno Valley, CA 92557, United States",Moreno Valley,CA,P2 | Class A | no website found on Google,,Car Detailers
Banuelos Mobile Detailing & Pressure Washing LLC,,+1-951-230-9115,,,Moreno Valley,CA,P2 | Class A | no website found on Google,,Car Detailers
Brush Kingz Detailing Services,,+1-951-988-5773,,"Ironwood Ave, Moreno Valley, CA 92557, United States",Moreno Valley,CA,P2 | Class A | no website found on Google,,Car Detailers
Carters Mobile Detail,,+1-951-455-7734,,"23967 Blue Ridge Pl, Moreno Valley, CA 92557, United States",Moreno Valley,CA,P2 | Class A | no website found on Google,,Car Detailers
Clover Mobile Detailing,,+1-951-807-8727,,,Moreno Valley,CA,P2 | Class A | no website found on Google,,Car Detailers
Dirtyworxxdetailing (Moreno Valley Ca),,+1-951-220-4197,,,Moreno Valley,CA,P2 | Class A | no website found on Google,,Car Detailers
Emans_Detailings,,+1-951-758-3361,,,Moreno Valley,CA,P2 | Class A | no website found on Google,,Car Detailers
Fresh ride details,,+1-951-470-7929,,"12819 Barbazon Dr, Moreno Valley, CA 92555, United States",Moreno Valley,CA,P2 | Class A | no website found on Google,,Car Detailers
Gismo mobile detailing,,+1-323-389-5192,,"24440 Alessandro Blvd, Moreno Valley, CA 92553, United States",Moreno Valley,CA,P2 | Class A | no website found on Google,,Car Detailers
Godspeed Mobile Detailing,,+1-805-202-6257,,,Moreno Valley,CA,P2 | Class A | no website found on Google,,Car Detailers
High Demand Detailing,,+1-888-240-3808,,,Moreno Valley,CA,P2 | Class A | no website found on Google,,Car Detailers
Inland Empire Mobile Detailing,,+1-951-483-5660,,"43 Brokers Tip Ct, Perris, CA 92571, United States",Moreno Valley,CA,P2 | Class A | no website found on Google,,Car Detailers
J &R DETAILING,,+1-951-409-2017,,"16395 Hazelwood Ct, Moreno Valley, CA 92551, United States",Moreno Valley,CA,P2 | Class A | no website found on Google,,Car Detailers
JV Mobil Auto Detailing,,+1-951-350-9272,,"621 E Ramsey St, Banning, CA 92220, United States",Moreno Valley,CA,P2 | Class A | no website found on Google,,Car Detailers
Johnnys detailing,,+1-562-826-4365,,,Moreno Valley,CA,P2 | Class A | no website found on Google,,Car Detailers
Juniors polish,,+1-951-293-7093,,"24146 Via Vargas Dr, Moreno Valley, CA 92553, United States",Moreno Valley,CA,P2 | Class A | no website found on Google,,Car Detailers
K’s Auto Spa,,+1-951-209-4665,,"12869 Frederick St, Moreno Valley, CA 92553, United States",Moreno Valley,CA,P2 | Class A | no website found on Google,,Car Detailers
LevClean Auto Detailing,,+1-951-905-2429,,,Moreno Valley,CA,P2 | Class A | no website found on Google,,Car Detailers
LuxuryLane Mobile Detailing,,+1-951-214-8903,,"24840 Fortune Bay Ln, Moreno Valley, CA 92551, United States",Moreno Valley,CA,P2 | Class A | no website found on Google,,Car Detailers
MW Brilliant Mobile Detailing,,+1-951-836-4459,,,Moreno Valley,CA,P2 | Class A | no website found on Google,,Car Detailers
Mannys mobile wash and detail,,+1-909-565-5776,,"1339 Blossom Ave, Redlands, CA 92373, United States",Moreno Valley,CA,P2 | Class A | no website found on Google,,Car Detailers
ON TIME SHINE MOBILE ON SITE AUTO DETAILING,,+1-909-545-5352,,,Moreno Valley,CA,P2 | Class A | no website found on Google,,Car Detailers
On The Move Detailing,,+1-909-775-8594,,,Moreno Valley,CA,P2 | Class A | no website found on Google,,Car Detailers
Pacific Auto Salon,,+1-909-485-8615,,,Moreno Valley,CA,P2 | Class A | no website found on Google,,Car Detailers
Platinum VIP Mobile Auto Detailing,,+1-909-798-1140,,"415 W Redlands Blvd, Redlands, CA 92373, United States",Moreno Valley,CA,P2 | Class A | no website found on Google,,Car Detailers
Redeem To,,+1-909-327-6740,,,Moreno Valley,CA,P2 | Class A | no website found on Google,,Car Detailers
Redline Mobile Detailing,,+1-951-215-6145,,"2040 Eastridge Ave, Riverside, CA 92507, United States",Moreno Valley,CA,P2 | Class A | no website found on Google,,Car Detailers
Revelation Mobile Detailing,,+1-951-239-8974,,,Moreno Valley,CA,P2 | Class A | no website found on Google,,Car Detailers
Rise N Shine Auto Detailing,,+1-951-443-6114,,,Moreno Valley,CA,P2 | Class A | no website found on Google,,Car Detailers
Rosete Mobile Detailing,,+1-951-988-4838,,,Moreno Valley,CA,P2 | Class A | no website found on Google,,Car Detailers
STARRY Auto Detailing,,+1-951-313-4755,,"13029 Creekside Way, Moreno Valley, CA 92555, United States",Moreno Valley,CA,P2 | Class A | no website found on Google,,Car Detailers
Shelton's Mobile detailing,,+1-562-306-8034,,"10793 Village Rd, Moreno Valley, CA 92557, United States",Moreno Valley,CA,P2 | Class A | no website found on Google,,Car Detailers
Speedy Gonzalez Detailing,,+1-951-259-0899,,,Moreno Valley,CA,P2 | Class A | no website found on Google,,Car Detailers
StratWorx Mobile Detailing,,+1-951-533-9546,,,Moreno Valley,CA,P2 | Class A | no website found on Google,,Car Detailers
TNC Mobile Detailing,,+1-951-616-0049,,,Moreno Valley,CA,P2 | Class A | no website found on Google,,Car Detailers
Vega Details,,+1-951-647-8649,,"13200 Mohican Dr, Moreno Valley, CA 92555, United States",Moreno Valley,CA,P2 | Class A | no website found on Google,,Car Detailers
Washed In Faith CO,,+1-909-272-3972,,,Moreno Valley,CA,P2 | Class A | no website found on Google,,Car Detailers
YSM Aviation Detailing LLC,,+1-951-558-3895,,,Moreno Valley,CA,P2 | Class A | no website found on Google,,Car Detailers
Advance Detailing,,+1-408-682-0967,,,Morgan Hill,CA,P2 | Class A | no website found on Google,,Car Detailers
LN Detailing,,+1-669-258-9558,,,Morgan Hill,CA,P2 | Class A | no website found on Google,,Car Detailers
Odyssey Detailing,,+1-408-310-9726,,,Morgan Hill,CA,P2 | Class A | no website found on Google,,Car Detailers
Premier South Bay Detailing,,+1-669-294-3146,,,Morgan Hill,CA,P2 | Class A | no website found on Google,,Car Detailers
SOTO'S DETAILING. INC,,+1-408-324-4630,,"9594 Monterey Rd, Morgan Hill, CA 95037, United States",Morgan Hill,CA,P2 | Class A | no website found on Google,,Car Detailers
South Bay Car Detailing,,+1-408-663-3464,,,Morgan Hill,CA,P2 | Class A | no website found on Google,,Car Detailers
Auto Platinum detail,,+1-408-499-7591,,,Mountain View,CA,P2 | Class A | no website found on Google,,Car Detailers
AutoAmigoDetailing,,+1-650-880-9997,,"Easy St, Mountain View, CA 94043, United States",Mountain View,CA,P2 | Class A | no website found on Google,,Car Detailers
DOUBLE R Mobile Detailing,,+1-813-393-8113,,,Mountain View,CA,P2 | Class A | no website found on Google,,Car Detailers
Detail House llc,,+1-408-667-6826,,,Mountain View,CA,P2 | Class A | no website found on Google,,Car Detailers
Detailific,,+1-408-673-7492,,"982 Helen Ave, Sunnyvale, CA 94086, United States",Mountain View,CA,P2 | Class A | no website found on Google,,Car Detailers
FoamWorks Autocare,,+1-408-455-9665,,,Mountain View,CA,P2 | Class A | no website found on Google,,Car Detailers
Guzman Mobile Detailing,,+1-650-248-7818,,,Mountain View,CA,P2 | Class A | no website found on Google,,Car Detailers
JamesCDR,,+1-650-285-3002,,,Mountain View,CA,P2 | Class A | no website found on Google,,Car Detailers
LSV Mobile Detailing,,+1-775-558-7590,,,Mountain View,CA,P2 | Class A | no website found on Google,,Car Detailers
Lujano’s car detail,,+1-650-218-3644,,,Mountain View,CA,P2 | Class A | no website found on Google,,Car Detailers
MGB MOBILE CAR DETAILING,,+1-650-422-9739,,,Mountain View,CA,P2 | Class A | no website found on Google,,Car Detailers
Mountain View Auto Detail,,+1-650-557-8351,,"2080 W El Camino Real, Mountain View, CA 94040, United States",Mountain View,CA,P2 | Class A | no website found on Google,,Car Detailers
Mountain View Auto Detailing,,+1-650-383-7504,,,Mountain View,CA,P2 | Class A | no website found on Google,,Car Detailers
Peninsula Mobile Detailing,,+1-408-480-0336,,,Mountain View,CA,P2 | Class A | no website found on Google,,Car Detailers
Summit Auto Care,,+1-650-512-2435,,,Mountain View,CA,P2 | Class A | no website found on Google,,Car Detailers
All-Out Mobile Detailing,,+1-619-820-5259,,,Murrieta,CA,P2 | Class A | no website found on Google,,Car Detailers
Cendejas Mobile Detailing,,+1-951-442-4441,,,Murrieta,CA,P2 | Class A | no website found on Google,,Car Detailers
Elite Mobile Detailing,,+1-951-775-0331,,,Murrieta,CA,P2 | Class A | no website found on Google,,Car Detailers
Gentle Touch Detailing,,+1-951-721-9063,,,Murrieta,CA,P2 | Class A | no website found on Google,,Car Detailers
Gonzalezautodetail,,+1-562-646-8393,,"22941 Belcara Pl, Murrieta, CA 92562, United States",Murrieta,CA,P2 | Class A | no website found on Google,,Car Detailers
Impeccable Mobile Detailing,,+1-440-985-0395,,,Murrieta,CA,P2 | Class A | no website found on Google,,Car Detailers
JLUXMOBILEDETAIL,,+1-219-805-9000,,,Murrieta,CA,P2 | Class A | no website found on Google,,Car Detailers
Lavender Mobile Detailing,,+1-951-417-2790,,,Murrieta,CA,P2 | Class A | no website found on Google,,Car Detailers
Limitless Auto Detailing,,+1-951-666-3452,,,Murrieta,CA,P2 | Class A | no website found on Google,,Car Detailers
Markwell Detailing,,+1-619-633-6053,,"26087 Jefferson Ave, Murrieta, CA 92562, United States",Murrieta,CA,P2 | Class A | no website found on Google,,Car Detailers
"Mobile, Lightning Clear Headlight Restoration",,+1-951-595-1476,,,Murrieta,CA,P2 | Class A | no website found on Google,,Car Detailers
Murrieta Advanced Detailing & Restoration Svc's,,+1-951-249-5384,,"27708 Post Oak Pl, Murrieta, CA 92562, United States",Murrieta,CA,P2 | Class A | no website found on Google,,Car Detailers
No Blemish Mobile Detailing,,+1-951-758-1751,,,Murrieta,CA,P2 | Class A | no website found on Google,,Car Detailers
Outstanding Shine Detailing & Mobile Wash,,+1-760-519-5890,,"34002 Green Bean Ln, Wildomar, CA 92595, United States",Murrieta,CA,P2 | Class A | no website found on Google,,Car Detailers
Rim2Roof Detailing,,+1-760-484-4634,,"26149 Shady Brook Cir, Murrieta, CA 92563, United States",Murrieta,CA,P2 | Class A | no website found on Google,,Car Detailers
Rise and shine mobile detailing,,+1-424-450-3825,,,Murrieta,CA,P2 | Class A | no website found on Google,,Car Detailers
So-Cal Auto Detailing,,+1-844-467-6225,,,Murrieta,CA,P2 | Class A | no website found on Google,,Car Detailers
Steve's Mobile Detailing,,+1-951-751-6790,,"25406 Lacebark Dr, Murrieta, CA 92563, United States",Murrieta,CA,P2 | Class A | no website found on Google,,Car Detailers
Surface Protection Pros,,+1-951-290-8060,,"26540 Jefferson Ave C-1, Murrieta, CA 92562, United States",Murrieta,CA,P2 | Class A | no website found on Google,,Car Detailers
The Detail Doctor Autospa,,+1-951-483-1113,,"41695 Elm St #202, Murrieta, CA 92562, United States",Murrieta,CA,P2 | Class A | no website found on Google,,Car Detailers
Third World Detailing,,+1-619-504-8235,,"34859 Silversprings Pl, Murrieta, CA 92563, United States",Murrieta,CA,P2 | Class A | no website found on Google,,Car Detailers
Top Tier Mobile Detail,,+1-951-823-3207,,"39559 Oak Cliff Dr, Temecula, CA 92591, United States",Murrieta,CA,P2 | Class A | no website found on Google,,Car Detailers
Wiest Mobile Detailing,,+1-951-323-0954,,"23751 Pepperleaf St, Murrieta, CA 92562, United States",Murrieta,CA,P2 | Class A | no website found on Google,,Car Detailers
paulies auto detailing,,+1-951-805-0422,,"34941 Sage Canyon Ct, Winchester, CA 92596, United States",Murrieta,CA,P2 | Class A | no website found on Google,,Car Detailers
Calistoga Mobile Detailing,,+1-707-492-2193,,"Napa, CA 94558, United States",Napa,CA,P2 | Class A | no website found on Google,,Car Detailers
Chris's Car Cleaning Services,,+1-707-812-1043,,,Napa,CA,P2 | Class A | no website found on Google,,Car Detailers
Fino Care Detailing,,+1-707-603-5486,,,Napa,CA,P2 | Class A | no website found on Google,,Car Detailers
GD Detailing,,+1-707-230-9199,,,Napa,CA,P2 | Class A | no website found on Google,,Car Detailers
Ivan's Auto Detailing Supplies Napa,,+1-707-531-9590,,"536 Soscol Ave #1, Napa, CA 94559, United States",Napa,CA,P2 | Class A | no website found on Google,,Car Detailers
John's Custom Mobile Detail,,+1-707-252-4779,,"5142 Silverado Trail, Napa, CA 94558, United States",Napa,CA,P2 | Class A | no website found on Google,,Car Detailers
M&G Mobile Detailing,,+1-707-339-3612,,,Napa,CA,P2 | Class A | no website found on Google,,Car Detailers
New Life Auto Salon,,+1-707-254-0223,,"684 Lincoln Ave, Napa, CA 94558, United States",Napa,CA,P2 | Class A | no website found on Google,,Car Detailers
Precision Car Care,,+1-707-287-2256,,,Napa,CA,P2 | Class A | no website found on Google,,Car Detailers
Prime Quality Automotive Detailing,,+1-831-578-6242,,,Napa,CA,P2 | Class A | no website found on Google,,Car Detailers
RS car wash,,+1-707-392-8098,,,Napa,CA,P2 | Class A | no website found on Google,,Car Detailers
Redline Detailing,,+1-707-332-3864,,,Napa,CA,P2 | Class A | no website found on Google,,Car Detailers
ReyesAutoDetail,,+1-707-681-5747,,,Napa,CA,P2 | Class A | no website found on Google,,Car Detailers
TopDetails,,+1-707-396-6721,,,Napa,CA,P2 | Class A | no website found on Google,,Car Detailers
Zay Car Detailing,,+1-707-704-7998,,,Napa,CA,P2 | Class A | no website found on Google,,Car Detailers
Zen Auto Detailing,,+1-707-690-0702,,,Napa,CA,P2 | Class A | no website found on Google,,Car Detailers
4k Moblie Detailing,,+1-562-299-2082,,,Norwalk,CA,P2 | Class A | no website found on Google,,Car Detailers
5150 mobile detail,,+1-562-640-7010,,,Norwalk,CA,P2 | Class A | no website found on Google,,Car Detailers
A.L Mobile Detail,,+1-562-632-8218,,"9122 Bluford Ave, Whittier, CA 90602, United States",Norwalk,CA,P2 | Class A | no website found on Google,,Car Detailers
Advanced Mobile Diagnostic n Detailing,,+1-562-340-5070,,"13525 Ramsey Dr, La Mirada, CA 90638, United States",Norwalk,CA,P2 | Class A | no website found on Google,,Car Detailers
Broadshield Detailing Solutions,,+1-661-571-9380,,,Norwalk,CA,P2 | Class A | no website found on Google,,Car Detailers
Classic Touch Auto Detailing,,+1-562-946-1933,,"14209 Leffingwell Rd, Whittier, CA 90604, United States",Norwalk,CA,P2 | Class A | no website found on Google,,Car Detailers
DonVDetails,,+1-562-410-1757,,"11923 Highdale St, Norwalk, CA 90650, United States",Norwalk,CA,P2 | Class A | no website found on Google,,Car Detailers
Jojo's Mobile Detail,,+1-562-371-4192,,,Norwalk,CA,P2 | Class A | no website found on Google,,Car Detailers
Joseph’s Auto Detailing,,+1-562-250-4485,,,Norwalk,CA,P2 | Class A | no website found on Google,,Car Detailers
Norwalk Auto Detailing,,+1-562-210-0575,,,Norwalk,CA,P2 | Class A | no website found on Google,,Car Detailers
Ready Set Auto Spa,,+1-562-631-2861,,,Norwalk,CA,P2 | Class A | no website found on Google,,Car Detailers
una lavadita car detailing,,+1-562-388-7419,,,Norwalk,CA,P2 | Class A | no website found on Google,,Car Detailers
Aguilar mobile car wash & detailing,,+1-415-724-6491,,"78 Novato St, San Rafael, CA 94901, United States",Novato,CA,P2 | Class A | no website found on Google,,Car Detailers
EECM Auto Detailing,,+1-415-991-9914,,,Novato,CA,P2 | Class A | no website found on Google,,Car Detailers
Hollywood Details,,+1-415-898-1172,,"7435 Redwood Blvd Ste 1, Novato, CA 94945, United States",Novato,CA,P2 | Class A | no website found on Google,,Car Detailers
John 3:16 car detailing,,+1-415-845-9297,,,Novato,CA,P2 | Class A | no website found on Google,,Car Detailers
Marin Auto Detailing,,+1-628-253-3337,,,Novato,CA,P2 | Class A | no website found on Google,,Car Detailers
Ricks Quality Auto Detailing - Mobile Service,,+1-415-747-7692,,"Mobile Service, 119 Ensenada Dr, Novato, CA 94949, United States",Novato,CA,P2 | Class A | no website found on Google,,Car Detailers
Torque and Polish Detailing,,+1-629-279-3790,,,Novato,CA,P2 | Class A | no website found on Google,,Car Detailers
Aura & Auto,,+1-209-408-2144,,,Oakdale,CA,P2 | Class A | no website found on Google,,Car Detailers
CR-V DETAIL,,+1-424-330-9007,,,Oakdale,CA,P2 | Class A | no website found on Google,,Car Detailers
CS Elite Auto Care,,+1-650-422-4294,,,Oakdale,CA,P2 | Class A | no website found on Google,,Car Detailers
D L T AUTO DETAIL,,+1-209-324-2174,,"6043 Kasper Dr, Riverbank, CA 95367, United States",Oakdale,CA,P2 | Class A | no website found on Google,,Car Detailers
Details by Alex,,+1-350-207-5138,,"5839 Homewood Way, Riverbank, CA 95367, United States",Oakdale,CA,P2 | Class A | no website found on Google,,Car Detailers
Jveliteautospa,,+1-209-550-9768,,,Oakdale,CA,P2 | Class A | no website found on Google,,Car Detailers
Lustrous Auto Detailing,,+1-209-356-8708,,,Oakdale,CA,P2 | Class A | no website found on Google,,Car Detailers
Moi's Supreme Detailing,,+1-209-502-9417,,,Oakdale,CA,P2 | Class A | no website found on Google,,Car Detailers
Rook Detailing,,+1-209-801-2341,,,Oakdale,CA,P2 | Class A | no website found on Google,,Car Detailers
Valley P & S Inc,,+1-209-869-5690,,"5950 Roselle Ave, Riverbank, CA 95367, United States",Oakdale,CA,P2 | Class A | no website found on Google,,Car Detailers
Vanish Detail & Ceramic Coatings,,+1-209-404-1001,,"2809 Patterson Rd # A, Riverbank, CA 95367, United States",Oakdale,CA,P2 | Class A | no website found on Google,,Car Detailers
Car detailing mobil east bay Michoacán,,+1-510-693-5940,,"612 El Paseo Dr, Oakland, CA 94603, United States",Oakland,CA,P2 | Class A | no website found on Google,,Car Detailers
East Bay Headlight Restoration,,+1-510-815-3917,,"8480 Edes Ave, Oakland, CA 94621, United States",Oakland,CA,P2 | Class A | no website found on Google,,Car Detailers
JP's Mobile Detailing,,+1-510-830-7613,,,Oakland,CA,P2 | Class A | no website found on Google,,Car Detailers
Jireh Mobile Repair,,+1-510-569-3952,,"8925 San Leandro St, Oakland, CA 94621, United States",Oakland,CA,P2 | Class A | no website found on Google,,Car Detailers
Lady's Mobile Auto Detailing,,+1-510-692-2001,,,Oakland,CA,P2 | Class A | no website found on Google,,Car Detailers
Oak Detail,,+1-925-565-2966,,"1901 Park Blvd, Oakland, CA 94606, United States",Oakland,CA,P2 | Class A | no website found on Google,,Car Detailers
Quick Shine Mobile Detailing,,+1-628-999-6277,,"419 2nd St, Oakland, CA 94607, United States",Oakland,CA,P2 | Class A | no website found on Google,,Car Detailers
Ace Detailing San Diego,,+1-760-305-3258,,,Oceanside,CA,P2 | Class A | no website found on Google,,Car Detailers
Alex detailing,,+1-760-472-4452,,"431 Vandegrift Blvd, Oceanside, CA 92057, United States",Oceanside,CA,P2 | Class A | no website found on Google,,Car Detailers
Beast Auto Detail & Ceramic Coating,,+1-760-689-0488,,,Oceanside,CA,P2 | Class A | no website found on Google,,Car Detailers
Gold standard detailing,,+1-619-520-5094,,,Oceanside,CA,P2 | Class A | no website found on Google,,Car Detailers
Jay's Auto Detailing,,+1-760-828-1874,,,Oceanside,CA,P2 | Class A | no website found on Google,,Car Detailers
Jay’s Auto Detailing,,+1-858-264-8165,,,Oceanside,CA,P2 | Class A | no website found on Google,,Car Detailers
Liquid Drip,,+1-760-500-1906,,"3984 Johnson Dr, Oceanside, CA 92056, United States",Oceanside,CA,P2 | Class A | no website found on Google,,Car Detailers
Royal Auto detailing,,+1-760-470-2178,,"665 Ascot Dr, Vista, CA 92083, United States",Oceanside,CA,P2 | Class A | no website found on Google,,Car Detailers
VIP detailing of Southern Cal.,,+1-760-458-6313,,,Oceanside,CA,P2 | Class A | no website found on Google,,Car Detailers
VisionPro Headlight Restoration,,+1-760-909-9089,,"136 Magdalena Dr, Oceanside, CA 92057, United States",Oceanside,CA,P2 | Class A | no website found on Google,,Car Detailers
4D Detailing,,+1-909-728-5652,,,Ontario,CA,P2 | Class A | no website found on Google,,Car Detailers
Bonita Mobile Auto Detail,,+1-909-599-0911,,"8434 Klusman Ave, Rancho Cucamonga, CA 91730, United States",Ontario,CA,P2 | Class A | no website found on Google,,Car Detailers
Clean Driven,,+1-909-952-1482,,,Ontario,CA,P2 | Class A | no website found on Google,,Car Detailers
Dgo Mobile detailing,,+1-909-851-8516,,"8393 Foothill Blvd, Rancho Cucamonga, CA 91730, United States",Ontario,CA,P2 | Class A | no website found on Google,,Car Detailers
Divine Shine Mobile Detailing & Ceramic Coating,,+1-909-816-0412,,,Ontario,CA,P2 | Class A | no website found on Google,,Car Detailers
Golden plus detailing & Car Wash,,+1-909-443-8823,,"2035 S Cucamonga Ave, Ontario, CA 91761, United States",Ontario,CA,P2 | Class A | no website found on Google,,Car Detailers
HDZ car wash and auto detailing,,+1-909-241-1607,,"538 N Fuchsia Ave, Ontario, CA 91762, United States",Ontario,CA,P2 | Class A | no website found on Google,,Car Detailers
JC auto details,,+1-909-552-5386,,"1835 N Placer Ave, Ontario, CA 91764, United States",Ontario,CA,P2 | Class A | no website found on Google,,Car Detailers
Jrez Mobile Detailing,,+1-909-395-6955,,,Ontario,CA,P2 | Class A | no website found on Google,,Car Detailers
Krispy Mobile Detailing,,+1-909-678-7002,,,Ontario,CA,P2 | Class A | no website found on Google,,Car Detailers
Luxe Auto Detailing,,+1-213-965-5551,,,Ontario,CA,P2 | Class A | no website found on Google,,Car Detailers
Mint auto detail,,+1-571-288-6154,,"1128 Kats Way, Upland, CA 91786, United States",Ontario,CA,P2 | Class A | no website found on Google,,Car Detailers
Rise to Shine Mobile Auto Spa,,+1-442-444-0224,,,Ontario,CA,P2 | Class A | no website found on Google,,Car Detailers
The rico touch detailing,,+1-840-259-1637,,"903 N Central Ave # D, Upland, CA 91786, United States",Ontario,CA,P2 | Class A | no website found on Google,,Car Detailers
Top Notch Auto Detailing,,+1-951-500-2841,,,Ontario,CA,P2 | Class A | no website found on Google,,Car Detailers
Xplicit Auto Detailing,,+1-213-326-6062,,,Ontario,CA,P2 | Class A | no website found on Google,,Car Detailers
Zachs Auto Detailing LLC,,+1-909-635-9709,,"1685 E 5th St, Ontario, CA 91764, United States",Ontario,CA,P2 | Class A | no website found on Google,,Car Detailers
"D & J Auto Spa - Auto Paint Correction, Interior and Exterior Car Detailing Service in Orange CA",,+1-657-214-8094,,,Orange,CA,P2 | Class A | no website found on Google,,Car Detailers
OG’s Auto Details,,+1-714-430-0717,,"1520 E Nubian Ln, Orange, CA 92866, United States",Orange,CA,P2 | Class A | no website found on Google,,Car Detailers
Onsite Detailing,,+1-714-658-8719,,,Orange,CA,P2 | Class A | no website found on Google,,Car Detailers
Orange County Mobile Auto Detailing,,+1-949-658-2610,,,Orange,CA,P2 | Class A | no website found on Google,,Car Detailers
PR Detail,,+1-714-328-7753,,,Orange,CA,P2 | Class A | no website found on Google,,Car Detailers
Tony's Detailing & Supplies,,+1-714-598-5572,,"1849 W Katella Ave, Anaheim, CA 92804, United States",Orange,CA,P2 | Class A | no website found on Google,,Car Detailers
Veteran Detailers OC,,+1-949-339-2176,,,Orange,CA,P2 | Class A | no website found on Google,,Car Detailers
A1 Mobile Detailing,,+1-530-353-5968,,,Oroville,CA,P2 | Class A | no website found on Google,,Car Detailers
BRS detailing,,+1-530-403-0105,,,Oroville,CA,P2 | Class A | no website found on Google,,Car Detailers
Burruss mobile detailing,,+1-530-353-9980,,,Oroville,CA,P2 | Class A | no website found on Google,,Car Detailers
Echelon Detail Experts,,+1-530-491-9384,,"1801-1847 Montgomery St, Oroville, CA 95965, United States",Oroville,CA,P2 | Class A | no website found on Google,,Car Detailers
Jake’s Detailing,,+1-937-269-1396,,,Oroville,CA,P2 | Class A | no website found on Google,,Car Detailers
Liberty Cleaning and Auto Detailing,,+1-530-703-1466,,"2210 Oro Bangor Hwy Apt 1, Oroville, CA 95966, United States",Oroville,CA,P2 | Class A | no website found on Google,,Car Detailers
Lopez_luxe_detaling,,+1-530-353-8593,,,Oroville,CA,P2 | Class A | no website found on Google,,Car Detailers
Ruiz mobile detail service,,+1-530-403-9192,,,Oroville,CA,P2 | Class A | no website found on Google,,Car Detailers
Shine time mobile detailing,,+1-530-403-7607,,,Oroville,CA,P2 | Class A | no website found on Google,,Car Detailers
onsite garage,,+1-530-854-0835,,,Oroville,CA,P2 | Class A | no website found on Google,,Car Detailers
4 Season Detailing,,+1-805-330-1791,,"535 Diaz Ave, Oxnard, CA 93030, United States",Oxnard,CA,P2 | Class A | no website found on Google,,Car Detailers
805Detailz - Mobile detailing,,+1-805-827-3205,,"Henry Pl, Oxnard, CA 93033, United States",Oxnard,CA,P2 | Class A | no website found on Google,,Car Detailers
All star detail,,+1-805-908-2106,,,Oxnard,CA,P2 | Class A | no website found on Google,,Car Detailers
Beyond Detail,,+1-805-443-4258,,"132 Lambert St #1, Oxnard, CA 93036, United States",Oxnard,CA,P2 | Class A | no website found on Google,,Car Detailers
Classic Auto Detail,,+1-805-793-6671,,"233 St Marys Dr, Oxnard, CA 93036, United States",Oxnard,CA,P2 | Class A | no website found on Google,,Car Detailers
DLM Auto Spa,,+1-805-336-2132,,,Oxnard,CA,P2 | Class A | no website found on Google,,Car Detailers
Detail Legacy 805,,+1-805-397-8934,,"925 Ilena St, Oxnard, CA 93030, United States",Oxnard,CA,P2 | Class A | no website found on Google,,Car Detailers
Detailing Machine,,+1-805-853-9334,,"1419 Persimmon Ave, Oxnard, CA 93033, United States",Oxnard,CA,P2 | Class A | no website found on Google,,Car Detailers
Elite Vip Mobile Car Detailing,,+1-805-862-8671,,,Oxnard,CA,P2 | Class A | no website found on Google,,Car Detailers
Espinoza Car Care,,+1-805-760-1410,,"1251 Mercantile St, Oxnard, CA 93030, United States",Oxnard,CA,P2 | Class A | no website found on Google,,Car Detailers
Ezekiel Mobile Detail,,+1-805-401-8549,,,Oxnard,CA,P2 | Class A | no website found on Google,,Car Detailers
Gold Coast Detailing,,+1-805-616-2330,,"4587 Telephone Rd, Ventura, CA 93003, United States",Oxnard,CA,P2 | Class A | no website found on Google,,Car Detailers
Headlights by Omar,,+1-805-415-2162,,"Andrea Dr, Oxnard, CA 93033, United States",Oxnard,CA,P2 | Class A | no website found on Google,,Car Detailers
Izzy's Mobile Detailing,,+1-805-330-7112,,,Oxnard,CA,P2 | Class A | no website found on Google,,Car Detailers
J Quality Mobile Detailing,,+1-252-301-8817,,,Oxnard,CA,P2 | Class A | no website found on Google,,Car Detailers
Jay's Drip Auto Detailing,,+1-805-248-2472,,"1445 Bayview Dr, Oxnard, CA 93035, United States",Oxnard,CA,P2 | Class A | no website found on Google,,Car Detailers
Kahuna Mobile Detailing & Paint Specialist,,+1-805-701-3937,,,Oxnard,CA,P2 | Class A | no website found on Google,,Car Detailers
MATEO'S MOBILE CAR WASH,,+1-805-248-5673,,"2650 Balboa St, Oxnard, CA 93036, United States",Oxnard,CA,P2 | Class A | no website found on Google,,Car Detailers
Mobile Hydro Luxe Wash,,+1-805-561-3127,,"816 S F St, Oxnard, CA 93030, United States",Oxnard,CA,P2 | Class A | no website found on Google,,Car Detailers
Next Level Customs,,+1-820-222-6009,,"2000 Cabot Pl Ste G, Oxnard, CA 93030, United States",Oxnard,CA,P2 | Class A | no website found on Google,,Car Detailers
OCDetail Mobile Detailing,,+1-805-509-9898,,,Oxnard,CA,P2 | Class A | no website found on Google,,Car Detailers
Ortiz Mobile Car Wash,,+1-805-689-0413,,,Oxnard,CA,P2 | Class A | no website found on Google,,Car Detailers
Primal Shine Detailing,,+1-805-758-9047,,"300 E Esplanade Dr, Oxnard, CA 93036, United States",Oxnard,CA,P2 | Class A | no website found on Google,,Car Detailers
Prime Class Detail,,+1-805-721-0144,,"1263 S L St, Oxnard, CA 93033, United States",Oxnard,CA,P2 | Class A | no website found on Google,,Car Detailers
Road Runner Mobile Detailers,,+1-805-658-7943,,"2051 Alameda Ave, Ventura, CA 93003, United States",Oxnard,CA,P2 | Class A | no website found on Google,,Car Detailers
Spec Shine Auto Spa,,+1-805-946-4294,,,Oxnard,CA,P2 | Class A | no website found on Google,,Car Detailers
Superstar Mobile Detailing,,+1-805-827-5450,,"401 Danvers River St, Oxnard, CA 93036, United States",Oxnard,CA,P2 | Class A | no website found on Google,,Car Detailers
Sylvan’s Mobile Detailing,,+1-805-666-9758,,"811 Williams Pl, Ojai, CA 93023, United States",Oxnard,CA,P2 | Class A | no website found on Google,,Car Detailers
Xico Mobile Detailing,,+1-805-670-9159,,"Xico Detailz, Oxnard, CA 93033, United States",Oxnard,CA,P2 | Class A | no website found on Google,,Car Detailers
Cancun carwash,,+1-760-851-1089,,,Palm Desert,CA,P2 | Class A | no website found on Google,,Car Detailers
Certified Auto Detailing,,+1-760-218-9229,,"74818 42nd Ave, Palm Desert, CA 92260, United States",Palm Desert,CA,P2 | Class A | no website found on Google,,Car Detailers
Classic Mobile Detailing,,+1-805-453-7375,,"Forbes cir, La Quinta, CA 92253, United States",Palm Desert,CA,P2 | Class A | no website found on Google,,Car Detailers
Cruisn' Spotless Mobile Detailing,,+1-760-777-5338,,,Palm Desert,CA,P2 | Class A | no website found on Google,,Car Detailers
Desert Shine Auto Detailing,,+1-760-905-5105,,,Palm Desert,CA,P2 | Class A | no website found on Google,,Car Detailers
Elysian Bloom Automotive Detailing,,+1-442-370-3491,,,Palm Desert,CA,P2 | Class A | no website found on Google,,Car Detailers
Hernandez auto mobile detailing,,+1-760-620-6036,,,Palm Desert,CA,P2 | Class A | no website found on Google,,Car Detailers
J&A Autoworks,,+1-442-256-0312,,"74794 42nd Ave #9, Palm Desert, CA 92260, United States",Palm Desert,CA,P2 | Class A | no website found on Google,,Car Detailers
JS Auto detail supplies,,+1-760-272-5748,,"74818 Velie Way, Palm Desert, CA 92260, United States",Palm Desert,CA,P2 | Class A | no website found on Google,,Car Detailers
MEG Auto Detailing Supplies & Solutions,,+1-760-848-5097,,"35850 Date Palm Dr Ste B, Cathedral City, CA 92234, United States",Palm Desert,CA,P2 | Class A | no website found on Google,,Car Detailers
Mile High Mobile Detail,,+1-760-396-8425,,"74440 Goleta Ave, Palm Desert, CA 92260, United States",Palm Desert,CA,P2 | Class A | no website found on Google,,Car Detailers
Perfect Auto Detail,,+1-760-464-9339,,"74501 42nd Ave, Palm Desert, CA 92260, United States",Palm Desert,CA,P2 | Class A | no website found on Google,,Car Detailers
Real Shine Detailing,,+1-951-906-4092,,,Palm Desert,CA,P2 | Class A | no website found on Google,,Car Detailers
Rico's West Coast Wash,,+1-760-898-5262,,,Palm Desert,CA,P2 | Class A | no website found on Google,,Car Detailers
Rogerz Mobile Detailing,,+1-760-996-7225,,,Palm Desert,CA,P2 | Class A | no website found on Google,,Car Detailers
Womack Mobile Detail,,+1-760-668-2710,,,Palm Desert,CA,P2 | Class A | no website found on Google,,Car Detailers
Bayo's car detailing,,+1-760-534-6836,,"33049 Navajo Trail, Cathedral City, CA 92234, United States",Palm Springs,CA,P2 | Class A | no website found on Google,,Car Detailers
CV Precision Details,,+1-760-261-3528,,"17300 Corkill Rd #96, Desert Hot Springs, CA 92241, United States",Palm Springs,CA,P2 | Class A | no website found on Google,,Car Detailers
Claro’s Pro Auto Detailing,,+1-760-454-6208,,"32956 Navajo Trail, Cathedral City, CA 92234, United States",Palm Springs,CA,P2 | Class A | no website found on Google,,Car Detailers
Clear&Clean Mobile Wash,,+1-760-534-9408,,,Palm Springs,CA,P2 | Class A | no website found on Google,,Car Detailers
Dave's Mobile Detailing,,+1-802-498-4110,,,Palm Springs,CA,P2 | Class A | no website found on Google,,Car Detailers
"Desert Car Co., LLC.",,+1-760-883-0579,,"36135 Cathedral Canyon Dr, Cathedral City, CA 92234, United States",Palm Springs,CA,P2 | Class A | no website found on Google,,Car Detailers
J&R Mobile Auto Detailing,,+1-760-567-5825,,,Palm Springs,CA,P2 | Class A | no website found on Google,,Car Detailers
Lemus Detailing,,+1-760-877-0170,,,Palm Springs,CA,P2 | Class A | no website found on Google,,Car Detailers
Maury's Mobile Wash,,+1-760-774-2113,,,Palm Springs,CA,P2 | Class A | no website found on Google,,Car Detailers
Moreno Mobile Wash,,+1-442-234-5869,,"66817 Pierson Blvd, Desert Hot Springs, CA 92240, United States",Palm Springs,CA,P2 | Class A | no website found on Google,,Car Detailers
P.H.Detailing,,+1-760-227-8889,,,Palm Springs,CA,P2 | Class A | no website found on Google,,Car Detailers
Pristine Auto Details,,+1-442-998-2073,,,Palm Springs,CA,P2 | Class A | no website found on Google,,Car Detailers
Pristine Precision Auto Detailing,,+1-442-234-3765,,,Palm Springs,CA,P2 | Class A | no website found on Google,,Car Detailers
Randys fine auto detailing .,,+1-760-980-9809,,,Palm Springs,CA,P2 | Class A | no website found on Google,,Car Detailers
Superior Automotive Detail,,+1-760-831-8345,,,Palm Springs,CA,P2 | Class A | no website found on Google,,Car Detailers
1STOPDETAIL,,+1-661-718-5969,,,Palmdale,CA,P2 | Class A | no website found on Google,,Car Detailers
3D Detailing Supplies AV,,+1-661-522-8794,,"525 E Palmdale Blvd, Palmdale, CA 93550, United States",Palmdale,CA,P2 | Class A | no website found on Google,,Car Detailers
Alex Mobile Auto & Detailing,,+1-213-357-6203,,,Palmdale,CA,P2 | Class A | no website found on Google,,Car Detailers
Blackdiamonds carwash auto detail mobile,,+1-323-621-2231,,"37632 13th St E, Palmdale, CA 93550, United States",Palmdale,CA,P2 | Class A | no website found on Google,,Car Detailers
CK Auto detailing & Ceramic Coating Mobile,,+1-661-736-6705,,"37914 29th St E, Palmdale, CA 93550, United States",Palmdale,CA,P2 | Class A | no website found on Google,,Car Detailers
Catarino Details,,+1-661-365-4019,,,Palmdale,CA,P2 | Class A | no website found on Google,,Car Detailers
Detail Pros Antelope Valley,,+1-661-736-2467,,,Palmdale,CA,P2 | Class A | no website found on Google,,Car Detailers
DnS Ultra Detailing,,+1-661-537-3328,,,Palmdale,CA,P2 | Class A | no website found on Google,,Car Detailers
Dream Vehicle Auto Spa,,+1-661-523-8031,,"38408 2nd St E, Palmdale, CA 93550, United States",Palmdale,CA,P2 | Class A | no website found on Google,,Car Detailers
Estrada Mobile Car Wash,,+1-661-878-2694,,,Palmdale,CA,P2 | Class A | no website found on Google,,Car Detailers
First Class Mobile Detailing,,+1-805-433-2332,,"Palmdale, CA 93550, United States",Palmdale,CA,P2 | Class A | no website found on Google,,Car Detailers
Frontline Detail,,+1-661-212-1554,,,Palmdale,CA,P2 | Class A | no website found on Google,,Car Detailers
Glens Mobile Detailing,,+1-661-941-0518,,,Palmdale,CA,P2 | Class A | no website found on Google,,Car Detailers
Homeboy’s mobile detail,,+1-747-252-9784,,,Palmdale,CA,P2 | Class A | no website found on Google,,Car Detailers
JW Mobile Detailing and Car Wash,,+1-661-934-2684,,,Palmdale,CA,P2 | Class A | no website found on Google,,Car Detailers
JesusFlawlessMobileDetailing,,+1-661-494-3253,,,Palmdale,CA,P2 | Class A | no website found on Google,,Car Detailers
LP Mobile Detailing,,+1-661-802-6636,,,Palmdale,CA,P2 | Class A | no website found on Google,,Car Detailers
Lugo's Master Mind Detailing,,+1-626-399-5271,,,Palmdale,CA,P2 | Class A | no website found on Google,,Car Detailers
Modified Mobile Detailing,,+1-661-860-6820,,,Palmdale,CA,P2 | Class A | no website found on Google,,Car Detailers
Only clean mobile detailing llc,,+1-661-916-6177,,,Palmdale,CA,P2 | Class A | no website found on Google,,Car Detailers
Pure Pressure Mobile Wash,,+1-661-916-4245,,,Palmdale,CA,P2 | Class A | no website found on Google,,Car Detailers
Relentless Mobile Detailing,,+1-661-675-7070,,,Palmdale,CA,P2 | Class A | no website found on Google,,Car Detailers
Rs Mobile Detailing Palmdale,,+1-818-697-3494,,,Palmdale,CA,P2 | Class A | no website found on Google,,Car Detailers
Samayoa's Professional Mobile Detailing,,+1-661-236-2152,,,Palmdale,CA,P2 | Class A | no website found on Google,,Car Detailers
Second Chance Shine Detailing Services,,+1-661-480-5688,,,Palmdale,CA,P2 | Class A | no website found on Google,,Car Detailers
Speckless detailing,,+1-661-486-2192,,"Technology Dr, Palmdale, CA 93550, United States",Palmdale,CA,P2 | Class A | no website found on Google,,Car Detailers
Supreme Detail By J,,+1-661-495-8479,,,Palmdale,CA,P2 | Class A | no website found on Google,,Car Detailers
Tony Premium Detailing,,+1-818-721-1813,,"36153 Sierra Hwy, Palmdale, CA 93550, United States",Palmdale,CA,P2 | Class A | no website found on Google,,Car Detailers
starlite mobile detailing,,+1-661-503-8455,,"37347 Populus Ave, Palmdale, CA 93552, United States",Palmdale,CA,P2 | Class A | no website found on Google,,Car Detailers
Apex auto detailing not in business,,+1-650-441-4264,,,Palo Alto,CA,P2 | Class A | no website found on Google,,Car Detailers
"MotoMate, Inc.",,+1-650-249-4242,,,Palo Alto,CA,P2 | Class A | no website found on Google,,Car Detailers
TPS Detailing,,+1-650-229-5311,,,Palo Alto,CA,P2 | Class A | no website found on Google,,Car Detailers
Auto Clean Pros,,+1-818-319-9525,,"2435 E Colorado Blvd, Pasadena, CA 91107, United States",Pasadena,CA,P2 | Class A | no website found on Google,,Car Detailers
Doug Wash Auto Detailing,,+1-626-254-3830,,"In Rear of Building, 2020 Lake Ave, Altadena, CA 91001, United States",Pasadena,CA,P2 | Class A | no website found on Google,,Car Detailers
Downtown Auto Detail,,+1-626-795-6094,,"2655 E Colorado Blvd # B, Pasadena, CA 91107, United States",Pasadena,CA,P2 | Class A | no website found on Google,,Car Detailers
"Eye for Detail, Inc",,+1-626-791-6283,,"1450 Whitefield Rd, Pasadena, CA 91104, United States",Pasadena,CA,P2 | Class A | no website found on Google,,Car Detailers
FES Auto Detailing,,+1-626-533-8523,,"680 E Colorado Blvd, Pasadena, CA 91101, United States",Pasadena,CA,P2 | Class A | no website found on Google,,Car Detailers
Foothill Detail Company,,+1-323-212-5897,,"2220 E Foothill Blvd, Pasadena, CA 91107, United States",Pasadena,CA,P2 | Class A | no website found on Google,,Car Detailers
Freddy fresh auto detail,,+1-626-216-8298,,"Temple City, CA 91780, United States",Pasadena,CA,P2 | Class A | no website found on Google,,Car Detailers
J&E Auto Glow LLC Mobile Detail,,+1-626-246-6025,,"122A E Foothill Blvd, Arcadia, CA 91006, United States",Pasadena,CA,P2 | Class A | no website found on Google,,Car Detailers
Loyalty autos LLC,,+1-310-290-0249,,"110 S Rosemead Blvd suite G, Pasadena, CA 91107, United States",Pasadena,CA,P2 | Class A | no website found on Google,,Car Detailers
Luxe Auto Detailing,,+1-626-517-7371,,,Pasadena,CA,P2 | Class A | no website found on Google,,Car Detailers
Mobile Car wash & Auto Detail services,,+1-901-455-9840,,,Pasadena,CA,P2 | Class A | no website found on Google,,Car Detailers
Nick Cuts Hair,,+1-323-679-4987,,"Hope St, South Pasadena, CA 91030, United States",Pasadena,CA,P2 | Class A | no website found on Google,,Car Detailers
Pasadena Go Detail,,+1-626-689-1655,,,Pasadena,CA,P2 | Class A | no website found on Google,,Car Detailers
S and L Mobile Detail,,+1-323-446-5165,,"680 E Colorado Blvd, Pasadena, CA 91101, United States",Pasadena,CA,P2 | Class A | no website found on Google,,Car Detailers
Sng Auto spa,,+1-323-400-8688,,"133 N Altadena Dr, Pasadena, CA 91107, United States",Pasadena,CA,P2 | Class A | no website found on Google,,Car Detailers
TimmyK Detailing,,+1-626-321-0160,,,Pasadena,CA,P2 | Class A | no website found on Google,,Car Detailers
805 Car Wash Mobile,,+1-805-536-0774,,"716 Creston Rd, Paso Robles, CA 93446, United States",Paso Robles,CA,P2 | Class A | no website found on Google,,Car Detailers
Blueshark Detailing,,+1-805-975-6046,,,Paso Robles,CA,P2 | Class A | no website found on Google,,Car Detailers
Car Wash Deluxe-Deluxe RV Services,,+1-805-863-1424,,"4950 El Camino Real, Atascadero, CA 93422, United States",Paso Robles,CA,P2 | Class A | no website found on Google,,Car Detailers
Car detailing chavez,,+1-805-406-8826,,,Paso Robles,CA,P2 | Class A | no website found on Google,,Car Detailers
Central Coast One Stop Detail Shop,,+1-805-461-3461,,"7800 El Camino Real suit b, Atascadero, CA 93422, United States",Paso Robles,CA,P2 | Class A | no website found on Google,,Car Detailers
Critical Detailing Co.,,+1-805-930-5445,,"93 Vista Ct, Paso Robles, CA 93446, United States",Paso Robles,CA,P2 | Class A | no website found on Google,,Car Detailers
Ernie Fountain Mobile Detailing,,+1-805-712-7982,,"Paso Robles, CA 93446, United States",Paso Robles,CA,P2 | Class A | no website found on Google,,Car Detailers
Gas Auto Spa,,+1-805-538-1941,,,Paso Robles,CA,P2 | Class A | no website found on Google,,Car Detailers
Locastro's Pinstriping,,+1-805-296-6736,,,Paso Robles,CA,P2 | Class A | no website found on Google,,Car Detailers
Mobile Detail Artist,,+1-805-888-1892,,,Paso Robles,CA,P2 | Class A | no website found on Google,,Car Detailers
Monarch Detailing,,+1-805-630-1567,,,Paso Robles,CA,P2 | Class A | no website found on Google,,Car Detailers
Nucklhdz Garage,,+1-805-712-5106,,"1420 Ramada Dr Unit # 292, Paso Robles, CA 93446, United States",Paso Robles,CA,P2 | Class A | no website found on Google,,Car Detailers
Siegeworks detailing and service,,+1-820-237-5455,,,Paso Robles,CA,P2 | Class A | no website found on Google,,Car Detailers
Supreme Detail Spa,,+1-805-369-9488,,,Paso Robles,CA,P2 | Class A | no website found on Google,,Car Detailers
Y&j mobile Detailing,,+1-805-574-5713,,,Paso Robles,CA,P2 | Class A | no website found on Google,,Car Detailers
Patterson Professional Auto Detail,,+1-209-233-2320,,"514 N 2nd St, Patterson, CA 95363, United States",Patterson,CA,P2 | Class A | no website found on Google,,Car Detailers
StaticS Detailing,,+1-209-646-2493,,"1444 Mesa Creek Dr, Patterson, CA 95363, United States",Patterson,CA,P2 | Class A | no website found on Google,,Car Detailers
The Detail Bar,,+1-669-250-4117,,,Patterson,CA,P2 | Class A | no website found on Google,,Car Detailers
VargasBrothersDetailing,,+1-209-695-7475,,"259 Finster St, Patterson, CA 95363, United States",Patterson,CA,P2 | Class A | no website found on Google,,Car Detailers
XpertAutoDetail,,+1-209-405-7289,,"Old Las Palmas Ave, Patterson, CA 95363, United States",Patterson,CA,P2 | Class A | no website found on Google,,Car Detailers
buskin.auto.details,,+1-209-241-1763,,,Patterson,CA,P2 | Class A | no website found on Google,,Car Detailers
zs_detailing,,+1-209-695-8989,,,Patterson,CA,P2 | Class A | no website found on Google,,Car Detailers
Automotive Appearance Specialists,,+1-707-763-2077,,"322 Lakeville St Suite B, Petaluma, CA 94952, United States",Petaluma,CA,P2 | Class A | no website found on Google,,Car Detailers
Bay Mobil details,,+1-415-328-2907,,,Petaluma,CA,P2 | Class A | no website found on Google,,Car Detailers
Bodega Mobile Detailing,,+1-206-939-1819,,,Petaluma,CA,P2 | Class A | no website found on Google,,Car Detailers
DSR Auto Detailing,,+1-707-782-3216,,,Petaluma,CA,P2 | Class A | no website found on Google,,Car Detailers
Luxent Detailing,,+1-707-971-3633,,,Petaluma,CA,P2 | Class A | no website found on Google,,Car Detailers
RPM Auto Detail,,+1-707-364-4023,,,Petaluma,CA,P2 | Class A | no website found on Google,,Car Detailers
TJD Auto Detailing,,+1-510-892-6658,,"576 Lakeville Cir, Petaluma, CA 94954, United States",Petaluma,CA,P2 | Class A | no website found on Google,,Car Detailers
ICE Detail,,+1-925-483-4894,,,Pittsburg,CA,P2 | Class A | no website found on Google,,Car Detailers
JC mobile detailing,,+1-925-501-0244,,,Pittsburg,CA,P2 | Class A | no website found on Google,,Car Detailers
Nando’s Detail’s,,+1-925-783-4831,,,Pittsburg,CA,P2 | Class A | no website found on Google,,Car Detailers
Sanchez Auto Details,,+1-925-498-3962,,,Pittsburg,CA,P2 | Class A | no website found on Google,,Car Detailers
Norcal Spit Shine,,+1-530-957-5873,,,Placerville,CA,P2 | Class A | no website found on Google,,Car Detailers
Qs Mobile detailing,,+1-530-651-8374,,,Placerville,CA,P2 | Class A | no website found on Google,,Car Detailers
AM Mobile Detailing,,+1-909-682-8563,,,Pomona,CA,P2 | Class A | no website found on Google,,Car Detailers
AllTime Details,,+1-909-730-5931,,"4269 Clydesdale Way, Montclair, CA 91763, United States",Pomona,CA,P2 | Class A | no website found on Google,,Car Detailers
Ceramic Auto Detail,,+1-909-859-5712,,"1190 E Holt Ave, Pomona, CA 91767, United States",Pomona,CA,P2 | Class A | no website found on Google,,Car Detailers
Delfino's Luxury Mobile Detailing,,+1-706-536-0209,,,Pomona,CA,P2 | Class A | no website found on Google,,Car Detailers
Divine Detailing,,+1-626-413-9138,,,Pomona,CA,P2 | Class A | no website found on Google,,Car Detailers
Dj Did It Automotive Detailing,,+1-909-345-4157,,,Pomona,CA,P2 | Class A | no website found on Google,,Car Detailers
Don’s Mobile Detailing,,+1-909-631-5140,,,Pomona,CA,P2 | Class A | no website found on Google,,Car Detailers
Down and Dirty Mobile Auto Detailing,,+1-909-313-8990,,,Pomona,CA,P2 | Class A | no website found on Google,,Car Detailers
EC MOBILE/AUTO DETAILING,,+1-909-414-6272,,,Pomona,CA,P2 | Class A | no website found on Google,,Car Detailers
Guzmán’s auto details mobile services,,+1-909-643-9014,,"2193 S San Antonio Ave, Pomona, CA 91766, United States",Pomona,CA,P2 | Class A | no website found on Google,,Car Detailers
JC Mobile Detailing,,+1-909-569-8184,,,Pomona,CA,P2 | Class A | no website found on Google,,Car Detailers
K1ller Details,,+1-909-340-9406,,,Pomona,CA,P2 | Class A | no website found on Google,,Car Detailers
Kempro Auto Detail Supplies,,+1-949-385-3565,,"1600 E Holt Ave R23, Pomona, CA 91767, United States",Pomona,CA,P2 | Class A | no website found on Google,,Car Detailers
Lavarse Detailing,,+1-909-734-0010,,,Pomona,CA,P2 | Class A | no website found on Google,,Car Detailers
OSOCLEAN MOBILE CARWASH N QUICK DETAIL,,+1-323-381-1513,,,Pomona,CA,P2 | Class A | no website found on Google,,Car Detailers
Overland Mobile Detailing,,+1-562-282-7647,,"981 E Arrow Hwy, San Dimas, CA 91773, United States",Pomona,CA,P2 | Class A | no website found on Google,,Car Detailers
Palencia Mobile Detailing,,+1-909-374-2974,,,Pomona,CA,P2 | Class A | no website found on Google,,Car Detailers
Pharaoh’s Mobile Detailing,,+1-626-689-0104,,,Pomona,CA,P2 | Class A | no website found on Google,,Car Detailers
Power Shine Auto Detailing,,+1-909-662-6311,,"747 E Franklin Ave, Pomona, CA 91766, United States",Pomona,CA,P2 | Class A | no website found on Google,,Car Detailers
SPOTLESS PANDA DETAILING,,+1-909-246-0724,,,Pomona,CA,P2 | Class A | no website found on Google,,Car Detailers
Showroom Shine Car Detailing & Paint Correction,,+1-909-575-7337,,"250 W 1st St, Claremont, CA 91711, United States",Pomona,CA,P2 | Class A | no website found on Google,,Car Detailers
Speed Mobile Detail,,+1-951-512-2002,,,Pomona,CA,P2 | Class A | no website found on Google,,Car Detailers
sobasclean llc,,+1-909-524-6446,,"669 Loranne Ave, Pomona, CA 91767, United States",Pomona,CA,P2 | Class A | no website found on Google,,Car Detailers
AdvancedDetailing,,+1-559-920-8325,,,Porterville,CA,P2 | Class A | no website found on Google,,Car Detailers
All DETAIL AUTO helping,,+1-559-310-5388,,"606 W Mulberry Ave, Porterville, CA 93257, United States",Porterville,CA,P2 | Class A | no website found on Google,,Car Detailers
Bartlett Wet Works,,+1-714-805-2670,,,Porterville,CA,P2 | Class A | no website found on Google,,Car Detailers
Bright & Shine pro Detailing,,+1-559-544-9643,,,Porterville,CA,P2 | Class A | no website found on Google,,Car Detailers
CV Auto Detailing,,+1-559-756-3774,,"23232 Zachary Ct, Porterville, CA 93257, United States",Porterville,CA,P2 | Class A | no website found on Google,,Car Detailers
Diamond Shine Detailing,,+1-559-756-8314,,,Porterville,CA,P2 | Class A | no website found on Google,,Car Detailers
Erik's Auto Detailing,,+1-559-900-5493,,,Porterville,CA,P2 | Class A | no website found on Google,,Car Detailers
JoeTheDetailer,,+1-559-744-9188,,"1706 W Date Ave, Porterville, CA 93257, United States",Porterville,CA,P2 | Class A | no website found on Google,,Car Detailers
Joe’s Auto Detailing,,+1-559-556-5133,,,Porterville,CA,P2 | Class A | no website found on Google,,Car Detailers
L and L detailz,,+1-559-793-6785,,,Porterville,CA,P2 | Class A | no website found on Google,,Car Detailers
OnTheSpot Auto Details,,+1-559-744-2437,,"2260 W Putnam Ct, Porterville, CA 93257, United States",Porterville,CA,P2 | Class A | no website found on Google,,Car Detailers
SRT Auto Detailing & more,,+1-559-483-0632,,,Porterville,CA,P2 | Class A | no website found on Google,,Car Detailers
Sharky's Mobile Car Wash,,+1-559-701-6842,,,Porterville,CA,P2 | Class A | no website found on Google,,Car Detailers
The Pit Crew Mobile Auto Detailing LLC,,+1-310-283-2373,,,Porterville,CA,P2 | Class A | no website found on Google,,Car Detailers
Valley Auto Detailing,,+1-559-853-7869,,"1427 N Mathew St, Porterville, CA 93257, United States",Porterville,CA,P2 | Class A | no website found on Google,,Car Detailers
Viveros Auto Detailing,,+1-805-201-5131,,,Porterville,CA,P2 | Class A | no website found on Google,,Car Detailers
Wonders detailing,,+1-559-854-0032,,,Porterville,CA,P2 | Class A | no website found on Google,,Car Detailers
Yuta Auto Detailing,,+1-559-755-2091,,,Porterville,CA,P2 | Class A | no website found on Google,,Car Detailers
HB Auto Spa,,+1-916-900-0010,,"11241 Coloma Rd E, Gold River, CA 95670, United States",Rancho Cordova,CA,P2 | Class A | no website found on Google,,Car Detailers
JAutoDetail,,+1-916-460-0765,,,Rancho Cordova,CA,P2 | Class A | no website found on Google,,Car Detailers
Neat Ride Interior,,+1-916-402-0663,,,Rancho Cordova,CA,P2 | Class A | no website found on Google,,Car Detailers
R.J.L Mobile Detailing,,+1-916-613-0415,,,Rancho Cordova,CA,P2 | Class A | no website found on Google,,Car Detailers
RQ Tech Detailing,,+1-916-220-4985,,,Rancho Cordova,CA,P2 | Class A | no website found on Google,,Car Detailers
Stray Auto Detailing,,+1-435-919-8681,,,Rancho Cordova,CA,P2 | Class A | no website found on Google,,Car Detailers
Total Perfection Mobile Detailing,,+1-916-949-2407,,,Rancho Cordova,CA,P2 | Class A | no website found on Google,,Car Detailers
a1 mobile detailing,,+1-415-574-6791,,,Rancho Cordova,CA,P2 | Class A | no website found on Google,,Car Detailers
"5 Star Mobile Detailing |Car detail, Interior, Exterior & Ceramic Coating",,+1-909-278-1480,,,Rancho Cucamonga,CA,P2 | Class A | no website found on Google,,Car Detailers
A1 Pro Details,,+1-909-408-9291,,,Rancho Cucamonga,CA,P2 | Class A | no website found on Google,,Car Detailers
AJ's auto spa,,+1-914-538-2734,,,Rancho Cucamonga,CA,P2 | Class A | no website found on Google,,Car Detailers
Alphas Cleaning LLC,,+1-909-782-9079,,"5821 Parke Cir, Rancho Cucamonga, CA 91739, United States",Rancho Cucamonga,CA,P2 | Class A | no website found on Google,,Car Detailers
CalDotIE Mobile Detail,,+1-909-758-2342,,,Rancho Cucamonga,CA,P2 | Class A | no website found on Google,,Car Detailers
DB Mobile Detailing,,+1-714-928-7322,,,Rancho Cucamonga,CA,P2 | Class A | no website found on Google,,Car Detailers
Elite Auto Mobile Detailing,,+1-626-646-9140,,,Rancho Cucamonga,CA,P2 | Class A | no website found on Google,,Car Detailers
Exotics drippy mobile detailing,,+1-909-572-5493,,,Rancho Cucamonga,CA,P2 | Class A | no website found on Google,,Car Detailers
Gold Standard Autodetailing,,+1-840-466-8005,,,Rancho Cucamonga,CA,P2 | Class A | no website found on Google,,Car Detailers
J&K Mobile Detailing,,+1-909-736-7912,,"10555 Ring Ave, Rancho Cucamonga, CA 91737, United States",Rancho Cucamonga,CA,P2 | Class A | no website found on Google,,Car Detailers
Montes Premium AutoCare,,+1-909-470-1906,,,Rancho Cucamonga,CA,P2 | Class A | no website found on Google,,Car Detailers
P & S Auto Detailing Services,,+1-909-282-2808,,"509 Deerhaven Ct, Upland, CA 91786, United States",Rancho Cucamonga,CA,P2 | Class A | no website found on Google,,Car Detailers
Pro Club Detailing,,+1-909-775-8294,,,Rancho Cucamonga,CA,P2 | Class A | no website found on Google,,Car Detailers
Protection Plus Mobile Auto Detailing,,+1-909-285-5291,,,Rancho Cucamonga,CA,P2 | Class A | no website found on Google,,Car Detailers
Raylux Detailing,,+1-909-329-2132,,,Rancho Cucamonga,CA,P2 | Class A | no website found on Google,,Car Detailers
Royal Mobile Car Detailing,,+1-909-994-1728,,,Rancho Cucamonga,CA,P2 | Class A | no website found on Google,,Car Detailers
Sovereign Shine Auto Detailing,,+1-760-977-8562,,"11159 St Tropez Dr, Rancho Cucamonga, CA 91730, United States",Rancho Cucamonga,CA,P2 | Class A | no website found on Google,,Car Detailers
The Detail Shoppe,,+1-909-471-9854,,,Rancho Cucamonga,CA,P2 | Class A | no website found on Google,,Car Detailers
Amazing detail,,+1-530-561-4689,,,Red Bluff,CA,P2 | Class A | no website found on Google,,Car Detailers
Hoffer Auto Detail,,+1-530-736-1456,,"621 Antelope Blvd, Red Bluff, CA 96080, United States",Red Bluff,CA,P2 | Class A | no website found on Google,,Car Detailers
Jose’s mobile detailing,,+1-530-737-8796,,"426 Ross Rd, Red Bluff, CA 96080, United States",Red Bluff,CA,P2 | Class A | no website found on Google,,Car Detailers
Mr.Barbershop'NDetail LLC,,+1-530-360-0521,,"1130 Franzel Rd, Red Bluff, CA 96080, United States",Red Bluff,CA,P2 | Class A | no website found on Google,,Car Detailers
NorCal Wheel Repair,,+1-925-214-1846,,"20 Tranquility Ct, Red Bluff, CA 96080, United States",Red Bluff,CA,P2 | Class A | no website found on Google,,Car Detailers
Pro Detailing,,+1-530-567-8244,,,Red Bluff,CA,P2 | Class A | no website found on Google,,Car Detailers
Allstar Detailing,,+1-530-917-4970,,"2001 Hartnell Ave #24, Redding, CA 96002, United States",Redding,CA,P2 | Class A | no website found on Google,,Car Detailers
CR BR Automotive Detailing,,+1-530-515-2853,,"9311 Irish Creek Ln, Redding, CA 96001, United States",Redding,CA,P2 | Class A | no website found on Google,,Car Detailers
Celestial car cleaning services,,+1-816-634-9244,,,Redding,CA,P2 | Class A | no website found on Google,,Car Detailers
Custom Auto Detailing,,+1-530-243-9590,,"1180 Industrial St F, Redding, CA 96002, United States",Redding,CA,P2 | Class A | no website found on Google,,Car Detailers
Danielson Express Detailing,,+1-530-276-8848,,"2434 Victor Ave, Redding, CA 96002, United States",Redding,CA,P2 | Class A | no website found on Google,,Car Detailers
Elite Auto Detail,,+1-530-921-2672,,"2774 Tarmac Rd, Redding, CA 96003, United States",Redding,CA,P2 | Class A | no website found on Google,,Car Detailers
Flagship Detailing,,+1-530-524-9018,,"2450 Sacramento Dr, Redding, CA 96001, United States",Redding,CA,P2 | Class A | no website found on Google,,Car Detailers
Golden State Mobile Detailing,,+1-530-806-3173,,,Redding,CA,P2 | Class A | no website found on Google,,Car Detailers
Jensen detailing,,+1-530-917-8325,,,Redding,CA,P2 | Class A | no website found on Google,,Car Detailers
Lux details mobile car detailing,,+1-530-999-8031,,,Redding,CA,P2 | Class A | no website found on Google,,Car Detailers
My Detail Shop,,+1-530-921-6342,,"8865 Airport Rd Ste v, Redding, CA 96003, United States",Redding,CA,P2 | Class A | no website found on Google,,Car Detailers
Prime Detailing,,+1-530-524-3836,,"5260 Westside Rd, Redding, CA 96001, United States",Redding,CA,P2 | Class A | no website found on Google,,Car Detailers
ProGleam Auto Detail,,+1-530-410-6447,,,Redding,CA,P2 | Class A | no website found on Google,,Car Detailers
R.A.I.D Detail,,+1-530-784-7765,,"2666 Cecilia Ct, Redding, CA 96002, United States",Redding,CA,P2 | Class A | no website found on Google,,Car Detailers
Recovery Mobile Detailing,,+1-630-696-2120,,,Redding,CA,P2 | Class A | no website found on Google,,Car Detailers
Redding Auto Detail,,+1-530-921-9997,,"1270 Hartnell Ave Ste A, Redding, CA 96002, United States",Redding,CA,P2 | Class A | no website found on Google,,Car Detailers
Sterling solutions,,+1-530-782-3588,,,Redding,CA,P2 | Class A | no website found on Google,,Car Detailers
007 Mobile car wash & detail,,+1-909-557-6254,,,Redlands,CA,P2 | Class A | no website found on Google,,Car Detailers
Apex Auto Aesthetics,,+1-909-235-1935,,,Redlands,CA,P2 | Class A | no website found on Google,,Car Detailers
Apex premium detailing,,+1-909-725-5500,,,Redlands,CA,P2 | Class A | no website found on Google,,Car Detailers
CT Mobile Detailing,,+1-840-215-7521,,,Redlands,CA,P2 | Class A | no website found on Google,,Car Detailers
Calhoun Auto Detailing,,+1-707-536-1767,,"11085 Van Uffelen Dr, Loma Linda, CA 92354, United States",Redlands,CA,P2 | Class A | no website found on Google,,Car Detailers
California shine 909 Mobile detail LLC,,+1-909-963-4024,,"1014 Alta St, Redlands, CA 92374, United States",Redlands,CA,P2 | Class A | no website found on Google,,Car Detailers
Charm's Designer Company,,+1-951-665-4754,,"1212 Orange St, Redlands, CA 92374, United States",Redlands,CA,P2 | Class A | no website found on Google,,Car Detailers
Detail,,+1-909-747-4605,,"33598 Yucaipa Blvd Ste 2, Yucaipa, CA 92399, United States",Redlands,CA,P2 | Class A | no website found on Google,,Car Detailers
Double-A-Detailing,,+1-951-255-4178,,"26650 Amherst Ct, Loma Linda, CA 92354, United States",Redlands,CA,P2 | Class A | no website found on Google,,Car Detailers
Foam Runnerz Mobile Detailing,,+1-951-691-3745,,,Redlands,CA,P2 | Class A | no website found on Google,,Car Detailers
Golden Quality Mobile Details LLC,,+1-840-336-6364,,,Redlands,CA,P2 | Class A | no website found on Google,,Car Detailers
High Grade Detailing,,+1-909-379-3280,,,Redlands,CA,P2 | Class A | no website found on Google,,Car Detailers
Kulture Auto Detailing,,+1-951-209-9571,,,Redlands,CA,P2 | Class A | no website found on Google,,Car Detailers
Machuca’s Mobile Detail,,+1-909-654-5867,,,Redlands,CA,P2 | Class A | no website found on Google,,Car Detailers
My Auto Detail,,+1-909-699-7602,,,Redlands,CA,P2 | Class A | no website found on Google,,Car Detailers
Ronces Gen Auto Detail,,+1-909-513-3442,,,Redlands,CA,P2 | Class A | no website found on Google,,Car Detailers
Wagner Elite Auto Spa,,+1-909-810-6384,,"Stillman Ave, Redlands, CA 92374, United States",Redlands,CA,P2 | Class A | no website found on Google,,Car Detailers
Xtreme Car Wash & Detail,,+1-360-594-3054,,,Redlands,CA,P2 | Class A | no website found on Google,,Car Detailers
AutoCeramicCoating,,+1-707-480-5359,,"125 Arch St, Redwood City, CA 94062, United States",Redwood City,CA,P2 | Class A | no website found on Google,,Car Detailers
Carside Auto Spa,,+1-650-346-1580,,,Redwood City,CA,P2 | Class A | no website found on Google,,Car Detailers
Concourse ceramic car coatings,,+1-650-201-2562,,"840 Warrington Ave, Redwood City, CA 94063, United States",Redwood City,CA,P2 | Class A | no website found on Google,,Car Detailers
Crystal Clear Auto Detailing,,+1-650-305-1685,,"2581 Spring St, Redwood City, CA 94063, United States",Redwood City,CA,P2 | Class A | no website found on Google,,Car Detailers
DMA Detail,,+1-650-455-7258,,,Redwood City,CA,P2 | Class A | no website found on Google,,Car Detailers
DR luxe car detailing,,+1-650-382-8704,,"241 Roosevelt Ave, Redwood City, CA 94061, United States",Redwood City,CA,P2 | Class A | no website found on Google,,Car Detailers
Danny’s mobile detailing,,+1-650-679-4655,,"Hampshire Ave, Redwood City, CA 94063, United States",Redwood City,CA,P2 | Class A | no website found on Google,,Car Detailers
Dip N Shine Auto Spa,,+1-415-286-4445,,"111 Industrial Rd #14, Belmont, CA 94002, United States",Redwood City,CA,P2 | Class A | no website found on Google,,Car Detailers
Fresh Start Detailing,,+1-650-433-6325,,,Redwood City,CA,P2 | Class A | no website found on Google,,Car Detailers
Golden Bright Auto Spa,,+1-415-349-0766,,"219 Old County Rd Ste c, San Carlos, CA 94070, United States",Redwood City,CA,P2 | Class A | no website found on Google,,Car Detailers
H.S Detailing,,+1-650-769-0842,,,Redwood City,CA,P2 | Class A | no website found on Google,,Car Detailers
IH Mobile Auto Detail,,+1-650-271-1072,,"2154 Lincoln St, East Palo Alto, CA 94303, United States",Redwood City,CA,P2 | Class A | no website found on Google,,Car Detailers
Indy Express Mobile Detail,,+1-650-630-4541,,,Redwood City,CA,P2 | Class A | no website found on Google,,Car Detailers
Mobile Fresh detail,,+1-669-837-2717,,"2432 Bay Rd, Redwood City, CA 94063, United States",Redwood City,CA,P2 | Class A | no website found on Google,,Car Detailers
PRO AESTHETICS AUTOMOTIVE (Mobile Services),,+1-650-441-2230,,"3130 Rolison Rd, Redwood City, CA 94063, United States",Redwood City,CA,P2 | Class A | no website found on Google,,Car Detailers
Peninsula Auto Detailers,,+1-650-309-2903,,"645 Harbor Blvd, Belmont, CA 94002, United States",Redwood City,CA,P2 | Class A | no website found on Google,,Car Detailers
RMC Detailing,,+1-650-421-3336,,"530 Roosevelt Ave, Redwood City, CA 94061, United States",Redwood City,CA,P2 | Class A | no website found on Google,,Car Detailers
RWC CERTIFIED MOBILE DETAILING,,+1-650-766-4937,,,Redwood City,CA,P2 | Class A | no website found on Google,,Car Detailers
Speedy Mobile Detailing,,+1-650-507-8322,,,Redwood City,CA,P2 | Class A | no website found on Google,,Car Detailers
United automotive,,+1-415-730-9567,,"620 Taylor Way #12, San Carlos, CA 94070, United States",Redwood City,CA,P2 | Class A | no website found on Google,,Car Detailers
Faithful Finish Auto Detail,,+1-626-420-9549,,,Rialto,CA,P2 | Class A | no website found on Google,,Car Detailers
JZL DETAILING,,+1-909-212-4551,,"461 W Cornell Dr, Rialto, CA 92376, United States",Rialto,CA,P2 | Class A | no website found on Google,,Car Detailers
NataCarDetailIng,,+1-909-749-0474,,"350 S Willow Ave, Rialto, CA 92376, United States",Rialto,CA,P2 | Class A | no website found on Google,,Car Detailers
SliQ Detailers,,+1-909-900-5639,,"970 W Clover Ave., Rialto, CA 92376, United States",Rialto,CA,P2 | Class A | no website found on Google,,Car Detailers
Autodetailsandmore,,+1-341-799-5198,,"156 16th St, Richmond, CA 94801, United States",Richmond,CA,P2 | Class A | no website found on Google,,Car Detailers
Bay Area Auto Detail,,+1-415-879-7680,,,Richmond,CA,P2 | Class A | no website found on Google,,Car Detailers
Champion Auto Detailing,,+1-341-356-3384,,,Richmond,CA,P2 | Class A | no website found on Google,,Car Detailers
EJD_Detailz,,+1-510-221-8805,,"3000 Nevin Ave, Richmond, CA 94804, United States",Richmond,CA,P2 | Class A | no website found on Google,,Car Detailers
Express Mobile Detail,,+1-415-966-9469,,,Richmond,CA,P2 | Class A | no website found on Google,,Car Detailers
Golden Bay Auto Spa,,+1-510-994-7995,,,Richmond,CA,P2 | Class A | no website found on Google,,Car Detailers
Heavenly Auto Spa LLC,,+1-510-757-2611,,,Richmond,CA,P2 | Class A | no website found on Google,,Car Detailers
IV.car detailing,,+1-510-513-9985,,"Richmond, CA 94801, United States",Richmond,CA,P2 | Class A | no website found on Google,,Car Detailers
J&J detail,,+1-510-292-9175,,"2926 Rheem Ave, Richmond, CA 94804, United States",Richmond,CA,P2 | Class A | no website found on Google,,Car Detailers
PUREGLASS MOBILE DETAIL,,+1-510-691-4772,,,Richmond,CA,P2 | Class A | no website found on Google,,Car Detailers
Quick& efficient mobile detailing,,+1-510-417-7835,,"5200 Olinda Rd, El Sobrante, CA 94803, United States",Richmond,CA,P2 | Class A | no website found on Google,,Car Detailers
Say's Auto Detailing,,+1-510-221-1639,,,Richmond,CA,P2 | Class A | no website found on Google,,Car Detailers
TAP2CLEAN AUTO SALON,,+1-510-502-3259,,"819 Liberty St, El Cerrito, CA 94530, United States",Richmond,CA,P2 | Class A | no website found on Google,,Car Detailers
The Bays Detailing,,+1-510-650-9681,,,Richmond,CA,P2 | Class A | no website found on Google,,Car Detailers
The alchemist detailing,,+1-510-478-3279,,"1400 Fitzgerald Dr, Pinole, CA 94564, United States",Richmond,CA,P2 | Class A | no website found on Google,,Car Detailers
Tomeka & Level Custom Auto,,+1-510-424-8794,,"239 S 45th St, Richmond, CA 94804, United States",Richmond,CA,P2 | Class A | no website found on Google,,Car Detailers
Top Notch Details,,+1-775-400-3388,,,Richmond,CA,P2 | Class A | no website found on Google,,Car Detailers
Bobs Mobile Detail,,+1-909-705-9719,,,Riverside,CA,P2 | Class A | no website found on Google,,Car Detailers
CASTROS QUALITY DETAILING LLC - ceramic coatings,,+1-951-261-3710,,"12321 Sampson Ave, Riverside, CA 92503, United States",Riverside,CA,P2 | Class A | no website found on Google,,Car Detailers
Craig's Detail,,+1-909-957-9719,,"6000 Arlington Ave, Riverside, CA 92504, United States",Riverside,CA,P2 | Class A | no website found on Google,,Car Detailers
Cuzzo's Mobile Detailers,,+1-951-897-6570,,,Riverside,CA,P2 | Class A | no website found on Google,,Car Detailers
Dons Auto Spa,,+1-209-278-5197,,,Riverside,CA,P2 | Class A | no website found on Google,,Car Detailers
Elite 701 Luxury Mobile Auto Detailing,,+1-951-470-6847,,,Riverside,CA,P2 | Class A | no website found on Google,,Car Detailers
Empire Detail Lab,,+1-951-798-8166,,,Riverside,CA,P2 | Class A | no website found on Google,,Car Detailers
Empire auto detailing suppliers,,+1-951-251-8247,,"8668 Limonite Ave B, Riverside, CA 92509, United States",Riverside,CA,P2 | Class A | no website found on Google,,Car Detailers
Empire mobile detailing,,+1-909-642-1545,,"4152 Weyer St, Riverside, CA 92501, United States",Riverside,CA,P2 | Class A | no website found on Google,,Car Detailers
FreshAFdetailing,,+1-951-463-6141,,"2902 Monroe St, Riverside, CA 92504, United States",Riverside,CA,P2 | Class A | no website found on Google,,Car Detailers
Garcia’s Auto Detailing,,+1-951-435-5192,,,Riverside,CA,P2 | Class A | no website found on Google,,Car Detailers
J' SUPREME MOBILE DETAIL,,+1-951-690-9621,,,Riverside,CA,P2 | Class A | no website found on Google,,Car Detailers
JZS' Auto Detail Supply,,+1-951-741-0400,,"4380 Market St, Riverside, CA 92501, United States",Riverside,CA,P2 | Class A | no website found on Google,,Car Detailers
Jerry Car wash mobile,,+1-951-217-0926,,,Riverside,CA,P2 | Class A | no website found on Google,,Car Detailers
Joe's Kustom Mobile Detail,,+1-951-443-7837,,,Riverside,CA,P2 | Class A | no website found on Google,,Car Detailers
KM Detailing Supplies,,+1-951-847-6469,,"7000 Magnolia Ave, Riverside, CA 92506, United States",Riverside,CA,P2 | Class A | no website found on Google,,Car Detailers
LA FAMILIA MOBLE WASH,,+1-909-780-5311,,"3867 Eileen St, Riverside, CA 92504, United States",Riverside,CA,P2 | Class A | no website found on Google,,Car Detailers
Luxury Mobile Detailing,,+1-951-539-7671,,,Riverside,CA,P2 | Class A | no website found on Google,,Car Detailers
Manny's Auto Detailing,,+1-818-416-9040,,"3645 Wallace St, Riverside, CA 92509, United States",Riverside,CA,P2 | Class A | no website found on Google,,Car Detailers
Prestige Mobile Detailing,,+1-562-565-5167,,,Riverside,CA,P2 | Class A | no website found on Google,,Car Detailers
Reborn shine auto detailing,,+1-909-687-5693,,"5625 Magnolia Ave, Riverside, CA 92506, United States",Riverside,CA,P2 | Class A | no website found on Google,,Car Detailers
Red's Mobile Detailing,,+1-951-534-7009,,,Riverside,CA,P2 | Class A | no website found on Google,,Car Detailers
Restoration Detail,,+1-626-556-0975,,"7547 Casa Blanca St, Riverside, CA 92504, United States",Riverside,CA,P2 | Class A | no website found on Google,,Car Detailers
Rey is Mobile,,+1-714-341-5326,,"936 Bradley St, Riverside, CA 92506, United States",Riverside,CA,P2 | Class A | no website found on Google,,Car Detailers
Rocko's Mobile Detail,,+1-951-777-4045,,"2884 Demeter Pl, Riverside, CA 92509, United States",Riverside,CA,P2 | Class A | no website found on Google,,Car Detailers
Rudys car detailing wash,,+1-951-855-7101,,"3839, Riverside, CA 92503, United States",Riverside,CA,P2 | Class A | no website found on Google,,Car Detailers
Sam's Auto Spa Mobile Detailing,,+1-909-952-2320,,,Riverside,CA,P2 | Class A | no website found on Google,,Car Detailers
Spotless Detail Supplies,,+1-951-335-1349,,"2874 14th St, Riverside, CA 92507, United States",Riverside,CA,P2 | Class A | no website found on Google,,Car Detailers
Vasquez Auto Detailing,,+1-909-213-3867,,"5177 Sierra Cross Way, Jurupa Valley, CA 92509, United States",Riverside,CA,P2 | Class A | no website found on Google,,Car Detailers
A & T Auto Detail,,+1-916-761-3158,,,Rocklin,CA,P2 | Class A | no website found on Google,,Car Detailers
A + Prestige Mobile Detailing,,+1-813-862-6227,,,Rocklin,CA,P2 | Class A | no website found on Google,,Car Detailers
Darzzz Exotic Detailz,,+1-916-412-1006,,"#300, Roseville, CA 95678, United States",Rocklin,CA,P2 | Class A | no website found on Google,,Car Detailers
Executive Wraps,,+1-916-622-3198,,,Rocklin,CA,P2 | Class A | no website found on Google,,Car Detailers
J’s Mobile Detailing,,+1-530-693-8910,,"12199 Gateway Ct, Auburn, CA 95603, United States",Rocklin,CA,P2 | Class A | no website found on Google,,Car Detailers
Luxury Auto Details,,+1-916-583-8772,,"1504 Rundel Way, Roseville, CA 95747, United States",Rocklin,CA,P2 | Class A | no website found on Google,,Car Detailers
Precision Detailing & Ceramic Coating LLC,,+1-916-548-6019,,,Rocklin,CA,P2 | Class A | no website found on Google,,Car Detailers
Refine Roseville Detailing,,+1-916-299-5839,,,Rocklin,CA,P2 | Class A | no website found on Google,,Car Detailers
Sky’s Detailing,,+1-916-540-8027,,"1409 Switchman Dr, Roseville, CA 95678, United States",Rocklin,CA,P2 | Class A | no website found on Google,,Car Detailers
Surface Mobile Detail,,+1-530-333-7763,,,Rocklin,CA,P2 | Class A | no website found on Google,,Car Detailers
Amaya's Detailing,,+1-707-582-2902,,,Rohnert Park,CA,P2 | Class A | no website found on Google,,Car Detailers
Aparicio Auto Spa,,+1-707-235-5934,,"6163 State Farm Dr, Rohnert Park, CA 94928, United States",Rohnert Park,CA,P2 | Class A | no website found on Google,,Car Detailers
Clean Collective Auto Spa,,+1-707-236-4735,,,Rohnert Park,CA,P2 | Class A | no website found on Google,,Car Detailers
Cruz And Sons Detail,,+1-707-971-6163,,"Arlen Dr, Rohnert Park, CA 94928, United States",Rohnert Park,CA,P2 | Class A | no website found on Google,,Car Detailers
DLXDETAILING,,+1-707-596-0441,,,Rohnert Park,CA,P2 | Class A | no website found on Google,,Car Detailers
Detail Werkz,,+1-415-505-6004,,,Rohnert Park,CA,P2 | Class A | no website found on Google,,Car Detailers
J.aDetailing,,+1-707-404-8901,,,Rohnert Park,CA,P2 | Class A | no website found on Google,,Car Detailers
JR Car Detailing,,+1-707-486-1293,,,Rohnert Park,CA,P2 | Class A | no website found on Google,,Car Detailers
Johnson Mobile Auto Detail,,+1-510-813-6959,,,Rohnert Park,CA,P2 | Class A | no website found on Google,,Car Detailers
OUTSTANDING MOBILE DETAILING,,+1-707-582-8197,,,Rohnert Park,CA,P2 | Class A | no website found on Google,,Car Detailers
Reflections Detailing,,+1-707-400-3900,,,Rohnert Park,CA,P2 | Class A | no website found on Google,,Car Detailers
revline detailing,,+1-832-546-8263,,"655 Enterprise Dr, Rohnert Park, CA 94928, United States",Rohnert Park,CA,P2 | Class A | no website found on Google,,Car Detailers
AAA Diamond detailing,,+1-916-571-8796,,"208 Earl Ave A, Roseville, CA 95678, United States",Roseville,CA,P2 | Class A | no website found on Google,,Car Detailers
CCD Auto Detailing,,+1-916-539-6590,,"1970 Blue Oaks Blvd, Roseville, CA 95747, United States",Roseville,CA,P2 | Class A | no website found on Google,,Car Detailers
Dawn Mobile Car Detailing,,+1-303-501-0915,,,Roseville,CA,P2 | Class A | no website found on Google,,Car Detailers
Juwell's Auto Detailing,,+1-916-521-5315,,,Roseville,CA,P2 | Class A | no website found on Google,,Car Detailers
"Scratch removal, polishing and paint protection.Write only text message. Vage Khechumian",,+1-945-278-6311,,"7001 Santa Venetia Pl, Roseville, CA 95747, United States",Roseville,CA,P2 | Class A | no website found on Google,,Car Detailers
TJR Auto Detailing,,+1-916-658-3397,,,Roseville,CA,P2 | Class A | no website found on Google,,Car Detailers
Valeri Auto Detailing,,+1-619-947-8685,,,Roseville,CA,P2 | Class A | no website found on Google,,Car Detailers
becauseILoveMyCar,,+1-800-674-2591,,"1079 Sunrise Ave, Roseville, CA 95661, United States",Roseville,CA,P2 | Class A | no website found on Google,,Car Detailers
Addictive Detailing,,+1-916-292-2383,,"1237 Blumenfeld Dr, Sacramento, CA 95815, United States",Sacramento,CA,P2 | Class A | no website found on Google,,Car Detailers
Auto Detail kings,,+1-916-710-9272,,"2711 El Camino Ave, Sacramento, CA 95821, United States",Sacramento,CA,P2 | Class A | no website found on Google,,Car Detailers
Cali Performance Detailing,,+1-408-829-5249,,"113 Commerce Cir, Sacramento, CA 95815, United States",Sacramento,CA,P2 | Class A | no website found on Google,,Car Detailers
Ivan's Auto Detailing Supplies,,+1-916-403-7621,,"231 Lathrop Way # G, Sacramento, CA 95815, United States",Sacramento,CA,P2 | Class A | no website found on Google,,Car Detailers
"J,J AUTO DETAILERS",,+1-916-647-7329,,"533 Redwood Ave, Sacramento, CA 95815, United States",Sacramento,CA,P2 | Class A | no website found on Google,,Car Detailers
LEO AUTO DETAIL PRINCIPAL,,+1-916-519-7986,,"2535 El Sutton Ln #102, Sacramento, CA 95821, United States",Sacramento,CA,P2 | Class A | no website found on Google,,Car Detailers
North-Cal Mobile Fleet Wash & Detail!,,+1-916-459-0721,,"2225 W Capitol Ave, West Sacramento, CA 95691, United States",Sacramento,CA,P2 | Class A | no website found on Google,,Car Detailers
Premier Auto Detail,,+1-916-287-3913,,"1011 9th St, Sacramento, CA 95814, United States",Sacramento,CA,P2 | Class A | no website found on Google,,Car Detailers
Prostar Auto Detail,,+1-916-980-9148,,"5430 Mendocino Blvd, Sacramento, CA 95820, United States",Sacramento,CA,P2 | Class A | no website found on Google,,Car Detailers
Pull Up Customs,,+1-916-620-5371,,"2434 W Capitol Ave, West Sacramento, CA 95691, United States",Sacramento,CA,P2 | Class A | no website found on Google,,Car Detailers
Romero's Autobody & Detailing Services,,+1-916-968-4941,,"800 Richards Blvd, Sacramento, CA 95811, United States",Sacramento,CA,P2 | Class A | no website found on Google,,Car Detailers
Sac Auto Spa,,+1-916-706-1819,,"5925 Stockton Blvd, Sacramento, CA 95824, United States",Sacramento,CA,P2 | Class A | no website found on Google,,Car Detailers
Sacramento Mobile Detailing,,+1-279-247-5412,,,Sacramento,CA,P2 | Class A | no website found on Google,,Car Detailers
Schneider's Auto Wash & Detail,,+1-916-447-9274,,"400 Capitol Mall, Sacramento, CA 95815, United States",Sacramento,CA,P2 | Class A | no website found on Google,,Car Detailers
Shined up to show out truck&auto detailing and wheel&tires,,+1-619-567-2522,,"G211443, 3400 Cottage Way, Sacramento, CA 95825, United States",Sacramento,CA,P2 | Class A | no website found on Google,,Car Detailers
Squeaky Finish Mobile Detailing,,+1-831-525-3357,,,Sacramento,CA,P2 | Class A | no website found on Google,,Car Detailers
That Detail Guy,,+1-916-298-5424,,"1425 P St, Sacramento, CA 95814, United States",Sacramento,CA,P2 | Class A | no website found on Google,,Car Detailers
Vega Mobile Auto Detailing,,+1-916-787-0104,,"Sacramento, CA 95815, United States",Sacramento,CA,P2 | Class A | no website found on Google,,Car Detailers
ZP Auto SPA,,+1-916-201-5825,,"5925 Stockton Blvd, Sacramento, CA 95824, United States",Sacramento,CA,P2 | Class A | no website found on Google,,Car Detailers
zax auto detail inc,,+1-916-470-7702,,"2535 El Sutton Ln #101, Sacramento, CA 95821, United States",Sacramento,CA,P2 | Class A | no website found on Google,,Car Detailers
3 Kings Auto Detail,,+1-831-596-0181,,"Riker St, Salinas, CA 93901, United States",Salinas,CA,P2 | Class A | no website found on Google,,Car Detailers
911 Mobile wash,,+1-831-794-3527,,,Salinas,CA,P2 | Class A | no website found on Google,,Car Detailers
A&J Mobile Detailing,,+1-831-809-7368,,,Salinas,CA,P2 | Class A | no website found on Google,,Car Detailers
Always Clean Mobile Detail,,+1-831-776-2202,,,Salinas,CA,P2 | Class A | no website found on Google,,Car Detailers
AutoMotive Detailing,,+1-831-269-6223,,"1312 Linwood Dr, Salinas, CA 93906, United States",Salinas,CA,P2 | Class A | no website found on Google,,Car Detailers
AutomobileDetailBros,,+1-831-223-6587,,"1124 San Gabriel, Soledad, CA 93960, United States",Salinas,CA,P2 | Class A | no website found on Google,,Car Detailers
B2B Mobile Detailing,,+1-831-225-2908,,,Salinas,CA,P2 | Class A | no website found on Google,,Car Detailers
Chempro Auto Detailing,,+1-831-276-6359,,,Salinas,CA,P2 | Class A | no website found on Google,,Car Detailers
Coastal Details,,+1-831-455-6462,,,Salinas,CA,P2 | Class A | no website found on Google,,Car Detailers
Cortes Express Detailing,,+1-831-210-0790,,,Salinas,CA,P2 | Class A | no website found on Google,,Car Detailers
Cruz Auto Detailing,,+1-831-258-1869,,,Salinas,CA,P2 | Class A | no website found on Google,,Car Detailers
Danny's Detail,,+1-831-359-8110,,"412 Airport Blvd, Watsonville, CA 95076, United States",Salinas,CA,P2 | Class A | no website found on Google,,Car Detailers
Fresh Whips Mobile Detailing,,+1-831-383-0282,,,Salinas,CA,P2 | Class A | no website found on Google,,Car Detailers
Highline detail,,+1-831-229-0616,,,Salinas,CA,P2 | Class A | no website found on Google,,Car Detailers
I.details.831 Mobile Detailing,,+1-831-756-4195,,,Salinas,CA,P2 | Class A | no website found on Google,,Car Detailers
JR's Mobile Detailing,,+1-831-710-0955,,,Salinas,CA,P2 | Class A | no website found on Google,,Car Detailers
Leo's Mobile Interior Detailing,,+1-209-291-9761,,"18760 Linda Vista Pl, Prunedale, CA 93907, United States",Salinas,CA,P2 | Class A | no website found on Google,,Car Detailers
MAD Detailing,,+1-831-210-5892,,"216 Boronda Rd Unit A4, Salinas, CA 93907, United States",Salinas,CA,P2 | Class A | no website found on Google,,Car Detailers
Royal Details at Perfection,,+1-831-235-1009,,"1112 N Sanborn Rd Apt 2, Salinas, CA 93905, United States",Salinas,CA,P2 | Class A | no website found on Google,,Car Detailers
Sunshine Mobile Automotive Detailing,,+1-831-236-5784,,,Salinas,CA,P2 | Class A | no website found on Google,,Car Detailers
Tito's Mobile Detail,,+1-831-585-4886,,"2006 Santa Rita St, Salinas, CA 93906, United States",Salinas,CA,P2 | Class A | no website found on Google,,Car Detailers
WC Twins Car Detailing,,+1-507-840-1335,,"1007 Beech St, Salinas, CA 93905, United States",Salinas,CA,P2 | Class A | no website found on Google,,Car Detailers
Wetless wash & Detail,,+1-831-272-8817,,"820 Park Row, Salinas, CA 93901, United States",Salinas,CA,P2 | Class A | no website found on Google,,Car Detailers
nv autospa,,+1-831-296-0889,,"18699 Eisenhower St, Salinas, CA 93906, United States",Salinas,CA,P2 | Class A | no website found on Google,,Car Detailers
Alvarados_Autodetailing,,+1-909-765-6404,,"Osbun Rd, San Bernardino, CA 92404, United States",San Bernardino,CA,P2 | Class A | no website found on Google,,Car Detailers
Aqua Mobile Detailing,,+1-909-991-4332,,,San Bernardino,CA,P2 | Class A | no website found on Google,,Car Detailers
Azteca Detailing,,+1-909-745-6413,,,San Bernardino,CA,P2 | Class A | no website found on Google,,Car Detailers
Beauty and the Beast Auto Detailing,,+1-951-451-9237,,"3527 Nolan St, San Bernardino, CA 92407, United States",San Bernardino,CA,P2 | Class A | no website found on Google,,Car Detailers
Biggs Mobile Detail,,+1-619-848-3614,,,San Bernardino,CA,P2 | Class A | no website found on Google,,Car Detailers
Bonbon's Auto Spa,,+1-909-454-9959,,,San Bernardino,CA,P2 | Class A | no website found on Google,,Car Detailers
Carrillo Detailing,,+1-909-975-8916,,,San Bernardino,CA,P2 | Class A | no website found on Google,,Car Detailers
Castro’s Mobile Detailing,,+1-909-453-5746,,,San Bernardino,CA,P2 | Class A | no website found on Google,,Car Detailers
Enumero Auto Finishing,,+1-626-784-8637,,,San Bernardino,CA,P2 | Class A | no website found on Google,,Car Detailers
ExcessiveTeam,,+1-909-952-4488,,"3095 N D St, San Bernardino, CA 92407, United States",San Bernardino,CA,P2 | Class A | no website found on Google,,Car Detailers
FlowStreet Detailing,,+1-909-640-0361,,,San Bernardino,CA,P2 | Class A | no website found on Google,,Car Detailers
Garcia’s Interior Auto Detail,,+1-619-536-6162,,"972 E Lynwood Dr, San Bernardino, CA 92404, United States",San Bernardino,CA,P2 | Class A | no website found on Google,,Car Detailers
Gio’s Finest Auto Detailing,,+1-909-674-9708,,,San Bernardino,CA,P2 | Class A | no website found on Google,,Car Detailers
Jonathan M Mobile detail,,+1-909-322-2577,,,San Bernardino,CA,P2 | Class A | no website found on Google,,Car Detailers
Living Off Details,,+1-909-677-0042,,,San Bernardino,CA,P2 | Class A | no website found on Google,,Car Detailers
Lno mobile carwash & detail,,+1-909-246-4351,,,San Bernardino,CA,P2 | Class A | no website found on Google,,Car Detailers
LuxuryFacReset Mobile Detailing,,+1-840-283-5740,,,San Bernardino,CA,P2 | Class A | no website found on Google,,Car Detailers
Magic's Auto Detail,,+1-909-889-4164,,"1139 N E St, San Bernardino, CA 92401, United States",San Bernardino,CA,P2 | Class A | no website found on Google,,Car Detailers
Meche Detailing,,+1-909-371-7857,,,San Bernardino,CA,P2 | Class A | no website found on Google,,Car Detailers
Miggyagi Detail,,+1-213-442-3871,,"2591 N F St, San Bernardino, CA 92405, United States",San Bernardino,CA,P2 | Class A | no website found on Google,,Car Detailers
Mobile Deep Detailing LLC,,+1-840-257-5753,,,San Bernardino,CA,P2 | Class A | no website found on Google,,Car Detailers
Moe's Detailz,,+1-909-665-0475,,,San Bernardino,CA,P2 | Class A | no website found on Google,,Car Detailers
Next Level Auto Detailing,,+1-909-745-9074,,"775 S Gifford Ave #20, San Bernardino, CA 92408, United States",San Bernardino,CA,P2 | Class A | no website found on Google,,Car Detailers
Palacios Mobile Detailing,,+1-424-378-8841,,,San Bernardino,CA,P2 | Class A | no website found on Google,,Car Detailers
Pierre’s Auto Detailing,,+1-909-553-3626,,,San Bernardino,CA,P2 | Class A | no website found on Google,,Car Detailers
Pristine mobile detailing,,+1-909-737-4249,,,San Bernardino,CA,P2 | Class A | no website found on Google,,Car Detailers
QRS Auto Detailing,,+1-951-790-9093,,,San Bernardino,CA,P2 | Class A | no website found on Google,,Car Detailers
Rex Detailing,,+1-909-314-7863,,,San Bernardino,CA,P2 | Class A | no website found on Google,,Car Detailers
Reyessmobiledetailing,,+1-909-442-6826,,"1610 W Base Line St, San Bernardino, CA 92411, United States",San Bernardino,CA,P2 | Class A | no website found on Google,,Car Detailers
Ride & Shine Mobile Car wash,,+1-909-765-6529,,,San Bernardino,CA,P2 | Class A | no website found on Google,,Car Detailers
Rosena Ranch Detailing & Trash Bin Cleaning,,+1-909-449-0129,,"17973 Yellow Dock Way, San Bernardino, CA 92407, United States",San Bernardino,CA,P2 | Class A | no website found on Google,,Car Detailers
"Spot Defy Mobile Detail, LLC",,+1-909-488-1003,,"2411 N Mountain View Ave, San Bernardino, CA 92405, United States",San Bernardino,CA,P2 | Class A | no website found on Google,,Car Detailers
VR Auto Spa,,+1-818-233-5058,,,San Bernardino,CA,P2 | Class A | no website found on Google,,Car Detailers
Wash On Mobile Carwash,,+1-909-685-7595,,,San Bernardino,CA,P2 | Class A | no website found on Google,,Car Detailers
01 Labs,,+1-650-290-2920,,"965 San Mateo Ave, San Bruno, CA 94066, United States",San Bruno,CA,P2 | Class A | no website found on Google,,Car Detailers
Carshoots Detailing,,+1-650-276-8202,,,San Bruno,CA,P2 | Class A | no website found on Google,,Car Detailers
Detailing To Go,,+1-650-615-9935,,"South San Francisco, CA 94080, United States",San Bruno,CA,P2 | Class A | no website found on Google,,Car Detailers
Gleaming Automotive Detailing,,+1-415-261-2594,,"Pacifica, CA 94044, United States",San Bruno,CA,P2 | Class A | no website found on Google,,Car Detailers
ProntoWash San Francisco Airport,,+1-650-275-6678,,"37°36'57.9""N 122°23'16.6""W, San Francisco, CA 94128, United States",San Bruno,CA,P2 | Class A | no website found on Google,,Car Detailers
South City Auto Detailing,,+1-650-588-0200,,"868 San Mateo Ave, San Bruno, CA 94066, United States",San Bruno,CA,P2 | Class A | no website found on Google,,Car Detailers
Ssf_detailing,,+1-415-964-6268,,"810 W Orange Ave, South San Francisco, CA 94080, United States",San Bruno,CA,P2 | Class A | no website found on Google,,Car Detailers
Alpha & Omega Detail,,+1-619-777-0073,,"3128 Collier Ave, San Diego, CA 92116, United States",San Diego,CA,P2 | Class A | no website found on Google,,Car Detailers
Auto Alchemy Mobile Detailing,,+1-619-572-0701,,"10262 Clamagoro Cir, San Diego, CA 92124, United States",San Diego,CA,P2 | Class A | no website found on Google,,Car Detailers
Blueline Mobile Car Detailing of San Diego,,+1-619-304-9798,,"3405 Kenyon St 3rd floor suite 303, San Diego, CA 92110, United States",San Diego,CA,P2 | Class A | no website found on Google,,Car Detailers
Can’t stop my shine mobile detailing,,+1-858-357-7222,,"4514 Manitou Way, San Diego, CA 92117, United States",San Diego,CA,P2 | Class A | no website found on Google,,Car Detailers
Curbside Car Detailing,,+1-619-732-6434,,"5042 Montessa St, San Diego, CA 92124, United States",San Diego,CA,P2 | Class A | no website found on Google,,Car Detailers
Jade Coast Auto Spa,,+1-424-312-4979,,"8051 Jade Coast Rd, San Diego, CA 92126, United States",San Diego,CA,P2 | Class A | no website found on Google,,Car Detailers
Miranda Auto Detail,,+1-619-865-1150,,"3885 Convoy St, San Diego, CA 92111, United States",San Diego,CA,P2 | Class A | no website found on Google,,Car Detailers
RAS Mobile Detailing San Diego,,+1-619-887-6526,,,San Diego,CA,P2 | Class A | no website found on Google,,Car Detailers
Restyle Auto Detailing,,+1-619-389-4451,,"7914 Ronson Rd Ste D, San Diego, CA 92111, United States",San Diego,CA,P2 | Class A | no website found on Google,,Car Detailers
Velocity Mobile Car Detailing San Diego,,+1-613-515-7794,,"3715 Caminito Ct Ste 680, San Diego, CA 92130, United States",San Diego,CA,P2 | Class A | no website found on Google,,Car Detailers
Grind and Shine,,+1-415-492-7520,,"1321 Mission St, San Francisco, CA 94103, United States",San Francisco,CA,P2 | Class A | no website found on Google,,Car Detailers
Jake's Automotive & Detailing SF,,+1-650-455-7582,,"463 6th Ave, San Francisco, CA 94118, United States",San Francisco,CA,P2 | Class A | no website found on Google,,Car Detailers
San Francisco Car Detailing,,+1-628-400-0264,,,San Francisco,CA,P2 | Class A | no website found on Google,,Car Detailers
Sharky’s Mobile Detailing,,+1-805-574-3708,,"198 Carl St, San Francisco, CA 94117, United States",San Francisco,CA,P2 | Class A | no website found on Google,,Car Detailers
Sweet Car Detailing,,+1-908-666-9744,,"1472 15th St, San Francisco, CA 94103, United States",San Francisco,CA,P2 | Class A | no website found on Google,,Car Detailers
VroomDetail,,+1-415-273-9698,,"456 Valencia St #10007, San Francisco, CA 94103, United States",San Francisco,CA,P2 | Class A | no website found on Google,,Car Detailers
Wow Auto Detailers,,+1-510-397-9994,,"50 12th St, San Francisco, CA 94103, United States",San Francisco,CA,P2 | Class A | no website found on Google,,Car Detailers
AC Auto Works,,+1-408-775-1008,,,San Jose,CA,P2 | Class A | no website found on Google,,Car Detailers
All in 1 Car and Home Care,,+1-415-326-4144,,,San Jose,CA,P2 | Class A | no website found on Google,,Car Detailers
Alma&cisco’s auto detail,,+1-408-394-0381,,"664 Stockton Ave F, San Jose, CA 95126, United States",San Jose,CA,P2 | Class A | no website found on Google,,Car Detailers
Arreola’s Detailing,,+1-408-817-0890,,"256 E Gish Rd, San Jose, CA 95112, United States",San Jose,CA,P2 | Class A | no website found on Google,,Car Detailers
Auto Mobile Detailing Qualitytouch J.M,,+1-408-666-3861,,"1487 Donohue Dr, San Jose, CA 95131, United States",San Jose,CA,P2 | Class A | no website found on Google,,Car Detailers
B&A Car Detailing,,+1-408-460-4287,,,San Jose,CA,P2 | Class A | no website found on Google,,Car Detailers
Calix Auto Detailing,,+1-408-726-7259,,"2845 Monterey Rd, San Jose, CA 95111, United States",San Jose,CA,P2 | Class A | no website found on Google,,Car Detailers
Diamond detailing cars & boats,,+1-408-469-5768,,"6960 Bolado Dr, San Jose, CA 95119, United States",San Jose,CA,P2 | Class A | no website found on Google,,Car Detailers
Dream Auto Detailing,,+1-408-630-7217,,"1518 Mt Everest Ct, San Jose, CA 95127, United States",San Jose,CA,P2 | Class A | no website found on Google,,Car Detailers
Empire Detailz_,,+1-408-677-1963,,,San Jose,CA,P2 | Class A | no website found on Google,,Car Detailers
Full service auto detailing & paint enhancem,,+1-408-835-3867,,"484 E San Fernando St, San Jose, CA 95112, United States",San Jose,CA,P2 | Class A | no website found on Google,,Car Detailers
Hypershine Detailworks,,+1-408-637-5392,,"123 E San Carlos St, San Jose, CA 95112, United States",San Jose,CA,P2 | Class A | no website found on Google,,Car Detailers
InDepth Mobile Detailing SJ,,+1-408-482-4737,,,San Jose,CA,P2 | Class A | no website found on Google,,Car Detailers
Jr. Car Detailing,,+1-408-595-4465,,"458 S King Rd, San Jose, CA 95116, United States",San Jose,CA,P2 | Class A | no website found on Google,,Car Detailers
Kleen Works Mobile Auto Detailing,,+1-408-819-1143,,"519 N 13th St, San Jose, CA 95112, United States",San Jose,CA,P2 | Class A | no website found on Google,,Car Detailers
Monterey Car Detailing,,+1-408-643-0412,,"4100 Monterey Rd, San Jose, CA 95111, United States",San Jose,CA,P2 | Class A | no website found on Google,,Car Detailers
Mox Detailing,,+1-408-685-9168,,"3210 Lamond Ct, San Jose, CA 95148, United States",San Jose,CA,P2 | Class A | no website found on Google,,Car Detailers
Not avaible.,,+1-408-890-1147,,,San Jose,CA,P2 | Class A | no website found on Google,,Car Detailers
Patillas Cars Detailing,,+1-669-261-2424,,"804 Lincoln Ave, San Jose, CA 95126, United States",San Jose,CA,P2 | Class A | no website found on Google,,Car Detailers
Precision Auto Styles408,,+1-408-512-8862,,,San Jose,CA,P2 | Class A | no website found on Google,,Car Detailers
Prestige Shine Mobile Detailing,,+1-408-799-0931,,"504 Fuller Ave, San Jose, CA 95125, United States",San Jose,CA,P2 | Class A | no website found on Google,,Car Detailers
Prestige auto detailing,,+1-408-849-1582,,"10285 Regan St, San Jose, CA 95127, United States",San Jose,CA,P2 | Class A | no website found on Google,,Car Detailers
Rays Detallado Interior Movil,,+1-408-375-1269,,"5095 Roeder Rd, San Jose, CA 95111, United States",San Jose,CA,P2 | Class A | no website found on Google,,Car Detailers
Rouge Mobile Detailing,,+1-831-334-6910,,"1375 Blossom Hill Rd, San Jose, CA 95118, United States",San Jose,CA,P2 | Class A | no website found on Google,,Car Detailers
S&S Auto Detailing,,+1-408-757-7207,,"2541 Chant Ct, San Jose, CA 95122, United States",San Jose,CA,P2 | Class A | no website found on Google,,Car Detailers
SOS auto detail,,+1-408-876-2138,,"2024 Nottoway Ave, San Jose, CA 95116, United States",San Jose,CA,P2 | Class A | no website found on Google,,Car Detailers
SRSAutoSpa Mobile,,+1-408-418-8536,,,San Jose,CA,P2 | Class A | no website found on Google,,Car Detailers
Sons Mobile Detailing,,+1-408-421-2331,,,San Jose,CA,P2 | Class A | no website found on Google,,Car Detailers
Stephen’s Mobile Detailing,,+1-408-218-2106,,"San Jose, CA 95148, United States",San Jose,CA,P2 | Class A | no website found on Google,,Car Detailers
Tonys mobile auto detailing,,+1-669-799-6279,,,San Jose,CA,P2 | Class A | no website found on Google,,Car Detailers
UMC Mobile Detail,,+1-323-606-3777,,"Santa Teresa Ct, San Jose, CA 95123, United States",San Jose,CA,P2 | Class A | no website found on Google,,Car Detailers
Valley automotive detailing,,+1-669-454-9301,,"51 S 19th St, San Jose, CA 95116, United States",San Jose,CA,P2 | Class A | no website found on Google,,Car Detailers
A&K Mobile Wash and Detailing,,+1-510-634-6077,,,San Leandro,CA,P2 | Class A | no website found on Google,,Car Detailers
Alpinist Motor Sport,,+1-415-583-3297,,"1666 Timothy Dr, San Leandro, CA 94577, United States",San Leandro,CA,P2 | Class A | no website found on Google,,Car Detailers
BVAutoDetails,,+1-510-695-8640,,,San Leandro,CA,P2 | Class A | no website found on Google,,Car Detailers
Bsapp,,+1-510-707-8705,,"1169 Mersey Ave, San Leandro, CA 94579, United States",San Leandro,CA,P2 | Class A | no website found on Google,,Car Detailers
Clean Choice Auto Detailing,,+1-510-228-8902,,,San Leandro,CA,P2 | Class A | no website found on Google,,Car Detailers
Ebrakes Mobile Detail,,+1-510-329-4918,,,San Leandro,CA,P2 | Class A | no website found on Google,,Car Detailers
Mochito mobile wash,,+1-510-767-2508,,,San Leandro,CA,P2 | Class A | no website found on Google,,Car Detailers
Villa's Auto Detail Services,,+1-510-461-5127,,"1560 167th Ave, San Leandro, CA 94578, United States",San Leandro,CA,P2 | Class A | no website found on Google,,Car Detailers
805 Detail Dynasty,,+1-805-295-1911,,,San Luis Obispo,CA,P2 | Class A | no website found on Google,,Car Detailers
Baywood Mobile Detail,,+1-805-441-8602,,,San Luis Obispo,CA,P2 | Class A | no website found on Google,,Car Detailers
Bubble Mobile Detailing,,+1-360-920-2556,,"200 N Santa Rosa St Apt 605, San Luis Obispo, CA 93405, United States",San Luis Obispo,CA,P2 | Class A | no website found on Google,,Car Detailers
Carnival detailing,,+1-805-240-6055,,,San Luis Obispo,CA,P2 | Class A | no website found on Google,,Car Detailers
Central Coast Auto Detailing,,+1-805-801-8068,,,San Luis Obispo,CA,P2 | Class A | no website found on Google,,Car Detailers
Cheesy Clean Mobile Detailing,,+1-805-996-0642,,,San Luis Obispo,CA,P2 | Class A | no website found on Google,,Car Detailers
Detail For Less,,+1-805-234-7689,,"2923 S Higuera St, San Luis Obispo, CA 93401, United States",San Luis Obispo,CA,P2 | Class A | no website found on Google,,Car Detailers
EZ Mods,,+1-805-550-7259,,"3523 S Higuera St, San Luis Obispo, CA 93401, United States",San Luis Obispo,CA,P2 | Class A | no website found on Google,,Car Detailers
Franco's Mobile Detailing,,+1-805-543-9020,,,San Luis Obispo,CA,P2 | Class A | no website found on Google,,Car Detailers
High Vision Detailing,,+1-805-602-1258,,"Mobil car detailing, San Luis Obispo, CA 93405, United States",San Luis Obispo,CA,P2 | Class A | no website found on Google,,Car Detailers
Mc Carthy Auto Detailing,,+1-805-541-6178,,"43 Higuera St, San Luis Obispo, CA 93401, United States",San Luis Obispo,CA,P2 | Class A | no website found on Google,,Car Detailers
RAM Mobile Detailing & Ceramic Coating San Luis Obispo Ca,,+1-760-815-3608,,"5120 Caballeros Ave, San Luis Obispo, CA 93401, United States",San Luis Obispo,CA,P2 | Class A | no website found on Google,,Car Detailers
RVs Wash and Wax,,+1-805-235-3690,,"1121 Orcutt Rd Spc 51, San Luis Obispo, CA 93401, United States",San Luis Obispo,CA,P2 | Class A | no website found on Google,,Car Detailers
SLO Auto Detailing,,+1-805-439-7352,,,San Luis Obispo,CA,P2 | Class A | no website found on Google,,Car Detailers
Teeple Detailing,,+1-408-300-3606,,"801 Orcutt Rd, San Luis Obispo, CA 93401, United States",San Luis Obispo,CA,P2 | Class A | no website found on Google,,Car Detailers
AK Pristine Detailing,,+1-760-798-6325,,,San Marcos,CA,P2 | Class A | no website found on Google,,Car Detailers
Javi's auto care detailing,,+1-760-224-8222,,,San Marcos,CA,P2 | Class A | no website found on Google,,Car Detailers
Onyx touch,,+1-628-207-9092,,"659 S Twin Oaks Valley Rd, San Marcos, CA 92078, United States",San Marcos,CA,P2 | Class A | no website found on Google,,Car Detailers
San diego auto ceramic coatings,,+1-858-905-6494,,,San Marcos,CA,P2 | Class A | no website found on Google,,Car Detailers
Show Room Detailz,,+1-760-492-8871,,,San Marcos,CA,P2 | Class A | no website found on Google,,Car Detailers
Southern Cali Detailing,,+1-760-470-3090,,,San Marcos,CA,P2 | Class A | no website found on Google,,Car Detailers
The Palomar Wash & Detail Center,,+1-760-224-2890,,"1290 W Mission Rd, San Marcos, CA 92069, United States",San Marcos,CA,P2 | Class A | no website found on Google,,Car Detailers
car detailing,,+1-760-755-4268,,,San Marcos,CA,P2 | Class A | no website found on Google,,Car Detailers
650CleanasaHoe,,+1-650-867-8701,,,San Mateo,CA,P2 | Class A | no website found on Google,,Car Detailers
AlaudeenDetails,,+1-650-315-1111,,,San Mateo,CA,P2 | Class A | no website found on Google,,Car Detailers
Bare Ceramic Coatings,,+1-415-680-0420,,"700 N San Mateo Dr, San Mateo, CA 94401, United States",San Mateo,CA,P2 | Class A | no website found on Google,,Car Detailers
Brilliant Autospa Detail,,+1-650-784-5068,,,San Mateo,CA,P2 | Class A | no website found on Google,,Car Detailers
Burlingame Car Detailing,,+1-650-773-6811,,,San Mateo,CA,P2 | Class A | no website found on Google,,Car Detailers
Crownline Auto Spa,,+1-669-364-4718,,,San Mateo,CA,P2 | Class A | no website found on Google,,Car Detailers
De Ita's Luxury Auto Detailing,,+1-650-287-5541,,,San Mateo,CA,P2 | Class A | no website found on Google,,Car Detailers
Eagle Ling,,+1-650-333-4653,,"4001 S El Camino Real, San Mateo, CA 94403, United States",San Mateo,CA,P2 | Class A | no website found on Google,,Car Detailers
G&G exquisite auto detailing,,+1-650-555-5555,,"1 Karen Rd, Belmont, CA 94002, United States",San Mateo,CA,P2 | Class A | no website found on Google,,Car Detailers
L&J's Car Detailing Services,,+1-650-773-2480,,"420 Hobart Ave, San Mateo, CA 94402, United States",San Mateo,CA,P2 | Class A | no website found on Google,,Car Detailers
Lex’s Auto Detailing,,+1-650-680-6548,,,San Mateo,CA,P2 | Class A | no website found on Google,,Car Detailers
Monkey Mobile Detailing,,+1-415-966-8000,,,San Mateo,CA,P2 | Class A | no website found on Google,,Car Detailers
No Limits Auto Care,,+1-650-444-7895,,"555 Oneill Ave Unit 11, Belmont, CA 94002, United States",San Mateo,CA,P2 | Class A | no website found on Google,,Car Detailers
ShineLab Mobile Detailing,,+1-949-533-2780,,,San Mateo,CA,P2 | Class A | no website found on Google,,Car Detailers
4oneFive Garage,,+1-415-320-9540,,"175 Market St Unit a, San Rafael, CA 94901, United States",San Rafael,CA,P2 | Class A | no website found on Google,,Car Detailers
Auto Mobile Detailing,,+1-415-244-4147,,"19 Marquard Ave, San Rafael, CA 94901, United States",San Rafael,CA,P2 | Class A | no website found on Google,,Car Detailers
DL Mobile-Detailing Service,,+1-415-450-7627,,"107 Brookmead Ct, San Anselmo, CA 94960, United States",San Rafael,CA,P2 | Class A | no website found on Google,,Car Detailers
High Flow Detailing,,+1-415-309-5950,,,San Rafael,CA,P2 | Class A | no website found on Google,,Car Detailers
JCMcGovernCarPrep,,+1-415-699-4505,,"1133 Francisco Blvd E, San Rafael, CA 94901, United States",San Rafael,CA,P2 | Class A | no website found on Google,,Car Detailers
Mobile Premium Details,,+1-415-235-0131,,,San Rafael,CA,P2 | Class A | no website found on Google,,Car Detailers
On Site Car Detailing | E&D,,+1-415-521-1113,,,San Rafael,CA,P2 | Class A | no website found on Google,,Car Detailers
Oscar's Auto Detailing,,+1-415-532-5725,,"91C Louise St, San Rafael, CA 94901, United States",San Rafael,CA,P2 | Class A | no website found on Google,,Car Detailers
A Touch of Pride Detailing,,+1-925-525-7820,,"67 Front St, Danville, CA 94526, United States",San Ramon,CA,P2 | Class A | no website found on Google,,Car Detailers
ARCDetailing,,+1-925-263-6575,,,San Ramon,CA,P2 | Class A | no website found on Google,,Car Detailers
BioBlock Mobile Detailing,,+1-925-787-6710,,,San Ramon,CA,P2 | Class A | no website found on Google,,Car Detailers
David's Mobile Detailing,,+1-510-951-1737,,,San Ramon,CA,P2 | Class A | no website found on Google,,Car Detailers
Drew’s Mobile Detailing,,+1-925-984-0817,,,San Ramon,CA,P2 | Class A | no website found on Google,,Car Detailers
Drip Auto Detailing,,+1-650-400-5121,,,San Ramon,CA,P2 | Class A | no website found on Google,,Car Detailers
Golden State Auto Armour Wrap and More,,+1-925-895-9984,,,San Ramon,CA,P2 | Class A | no website found on Google,,Car Detailers
LB Street Shine,,+1-925-474-7568,,,San Ramon,CA,P2 | Class A | no website found on Google,,Car Detailers
Peterson Details,,+1-925-915-7765,,,San Ramon,CA,P2 | Class A | no website found on Google,,Car Detailers
Shiny Autoz,,+1-925-232-1005,,,San Ramon,CA,P2 | Class A | no website found on Google,,Car Detailers
AutoBuzz Detail,,+1-714-430-0988,,"4260 W 1st St, Santa Ana, CA 92703, United States",Santa Ana,CA,P2 | Class A | no website found on Google,,Car Detailers
Bermudez Mobile Detail,,+1-714-486-7012,,"506 S Forest Ave, Santa Ana, CA 92703, United States",Santa Ana,CA,P2 | Class A | no website found on Google,,Car Detailers
Calis Best Mobile Detailing,,+1-714-631-9108,,"W Santa Ana Blvd, Santa Ana, CA 92704, United States",Santa Ana,CA,P2 | Class A | no website found on Google,,Car Detailers
Custom Auto Detail,,+1-714-885-9874,,"3910 S Birch St, Santa Ana, CA 92707, United States",Santa Ana,CA,P2 | Class A | no website found on Google,,Car Detailers
Designated Auto Care,,+1-714-624-4996,,"418 S Poplar St, Santa Ana, CA 92703, United States",Santa Ana,CA,P2 | Class A | no website found on Google,,Car Detailers
Genesis Auto Detail,,+1-714-818-8669,,"2806 W St Gertrude Pl, Santa Ana, CA 92704, United States",Santa Ana,CA,P2 | Class A | no website found on Google,,Car Detailers
Guerra’s Auto Shine,,+1-608-640-2705,,"1029 Cypress Ave, Santa Ana, CA 92701, United States",Santa Ana,CA,P2 | Class A | no website found on Google,,Car Detailers
Immaculate Details,,+1-714-858-5488,,"3418 W 5th St, Santa Ana, CA 92703, United States",Santa Ana,CA,P2 | Class A | no website found on Google,,Car Detailers
Junior.S Detailed and Car Wash,,+1-657-363-4284,,"3634 W 5th St, Santa Ana, CA 92703, United States",Santa Ana,CA,P2 | Class A | no website found on Google,,Car Detailers
Los Chicos DETAIL SUPPLIES,,+1-949-844-9520,,"605 E Alton Ave Unit C, Santa Ana, CA 92705, United States",Santa Ana,CA,P2 | Class A | no website found on Google,,Car Detailers
Mobile pro shine,,+1-657-273-8215,,"1916 N Spurgeon St Apt 204, Santa Ana, CA 92706, United States",Santa Ana,CA,P2 | Class A | no website found on Google,,Car Detailers
SoCal Auto Spa Mobile,,+1-714-248-4872,,"2508 W 1st St, Santa Ana, CA 92703, United States",Santa Ana,CA,P2 | Class A | no website found on Google,,Car Detailers
Solution Detail Supply,,+1-714-823-7860,,"1320 E St Andrew Pl Unit J, Santa Ana, CA 92705, United States",Santa Ana,CA,P2 | Class A | no website found on Google,,Car Detailers
"Sosa's Detail Crew, LLC",,+1-714-367-6341,,"113 E Alton Ave, Santa Ana, CA 92707, United States",Santa Ana,CA,P2 | Class A | no website found on Google,,Car Detailers
The Eclectic Auto Spa,,+1-949-610-4214,,"3480 W Warner Ave, Santa Ana, CA 92704, United States",Santa Ana,CA,P2 | Class A | no website found on Google,,Car Detailers
Tony’s Auto Detailing Supplies,,+1-714-558-1009,,"1316 N Grand Ave, Santa Ana, CA 92701, United States",Santa Ana,CA,P2 | Class A | no website found on Google,,Car Detailers
Ultimate Detailing,,+1-714-547-0063,,"1537 N Tustin Ave, Santa Ana, CA 92705, United States",Santa Ana,CA,P2 | Class A | no website found on Google,,Car Detailers
asg.detailss,,+1-657-340-8443,,"332 N Harbor Blvd, Santa Ana, CA 92703, United States",Santa Ana,CA,P2 | Class A | no website found on Google,,Car Detailers
805 mobile detailing,,+1-805-622-9274,,,Santa Barbara,CA,P2 | Class A | no website found on Google,,Car Detailers
Alex Mobile Details,,+1-805-294-4235,,,Santa Barbara,CA,P2 | Class A | no website found on Google,,Car Detailers
Chuey Details,,+1-650-353-7922,,,Santa Barbara,CA,P2 | Class A | no website found on Google,,Car Detailers
Dr. Detailz,,+1-805-365-2332,,,Santa Barbara,CA,P2 | Class A | no website found on Google,,Car Detailers
EDC Auto Detailing,,+1-805-994-6337,,,Santa Barbara,CA,P2 | Class A | no website found on Google,,Car Detailers
Halo Mobile Detail & Paint Protection Film,,+1-805-978-6547,,"1025 Cindy Ln, Carpinteria, CA 93013, United States",Santa Barbara,CA,P2 | Class A | no website found on Google,,Car Detailers
Happy Face Auto Detail,,+1-805-637-3565,,"231 S Alisos St, Santa Barbara, CA 93103, United States",Santa Barbara,CA,P2 | Class A | no website found on Google,,Car Detailers
INXS CAR DETAILING,,+1-805-699-1987,,,Santa Barbara,CA,P2 | Class A | no website found on Google,,Car Detailers
Jojos premium detail llc,,+1-805-770-0495,,,Santa Barbara,CA,P2 | Class A | no website found on Google,,Car Detailers
Logan’s Luxury Detail,,+1-805-324-0783,,,Santa Barbara,CA,P2 | Class A | no website found on Google,,Car Detailers
N/A,,+1-805-618-8378,,"805 Cliff Drive, Santa Barbara, CA 93105, United States",Santa Barbara,CA,P2 | Class A | no website found on Google,,Car Detailers
Sb Detailzz,,+1-805-299-6357,,,Santa Barbara,CA,P2 | Class A | no website found on Google,,Car Detailers
Scott Coons,,+1-805-636-9748,,,Santa Barbara,CA,P2 | Class A | no website found on Google,,Car Detailers
Signature Paint Protection Film Santa Barbara,,+1-415-569-0198,,"1919 State St, Santa Barbara, CA 93101, United States",Santa Barbara,CA,P2 | Class A | no website found on Google,,Car Detailers
Spin 'n' Shine,,+1-805-280-1445,,,Santa Barbara,CA,P2 | Class A | no website found on Google,,Car Detailers
TTs Auto Detailing,,+1-805-637-5326,,"1108 Cacique Street, Santa Barbara, CA 93103, United States",Santa Barbara,CA,P2 | Class A | no website found on Google,,Car Detailers
Velox Auto Spa,,+1-805-701-1338,,,Santa Barbara,CA,P2 | Class A | no website found on Google,,Car Detailers
Autospark,,+1-669-210-2633,,"530 Mansion Ct, Santa Clara, CA 95054, United States",Santa Clara,CA,P2 | Class A | no website found on Google,,Car Detailers
KB’s mobile auto detailing,,+1-408-422-8028,,,Santa Clara,CA,P2 | Class A | no website found on Google,,Car Detailers
MJ Detailing,,+1-408-561-2026,,"2985 El Camino Real, Santa Clara, CA 95051, United States",Santa Clara,CA,P2 | Class A | no website found on Google,,Car Detailers
Prestige Detailing,,+1-669-306-0099,,"1300 Norman Ave, Santa Clara, CA 95054, United States",Santa Clara,CA,P2 | Class A | no website found on Google,,Car Detailers
Speed mobile restoration,,+1-408-691-8834,,"1306 Sandia Ave, Sunnyvale, CA 94089, United States",Santa Clara,CA,P2 | Class A | no website found on Google,,Car Detailers
VIP Detailing pro,,+1-650-921-1676,,"1415 Laurelwood Rd, Santa Clara, CA 95054, United States",Santa Clara,CA,P2 | Class A | no website found on Google,,Car Detailers
Abram’s Premium Detail,,+1-323-677-3185,,,Santa Clarita,CA,P2 | Class A | no website found on Google,,Car Detailers
Bead It Up Detailing,,+1-661-388-9711,,,Santa Clarita,CA,P2 | Class A | no website found on Google,,Car Detailers
Black Clover Investments LLC DBA ProClean Mobile Detail,,+1-661-312-0678,,,Santa Clarita,CA,P2 | Class A | no website found on Google,,Car Detailers
C&B Mobile Detailing,,+1-661-902-4448,,"15559 Sierra Hwy, Santa Clarita, CA 91390, United States",Santa Clarita,CA,P2 | Class A | no website found on Google,,Car Detailers
Ceramic Coating Pro's of Santa Clarita,,+1-661-666-2083,,"25345 Avenue Stanford, Santa Clarita, CA 91355, United States",Santa Clarita,CA,P2 | Class A | no website found on Google,,Car Detailers
Elite Detail and Pressure Washing,,+1-661-666-0006,,"25000 Avenue Stanford, Santa Clarita, CA 91355, United States",Santa Clarita,CA,P2 | Class A | no website found on Google,,Car Detailers
EliteMobileDetailing,,+1-661-403-8417,,,Santa Clarita,CA,P2 | Class A | no website found on Google,,Car Detailers
Everyday Auto Detailing,,+1-661-724-4747,,,Santa Clarita,CA,P2 | Class A | no website found on Google,,Car Detailers
HUGO’S CARPETS,,+1-661-246-6371,,,Santa Clarita,CA,P2 | Class A | no website found on Google,,Car Detailers
Ingenious Auto Solutions,,+1-818-792-3673,,"26845 Oak Ave #8, Santa Clarita, CA 91351, United States",Santa Clarita,CA,P2 | Class A | no website found on Google,,Car Detailers
KWA Auto Detail Supplies,,+1-661-200-8841,,"28220 Ave Crocker Unit 409, Valencia, CA 91355, United States",Santa Clarita,CA,P2 | Class A | no website found on Google,,Car Detailers
Luxury Mobile Car Detailing Services,,+1-661-621-1928,,,Santa Clarita,CA,P2 | Class A | no website found on Google,,Car Detailers
MaxShine Mobile Carwash,,+1-747-266-9743,,,Santa Clarita,CA,P2 | Class A | no website found on Google,,Car Detailers
Onyx Detail & Ceramic Coating,,+1-661-347-6050,,"28220 Ave Crocker Unit 409, Santa Clarita, CA 91355, United States",Santa Clarita,CA,P2 | Class A | no website found on Google,,Car Detailers
RS Automotive Mobile Detailing,,+1-818-390-1160,,,Santa Clarita,CA,P2 | Class A | no website found on Google,,Car Detailers
Reds absolute detail,,+1-818-256-6787,,,Santa Clarita,CA,P2 | Class A | no website found on Google,,Car Detailers
Ricky's Mobile Detailing & Car Wash,,+1-661-644-0975,,"24757 Chestnut St, Newhall, CA 91321, United States",Santa Clarita,CA,P2 | Class A | no website found on Google,,Car Detailers
SCV Car Wash & Detailing,,+1-661-755-3814,,,Santa Clarita,CA,P2 | Class A | no website found on Google,,Car Detailers
Sams Auto Detailing and mobile car wash,,+1-661-309-2912,,,Santa Clarita,CA,P2 | Class A | no website found on Google,,Car Detailers
Sands Mobile Detail,,+1-661-576-5565,,,Santa Clarita,CA,P2 | Class A | no website found on Google,,Car Detailers
Stanley,,+1-626-379-3549,,,Santa Clarita,CA,P2 | Class A | no website found on Google,,Car Detailers
Steady auto care and detail,,+1-661-542-3591,,,Santa Clarita,CA,P2 | Class A | no website found on Google,,Car Detailers
Sunset of California Movile Carwash delivery,,+1-747-296-5898,,"23450 Newhall Ave, Newhall, CA 91321, United States",Santa Clarita,CA,P2 | Class A | no website found on Google,,Car Detailers
Tony's Mobile Wash of Santa Clarita,,+1-661-709-9961,,,Santa Clarita,CA,P2 | Class A | no website found on Google,,Car Detailers
Top Line Detailing,,+1-310-331-0101,,,Santa Clarita,CA,P2 | Class A | no website found on Google,,Car Detailers
Valor Vehicle Studios,,+1-805-265-3026,,,Santa Clarita,CA,P2 | Class A | no website found on Google,,Car Detailers
Water Works Car Wash & Detailing,,+1-661-313-4945,,,Santa Clarita,CA,P2 | Class A | no website found on Google,,Car Detailers
shine lane detail (mobile),,+1-661-466-6577,,,Santa Clarita,CA,P2 | Class A | no website found on Google,,Car Detailers
Abraham Auto Detail,,+1-831-421-1934,,"1000 Water St, Santa Cruz, CA 95062, United States",Santa Cruz,CA,P2 | Class A | no website found on Google,,Car Detailers
Autospecialistz,,+1-831-794-7930,,,Santa Cruz,CA,P2 | Class A | no website found on Google,,Car Detailers
Clinic 84 Auto Detailing,,+1-831-435-6925,,,Santa Cruz,CA,P2 | Class A | no website found on Google,,Car Detailers
Coastal detailing,,+1-831-332-3707,,"Fairway Dr, Soquel, CA 95073, United States",Santa Cruz,CA,P2 | Class A | no website found on Google,,Car Detailers
DZR Mobile Car Detailing,,+1-408-466-6464,,,Santa Cruz,CA,P2 | Class A | no website found on Google,,Car Detailers
Epic Shine Auto Detailing,,+1-831-243-5732,,"849 Almar Ave #209, Santa Cruz, CA 95060, United States",Santa Cruz,CA,P2 | Class A | no website found on Google,,Car Detailers
Nextleveldetailing831,,+1-831-428-3590,,,Santa Cruz,CA,P2 | Class A | no website found on Google,,Car Detailers
T.E.DEROCHEA ON THE SPOT DETAILING,,+1-831-400-7450,,,Santa Cruz,CA,P2 | Class A | no website found on Google,,Car Detailers
A & C Mobile Wash and Detail,,+1-805-260-8551,,"121 N Western Ave, Santa Maria, CA 93458, United States",Santa Maria,CA,P2 | Class A | no website found on Google,,Car Detailers
A1 Auto Detailing,,+1-360-366-6613,,,Santa Maria,CA,P2 | Class A | no website found on Google,,Car Detailers
B & M Mobile Detailing,,+1-805-819-8613,,"Donovan Rd, Santa Maria, CA 93454, United States",Santa Maria,CA,P2 | Class A | no website found on Google,,Car Detailers
Brillo Car detailing service,,+1-805-260-1325,,"2253 El Mirlo, Santa Maria, CA 93455, United States",Santa Maria,CA,P2 | Class A | no website found on Google,,Car Detailers
Bros Mobile Detailing,,+1-805-904-3492,,"2161 Division St, Nipomo, CA 93444, United States",Santa Maria,CA,P2 | Class A | no website found on Google,,Car Detailers
California Detail Center,,+1-805-922-8687,,"142 Inger Dr, 1220 W Main St, Santa Maria, CA 93458, United States",Santa Maria,CA,P2 | Class A | no website found on Google,,Car Detailers
Corona Care Details,,+1-805-720-5242,,,Santa Maria,CA,P2 | Class A | no website found on Google,,Car Detailers
Empire Mobile Car Wash,,+1-805-266-9515,,,Santa Maria,CA,P2 | Class A | no website found on Google,,Car Detailers
GJS MOBILE DETAILING,,+1-805-631-0154,,,Santa Maria,CA,P2 | Class A | no website found on Google,,Car Detailers
Garcia’s Car Detailing,,+1-805-757-9010,,,Santa Maria,CA,P2 | Class A | no website found on Google,,Car Detailers
JL Mobile Detailing,,+1-805-621-9347,,,Santa Maria,CA,P2 | Class A | no website found on Google,,Car Detailers
Lucero Mobile Detailing,,+1-805-266-8459,,,Santa Maria,CA,P2 | Class A | no website found on Google,,Car Detailers
Lux Detailing,,+1-805-264-1497,,,Santa Maria,CA,P2 | Class A | no website found on Google,,Car Detailers
M Y M Mobile Car Wash and Detailing - Quality Full Car & RV Detailing,,+1-805-332-9891,,"1123 W Cypress St, Santa Maria, CA 93458, United States",Santa Maria,CA,P2 | Class A | no website found on Google,,Car Detailers
Ortega’s Mobile Detail,,+1-805-631-3669,,,Santa Maria,CA,P2 | Class A | no website found on Google,,Car Detailers
Outshine Mobile Detailing,,+1-805-623-2226,,"Santa Maria Way, Orcutt, CA 93455, United States",Santa Maria,CA,P2 | Class A | no website found on Google,,Car Detailers
Superior Touch Detailing,,+1-805-345-5156,,,Santa Maria,CA,P2 | Class A | no website found on Google,,Car Detailers
Tyler's Auto Care,,+1-415-310-4095,,,Santa Maria,CA,P2 | Class A | no website found on Google,,Car Detailers
Wash Masters Mobile Detail,,+1-805-896-2752,,"Mobile Service, Santa Maria, CA 93454, United States",Santa Maria,CA,P2 | Class A | no website found on Google,,Car Detailers
Xclusive Auto Detailing,,+1-805-314-8788,,,Santa Maria,CA,P2 | Class A | no website found on Google,,Car Detailers
Angel City Mobile Detailing,,+1-424-443-3474,,,Santa Monica,CA,P2 | Class A | no website found on Google,,Car Detailers
AquaShine Detailing,,+1-310-923-8464,,,Santa Monica,CA,P2 | Class A | no website found on Google,,Car Detailers
"Details Matter, LLC. Your Auto-Mobile Detailer",,+1-323-570-1106,,,Santa Monica,CA,P2 | Class A | no website found on Google,,Car Detailers
HRN Car Detailing,,+1-310-560-0509,,,Santa Monica,CA,P2 | Class A | no website found on Google,,Car Detailers
JS1 Auto Detailing,,+1-951-772-7815,,,Santa Monica,CA,P2 | Class A | no website found on Google,,Car Detailers
Mar Vista Mobile Detailing,,+1-310-869-7480,,,Santa Monica,CA,P2 | Class A | no website found on Google,,Car Detailers
"Precision Mobile Car Detailing of Beverly Hills, CA",,+1-657-232-7606,,"9113 W Olympic Blvd, Beverly Hills, CA 90212, United States",Santa Monica,CA,P2 | Class A | no website found on Google,,Car Detailers
PrimeLux — Car Detailing,,+1-323-387-3124,,"8700 Pershing Dr, Playa Del Rey, CA 90293, United States",Santa Monica,CA,P2 | Class A | no website found on Google,,Car Detailers
S&S Mobile Detailing,,+1-909-909-9099,,,Santa Monica,CA,P2 | Class A | no website found on Google,,Car Detailers
Superior Car Care,,+1-310-664-9299,,,Santa Monica,CA,P2 | Class A | no website found on Google,,Car Detailers
Undisputed Mobile Detailing,,+1-661-902-7744,,,Santa Monica,CA,P2 | Class A | no website found on Google,,Car Detailers
Westcoast Mobile Detail,,+1-310-651-1038,,"14000 Palawan Way, Marina Del Rey, CA 90292, United States",Santa Monica,CA,P2 | Class A | no website found on Google,,Car Detailers
Bay Bros Detailing,,+1-707-299-7592,,,Santa Rosa,CA,P2 | Class A | no website found on Google,,Car Detailers
"Classic Touch ""Mobile"" Auto Detail",,+1-714-610-3468,,"Santa Rosa, CA 95402, United States",Santa Rosa,CA,P2 | Class A | no website found on Google,,Car Detailers
Cutting Edge Auto Detailing,,+1-707-696-9481,,,Santa Rosa,CA,P2 | Class A | no website found on Google,,Car Detailers
DeepClean Auto Detailing,,+1-707-856-0707,,"Broadmoor St, Santa Rosa, CA 95401, United States",Santa Rosa,CA,P2 | Class A | no website found on Google,,Car Detailers
Dortch's Detail Service,,+1-707-623-8888,,"1134 4th St, Santa Rosa, CA 95404, United States",Santa Rosa,CA,P2 | Class A | no website found on Google,,Car Detailers
Essential Auto Detailing,,+1-707-859-6844,,,Santa Rosa,CA,P2 | Class A | no website found on Google,,Car Detailers
Invincible Detailing LLC,,+1-707-234-8501,,"601 Baron Ct, Santa Rosa, CA 95401, United States",Santa Rosa,CA,P2 | Class A | no website found on Google,,Car Detailers
Lonzygarage,,+1-707-570-7155,,"1580 Hampton Way, Santa Rosa, CA 95407, United States",Santa Rosa,CA,P2 | Class A | no website found on Google,,Car Detailers
Midori Auto Detailing,,+1-707-316-3036,,,Santa Rosa,CA,P2 | Class A | no website found on Google,,Car Detailers
Ph.d(Phantom detailing),,+1-863-657-9304,,,Santa Rosa,CA,P2 | Class A | no website found on Google,,Car Detailers
Platinum auto & detail,,+1-707-623-7658,,,Santa Rosa,CA,P2 | Class A | no website found on Google,,Car Detailers
ROMERO AUTO DETAIL,,+1-707-623-3978,,"1700 Piner Rd Ste A, Santa Rosa, CA 95403, United States",Santa Rosa,CA,P2 | Class A | no website found on Google,,Car Detailers
Rafaels Mobile Detailing,,+1-707-858-4073,,,Santa Rosa,CA,P2 | Class A | no website found on Google,,Car Detailers
Rivera’s Auto Detailing,,+1-707-858-9088,,,Santa Rosa,CA,P2 | Class A | no website found on Google,,Car Detailers
Rodney Hill's Mobile Detailing & Lite Auto Repair,,+1-707-406-9666,,,Santa Rosa,CA,P2 | Class A | no website found on Google,,Car Detailers
Simple Shine Detail,,+1-369-210-6788,,"2443 Big Oak Dr, Santa Rosa, CA 95401, United States",Santa Rosa,CA,P2 | Class A | no website found on Google,,Car Detailers
Sudz Mobile Detailing,,+1-707-527-2447,,,Santa Rosa,CA,P2 | Class A | no website found on Google,,Car Detailers
T's Mobile Detail,,+1-775-338-4494,,"2375 W 3rd St, Santa Rosa, CA 95401, United States",Santa Rosa,CA,P2 | Class A | no website found on Google,,Car Detailers
Vee’s auto detailing,,+1-707-494-4257,,,Santa Rosa,CA,P2 | Class A | no website found on Google,,Car Detailers
831RicardoDetailing,,+1-831-869-3011,,,Seaside,CA,P2 | Class A | no website found on Google,,Car Detailers
HyLo Detailing,,+1-831-710-0225,,,Seaside,CA,P2 | Class A | no website found on Google,,Car Detailers
2shiny,,+1-805-416-9878,,,Simi Valley,CA,P2 | Class A | no website found on Google,,Car Detailers
Ballin details,,+1-805-206-0278,,,Simi Valley,CA,P2 | Class A | no website found on Google,,Car Detailers
Built To Shine,,+1-805-404-2591,,"1953 Hanley Ave, Simi Valley, CA 93065, United States",Simi Valley,CA,P2 | Class A | no website found on Google,,Car Detailers
CA Car Dusters,,+1-800-423-5525,,"1650 Voyager Ave, Simi Valley, CA 93063, United States",Simi Valley,CA,P2 | Class A | no website found on Google,,Car Detailers
Car Detail Supplies - Simi Valley,,+1-805-261-0929,,"1869 Royal Ave, Simi Valley, CA 93065, United States",Simi Valley,CA,P2 | Class A | no website found on Google,,Car Detailers
Car Detailing,,+1-805-206-3905,,"2480 Erringer Rd, Simi Valley, CA 93065, United States",Simi Valley,CA,P2 | Class A | no website found on Google,,Car Detailers
DJ Auto Detailing,,+1-805-422-6983,,,Simi Valley,CA,P2 | Class A | no website found on Google,,Car Detailers
Deluxe Mobile Auto Detailing,,+1-805-424-0282,,,Simi Valley,CA,P2 | Class A | no website found on Google,,Car Detailers
Fuller Mobile Detailing,,+1-805-387-4402,,"1260 Patricia Ave #104, Simi Valley, CA 93065, United States",Simi Valley,CA,P2 | Class A | no website found on Google,,Car Detailers
JJ Detail,,+1-805-428-9633,,,Simi Valley,CA,P2 | Class A | no website found on Google,,Car Detailers
Java & Co. Mobile detailing,,+1-219-951-2908,,,Simi Valley,CA,P2 | Class A | no website found on Google,,Car Detailers
Los Angeles Luxury Detailers,,+1-805-328-1552,,,Simi Valley,CA,P2 | Class A | no website found on Google,,Car Detailers
MB Detailing,,+1-747-253-4184,,,Simi Valley,CA,P2 | Class A | no website found on Google,,Car Detailers
Mobile Auto Detailing (Vip Auto Appearance),,+1-805-522-1234,,"First St, Simi Valley, CA 93063, United States",Simi Valley,CA,P2 | Class A | no website found on Google,,Car Detailers
Ninja’s Auto Detailing,,+1-805-298-5196,,"2021 Rebecca St, Simi Valley, CA 93063, United States",Simi Valley,CA,P2 | Class A | no website found on Google,,Car Detailers
Phenex Mobile Detailing,,+1-667-444-9222,,,Simi Valley,CA,P2 | Class A | no website found on Google,,Car Detailers
Pollito's Mobile Car Wash,,+1-805-638-8296,,,Simi Valley,CA,P2 | Class A | no website found on Google,,Car Detailers
PrimeShine Auto Care,,+1-805-624-1927,,,Simi Valley,CA,P2 | Class A | no website found on Google,,Car Detailers
The cave detail shop,,+1-818-912-2348,,"679 E Easy St g, Simi Valley, CA 93065, United States",Simi Valley,CA,P2 | Class A | no website found on Google,,Car Detailers
Trekin Detail,,+1-805-791-4582,,,Simi Valley,CA,P2 | Class A | no website found on Google,,Car Detailers
A2 Luxury Mobile Detailing,,+1-323-519-3867,,,South Gate,CA,P2 | Class A | no website found on Google,,Car Detailers
AMR Details,,+1-323-552-7997,,,South Gate,CA,P2 | Class A | no website found on Google,,Car Detailers
Avila mobile detailing,,+1-323-536-5168,,,South Gate,CA,P2 | Class A | no website found on Google,,Car Detailers
Chaparras Auto Detailing,,+1-323-828-1302,,,South Gate,CA,P2 | Class A | no website found on Google,,Car Detailers
DTD Car Detailing,,+1-760-994-3913,,,South Gate,CA,P2 | Class A | no website found on Google,,Car Detailers
Gomez Auto Detailing & Mobile,,+1-323-907-5089,,"135 E 70th St, Los Angeles, CA 90003, United States",South Gate,CA,P2 | Class A | no website found on Google,,Car Detailers
Great White Detail,,+1-562-474-7461,,,South Gate,CA,P2 | Class A | no website found on Google,,Car Detailers
Hitec Mobile Detail,,+1-323-916-1411,,"8989 Victoria Ave, South Gate, CA 90280, United States",South Gate,CA,P2 | Class A | no website found on Google,,Car Detailers
Lighteye Automotive care and detailing services,,+1-323-594-9282,,"2120 Firestone Blvd, Los Angeles, CA 90002, United States",South Gate,CA,P2 | Class A | no website found on Google,,Car Detailers
Los Amigos Mobile Detailing,,+1-323-492-3119,,,South Gate,CA,P2 | Class A | no website found on Google,,Car Detailers
MR.W DETAILING,,+1-323-830-1647,,"1958 E 110th St, Los Angeles, CA 90059, United States",South Gate,CA,P2 | Class A | no website found on Google,,Car Detailers
Neto's Auto Detail,,+1-323-228-3332,,"8651 Mountain View Ave, South Gate, CA 90280, United States",South Gate,CA,P2 | Class A | no website found on Google,,Car Detailers
Obsidian Detail Co.,,+1-443-771-3856,,"219 W 81st St, Los Angeles, CA 90003, United States",South Gate,CA,P2 | Class A | no website found on Google,,Car Detailers
Quality detail and tint,,+1-323-514-9567,,"10006 S Broadway, Los Angeles, CA 90003, United States",South Gate,CA,P2 | Class A | no website found on Google,,Car Detailers
Royal Mobile detailing,,+1-562-382-3304,,,South Gate,CA,P2 | Class A | no website found on Google,,Car Detailers
Spotless Shine Mobile Detailing,,+1-323-945-6510,,,South Gate,CA,P2 | Class A | no website found on Google,,Car Detailers
Sunshine Detail Service,,+1-818-220-7906,,"722 E 97th St, Los Angeles, CA 90002, United States",South Gate,CA,P2 | Class A | no website found on Google,,Car Detailers
South Shore Custom Detailing,,+1-530-318-7893,,"1144 Emerald Bay Rd, South Lake Tahoe, CA 96150, United States",South Lake Tahoe,CA,P2 | Class A | no website found on Google,,Car Detailers
Detail brothers. Car detailing and restoration,,+1-669-225-0416,,"755 E Homestead Rd, Sunnyvale, CA 94087, United States",Sunnyvale,CA,P2 | Class A | no website found on Google,,Car Detailers
Lassen Mobile Auto Detailing,,+1-530-253-3994,,,Susanville,CA,P2 | Class A | no website found on Google,,Car Detailers
CaliDrip Mobile Detailing,,+1-951-760-9233,,,Temecula,CA,P2 | Class A | no website found on Google,,Car Detailers
Clash Collision,,+1-619-383-4093,,"NA, Temecula, CA 92591, United States",Temecula,CA,P2 | Class A | no website found on Google,,Car Detailers
Dirt Road Detailing,,+1-951-297-9303,,,Temecula,CA,P2 | Class A | no website found on Google,,Car Detailers
EZ PZ Mobile Car Wash,,+1-951-526-8210,,,Temecula,CA,P2 | Class A | no website found on Google,,Car Detailers
Eccentric Shine Professional Detailing,,+1-951-880-3954,,,Temecula,CA,P2 | Class A | no website found on Google,,Car Detailers
Integrity Mobile Detail,,+1-951-409-2964,,,Temecula,CA,P2 | Class A | no website found on Google,,Car Detailers
J+J Mobile Detailing,,+1-951-551-0163,,,Temecula,CA,P2 | Class A | no website found on Google,,Car Detailers
JR’s Mobile Car Detailing,,+1-909-782-2078,,,Temecula,CA,P2 | Class A | no website found on Google,,Car Detailers
Jeff's Mobile Detailing,,+1-208-660-0199,,,Temecula,CA,P2 | Class A | no website found on Google,,Car Detailers
Kozy auto detailing,,+1-951-225-2513,,"Temecula Pkwy, Temecula, CA 92593, United States",Temecula,CA,P2 | Class A | no website found on Google,,Car Detailers
Passenger Detailing,,+1-801-941-8115,,"32958 Josheroo Ct, Temecula, CA 92592, United States",Temecula,CA,P2 | Class A | no website found on Google,,Car Detailers
Patriot water worx/ Ceramic coating/ mobile detail/ epoxy flooring,,+1-619-375-7343,,,Temecula,CA,P2 | Class A | no website found on Google,,Car Detailers
Straight Auto Detailing,,+1-951-581-4906,,,Temecula,CA,P2 | Class A | no website found on Google,,Car Detailers
Sublime Mobile Detailing,,+1-951-760-6361,,,Temecula,CA,P2 | Class A | no website found on Google,,Car Detailers
Temecula Car Detailing,,+1-951-551-1874,,,Temecula,CA,P2 | Class A | no website found on Google,,Car Detailers
iDetail Supply Co,,+1-951-972-4602,,"Backside (freeway, 28780 Old Town Front St c-8, Temecula, CA 92590, United States",Temecula,CA,P2 | Class A | no website found on Google,,Car Detailers
so-cal mobile auto detail llc,,+1-760-805-8583,,,Temecula,CA,P2 | Class A | no website found on Google,,Car Detailers
Autoaddict,,+1-818-921-4451,,"31304 Via Colinas #102, Westlake Village, CA 91362, United States",Thousand Oaks,CA,P2 | Class A | no website found on Google,,Car Detailers
Calison Jambird Mobile Detailing,,+1-419-604-9286,,"5525 Tanoak Ln, Oak Park, CA 91377, United States",Thousand Oaks,CA,P2 | Class A | no website found on Google,,Car Detailers
Detailz By AJ,,+1-310-504-4196,,,Thousand Oaks,CA,P2 | Class A | no website found on Google,,Car Detailers
Odin's Elite Detailing LLC,,+1-714-213-6402,,"5370 Captains Pl, Agoura Hills, CA 91301, United States",Thousand Oaks,CA,P2 | Class A | no website found on Google,,Car Detailers
Rossete’s Mobile Carwash,,+1-818-429-0062,,,Thousand Oaks,CA,P2 | Class A | no website found on Google,,Car Detailers
Thousand oaks detailing,,+1-805-404-2825,,"31264 La Baya Dr, Westlake Village, CA 91362, United States",Thousand Oaks,CA,P2 | Class A | no website found on Google,,Car Detailers
Total Shine Mobile CarWash,,+1-805-660-5447,,,Thousand Oaks,CA,P2 | Class A | no website found on Google,,Car Detailers
Wave Wash Mobile Auto Detailing,,+1-805-285-1820,,,Thousand Oaks,CA,P2 | Class A | no website found on Google,,Car Detailers
AVA MOBILE CAR WASH & DETAILING,,+1-657-203-1631,,,Torrance,CA,P2 | Class A | no website found on Google,,Car Detailers
Auto Detailing,,+1-310-363-3414,,"409 N Pacific Coast Hwy, Redondo Beach, CA 90277, United States",Torrance,CA,P2 | Class A | no website found on Google,,Car Detailers
Dave’s Mobile Auto Detailing Service,,+1-424-237-0495,,"407 N Pacific Coast Hwy, Redondo Beach, CA 90277, United States",Torrance,CA,P2 | Class A | no website found on Google,,Car Detailers
Done Rite Mobile Car Detailing plus more,,+1-310-662-3308,,,Torrance,CA,P2 | Class A | no website found on Google,,Car Detailers
Exclusive Auto Detail,,+1-310-544-2261,,"27301 Hawthorne Blvd, Rolling Hills Estates, CA 90274, United States",Torrance,CA,P2 | Class A | no website found on Google,,Car Detailers
Hermosa Auto Detail & Tint,,+1-310-937-1100,,"555 CA-1 unit B, Hermosa Beach, CA 90254, United States",Torrance,CA,P2 | Class A | no website found on Google,,Car Detailers
LUIS DETAIL,,+1-424-224-0996,,"1732 Aviation Blvd ste 116, Redondo Beach, CA 90278, United States",Torrance,CA,P2 | Class A | no website found on Google,,Car Detailers
Lenchos upholstery,,+1-310-748-4534,,"22641 Normandie Ave, Torrance, CA 90501, United States",Torrance,CA,P2 | Class A | no website found on Google,,Car Detailers
NiNu Mobile Detailing,,+1-213-320-6468,,,Torrance,CA,P2 | Class A | no website found on Google,,Car Detailers
PURCLEAN MOBILE AUTO WASH & DETAILING,,+1-323-835-7536,,"627 W Sepulveda St, San Pedro, CA 90731, United States",Torrance,CA,P2 | Class A | no website found on Google,,Car Detailers
South Bay shine mobile detailing,,+1-310-702-1789,,"15801 Hawthorne Blvd, Lawndale, CA 90260, United States",Torrance,CA,P2 | Class A | no website found on Google,,Car Detailers
Supreme Shine Mobile Detailing,,+1-310-806-2138,,,Torrance,CA,P2 | Class A | no website found on Google,,Car Detailers
Westside Group,,+1-310-328-9500,,"505 Van Ness Ave, Torrance, CA 90501, United States",Torrance,CA,P2 | Class A | no website found on Google,,Car Detailers
APEX CAR DETAILING,,+1-530-606-0158,,,Truckee,CA,P2 | Class A | no website found on Google,,Car Detailers
M.C detailing,,+1-530-563-8954,,,Truckee,CA,P2 | Class A | no website found on Google,,Car Detailers
ACP Detailing,,+1-559-556-3255,,"440 N Gem St, Tulare, CA 93274, United States",Tulare,CA,P2 | Class A | no website found on Google,,Car Detailers
Brian Rich Complete Auto Detail,,+1-559-679-7435,,"286 E Lynn Ave, Tulare, CA 93274, United States",Tulare,CA,P2 | Class A | no website found on Google,,Car Detailers
Bubba's Classic Detailing,,+1-559-302-0271,,,Tulare,CA,P2 | Class A | no website found on Google,,Car Detailers
"Cam’s Detailing, Ca",,+1-559-723-4631,,"1539 E Tulare Ave, Tulare, CA 93274, United States",Tulare,CA,P2 | Class A | no website found on Google,,Car Detailers
Custom Wash & Detailing,,+1-559-331-5662,,"N Milner St, Tulare, CA 93274, United States",Tulare,CA,P2 | Class A | no website found on Google,,Car Detailers
DADS Mobile Detail,,+1-559-368-8559,,"1093 N Cherry St, Tulare, CA 93274, United States",Tulare,CA,P2 | Class A | no website found on Google,,Car Detailers
Detail Specialty,,+1-559-901-2527,,,Tulare,CA,P2 | Class A | no website found on Google,,Car Detailers
Detail Specialty,,+1-559-901-2572,,,Tulare,CA,P2 | Class A | no website found on Google,,Car Detailers
Elite Club Mobile Detailing,,+1-559-509-5929,,,Tulare,CA,P2 | Class A | no website found on Google,,Car Detailers
Gonzalez Auto Detailing,,+1-559-762-1587,,,Tulare,CA,P2 | Class A | no website found on Google,,Car Detailers
JG’s Mobile Car Detailing,,+1-559-656-3371,,,Tulare,CA,P2 | Class A | no website found on Google,,Car Detailers
Killer Shine Detailing,,+1-559-837-2775,,,Tulare,CA,P2 | Class A | no website found on Google,,Car Detailers
Mad Auto Detailing,,+1-559-568-2290,,,Tulare,CA,P2 | Class A | no website found on Google,,Car Detailers
Natera Mobile Detailing,,+1-559-616-9270,,,Tulare,CA,P2 | Class A | no website found on Google,,Car Detailers
Ramirez auto Detailing,,+1-559-946-6482,,,Tulare,CA,P2 | Class A | no website found on Google,,Car Detailers
Sickly Twisted Auto Detailing,,+1-209-906-8968,,"2055 Iacovetti Ave, Tulare, CA 93274, United States",Tulare,CA,P2 | Class A | no website found on Google,,Car Detailers
Street Shine Mobile Detailing,,+1-559-690-0278,,,Tulare,CA,P2 | Class A | no website found on Google,,Car Detailers
The Detailer,,+1-559-651-6848,,,Tulare,CA,P2 | Class A | no website found on Google,,Car Detailers
The Unique Detailer,,+1-559-397-8532,,,Tulare,CA,P2 | Class A | no website found on Google,,Car Detailers
"Valley's Best Mobile Auto detailing & Certified Ceramic Coating, 20 Years OF Experience",,+1-559-329-1335,,"1937 S Stevenson Ct, Visalia, CA 93277, United States",Tulare,CA,P2 | Class A | no website found on Google,,Car Detailers
WokeCitizens Detailz,,+1-559-991-9122,,"1580 W Juliet Ave, Tulare, CA 93274, United States",Tulare,CA,P2 | Class A | no website found on Google,,Car Detailers
Art’s Detailing 209,,+1-209-410-2799,,"328 S 1st St, Turlock, CA 95380, United States",Turlock,CA,P2 | Class A | no website found on Google,,Car Detailers
AutoVZN Detailing,,+1-209-840-4382,,"2101 Geer Rd, Turlock, CA 95382, United States",Turlock,CA,P2 | Class A | no website found on Google,,Car Detailers
Brother’s Mobile Detailing,,+1-209-202-6209,,"793 Columbia Ave, Turlock, CA 95380, United States",Turlock,CA,P2 | Class A | no website found on Google,,Car Detailers
Cen-Cal Detailing,,+1-209-417-0191,,"325 S Center St, Turlock, CA 95380, United States",Turlock,CA,P2 | Class A | no website found on Google,,Car Detailers
Elite Finish detailing,,+1-218-731-9098,,,Turlock,CA,P2 | Class A | no website found on Google,,Car Detailers
Fresh Rides Auto Detailing,,+1-209-918-2093,,,Turlock,CA,P2 | Class A | no website found on Google,,Car Detailers
Fresh Start Auto Detailing,,+1-209-485-4979,,,Turlock,CA,P2 | Class A | no website found on Google,,Car Detailers
Geo Labs mobile detailing & carpet cleaning,,+1-209-232-5628,,,Turlock,CA,P2 | Class A | no website found on Google,,Car Detailers
Lux Bros Detailing,,+1-209-495-4450,,,Turlock,CA,P2 | Class A | no website found on Google,,Car Detailers
Luxe Finish Auto Spa,,+1-209-678-6022,,,Turlock,CA,P2 | Class A | no website found on Google,,Car Detailers
Chavez Auto Detailing,,+1-707-234-9178,,,Ukiah,CA,P2 | Class A | no website found on Google,,Car Detailers
Dan's mobile auto Detailing,,+1-707-513-5286,,,Ukiah,CA,P2 | Class A | no website found on Google,,Car Detailers
Detail City of Mendo-Lake,,+1-707-376-6070,,,Ukiah,CA,P2 | Class A | no website found on Google,,Car Detailers
Perfect Detail,,+1-707-462-9274,,"997 S State St, Ukiah, CA 95482, United States",Ukiah,CA,P2 | Class A | no website found on Google,,Car Detailers
Prestige Detailing & Ceramic Coatings,,+1-707-380-9230,,,Ukiah,CA,P2 | Class A | no website found on Google,,Car Detailers
Redwood Details,,+1-707-972-7688,,,Ukiah,CA,P2 | Class A | no website found on Google,,Car Detailers
A-Z Auto Detailing,,+1-559-580-2620,,,Union City,CA,P2 | Class A | no website found on Google,,Car Detailers
BayLightRestorations,,+1-510-456-5002,,,Union City,CA,P2 | Class A | no website found on Google,,Car Detailers
Boba's Detailing,,+1-510-934-8499,,,Union City,CA,P2 | Class A | no website found on Google,,Car Detailers
Chop's Detailing,,+1-510-461-7220,,,Union City,CA,P2 | Class A | no website found on Google,,Car Detailers
East bay auto polish & services,,+1-510-432-4746,,,Union City,CA,P2 | Class A | no website found on Google,,Car Detailers
Evan’s detailing,,+1-510-324-6881,,,Union City,CA,P2 | Class A | no website found on Google,,Car Detailers
J's Luxury Auto Detailing,,+1-510-260-9478,,,Union City,CA,P2 | Class A | no website found on Google,,Car Detailers
LIL B'S BUFF N' SHINE CO,,+1-510-283-7812,,,Union City,CA,P2 | Class A | no website found on Google,,Car Detailers
Premium Creations,,+1-510-598-0851,,,Union City,CA,P2 | Class A | no website found on Google,,Car Detailers
Sk Auto Spa - Paint Correction & Ceramic Coatings,,+1-510-766-6253,,"30091 Ahern Ave, Union City, CA 94587, United States",Union City,CA,P2 | Class A | no website found on Google,,Car Detailers
Supreme auto Detailing,,+1-714-471-6947,,,Union City,CA,P2 | Class A | no website found on Google,,Car Detailers
WhispersOfTheBayMobileDetailer's,,+1-510-598-6672,,,Union City,CA,P2 | Class A | no website found on Google,,Car Detailers
EDF AUTO DETAILING SERVICES,,+1-562-577-9332,,,Upland,CA,P2 | Class A | no website found on Google,,Car Detailers
Inferno Polishes,,+1-800-721-5572,,"956 W 9th St, Upland, CA 91786, United States",Upland,CA,P2 | Class A | no website found on Google,,Car Detailers
JaysLocalDetailing,,+1-951-604-3366,,"920 W Arrow Hwy, Upland, CA 91786, United States",Upland,CA,P2 | Class A | no website found on Google,,Car Detailers
KP Auto Detailing,,+1-760-571-1630,,,Upland,CA,P2 | Class A | no website found on Google,,Car Detailers
Undefeated Detailing,,+1-909-205-3009,,,Upland,CA,P2 | Class A | no website found on Google,,Car Detailers
A+ Auto Detailing,,+1-707-330-4836,,,Vacaville,CA,P2 | Class A | no website found on Google,,Car Detailers
Boost Auto Care,,+1-707-278-6575,,,Vacaville,CA,P2 | Class A | no website found on Google,,Car Detailers
Carter's Auto Tint & Detail,,+1-707-447-3947,,"1130 E Monte Vista Ave, Vacaville, CA 95688, United States",Vacaville,CA,P2 | Class A | no website found on Google,,Car Detailers
HD Customs,,+1-707-564-0194,,,Vacaville,CA,P2 | Class A | no website found on Google,,Car Detailers
Lucid Diamond Auto,,+1-707-392-8283,,,Vacaville,CA,P2 | Class A | no website found on Google,,Car Detailers
SS Details,,+1-707-208-0116,,,Vacaville,CA,P2 | Class A | no website found on Google,,Car Detailers
Shine Supply Vacaville,,+1-707-718-7510,,"1021 Mason St Unit 13, Vacaville, CA 95688, United States",Vacaville,CA,P2 | Class A | no website found on Google,,Car Detailers
Taurus Auto Detailing,,+1-707-208-5199,,"100 North Park, Vacaville, CA 95688, United States",Vacaville,CA,P2 | Class A | no website found on Google,,Car Detailers
XDetailing,,+1-415-850-0406,,"324 Cobblestone Dr, Vacaville, CA 95687, United States",Vacaville,CA,P2 | Class A | no website found on Google,,Car Detailers
Elite Detailworks,,+1-415-508-7644,,"225 Commercial St, Vallejo, CA 94589, United States",Vallejo,CA,P2 | Class A | no website found on Google,,Car Detailers
Innerscore Details,,+1-415-910-0926,,,Vallejo,CA,P2 | Class A | no website found on Google,,Car Detailers
Mr Shine Mobile,,+1-707-317-0944,,,Vallejo,CA,P2 | Class A | no website found on Google,,Car Detailers
RIVIERA Cliffs Car Detailing,,+1-209-471-2751,,,Valley Springs,CA,P2 | Class A | no website found on Google,,Car Detailers
101 Detailing,,+1-805-478-9873,,"1544 Morse Ave, Ventura, CA 93003, United States",Ventura,CA,P2 | Class A | no website found on Google,,Car Detailers
999 Auto Spa,,+1-818-331-4105,,"3301 E Main St, Ventura, CA 93003, United States",Ventura,CA,P2 | Class A | no website found on Google,,Car Detailers
Champion Mobile Car Wash,,+1-805-758-0646,,,Ventura,CA,P2 | Class A | no website found on Google,,Car Detailers
Edgar Martinez Auto Detail,,+1-805-901-5915,,"865 N Olive St, Ventura, CA 93001, United States",Ventura,CA,P2 | Class A | no website found on Google,,Car Detailers
Pacific Auto Detail Supply,,+1-805-661-7766,,"1485 Tower Square, Ventura, CA 93003, United States",Ventura,CA,P2 | Class A | no website found on Google,,Car Detailers
SolorioAutoDetailing,,+1-805-330-7565,,"Ventura, CA 93003, United States",Ventura,CA,P2 | Class A | no website found on Google,,Car Detailers
Tony’s Auto Detailing,,+1-805-707-3997,,"2509 N Ventura Ave, 834 Venwood Avenue, Ventura, CA 93001, United States",Ventura,CA,P2 | Class A | no website found on Google,,Car Detailers
Ventura Auto Detailing,,+1-805-561-9043,,"3875 Telegraph Rd, Ventura, CA 93003, United States",Ventura,CA,P2 | Class A | no website found on Google,,Car Detailers
A's Mobile Carwash & Detailing,,+1-760-655-9424,,,Victorville,CA,P2 | Class A | no website found on Google,,Car Detailers
Al's Car Wash On Wheelz,,+1-909-834-2846,,"12734 Gifford Way, Victorville, CA 92392, United States",Victorville,CA,P2 | Class A | no website found on Google,,Car Detailers
Brandon's Mobile Auto Spa,,+1-760-885-9597,,,Victorville,CA,P2 | Class A | no website found on Google,,Car Detailers
C&R Auto Detail,,+1-760-596-5301,,"14815 Palmdale Rd Suite C, Victorville, CA 92392, United States",Victorville,CA,P2 | Class A | no website found on Google,,Car Detailers
Castillo Mobile Detailing HD,,+1-760-561-2246,,,Victorville,CA,P2 | Class A | no website found on Google,,Car Detailers
Chrome X Detailing mobile,,+1-760-301-1672,,,Victorville,CA,P2 | Class A | no website found on Google,,Car Detailers
Ds auto detailing,,+1-760-867-9391,,,Victorville,CA,P2 | Class A | no website found on Google,,Car Detailers
FC mobile Detailing,,+1-760-221-5210,,"20843 Waalew Rd, Apple Valley, CA 92307, United States",Victorville,CA,P2 | Class A | no website found on Google,,Car Detailers
Glory Mobile Detailing,,+1-442-295-7764,,,Victorville,CA,P2 | Class A | no website found on Google,,Car Detailers
HD Exclusive Mobile detailing,,+1-442-327-8562,,,Victorville,CA,P2 | Class A | no website found on Google,,Car Detailers
HD vip wash (TryVision),,+1-760-605-9958,,"15057 Dakota St, Victorville, CA 92394, United States",Victorville,CA,P2 | Class A | no website found on Google,,Car Detailers
Illuminate Auto Detailing,,+1-760-475-1798,,,Victorville,CA,P2 | Class A | no website found on Google,,Car Detailers
Ks.detailing,,+1-442-373-4299,,"14771 Coachman Rd, Victorville, CA 92394, United States",Victorville,CA,P2 | Class A | no website found on Google,,Car Detailers
Kv mobile detailing,,+1-909-496-1103,,,Victorville,CA,P2 | Class A | no website found on Google,,Car Detailers
Liberty Customs,,+1-909-744-7962,,"17850 Cumberland Way, Victorville, CA 92395, United States",Victorville,CA,P2 | Class A | no website found on Google,,Car Detailers
Luna's Auto,,+1-661-673-3424,,"23119 Lyons Ave, Newhall, CA 91321, United States",Victorville,CA,P2 | Class A | no website found on Google,,Car Detailers
Milas Mobile Detailing,,+1-951-440-2786,,,Victorville,CA,P2 | Class A | no website found on Google,,Car Detailers
Moonshiners Auto Detailers,,+1-760-912-2636,,,Victorville,CA,P2 | Class A | no website found on Google,,Car Detailers
Onyx Mobile Detailing,,+1-760-338-5906,,,Victorville,CA,P2 | Class A | no website found on Google,,Car Detailers
Pachecos's mobile car wash,,+1-760-308-7789,,,Victorville,CA,P2 | Class A | no website found on Google,,Car Detailers
Papi's Mobile Detailing,,+1-760-245-5202,,"15370 7th St, Victorville, CA 92395, United States",Victorville,CA,P2 | Class A | no website found on Google,,Car Detailers
Peak Shine Auto,,+1-760-983-0233,,,Victorville,CA,P2 | Class A | no website found on Google,,Car Detailers
Perfect Mobile Car Wash,,+1-909-331-6059,,,Victorville,CA,P2 | Class A | no website found on Google,,Car Detailers
Poison’s Garage,,+1-310-941-3109,,"14229 Hesperia Rd, Victorville, CA 92395, United States",Victorville,CA,P2 | Class A | no website found on Google,,Car Detailers
Revolt appearance studio llc,,+1-760-493-7408,,"14156 Amargosa Rd #K, Victorville, CA 92392, United States",Victorville,CA,P2 | Class A | no website found on Google,,Car Detailers
Santos Mobile Auto Detailing LLC,,+1-442-242-1029,,,Victorville,CA,P2 | Class A | no website found on Google,,Car Detailers
Stunning Mobile Detailing,,+1-323-470-0255,,,Victorville,CA,P2 | Class A | no website found on Google,,Car Detailers
Supreme Mobile detailers,,+1-424-324-0089,,,Victorville,CA,P2 | Class A | no website found on Google,,Car Detailers
Victor Valley Car Detailing,,+1-909-642-9723,,"12407 Teakwood Ave, Victorville, CA 92395, United States",Victorville,CA,P2 | Class A | no website found on Google,,Car Detailers
Xpro AutoDetail / Ceramic Pro / Paint Corrections / Fleet Washes,,+1-909-316-0701,,,Victorville,CA,P2 | Class A | no website found on Google,,Car Detailers
gldetailiing,,+1-760-662-9510,,,Victorville,CA,P2 | Class A | no website found on Google,,Car Detailers
A1 Detailing LLC,,+1-559-499-8324,,"3619 N Leila Ct, Visalia, CA 93291, United States",Visalia,CA,P2 | Class A | no website found on Google,,Car Detailers
ALV mobile auto detailing,,+1-559-702-3474,,"680 N Pepper St, Woodlake, CA 93286, United States",Visalia,CA,P2 | Class A | no website found on Google,,Car Detailers
Adams detailing,,+1-559-799-9541,,,Visalia,CA,P2 | Class A | no website found on Google,,Car Detailers
Carranzas Detailing,,+1-559-409-9028,,,Visalia,CA,P2 | Class A | no website found on Google,,Car Detailers
Ceballos Detailing,,+1-559-667-1594,,,Visalia,CA,P2 | Class A | no website found on Google,,Car Detailers
Detail Blvd,,+1-559-723-1095,,"3032 W Tulare Ave, Visalia, CA 93277, United States",Visalia,CA,P2 | Class A | no website found on Google,,Car Detailers
DetailDept TC,,+1-559-667-6717,,,Visalia,CA,P2 | Class A | no website found on Google,,Car Detailers
Detailing bros,,+1-559-697-3801,,,Visalia,CA,P2 | Class A | no website found on Google,,Car Detailers
Dock's Auto Mobile Detailing,,+1-559-723-2400,,,Visalia,CA,P2 | Class A | no website found on Google,,Car Detailers
Ebert Mobile Detailing,,+1-559-690-5882,,,Visalia,CA,P2 | Class A | no website found on Google,,Car Detailers
Elenes Details,,+1-559-730-1901,,,Visalia,CA,P2 | Class A | no website found on Google,,Car Detailers
FRDetailz mobile detailing,,+1-424-391-9862,,,Visalia,CA,P2 | Class A | no website found on Google,,Car Detailers
Gus_details,,+1-559-471-7816,,,Visalia,CA,P2 | Class A | no website found on Google,,Car Detailers
Holy Shine Detailing,,+1-559-280-7229,,,Visalia,CA,P2 | Class A | no website found on Google,,Car Detailers
JR’s Mobile Detailing,,+1-559-731-9707,,,Visalia,CA,P2 | Class A | no website found on Google,,Car Detailers
Jr's Auto Detail,,+1-559-798-7871,,"15817 Azalea Ave, Ivanhoe, CA 93235, United States",Visalia,CA,P2 | Class A | no website found on Google,,Car Detailers
Mannys Auto Salon,,+1-559-372-5590,,"105 N Valley Oaks Dr, Visalia, CA 93292, United States",Visalia,CA,P2 | Class A | no website found on Google,,Car Detailers
Oscar's Auto Spa,,+1-559-308-8172,,,Visalia,CA,P2 | Class A | no website found on Google,,Car Detailers
Quintana Auto Detailing,,+1-559-679-3738,,"Visalia, CA 93291, United States",Visalia,CA,P2 | Class A | no website found on Google,,Car Detailers
RG Auto Spa,,+1-559-690-7208,,,Visalia,CA,P2 | Class A | no website found on Google,,Car Detailers
Righteous Auto Detailing,,+1-559-547-4342,,"2121 E Mineral King Ave, Visalia, CA 93292, United States",Visalia,CA,P2 | Class A | no website found on Google,,Car Detailers
Sunset Detail and restoration,,+1-559-334-1451,,"550 W Ashland Ct, Visalia, CA 93277, United States",Visalia,CA,P2 | Class A | no website found on Google,,Car Detailers
Sunshine Mobile Auto Detailing,,+1-559-730-6786,,"2306 N Bridge St, Visalia, CA 93291, United States",Visalia,CA,P2 | Class A | no website found on Google,,Car Detailers
Supreme Shine Auto Detailing,,+1-559-917-3943,,,Visalia,CA,P2 | Class A | no website found on Google,,Car Detailers
TruShine Mobile Detailing,,+1-559-697-1463,,,Visalia,CA,P2 | Class A | no website found on Google,,Car Detailers
Valley Detailing Services,,+1-559-967-2298,,"4523 W Evergreen Ct, Visalia, CA 93277, United States",Visalia,CA,P2 | Class A | no website found on Google,,Car Detailers
a&a auto spa,,+1-559-754-9015,,"639 W Lark Ave, Visalia, CA 93291, United States",Visalia,CA,P2 | Class A | no website found on Google,,Car Detailers
Jimenez Auto Detailing,,+1-760-529-1941,,"1521 Independence Way, Vista, CA 92084, United States",Vista,CA,P2 | Class A | no website found on Google,,Car Detailers
La baja auto details,,+1-760-575-2969,,"2286 Primrose Ave, Vista, CA 92083, United States",Vista,CA,P2 | Class A | no website found on Google,,Car Detailers
MC AUTO SPA,,+1-619-796-4506,,"2501 Commerce Way, Vista, CA 92081, United States",Vista,CA,P2 | Class A | no website found on Google,,Car Detailers
5150 Detailing,,+1-925-933-3500,,"2038 N Main St Ste a, Walnut Creek, CA 94598, United States",Walnut Creek,CA,P2 | Class A | no website found on Google,,Car Detailers
At-Home Car Detail,,+1-925-501-8924,,"1948 Desert Cir, Walnut Creek, CA 94598, United States",Walnut Creek,CA,P2 | Class A | no website found on Google,,Car Detailers
Deetz West Coast Detail,,+1-925-208-0288,,"57 Waldale Ct, Walnut Creek, CA 94597, United States",Walnut Creek,CA,P2 | Class A | no website found on Google,,Car Detailers
Dirty Dan's Detailing,,+1-510-432-2909,,"191 Village Ct, Walnut Creek, CA 94596, United States",Walnut Creek,CA,P2 | Class A | no website found on Google,,Car Detailers
Fusion Detail Pro,,+1-925-270-5267,,,Walnut Creek,CA,P2 | Class A | no website found on Google,,Car Detailers
Royal Touch Detailing,,+1-925-320-3744,,"1250 Walker Ave Apt 72, Walnut Creek, CA 94596, United States",Walnut Creek,CA,P2 | Class A | no website found on Google,,Car Detailers
Super Fresh Details,,+1-833-274-4358,,"1261 Locust St Apt 258, Walnut Creek, CA 94596, United States",Walnut Creek,CA,P2 | Class A | no website found on Google,,Car Detailers
quick mobile detailing,,+1-925-818-4010,,,Walnut Creek,CA,P2 | Class A | no website found on Google,,Car Detailers
Aztec Luxury Detailing,,+1-831-783-9776,,,Watsonville,CA,P2 | Class A | no website found on Google,,Car Detailers
Detailed 4 You,,+1-831-840-8993,,,Watsonville,CA,P2 | Class A | no website found on Google,,Car Detailers
Details By Gio,,+1-831-840-3647,,,Watsonville,CA,P2 | Class A | no website found on Google,,Car Detailers
DetailzbyDiego,,+1-831-254-7975,,,Watsonville,CA,P2 | Class A | no website found on Google,,Car Detailers
Exotic auto detail and rv,,+1-831-818-6111,,,Watsonville,CA,P2 | Class A | no website found on Google,,Car Detailers
Friquez Auto Detailers,,+1-831-566-3341,,,Watsonville,CA,P2 | Class A | no website found on Google,,Car Detailers
Handy Mike does it all,,+1-831-406-1379,,,Watsonville,CA,P2 | Class A | no website found on Google,,Car Detailers
Luminex Auto Lights,,+1-831-431-9959,,,Watsonville,CA,P2 | Class A | no website found on Google,,Car Detailers
Luxury Auto Detailing,,+1-831-284-9287,,,Watsonville,CA,P2 | Class A | no website found on Google,,Car Detailers
Mr. Wash Detailing,,+1-831-254-1938,,,Watsonville,CA,P2 | Class A | no website found on Google,,Car Detailers
Revitalize Auto Care,,+1-831-254-1298,,,Watsonville,CA,P2 | Class A | no website found on Google,,Car Detailers
Rodríguez mobile detailing 831,,+1-657-248-1580,,,Watsonville,CA,P2 | Class A | no website found on Google,,Car Detailers
Royalty Auto Detailing,,+1-831-750-9998,,,Watsonville,CA,P2 | Class A | no website found on Google,,Car Detailers
SignatureShineDetail,,+1-831-840-1628,,,Watsonville,CA,P2 | Class A | no website found on Google,,Car Detailers
Suavecitos detailing,,+1-831-539-7012,,"56 Blackbird Cir, Watsonville, CA 95076, United States",Watsonville,CA,P2 | Class A | no website found on Google,,Car Detailers
Superior auto spa,,+1-831-359-9451,,,Watsonville,CA,P2 | Class A | no website found on Google,,Car Detailers
V&M Detailing,,+1-831-254-7466,,"3 Crescent Dr, Watsonville, CA 95076, United States",Watsonville,CA,P2 | Class A | no website found on Google,,Car Detailers
3B auto detailing supplies,,+1-626-542-5471,,"13042 Valley Blvd, Bassett, CA 91746, United States",West Covina,CA,P2 | Class A | no website found on Google,,Car Detailers
Allstar Auto Prestige,,+1-626-626-3759,,,West Covina,CA,P2 | Class A | no website found on Google,,Car Detailers
Atlas Auto Detailing,,+1-626-755-1000,,"19058 Arrow Hwy, Covina, CA 91722, United States",West Covina,CA,P2 | Class A | no website found on Google,,Car Detailers
B Mobile Details,,+1-626-747-6833,,,West Covina,CA,P2 | Class A | no website found on Google,,Car Detailers
Black Label Auto Pros Detailing,,+1-626-419-5733,,,West Covina,CA,P2 | Class A | no website found on Google,,Car Detailers
CRUZ Mobile Carwash & Detailing,,+1-909-263-7596,,,West Covina,CA,P2 | Class A | no website found on Google,,Car Detailers
Casimiro Mobile Auto Care,,+1-714-697-0017,,,West Covina,CA,P2 | Class A | no website found on Google,,Car Detailers
Detail Labs,,+1-626-434-6314,,"N Phillips Ave, West Covina, CA 91791, United States",West Covina,CA,P2 | Class A | no website found on Google,,Car Detailers
Detail and Tint Co.,,+1-626-915-0785,,"953 N Citrus Ave, Covina, CA 91722, United States",West Covina,CA,P2 | Class A | no website found on Google,,Car Detailers
E&J Luxury Auto Detailing,,+1-626-931-6806,,,West Covina,CA,P2 | Class A | no website found on Google,,Car Detailers
Eddie's auto detailing,,+1-626-435-6918,,"1800 E Aroma Dr, West Covina, CA 91791, United States",West Covina,CA,P2 | Class A | no website found on Google,,Car Detailers
Elite Mobile Detailing,,+1-626-367-4643,,,West Covina,CA,P2 | Class A | no website found on Google,,Car Detailers
Flawless Mobile Detailing,,+1-626-808-7476,,,West Covina,CA,P2 | Class A | no website found on Google,,Car Detailers
Gibby's Mobile Auto Detailing detailing,,+1-626-290-2229,,,West Covina,CA,P2 | Class A | no website found on Google,,Car Detailers
Highend Mobile Detail,,+1-626-257-8045,,"1441 Pass and Covina Rd, La Puente, CA 91744, United States",West Covina,CA,P2 | Class A | no website found on Google,,Car Detailers
Marks Auto Detailing,,+1-917-341-6055,,,West Covina,CA,P2 | Class A | no website found on Google,,Car Detailers
Mobile Car Wash N Detailing,,+1-626-641-3615,,,West Covina,CA,P2 | Class A | no website found on Google,,Car Detailers
ODA Auto-Styling and Transportation,,+1-626-732-7338,,"1773 W San Bernardino Rd STE B30, West Covina, CA 91790, United States",West Covina,CA,P2 | Class A | no website found on Google,,Car Detailers
SGV Mobile Detail,,+1-626-949-0681,,"732 Lupin Ln, West Covina, CA 91791, United States",West Covina,CA,P2 | Class A | no website found on Google,,Car Detailers
SYA Mobile Detailing,,+1-626-733-3978,,,West Covina,CA,P2 | Class A | no website found on Google,,Car Detailers
Shiny Detailing Car Dealing,,+1-626-838-4973,,,West Covina,CA,P2 | Class A | no website found on Google,,Car Detailers
Socal Mobile Detailerz,,+1-626-975-8964,,,West Covina,CA,P2 | Class A | no website found on Google,,Car Detailers
Xtreme Auto Detailing,,+1-626-533-4163,,,West Covina,CA,P2 | Class A | no website found on Google,,Car Detailers
A King's Touch-Extraordinary Detailing Services,,+1-916-949-6645,,,West Sacramento,CA,P2 | Class A | no website found on Google,,Car Detailers
Auto-Matic Details,,+1-916-891-6833,,,West Sacramento,CA,P2 | Class A | no website found on Google,,Car Detailers
CleannerBeginnings,,+1-916-598-8484,,,West Sacramento,CA,P2 | Class A | no website found on Google,,Car Detailers
Custom Detailing Services,,+1-916-291-1656,,,West Sacramento,CA,P2 | Class A | no website found on Google,,Car Detailers
DOWN WATER AUTO CAR CLEANED UP,,+1-916-821-1585,,,West Sacramento,CA,P2 | Class A | no website found on Google,,Car Detailers
LuxAutoDetails,,+1-909-454-4740,,,West Sacramento,CA,P2 | Class A | no website found on Google,,Car Detailers
Precision Mobile Detailing,,+1-916-406-4391,,,West Sacramento,CA,P2 | Class A | no website found on Google,,Car Detailers
Royal Detailing,,+1-530-990-6528,,,West Sacramento,CA,P2 | Class A | no website found on Google,,Car Detailers
Sanctioned Motorsports,,+1-916-708-6986,,,West Sacramento,CA,P2 | Class A | no website found on Google,,Car Detailers
Shawn's Custom Detailing,,+1-279-237-8435,,,West Sacramento,CA,P2 | Class A | no website found on Google,,Car Detailers
Shiny mobile detail,,+1-530-703-1663,,,West Sacramento,CA,P2 | Class A | no website found on Google,,Car Detailers
AUTO DETAILING SUPPLIES,,+1-949-237-1374,,"14341 Beach Blvd G, Westminster, CA 92683, United States",Westminster,CA,P2 | Class A | no website found on Google,,Car Detailers
Inline Garage,,+1-714-823-6023,,"7100 Hazard Ave, Westminster, CA 92683, United States",Westminster,CA,P2 | Class A | no website found on Google,,Car Detailers
Keep it clean car detailing,,+1-949-520-8436,,"Via Monterey, Westminster, CA 92683, United States",Westminster,CA,P2 | Class A | no website found on Google,,Car Detailers
Andres Auto Detailing,,+1-714-814-5852,,,Whittier,CA,P2 | Class A | no website found on Google,,Car Detailers
Cruz Mobile Auto Detail,,+1-562-641-1647,,,Whittier,CA,P2 | Class A | no website found on Google,,Car Detailers
DT Mobile Auto Detailing,,+1-626-295-9426,,,Whittier,CA,P2 | Class A | no website found on Google,,Car Detailers
Descendants Mobile Detailing,,+1-520-535-6734,,,Whittier,CA,P2 | Class A | no website found on Google,,Car Detailers
Elite Reflections Automotive Detail,,+1-669-271-2949,,,Whittier,CA,P2 | Class A | no website found on Google,,Car Detailers
Epik Details,,+1-562-351-9978,,,Whittier,CA,P2 | Class A | no website found on Google,,Car Detailers
Finest Care Auto Detailing,,+1-323-806-1056,,,Whittier,CA,P2 | Class A | no website found on Google,,Car Detailers
Jc Car Details,,+1-562-469-2051,,"7802 Chatfield Ave, Whittier, CA 90606, United States",Whittier,CA,P2 | Class A | no website found on Google,,Car Detailers
KDetails,,+1-562-686-9594,,"12923 Wilshire Dr, Whittier, CA 90602, United States",Whittier,CA,P2 | Class A | no website found on Google,,Car Detailers
MVUS Mobile Detailing,,+1-213-245-7026,,,Whittier,CA,P2 | Class A | no website found on Google,,Car Detailers
Mark's Mobile Detail,,+1-951-637-4400,,,Whittier,CA,P2 | Class A | no website found on Google,,Car Detailers
Max Auto Detailing,,+1-562-696-6395,,"7712 Greenleaf Ave, Whittier, CA 90602, United States",Whittier,CA,P2 | Class A | no website found on Google,,Car Detailers
N.S. AUTO DETAILING CO.,,+1-562-271-6300,,,Whittier,CA,P2 | Class A | no website found on Google,,Car Detailers
Pbear's Premium Detailing,,+1-909-996-9789,,,Whittier,CA,P2 | Class A | no website found on Google,,Car Detailers
RG Elite Detailing,,+1-562-640-2131,,,Whittier,CA,P2 | Class A | no website found on Google,,Car Detailers
So-Cal Detail,,+1-888-479-5043,,"10820 Beverly Blvd # A5, Whittier, CA 90601, United States",Whittier,CA,P2 | Class A | no website found on Google,,Car Detailers
Top Tier Auto Detailing,,+1-626-271-3475,,,Whittier,CA,P2 | Class A | no website found on Google,,Car Detailers
CleanCut_auto_Care,,+1-530-586-2358,,"6487 Co Rd 48, Willows, CA 95988, United States",Willows,CA,P2 | Class A | no website found on Google,,Car Detailers
German Car Detailing,,+1-530-820-2031,,,Willows,CA,P2 | Class A | no website found on Google,,Car Detailers
Armando Mobile detailing,,+1-916-796-7091,,,Woodland,CA,P2 | Class A | no website found on Google,,Car Detailers
Armando mobile Detailing,,+1-925-744-1020,,,Woodland,CA,P2 | Class A | no website found on Google,,Car Detailers
Castlefornia Detailing,,+1-916-701-7259,,,Woodland,CA,P2 | Class A | no website found on Google,,Car Detailers
Clean Cut Detailing,,+1-530-867-6843,,,Woodland,CA,P2 | Class A | no website found on Google,,Car Detailers
Diamond Auto Detail,,+1-530-908-5090,,"21 Wisconsin Ave, Woodland, CA 95695, United States",Woodland,CA,P2 | Class A | no website found on Google,,Car Detailers
"HELLA GREEN. HOME OF ""MONSTER DETAILS"" AND ""GREEN SAUCE DECALS AND WRAPS"". ASK ABOUT GREEN SAUCE VAPE JUICE",,+1-530-383-2329,,"66 College St, Woodland, CA 95695, United States",Woodland,CA,P2 | Class A | no website found on Google,,Car Detailers
Manuel’s Auto Care,,+1-530-312-3622,,,Woodland,CA,P2 | Class A | no website found on Google,,Car Detailers
Premier Auto Detailing,,+1-530-554-0462,,,Woodland,CA,P2 | Class A | no website found on Google,,Car Detailers
PureQuartz,,+1-530-723-9498,,,Woodland,CA,P2 | Class A | no website found on Google,,Car Detailers
Saldana’s auto detailing,,+1-530-665-0458,,,Woodland,CA,P2 | Class A | no website found on Google,,Car Detailers
Elite Mobile Detailing,,+1-909-709-0722,,,Yreka,CA,P2 | Class A | no website found on Google,,Car Detailers
Jayz Auto Detailing,,+1-530-340-5280,,"330 E Oberlin Rd, Yreka, CA 96097, United States",Yreka,CA,P2 | Class A | no website found on Google,,Car Detailers
Nile’s Mobile Detailing,,+1-530-436-6042,,,Yreka,CA,P2 | Class A | no website found on Google,,Car Detailers
Pops Mobile Services,,+1-530-359-8530,,,Yreka,CA,P2 | Class A | no website found on Google,,Car Detailers
Suds & Shine mobile detailing,,+1-530-905-0942,,,Yreka,CA,P2 | Class A | no website found on Google,,Car Detailers
A1 mobile detail and wash,,+1-530-682-3175,,"849 Lincoln Rd, Yuba City, CA 95991, United States",Yuba City,CA,P2 | Class A | no website found on Google,,Car Detailers
Detail Dudes Yuba City,,+1-530-755-8838,,"2717 Palm St, Sutter, CA 95982, United States",Yuba City,CA,P2 | Class A | no website found on Google,,Car Detailers
Lopez Auto Detailing Services,,+1-530-821-7995,,,Yuba City,CA,P2 | Class A | no website found on Google,,Car Detailers
Superior Auto Detail,,+1-530-565-3271,,"727 Anna Dr, Yuba City, CA 95993, United States",Yuba City,CA,P2 | Class A | no website found on Google,,Car Detailers
Yuba City Quality Detail,,+1-530-933-8302,,"Eureka Dr, Yuba City, CA 95991, United States",Yuba City,CA,P2 | Class A | no website found on Google,,Car Detailers
AmVet Cosmetic Restoration,,+1-971-351-2166,,,Albany,OR,P2 | Class A | no website found on Google,,Car Detailers
Black Diamond Auto Detailing,,+1-458-803-1694,,"3000 SE Geary St, Albany, OR 97322, United States",Albany,OR,P2 | Class A | no website found on Google,,Car Detailers
Covey Mobile Detailing,,+1-541-730-3611,,"Knox Butte Rd E, Albany, OR 97322, United States",Albany,OR,P2 | Class A | no website found on Google,,Car Detailers
It’s All In The Details,,+1-541-905-4062,,"308 34th Ave SE, Albany, OR 97322, United States",Albany,OR,P2 | Class A | no website found on Google,,Car Detailers
Key Auto Detail,,+1-541-619-8941,,"3315 Marion St SE, Albany, OR 97322, United States",Albany,OR,P2 | Class A | no website found on Google,,Car Detailers
Kruger’s Auto Detailing,,+1-541-974-0579,,"1808 SE 26th Pl, Albany, OR 97322, United States",Albany,OR,P2 | Class A | no website found on Google,,Car Detailers
M&C Auto Detailing,,+1-541-730-5816,,"785 SE 24th Ave, Albany, OR 97322, United States",Albany,OR,P2 | Class A | no website found on Google,,Car Detailers
Northern Kings Automotive Detail,,+1-559-351-7861,,,Albany,OR,P2 | Class A | no website found on Google,,Car Detailers
Sean's Auto Detail,,+1-541-730-2598,,"525 SW 2nd Ave Unit 1297, Albany, OR 97321, United States",Albany,OR,P2 | Class A | no website found on Google,,Car Detailers
Willamette Auto and Headlight Detailing,,+1-623-215-5275,,,Albany,OR,P2 | Class A | no website found on Google,,Car Detailers
Always Wright Auto Detail,,+1-541-778-3939,,,Ashland,OR,P2 | Class A | no website found on Google,,Car Detailers
Ashland Detailing,,+1-541-201-8776,,,Ashland,OR,P2 | Class A | no website found on Google,,Car Detailers
Coster Bros Clear - Headlight Restoration,,+1-458-265-8553,,,Ashland,OR,P2 | Class A | no website found on Google,,Car Detailers
KORE Mobile Detailing,,+1-541-363-2867,,,Ashland,OR,P2 | Class A | no website found on Google,,Car Detailers
PNW MAD Detailing,,+1-971-403-7362,,,Astoria,OR,P2 | Class A | no website found on Google,,Car Detailers
Auto Ranch Detail Shop,,+1-541-523-4122,,"2201 10th St, Baker City, OR 97814, United States",Baker City,OR,P2 | Class A | no website found on Google,,Car Detailers
RM auto detail & car wash LLC,,+1-541-239-8835,,"2119 10th St, Baker City, OR 97814, United States",Baker City,OR,P2 | Class A | no website found on Google,,Car Detailers
RRT Auto Anything,,+1-541-403-1325,,"2900 E St, Baker City, OR 97814, United States",Baker City,OR,P2 | Class A | no website found on Google,,Car Detailers
ARC Mobile Detailing,,+1-503-849-5668,,"14020 SW Berthold Ave, Beaverton, OR 97005, United States",Beaverton,OR,P2 | Class A | no website found on Google,,Car Detailers
Adam’s detail,,+1-971-380-9943,,"12632 SW Canvasback Way, Beaverton, OR 97007, United States",Beaverton,OR,P2 | Class A | no website found on Google,,Car Detailers
Auto Mobile,,+1-971-488-7316,,,Beaverton,OR,P2 | Class A | no website found on Google,,Car Detailers
Banks Precision Auto,,+1-971-703-0708,,,Beaverton,OR,P2 | Class A | no website found on Google,,Car Detailers
Black Diamond Detail LLC,,+1-503-374-5445,,"16015 SW Rosa Rd, Beaverton, OR 97007, United States",Beaverton,OR,P2 | Class A | no website found on Google,,Car Detailers
Chris’ Mobile Detailing,,+1-301-609-1624,,,Beaverton,OR,P2 | Class A | no website found on Google,,Car Detailers
DND Mobile Detailing,,+1-971-801-3380,,,Beaverton,OR,P2 | Class A | no website found on Google,,Car Detailers
Detail Oasis,,+1-503-828-4849,,,Beaverton,OR,P2 | Class A | no website found on Google,,Car Detailers
Expert Mobile Detailing,,+1-971-238-2026,,"13370 SW Beach Plum Terrace, Sherwood, OR 97140, United States",Beaverton,OR,P2 | Class A | no website found on Google,,Car Detailers
F&F Mobile Detailing,,+1-971-999-0201,,"14335 SW Allen Blvd, Beaverton, OR 97005, United States",Beaverton,OR,P2 | Class A | no website found on Google,,Car Detailers
Finish Line Mobile Detailing LLC,,+1-541-329-4640,,,Beaverton,OR,P2 | Class A | no website found on Google,,Car Detailers
First Class Detailz,,+1-971-454-2760,,,Beaverton,OR,P2 | Class A | no website found on Google,,Car Detailers
Glossreaper Mobile Detailing,,+1-503-268-7053,,,Beaverton,OR,P2 | Class A | no website found on Google,,Car Detailers
Kermit's Detailing,,+1-971-266-9717,,"3737 SW 117th Ave #14, Beaverton, OR 97005, United States",Beaverton,OR,P2 | Class A | no website found on Google,,Car Detailers
Kmg auto detailing,,+1-971-296-7372,,"8736 NE Delamere Way, Beaverton, OR 97006, United States",Beaverton,OR,P2 | Class A | no website found on Google,,Car Detailers
Mobile Shine Pros PDX,,+1-503-347-1312,,,Beaverton,OR,P2 | Class A | no website found on Google,,Car Detailers
Optimum Mobile Detail,,+1-503-830-4005,,,Beaverton,OR,P2 | Class A | no website found on Google,,Car Detailers
PDX Mobile Auto Spa,,+1-503-858-9976,,"17630 SW Declaration Way, Beaverton, OR 97006, United States",Beaverton,OR,P2 | Class A | no website found on Google,,Car Detailers
Perfect Solution Auto Care,,+1-503-793-2414,,,Beaverton,OR,P2 | Class A | no website found on Google,,Car Detailers
Premium Mobile Detailing,,+1-971-245-9074,,,Beaverton,OR,P2 | Class A | no website found on Google,,Car Detailers
Pristine Wheels Mobile Detailing,,+1-503-781-1986,,,Beaverton,OR,P2 | Class A | no website found on Google,,Car Detailers
ProShine Mobile Detailing,,+1-503-705-1087,,"2860 SW Garden View Pl, Portland, OR 97225, United States",Beaverton,OR,P2 | Class A | no website found on Google,,Car Detailers
Reyes Auto Detailing & Power Wash,,+1-805-297-5210,,,Beaverton,OR,P2 | Class A | no website found on Google,,Car Detailers
Rip City detailing,,+1-503-750-7027,,,Beaverton,OR,P2 | Class A | no website found on Google,,Car Detailers
Roo's mobile detail,,+1-503-572-3649,,"SW Tigard St, Tigard, OR 97223, United States",Beaverton,OR,P2 | Class A | no website found on Google,,Car Detailers
Shack's Detail Co.,,+1-971-313-4825,,,Beaverton,OR,P2 | Class A | no website found on Google,,Car Detailers
True Xtreme Mobile Detailing,,+1-678-713-1097,,,Beaverton,OR,P2 | Class A | no website found on Google,,Car Detailers
Aloha Auto Detailing,,+1-458-329-6958,,"61272 Dayspring Dr, Bend, OR 97702, United States",Bend,OR,P2 | Class A | no website found on Google,,Car Detailers
BahamaShine Mobile Detailing,,+1-541-788-5315,,"1855 NE Lotus Dr, Bend, OR 97701, United States",Bend,OR,P2 | Class A | no website found on Google,,Car Detailers
Bend Detail and Ceramics,,+1-541-262-6893,,,Bend,OR,P2 | Class A | no website found on Google,,Car Detailers
Bend Mobile Detailing,,+1-541-977-1392,,,Bend,OR,P2 | Class A | no website found on Google,,Car Detailers
Dad's Auto Detailing,,+1-541-728-6563,,"64415 Strickler Ave #110, Bend, OR 97703, United States",Bend,OR,P2 | Class A | no website found on Google,,Car Detailers
FTA Detailing Bend,,+1-503-602-8483,,,Bend,OR,P2 | Class A | no website found on Google,,Car Detailers
H&W Details,,+1-541-410-7990,,,Bend,OR,P2 | Class A | no website found on Google,,Car Detailers
Henry’s Detail Co.,,+1-707-513-5128,,,Bend,OR,P2 | Class A | no website found on Google,,Car Detailers
KC Detailing,,+1-541-668-5031,,,Bend,OR,P2 | Class A | no website found on Google,,Car Detailers
Loeks detailing,,+1-541-405-5899,,"59848 Navajo Rd, Bend, OR 97702, United States",Bend,OR,P2 | Class A | no website found on Google,,Car Detailers
Loyal Automotive Detailing,,+1-541-527-0587,,"62835 Daniel Rd, Bend, OR 97701, United States",Bend,OR,P2 | Class A | no website found on Google,,Car Detailers
Mirror Finish Mobile Detailing,,+1-541-699-6659,,"20915 Blue Bush Ct, Bend, OR 97701, United States",Bend,OR,P2 | Class A | no website found on Google,,Car Detailers
Next Level Car Care,,+1-503-312-7285,,,Bend,OR,P2 | Class A | no website found on Google,,Car Detailers
Wake Detailing,,+1-919-448-1560,,"1055 NE Providence Dr, Bend, OR 97701, United States",Bend,OR,P2 | Class A | no website found on Google,,Car Detailers
Crystal clear car care,,+1-541-254-3140,,,Brookings,OR,P2 | Class A | no website found on Google,,Car Detailers
Barrios Auto Detailing. LLC,,+1-503-826-4775,,"11582 Warbler Ln NE, Aurora, OR 97002, United States",Canby,OR,P2 | Class A | no website found on Google,,Car Detailers
DNA Auto Detailing,,+1-503-798-6140,,,Canby,OR,P2 | Class A | no website found on Google,,Car Detailers
Dyno Details,,+1-971-762-7688,,,Canby,OR,P2 | Class A | no website found on Google,,Car Detailers
Next Level Auto Detail,,+1-503-421-2865,,,Canby,OR,P2 | Class A | no website found on Google,,Car Detailers
PDX Finest Auto Detail,,+1-503-984-9818,,,Canby,OR,P2 | Class A | no website found on Google,,Car Detailers
Ray's Mirrored Finish,,+1-503-756-0831,,"24397 S Hwy 99 E, Canby, OR 97013, United States",Canby,OR,P2 | Class A | no website found on Google,,Car Detailers
Showroom Detailing,,+1-503-956-2008,,,Canby,OR,P2 | Class A | no website found on Google,,Car Detailers
TNT Detailing,,+1-503-515-2855,,,Canby,OR,P2 | Class A | no website found on Google,,Car Detailers
Oregon’s finest mobile detail,,+1-503-487-1960,,,Carmichael,OR,P2 | Class A | no website found on Google,,Car Detailers
541mobo detail medfor oregon,,+1-541-841-3884,,"821 Niantic St, Medford, OR 97501, United States",Central Point,OR,P2 | Class A | no website found on Google,,Car Detailers
Aura Premium Detailing,,+1-541-838-0054,,,Central Point,OR,P2 | Class A | no website found on Google,,Car Detailers
C.M. Mobile Auto Detailing & ceramic coating,,+1-458-225-0618,,,Central Point,OR,P2 | Class A | no website found on Google,,Car Detailers
Clean A.F. (and Fresh) Detailing,,+1-541-227-9872,,,Central Point,OR,P2 | Class A | no website found on Google,,Car Detailers
CleanPro,,+1-541-951-9418,,,Central Point,OR,P2 | Class A | no website found on Google,,Car Detailers
Flash Finish detail,,+1-541-621-9152,,,Central Point,OR,P2 | Class A | no website found on Google,,Car Detailers
GC Mobile Detailing Service,,+1-541-500-7110,,,Central Point,OR,P2 | Class A | no website found on Google,,Car Detailers
GGs Details,,+1-541-324-4100,,,Central Point,OR,P2 | Class A | no website found on Google,,Car Detailers
Herman Auto Detailing,,+1-614-815-9869,,,Central Point,OR,P2 | Class A | no website found on Google,,Car Detailers
It's All About The Details,,+1-541-772-9274,,"828 N Central Ave, Medford, OR 97501, United States",Central Point,OR,P2 | Class A | no website found on Google,,Car Detailers
JM Pro Gloss Detailing,,+1-541-601-5568,,,Central Point,OR,P2 | Class A | no website found on Google,,Car Detailers
Jags Detailing,,+1-541-510-8057,,,Central Point,OR,P2 | Class A | no website found on Google,,Car Detailers
LeoDetails,,+1-541-613-6385,,,Central Point,OR,P2 | Class A | no website found on Google,,Car Detailers
Mast mobile detailing,,+1-541-630-0137,,,Central Point,OR,P2 | Class A | no website found on Google,,Car Detailers
Obsessed Auto Detail,,+1-541-499-2024,,"764 S Grape St Ste 100, Medford, OR 97501, United States",Central Point,OR,P2 | Class A | no website found on Google,,Car Detailers
Off Your Hands Auto Detailing,,+1-541-613-9245,,,Central Point,OR,P2 | Class A | no website found on Google,,Car Detailers
Phamtastic Mobile Detailing LLC & Ceramic Coatings,,+1-541-778-0327,,"1617 N Riverside Ave suit 105, Medford, OR 97501, United States",Central Point,OR,P2 | Class A | no website found on Google,,Car Detailers
Priority Detailing,,+1-909-362-9096,,,Central Point,OR,P2 | Class A | no website found on Google,,Car Detailers
Prism Auto Care,,+1-458-220-1692,,,Central Point,OR,P2 | Class A | no website found on Google,,Car Detailers
Shine Mobile Car Detailing,,+1-541-363-8714,,,Central Point,OR,P2 | Class A | no website found on Google,,Car Detailers
Spray Kleen Detail,,+1-541-646-2521,,"5953 Table Rock Rd, Central Point, OR 97502, United States",Central Point,OR,P2 | Class A | no website found on Google,,Car Detailers
Stu’s mobile detail,,+1-458-287-5975,,,Central Point,OR,P2 | Class A | no website found on Google,,Car Detailers
Dr Detail,,+1-541-404-4457,,"2090 Hayes St, North Bend, OR 97459, United States",Coos Bay,OR,P2 | Class A | no website found on Google,,Car Detailers
Gios Mobile Details,,+1-541-368-2563,,,Coos Bay,OR,P2 | Class A | no website found on Google,,Car Detailers
North Bend Auto Detail,,+1-541-808-2288,,"North Bend, OR 97459, United States",Coos Bay,OR,P2 | Class A | no website found on Google,,Car Detailers
Optimal Clarity Detailing,,+1-541-404-2329,,"1123 California Ave, Coos Bay, OR 97420, United States",Coos Bay,OR,P2 | Class A | no website found on Google,,Car Detailers
SBS mobile detailing L.L.C.,,+1-541-252-9088,,,Coos Bay,OR,P2 | Class A | no website found on Google,,Car Detailers
Stellatinos Auto Detail,,+1-541-260-4387,,,Coos Bay,OR,P2 | Class A | no website found on Google,,Car Detailers
efa detailing llc,,+1-541-806-0393,,,Coos Bay,OR,P2 | Class A | no website found on Google,,Car Detailers
Auto Aura Detailing,,+1-541-908-8303,,"5075 Philomath Blvd, Corvallis, OR 97333, United States",Corvallis,OR,P2 | Class A | no website found on Google,,Car Detailers
"Luxury Mobile Detailing, LLC",,+1-971-462-8942,,,Corvallis,OR,P2 | Class A | no website found on Google,,Car Detailers
Mid Light Detailing,,+1-541-224-5115,,,Corvallis,OR,P2 | Class A | no website found on Google,,Car Detailers
Prime Detailing,,+1-503-487-1766,,"645 SW 13th St Suite A, Corvallis, OR 97333, United States",Corvallis,OR,P2 | Class A | no website found on Google,,Car Detailers
Shine detailing,,+1-541-231-2494,,"31404 Bellfountain Rd, Corvallis, OR 97333, United States",Corvallis,OR,P2 | Class A | no website found on Google,,Car Detailers
Sir Shine,,+1-541-260-8010,,,Corvallis,OR,P2 | Class A | no website found on Google,,Car Detailers
Superior Detailing,,+1-541-231-4199,,"350 SW Wake Robin Ave, Corvallis, OR 97333, United States",Corvallis,OR,P2 | Class A | no website found on Google,,Car Detailers
Willamette Auto Detailing,,+1-541-231-5552,,,Corvallis,OR,P2 | Class A | no website found on Google,,Car Detailers
Spotless Mobile Detailing,,+1-541-731-3941,,,Cottage Grove,OR,P2 | Class A | no website found on Google,,Car Detailers
A & J's Mobile Auto Detailing,,+1-541-419-3256,,,Eugene,OR,P2 | Class A | no website found on Google,,Car Detailers
Alberto’s Auto Detailing,,+1-458-210-0110,,"390 Ivy St, Junction City, OR 97448, United States",Eugene,OR,P2 | Class A | no website found on Google,,Car Detailers
Angel mobile detailing LLC,,+1-541-653-3381,,,Eugene,OR,P2 | Class A | no website found on Google,,Car Detailers
Arroyo’s Detailing,,+1-541-654-2156,,"4611 Franklin Blvd, Eugene, OR 97403, United States",Eugene,OR,P2 | Class A | no website found on Google,,Car Detailers
CarSpa,,+1-541-632-3340,,,Eugene,OR,P2 | Class A | no website found on Google,,Car Detailers
ClearLightAuto Mobile Detailing,,+1-503-884-2892,,,Eugene,OR,P2 | Class A | no website found on Google,,Car Detailers
Gentlemenshine Detailing LLC,,+1-541-777-9099,,"1415 S Bertelsen Rd, Eugene, OR 97402, United States",Eugene,OR,P2 | Class A | no website found on Google,,Car Detailers
Glow Garage Oregon,,+1-541-452-3107,,,Eugene,OR,P2 | Class A | no website found on Google,,Car Detailers
J&k details,,+1-541-359-6879,,,Eugene,OR,P2 | Class A | no website found on Google,,Car Detailers
K & B Mobile Auto Detailing,,+1-541-337-4521,,,Eugene,OR,P2 | Class A | no website found on Google,,Car Detailers
MP Mobile Detailing,,+1-541-735-2550,,,Eugene,OR,P2 | Class A | no website found on Google,,Car Detailers
Prime & Shine Detailing,,+1-458-250-0278,,"2075 Lawrence St, Eugene, OR 97405, United States",Eugene,OR,P2 | Class A | no website found on Google,,Car Detailers
R&A Mobile Detailing,,+1-541-232-7472,,,Eugene,OR,P2 | Class A | no website found on Google,,Car Detailers
RJ Auto Mobile Detailing,,+1-541-519-2052,,,Eugene,OR,P2 | Class A | no website found on Google,,Car Detailers
Reyes luxury detailing,,+1-541-606-0464,,,Eugene,OR,P2 | Class A | no website found on Google,,Car Detailers
Santiago's detailing,,+1-541-912-1714,,,Eugene,OR,P2 | Class A | no website found on Google,,Car Detailers
Show Shine Auto Detailing,,+1-208-550-4181,,"907 Woodhill Dr, Eugene, OR 97405, United States",Eugene,OR,P2 | Class A | no website found on Google,,Car Detailers
Supreme Clean Mobile Detailing Co.,,+1-541-632-2470,,,Eugene,OR,P2 | Class A | no website found on Google,,Car Detailers
Westside Detailing,,+1-458-210-0699,,"3398 W 11th Ave, Eugene, OR 97402, United States",Eugene,OR,P2 | Class A | no website found on Google,,Car Detailers
Wheeler's Wash N' Wax,,+1-541-600-5769,,,Eugene,OR,P2 | Class A | no website found on Google,,Car Detailers
101 Express Auto Detail,,+1-541-902-0724,,"87738 US-101, Florence, OR 97439, United States",Florence,OR,P2 | Class A | no website found on Google,,Car Detailers
Coastal Glow Mobile Detailing,,+1-720-810-4659,,,Florence,OR,P2 | Class A | no website found on Google,,Car Detailers
Mike’s Auto Detail,,+1-541-991-0405,,"1168 9th St, Florence, OR 97439, United States",Florence,OR,P2 | Class A | no website found on Google,,Car Detailers
Down 2 Detailing,,+1-503-734-7988,,,Forest Grove,OR,P2 | Class A | no website found on Google,,Car Detailers
Happy Detail,,+1-503-459-9418,,,Forest Grove,OR,P2 | Class A | no website found on Google,,Car Detailers
MF Auto Detail,,+1-503-270-0306,,"403 SW Oak St Unit b, Hillsboro, OR 97123, United States",Forest Grove,OR,P2 | Class A | no website found on Google,,Car Detailers
Romero Mobile Detail LLC,,+1-971-331-3567,,"844 S 23rd Ave, Cornelius, OR 97113, United States",Forest Grove,OR,P2 | Class A | no website found on Google,,Car Detailers
Rose Gold Detailing,,+1-971-238-8157,,,Forest Grove,OR,P2 | Class A | no website found on Google,,Car Detailers
Blitz Precision Detailing,,+1-541-659-6056,,,Grants Pass,OR,P2 | Class A | no website found on Google,,Car Detailers
Bob's Buff & Shine,,+1-541-476-8166,,"625 NE 7th St, Grants Pass, OR 97526, United States",Grants Pass,OR,P2 | Class A | no website found on Google,,Car Detailers
COME TO YOU CAR WASH,,+1-541-761-5247,,"1708 Dowell Rd, Grants Pass, OR 97527, United States",Grants Pass,OR,P2 | Class A | no website found on Google,,Car Detailers
Flawless Detail Services,,+1-541-218-8565,,"405 NW Loughridge Ave, Grants Pass, OR 97526, United States",Grants Pass,OR,P2 | Class A | no website found on Google,,Car Detailers
Miguel Details,,+1-458-257-7771,,,Grants Pass,OR,P2 | Class A | no website found on Google,,Car Detailers
O.C.Detailing,,+1-541-930-1986,,,Grants Pass,OR,P2 | Class A | no website found on Google,,Car Detailers
PNW ultimate mobile detailing,,+1-541-670-4784,,,Grants Pass,OR,P2 | Class A | no website found on Google,,Car Detailers
ZipClean Mobile Detailing,,+1-541-660-2525,,,Grants Pass,OR,P2 | Class A | no website found on Google,,Car Detailers
ADV Auto Detailing,,+1-971-409-5020,,,Gresham,OR,P2 | Class A | no website found on Google,,Car Detailers
AJ MOTORS DETAILING SHOP INC,,+1-503-960-1043,,"23126 NE Sandy Blvd, Wood Village, OR 97060, United States",Gresham,OR,P2 | Class A | no website found on Google,,Car Detailers
AK Detailing,,+1-503-415-1149,,,Gresham,OR,P2 | Class A | no website found on Google,,Car Detailers
Atomic Auto Detail,,+1-971-420-4427,,,Gresham,OR,P2 | Class A | no website found on Google,,Car Detailers
A’s Auto Detail & Revitalize,,+1-503-421-3293,,"185 NE 187th Ave, Portland, OR 97230, United States",Gresham,OR,P2 | Class A | no website found on Google,,Car Detailers
BRO’z auto detailing(mobile),,+1-971-419-2059,,,Gresham,OR,P2 | Class A | no website found on Google,,Car Detailers
Baldwin Mobile Detailing,,+1-971-438-9353,,"17108 SE Division St #1239, Portland, OR 97236, United States",Gresham,OR,P2 | Class A | no website found on Google,,Car Detailers
Candy Paint Auto Detailing,,+1-541-921-3365,,"3200 SE 147th Ave, Portland, OR 97236, United States",Gresham,OR,P2 | Class A | no website found on Google,,Car Detailers
D & M Details LLC,,+1-503-358-6688,,"20145 NE Sandy Blvd, Fairview, OR 97024, United States",Gresham,OR,P2 | Class A | no website found on Google,,Car Detailers
D&S Mobile Auto Detailing,,+1-503-708-4703,,"325 SE 133rd Ave, Portland, OR 97233, United States",Gresham,OR,P2 | Class A | no website found on Google,,Car Detailers
DAZ Auto Detailing,,+1-971-335-2266,,"1796 SW Daybreak Way, Troutdale, OR 97060, United States",Gresham,OR,P2 | Class A | no website found on Google,,Car Detailers
DELUXE MOBILE CAR WASH & DETAILING,,+1-971-392-2831,,,Gresham,OR,P2 | Class A | no website found on Google,,Car Detailers
Dapper Boys Mobile Auto Detailing,,+1-971-396-6584,,,Gresham,OR,P2 | Class A | no website found on Google,,Car Detailers
Divine Auto Care LLC,,+1-503-444-0372,,,Gresham,OR,P2 | Class A | no website found on Google,,Car Detailers
First-Class Mobile Detailing,,+1-512-321-5880,,,Gresham,OR,P2 | Class A | no website found on Google,,Car Detailers
Franchuk Auto Detail LLC,,+1-503-442-1629,,"7110 SE 82nd Ave, Portland, OR 97266, United States",Gresham,OR,P2 | Class A | no website found on Google,,Car Detailers
Gresham Auto Detail,,+1-503-888-6259,,"18130 SE Division St Ste e, Portland, OR 97236, United States",Gresham,OR,P2 | Class A | no website found on Google,,Car Detailers
Harvey’s Superior Auto Detail,,+1-503-753-7840,,,Gresham,OR,P2 | Class A | no website found on Google,,Car Detailers
Hoerth Auto Detailing,,+1-503-676-4462,,"29815 SE Kelso Rd, Boring, OR 97009, United States",Gresham,OR,P2 | Class A | no website found on Google,,Car Detailers
Hubbard's Mobile Auto Detail,,+1-424-343-6123,,"17007 SE Stark St Unit M8, Portland, OR 97233, United States",Gresham,OR,P2 | Class A | no website found on Google,,Car Detailers
K2 Car Detailing,,+1-971-431-9229,,,Gresham,OR,P2 | Class A | no website found on Google,,Car Detailers
Legacy Mobile Car Detailing Fairview,,+1-503-563-8467,,"35 Bridge St, Fairview, OR 97024, United States",Gresham,OR,P2 | Class A | no website found on Google,,Car Detailers
Legacy Mobile Car Detailing Gresham,,+1-503-683-7910,,,Gresham,OR,P2 | Class A | no website found on Google,,Car Detailers
MA detailing,,+1-503-998-5843,,,Gresham,OR,P2 | Class A | no website found on Google,,Car Detailers
Maky Mobile Detailing,,+1-971-293-5635,,,Gresham,OR,P2 | Class A | no website found on Google,,Car Detailers
Maxshine Mobile Detailing,,+1-503-501-1907,,,Gresham,OR,P2 | Class A | no website found on Google,,Car Detailers
NorthWest Auto Detail,,+1-503-567-6927,,"912 NW Dunbar Ave, Troutdale, OR 97060, United States",Gresham,OR,P2 | Class A | no website found on Google,,Car Detailers
PDX Car Detailing,,+1-971-285-0686,,"416 SW 19th Pl, Troutdale, OR 97060, United States",Gresham,OR,P2 | Class A | no website found on Google,,Car Detailers
Polix Mobile Detailing,,+1-503-863-9399,,,Gresham,OR,P2 | Class A | no website found on Google,,Car Detailers
Precise Mobile Detail,,+1-503-515-2621,,,Gresham,OR,P2 | Class A | no website found on Google,,Car Detailers
Premium Details,,+1-971-363-8238,,"3125 SE 90th Pl, Portland, OR 97266, United States",Gresham,OR,P2 | Class A | no website found on Google,,Car Detailers
R & J Mobile Detailing,,+1-503-855-9062,,,Gresham,OR,P2 | Class A | no website found on Google,,Car Detailers
R & J Mobile Detailing,,+1-503-676-4591,,,Gresham,OR,P2 | Class A | no website found on Google,,Car Detailers
RAD,,+1-971-998-6438,,,Gresham,OR,P2 | Class A | no website found on Google,,Car Detailers
Revive Auto Care,,+1-360-949-8321,,,Gresham,OR,P2 | Class A | no website found on Google,,Car Detailers
Rose City Auto Spa,,+1-971-865-4684,,,Gresham,OR,P2 | Class A | no website found on Google,,Car Detailers
SAM AUTO DETAIL LLC,,+1-503-839-8498,,"17726 SE Foster Rd, Damascus, OR 97089, United States",Gresham,OR,P2 | Class A | no website found on Google,,Car Detailers
SILVER ARROW AUTO DETAILING INC,,+1-503-477-3984,,"37 SE Hogan Rd, Gresham, OR 97080, United States",Gresham,OR,P2 | Class A | no website found on Google,,Car Detailers
Speedi Scafidi Auto Detailing,,+1-503-780-4998,,"12740 NE Stanton St, Portland, OR 97230, United States",Gresham,OR,P2 | Class A | no website found on Google,,Car Detailers
Sucked Clean Mobile Detailing,,+1-503-512-9493,,,Gresham,OR,P2 | Class A | no website found on Google,,Car Detailers
"The Bearded Detailer PDX, LLC",,+1-971-825-6301,,"1322 NE 118th Ave, Portland, OR 97220, United States",Gresham,OR,P2 | Class A | no website found on Google,,Car Detailers
Theodore's Mobile Detailing LLC,,+1-503-907-4583,,"22737 NE Halsey St #125, Fairview, OR 97024, United States",Gresham,OR,P2 | Class A | no website found on Google,,Car Detailers
Tylor’s Detailing,,+1-503-209-6522,,,Gresham,OR,P2 | Class A | no website found on Google,,Car Detailers
Val's Mobile Auto Detail LLC,,+1-503-839-0401,,,Gresham,OR,P2 | Class A | no website found on Google,,Car Detailers
Wilmer Car Detailing,,+1-503-498-7927,,,Gresham,OR,P2 | Class A | no website found on Google,,Car Detailers
Zero’s Reflection Car Detailing,,+1-971-290-7056,,"4686 W Powell Blvd, Gresham, OR 97030, United States",Gresham,OR,P2 | Class A | no website found on Google,,Car Detailers
habibi detailing,,+1-503-538-8869,,,Gresham,OR,P2 | Class A | no website found on Google,,Car Detailers
123 Auto Detailing,,+1-630-453-8768,,,Happy Valley,OR,P2 | Class A | no website found on Google,,Car Detailers
A&M Auto Detailing,,+1-503-422-1585,,"11233 SE Foster Rd, Portland, OR 97266, United States",Happy Valley,OR,P2 | Class A | no website found on Google,,Car Detailers
Al 100 Cien Auto Detail,,+1-971-533-2648,,,Happy Valley,OR,P2 | Class A | no website found on Google,,Car Detailers
Apex Auto Detail,,+1-503-679-6564,,,Happy Valley,OR,P2 | Class A | no website found on Google,,Car Detailers
Chuck's mobile detailing,,+1-503-496-8150,,,Happy Valley,OR,P2 | Class A | no website found on Google,,Car Detailers
DGM Premium detailing,,+1-971-349-3416,,,Happy Valley,OR,P2 | Class A | no website found on Google,,Car Detailers
Detail Labz,,+1-971-379-6242,,,Happy Valley,OR,P2 | Class A | no website found on Google,,Car Detailers
FIRST CLASS MOBILE DETAILING,,+1-971-978-9494,,,Happy Valley,OR,P2 | Class A | no website found on Google,,Car Detailers
HD Mobile Detailing,,+1-971-777-5577,,,Happy Valley,OR,P2 | Class A | no website found on Google,,Car Detailers
In The Details,,+1-503-875-6853,,,Happy Valley,OR,P2 | Class A | no website found on Google,,Car Detailers
Luke's Mobile Auto Detailing,,+1-503-953-6158,,,Happy Valley,OR,P2 | Class A | no website found on Google,,Car Detailers
Meraki Auto Detailing,,+1-503-893-2336,,,Happy Valley,OR,P2 | Class A | no website found on Google,,Car Detailers
Morgan.Mobile.detailing,,+1-503-875-0680,,,Happy Valley,OR,P2 | Class A | no website found on Google,,Car Detailers
Motive To Detail,,+1-971-340-3298,,,Happy Valley,OR,P2 | Class A | no website found on Google,,Car Detailers
Northwest Detailing,,+1-971-710-6295,,,Happy Valley,OR,P2 | Class A | no website found on Google,,Car Detailers
Prism Mobile Detailing,,+1-503-312-1225,,,Happy Valley,OR,P2 | Class A | no website found on Google,,Car Detailers
Red Dot Detailing LLC | Ceramic Coating & Paint Correction,,+1-971-236-2941,,"13315 SE Piper Dr, Happy Valley, OR 97086, United States",Happy Valley,OR,P2 | Class A | no website found on Google,,Car Detailers
Rose City Detailing,,+1-971-523-8276,,"16319 SE Hearthwood Dr, Clackamas, OR 97015, United States",Happy Valley,OR,P2 | Class A | no website found on Google,,Car Detailers
Simpl Detail,,+1-971-570-8490,,,Happy Valley,OR,P2 | Class A | no website found on Google,,Car Detailers
Spit Shine Mobile Detailing,,+1-971-389-0598,,,Happy Valley,OR,P2 | Class A | no website found on Google,,Car Detailers
Splash Mobile Detailing,,+1-971-227-1756,,,Happy Valley,OR,P2 | Class A | no website found on Google,,Car Detailers
The Crivs Detailing,,+1-503-933-0778,,,Happy Valley,OR,P2 | Class A | no website found on Google,,Car Detailers
Vals Detailing LLC,,+1-503-984-5763,,,Happy Valley,OR,P2 | Class A | no website found on Google,,Car Detailers
kings auto detailing inc,,+1-503-847-0878,,,Happy Valley,OR,P2 | Class A | no website found on Google,,Car Detailers
Diamond shine detail LlC,,+1-541-571-9841,,,Hermiston,OR,P2 | Class A | no website found on Google,,Car Detailers
Expert Auto Detailing LLC,,+1-541-240-4117,,"1843 NW Geer Rd, Hermiston, OR 97838, United States",Hermiston,OR,P2 | Class A | no website found on Google,,Car Detailers
JMDetails,,+1-541-720-0532,,"1215 SW 11th St, Hermiston, OR 97838, United States",Hermiston,OR,P2 | Class A | no website found on Google,,Car Detailers
On The Go Mobile Wash and Detail,,+1-541-720-4640,,"1366 SW Riverhill Dr, Hermiston, OR 97838, United States",Hermiston,OR,P2 | Class A | no website found on Google,,Car Detailers
ReVVive Auto Detail,,+1-541-561-5371,,,Hermiston,OR,P2 | Class A | no website found on Google,,Car Detailers
503 Mobile Detailing,,+1-971-226-2562,,,Hillsboro,OR,P2 | Class A | no website found on Google,,Car Detailers
Araujo Mobile Detailing,,+1-971-228-9211,,"1730 NE Darby St, Hillsboro, OR 97124, United States",Hillsboro,OR,P2 | Class A | no website found on Google,,Car Detailers
Cruz auto care,,+1-971-294-3217,,,Hillsboro,OR,P2 | Class A | no website found on Google,,Car Detailers
DB Mobile Shine,,+1-971-386-9359,,,Hillsboro,OR,P2 | Class A | no website found on Google,,Car Detailers
DetailXpert & Auto Enhancements,,+1-971-344-9016,,"813 SE 37th Ave, Hillsboro, OR 97123, United States",Hillsboro,OR,P2 | Class A | no website found on Google,,Car Detailers
Elevate detailing,,+1-503-660-2936,,"3445 NW 3rd Ave, Hillsboro, OR 97124, United States",Hillsboro,OR,P2 | Class A | no website found on Google,,Car Detailers
FreshCoast Auto Detailing,,+1-971-217-1179,,,Hillsboro,OR,P2 | Class A | no website found on Google,,Car Detailers
Hmmobilecardetailing,,+1-503-953-6672,,"2200 SE 45th Ave, Hillsboro, OR 97123, United States",Hillsboro,OR,P2 | Class A | no website found on Google,,Car Detailers
Jk Mobile Detailing,,+1-971-400-1644,,,Hillsboro,OR,P2 | Class A | no website found on Google,,Car Detailers
KD detailing,,+1-541-900-3010,,,Hillsboro,OR,P2 | Class A | no website found on Google,,Car Detailers
Meza mobile detailing,,+1-503-791-6624,,,Hillsboro,OR,P2 | Class A | no website found on Google,,Car Detailers
Mobile Detailing Pros Portland,,+1-800-557-5134,,,Hillsboro,OR,P2 | Class A | no website found on Google,,Car Detailers
Muhina MOBILE DETAILING,,+1-971-280-6211,,,Hillsboro,OR,P2 | Class A | no website found on Google,,Car Detailers
Osos.Caring.Details,,+1-971-514-4544,,"1725 SE River Rd, Hillsboro, OR 97123, United States",Hillsboro,OR,P2 | Class A | no website found on Google,,Car Detailers
PDX Mobile Auto Detailing,,+1-971-205-2243,,,Hillsboro,OR,P2 | Class A | no website found on Google,,Car Detailers
Platinum Bro's Detailing,,+1-971-495-6856,,,Hillsboro,OR,P2 | Class A | no website found on Google,,Car Detailers
Roblero's Mobile Detailing,,+1-971-361-1367,,,Hillsboro,OR,P2 | Class A | no website found on Google,,Car Detailers
TrueFinish Detailing,,+1-971-496-1245,,,Hillsboro,OR,P2 | Class A | no website found on Google,,Car Detailers
A-1 Auto Detailing,,+1-541-386-4199,,"3400 Guignard Dr, Hood River, OR 97031, United States",Hood River,OR,P2 | Class A | no website found on Google,,Car Detailers
Auto Detailing Romero,,+1-541-806-3916,,"3680 Belmont Dr, Hood River, OR 97031, United States",Hood River,OR,P2 | Class A | no website found on Google,,Car Detailers
A&B Auto Shine LLC,,+1-503-779-3608,,,Keizer,OR,P2 | Class A | no website found on Google,,Car Detailers
Andrade Auto Detailing,,+1-503-383-9017,,,Keizer,OR,P2 | Class A | no website found on Google,,Car Detailers
Auto & Truck Detailing Plus,,+1-971-208-4835,,"8795 Portland Rd NE, Salem, OR 97305, United States",Keizer,OR,P2 | Class A | no website found on Google,,Car Detailers
Ayala’s Mobile Auto Detailing,,+1-971-209-6052,,,Keizer,OR,P2 | Class A | no website found on Google,,Car Detailers
Black Diamond Auto Salon LLC,,+1-971-312-7814,,"1225 Madison St NE #1, Salem, OR 97301, United States",Keizer,OR,P2 | Class A | no website found on Google,,Car Detailers
Capitol city auto spa LLC,,+1-503-851-7741,,"8795 Portland Rd NE, Salem, OR 97305, United States",Keizer,OR,P2 | Class A | no website found on Google,,Car Detailers
Diamond Detailing.co,,+1-971-341-5223,,,Keizer,OR,P2 | Class A | no website found on Google,,Car Detailers
DriveTime Detailing,,+1-503-378-7976,,"2590 Cherry Ave NE, Salem, OR 97301, United States",Keizer,OR,P2 | Class A | no website found on Google,,Car Detailers
G&G Supply Co. / G&G Auto Care Supply Inc.,,+1-503-362-1326,,"1270 Commercial St NE, Salem, OR 97301, United States",Keizer,OR,P2 | Class A | no website found on Google,,Car Detailers
Galaxy Cleaning Legends LLC,,+1-907-350-3704,,"4045 Cherry Ave NE, Keizer, OR 97303, United States",Keizer,OR,P2 | Class A | no website found on Google,,Car Detailers
Garcia's Auto Detailing,,+1-503-572-1391,,,Keizer,OR,P2 | Class A | no website found on Google,,Car Detailers
Gary’s Auto Detailing,,+1-971-304-9697,,"1986 Wallace Rd NW, Salem, OR 97304, United States",Keizer,OR,P2 | Class A | no website found on Google,,Car Detailers
Hidalgo Details,,+1-971-218-0029,,,Keizer,OR,P2 | Class A | no website found on Google,,Car Detailers
KC AUTO DETAIL,,+1-541-310-6611,,"9030 Portland Rd NE, Salem, OR 97305, United States",Keizer,OR,P2 | Class A | no website found on Google,,Car Detailers
Keizer One Car Detail,,+1-503-779-7488,,"510 Churchdale Ave N, Keizer, OR 97303, United States",Keizer,OR,P2 | Class A | no website found on Google,,Car Detailers
LR Details,,+1-503-489-3502,,,Keizer,OR,P2 | Class A | no website found on Google,,Car Detailers
MKM Auto Vehicle Detailing,,+1-503-798-7373,,,Keizer,OR,P2 | Class A | no website found on Google,,Car Detailers
Mad Science Detail | Mobile Automotive Detailing,,+1-971-382-4916,,"743 Weeks Dr NE, Keizer, OR 97303, United States",Keizer,OR,P2 | Class A | no website found on Google,,Car Detailers
Northwest Shine Mobile,,+1-541-740-6764,,,Keizer,OR,P2 | Class A | no website found on Google,,Car Detailers
Primos Detail Inc,,+1-971-720-8637,,"1820 Lancaster Dr NE, Salem, OR 97301, United States",Keizer,OR,P2 | Class A | no website found on Google,,Car Detailers
Pro-Shine Mobile Auto Detail,,+1-503-269-4499,,"5170 Apple Ct NE, Salem, OR 97301, United States",Keizer,OR,P2 | Class A | no website found on Google,,Car Detailers
RH Auto Detailing,,+1-503-990-2904,,,Keizer,OR,P2 | Class A | no website found on Google,,Car Detailers
Rinse in Peace Detailing,,+1-971-212-8000,,"4053 Holly Ct NE unit G, Keizer, OR 97303, United States",Keizer,OR,P2 | Class A | no website found on Google,,Car Detailers
Royal Auto Care,,+1-971-304-8462,,,Keizer,OR,P2 | Class A | no website found on Google,,Car Detailers
StreetShineMobileDetailing,,+1-503-930-2742,,,Keizer,OR,P2 | Class A | no website found on Google,,Car Detailers
VRC Choppers,,+1-503-362-3050,,"6122 Silverton Rd NE, Salem, OR 97305, United States",Keizer,OR,P2 | Class A | no website found on Google,,Car Detailers
Xpress Auto Detail,,+1-503-585-6681,,"1941 Lancaster Dr NE, Salem, OR 97305, United States",Keizer,OR,P2 | Class A | no website found on Google,,Car Detailers
Zenith Auto Detailing,,+1-503-523-7875,,"2612 Christina St NW, Salem, OR 97304, United States",Keizer,OR,P2 | Class A | no website found on Google,,Car Detailers
Andrei's Detailing Company,,+1-541-363-2991,,,Klamath Falls,OR,P2 | Class A | no website found on Google,,Car Detailers
Big Will's Auto Detailing,,+1-541-331-4223,,"1320 Oak Ave, Klamath Falls, OR 97601, United States",Klamath Falls,OR,P2 | Class A | no website found on Google,,Car Detailers
Definitive Detailing,,+1-951-409-8669,,"183 Old Fort Rd, Klamath Falls, OR 97601, United States",Klamath Falls,OR,P2 | Class A | no website found on Google,,Car Detailers
Diamond Detail Klamath Falls,,+1-209-204-1312,,"2717 Edison Ave STE. 20, Klamath Falls, OR 97603, United States",Klamath Falls,OR,P2 | Class A | no website found on Google,,Car Detailers
Elevate Auto detailing,,+1-541-591-6949,,,Klamath Falls,OR,P2 | Class A | no website found on Google,,Car Detailers
Elite auto spa,,+1-541-281-9175,,,Klamath Falls,OR,P2 | Class A | no website found on Google,,Car Detailers
Klamath custom detail,,+1-541-810-1544,,,Klamath Falls,OR,P2 | Class A | no website found on Google,,Car Detailers
Superior Auto Detailing,,+1-541-273-0275,,"2717 Edison Ave #15, Klamath Falls, OR 97603, United States",Klamath Falls,OR,P2 | Class A | no website found on Google,,Car Detailers
Time 2 Shine,,+1-541-887-2281,,"2717 Edison Ave STE. 20, Klamath Falls, OR 97603, United States",Klamath Falls,OR,P2 | Class A | no website found on Google,,Car Detailers
We Detail,,+1-916-820-1059,,"1313 Owens St, Klamath Falls, OR 97601, United States",Klamath Falls,OR,P2 | Class A | no website found on Google,,Car Detailers
A Plus Perfection Auto Detailing,,+1-458-233-5290,,"2010 Alder St, La Grande, OR 97850, United States",La Grande,OR,P2 | Class A | no website found on Google,,Car Detailers
ICDetails,,+1-541-786-6502,,"708 6th St, La Grande, OR 97850, United States",La Grande,OR,P2 | Class A | no website found on Google,,Car Detailers
Tony & Ian’s Diamond Detailing,,+1-541-786-4532,,"62861 Philynda Loop Unit 1, Island City, OR 97850, United States",La Grande,OR,P2 | Class A | no website found on Google,,Car Detailers
prime detailing,,+1-541-805-1235,,"my truck, La Grande, OR 97850, United States",La Grande,OR,P2 | Class A | no website found on Google,,Car Detailers
BOA Detailing,,+1-916-201-3262,,,Lake Oswego,OR,P2 | Class A | no website found on Google,,Car Detailers
BridgeTown Auto Detailing,,+1-503-432-3326,,,Lake Oswego,OR,P2 | Class A | no website found on Google,,Car Detailers
Carter’s Car Detailing,,+1-303-520-5774,,,Lake Oswego,OR,P2 | Class A | no website found on Google,,Car Detailers
J&A Mobile Detailing,,+1-541-990-3928,,,Lake Oswego,OR,P2 | Class A | no website found on Google,,Car Detailers
JK Rides,,+1-971-226-8455,,,Lake Oswego,OR,P2 | Class A | no website found on Google,,Car Detailers
John’s Autobody Detailing Services,,+1-503-462-4667,,,Lake Oswego,OR,P2 | Class A | no website found on Google,,Car Detailers
Lola Stone Co LLC,,+1-971-212-0015,,,Lake Oswego,OR,P2 | Class A | no website found on Google,,Car Detailers
Maximum Auto Aesthetics,,+1-503-791-9251,,"9117 SW Burnham St, Tigard, OR 97223, United States",Lake Oswego,OR,P2 | Class A | no website found on Google,,Car Detailers
Michael’s Mobile Car Detail,,+1-971-379-4275,,,Lake Oswego,OR,P2 | Class A | no website found on Google,,Car Detailers
Mr T's Mobile Detailing,,+1-773-372-5455,,,Lake Oswego,OR,P2 | Class A | no website found on Google,,Car Detailers
Northwest Auto Solutions,,+1-503-655-7569,,"3791 SE Naef Rd, Milwaukie, OR 97267, United States",Lake Oswego,OR,P2 | Class A | no website found on Google,,Car Detailers
PDX Auto Bros,,+1-503-482-4879,,,Lake Oswego,OR,P2 | Class A | no website found on Google,,Car Detailers
Purdy's Auto Detail & Service Center,,+1-503-652-2833,,"3136 SE Harrison St, Milwaukie, OR 97222, United States",Lake Oswego,OR,P2 | Class A | no website found on Google,,Car Detailers
ROS Mobile Detailing,,+1-503-862-7854,,,Lake Oswego,OR,P2 | Class A | no website found on Google,,Car Detailers
Rinse&Roll mobile detailing,,+1-971-409-3445,,,Lake Oswego,OR,P2 | Class A | no website found on Google,,Car Detailers
Skyline Mobile Auto Detailing,,+1-503-208-5691,,"4000 Carman Dr, Lake Oswego, OR 97035, United States",Lake Oswego,OR,P2 | Class A | no website found on Google,,Car Detailers
Top shine mobile detailing,,+1-503-310-2667,,,Lake Oswego,OR,P2 | Class A | no website found on Google,,Car Detailers
Tyler’s Details,,+1-503-707-4620,,,Lake Oswego,OR,P2 | Class A | no website found on Google,,Car Detailers
klowdwun Mobile auto detail,,+1-971-322-4580,,,Lake Oswego,OR,P2 | Class A | no website found on Google,,Car Detailers
Automotive Studio,,+1-541-639-2134,,,Lebanon,OR,P2 | Class A | no website found on Google,,Car Detailers
Burns Auto Care LLC.,,+1-541-971-5286,,"36585 Airport Dr, Lebanon, OR 97355, United States",Lebanon,OR,P2 | Class A | no website found on Google,,Car Detailers
Driven Details,,+1-541-401-3076,,,Lebanon,OR,P2 | Class A | no website found on Google,,Car Detailers
MM Detailing,,+1-541-668-7820,,,Lebanon,OR,P2 | Class A | no website found on Google,,Car Detailers
Moonlight Auto SPA,,+1-360-720-0012,,,Lebanon,OR,P2 | Class A | no website found on Google,,Car Detailers
Turbo Detailing,,+1-458-221-3631,,,Lebanon,OR,P2 | Class A | no website found on Google,,Car Detailers
G59 Automotive Detailing,,+1-541-270-4457,,,Lincoln City,OR,P2 | Class A | no website found on Google,,Car Detailers
Detail Kings,,+1-541-475-4280,,"85 SW 3rd St, Madras, OR 97741, United States",Madras,OR,P2 | Class A | no website found on Google,,Car Detailers
Josh’s car detailing,,+1-971-403-5347,,,Madras,OR,P2 | Class A | no website found on Google,,Car Detailers
M Town Detailing,,+1-541-777-7468,,,Madras,OR,P2 | Class A | no website found on Google,,Car Detailers
One hundred automotive detailing,,+1-541-788-6112,,"85 SW 3rd St, Madras, OR 97741, United States",Madras,OR,P2 | Class A | no website found on Google,,Car Detailers
PrestigeCrownDetailing,,+1-541-300-5183,,,Madras,OR,P2 | Class A | no website found on Google,,Car Detailers
Straight Paint & Detail,,+1-541-546-7011,,"6690 US-97, Culver, OR 97734, United States",Madras,OR,P2 | Class A | no website found on Google,,Car Detailers
Tri-CountyDetailing,,+1-541-460-8463,,,Madras,OR,P2 | Class A | no website found on Google,,Car Detailers
Auto Care Detailing,,+1-971-237-9649,,"2151 NE Cumulus Ave, McMinnville, OR 97128, United States",McMinnville,OR,P2 | Class A | no website found on Google,,Car Detailers
Blue Collar mobile detailing,,+1-503-498-0723,,,McMinnville,OR,P2 | Class A | no website found on Google,,Car Detailers
Canavans Interior Auto Care,,+1-971-267-9500,,,McMinnville,OR,P2 | Class A | no website found on Google,,Car Detailers
Chucks Mobile Detailing,,+1-831-706-5213,,,McMinnville,OR,P2 | Class A | no website found on Google,,Car Detailers
Down To Details,,+1-503-347-6844,,"1603 NE Riverside Dr, McMinnville, OR 97128, United States",McMinnville,OR,P2 | Class A | no website found on Google,,Car Detailers
Jscaping,,+1-530-405-6926,,,McMinnville,OR,P2 | Class A | no website found on Google,,Car Detailers
Maben Detailing,,+1-971-287-4425,,,McMinnville,OR,P2 | Class A | no website found on Google,,Car Detailers
PROFESSIONAL CAR DETAILING DUDE'S LLC.,,+1-503-560-8209,,,McMinnville,OR,P2 | Class A | no website found on Google,,Car Detailers
R&J detailing,,+1-971-545-9234,,,McMinnville,OR,P2 | Class A | no website found on Google,,Car Detailers
Right On Mobile Detailing,,+1-503-864-7747,,,McMinnville,OR,P2 | Class A | no website found on Google,,Car Detailers
Rodri detailz,,+1-971-446-3785,,"900 SW Booth Bend Rd, McMinnville, OR 97128, United States",McMinnville,OR,P2 | Class A | no website found on Google,,Car Detailers
Vincent's Mobile Detailing,,+1-971-517-6566,,,McMinnville,OR,P2 | Class A | no website found on Google,,Car Detailers
Yamhill County Detailing,,+1-971-901-1402,,,McMinnville,OR,P2 | Class A | no website found on Google,,Car Detailers
Zays Details,,+1-971-601-6961,,,McMinnville,OR,P2 | Class A | no website found on Google,,Car Detailers
A Touch of Class Auto Detailing,,+1-541-890-7131,,"3311 Biddle Rd, Medford, OR 97504, United States",Medford,OR,P2 | Class A | no website found on Google,,Car Detailers
Archangel Mobile Detailing,,+1-541-261-5580,,,Medford,OR,P2 | Class A | no website found on Google,,Car Detailers
Benson Detailing,,+1-541-944-8178,,,Medford,OR,P2 | Class A | no website found on Google,,Car Detailers
Culture Detailing,,+1-530-708-0069,,,Medford,OR,P2 | Class A | no website found on Google,,Car Detailers
Devanmobiledetailing,,+1-309-373-8707,,"3939 Arrowhead Dr D, Medford, OR 97504, United States",Medford,OR,P2 | Class A | no website found on Google,,Car Detailers
"First Class Mobile Detailing, LLC",,+1-541-630-2400,,,Medford,OR,P2 | Class A | no website found on Google,,Car Detailers
Kar Glo Mobile Detailing LLC,,+1-206-909-5400,,,Medford,OR,P2 | Class A | no website found on Google,,Car Detailers
Premier Detail Service Cars Trucks Boats & RV's,,+1-505-522-9035,,"1600 N Riverside Ave, Medford, OR 97501, United States",Medford,OR,P2 | Class A | no website found on Google,,Car Detailers
Premier Detail Service Cars Trucks Boats & RV's,,+1-541-973-1898,,"1791 Dove Ln, Medford, OR 97501, United States",Medford,OR,P2 | Class A | no website found on Google,,Car Detailers
A&R Auto Detail,,+1-503-449-1651,,"4455 SE 25th Ave, Portland, OR 97202, United States",Milwaukie,OR,P2 | Class A | no website found on Google,,Car Detailers
Bolivar Auto Spa,,+1-971-330-8824,,,Milwaukie,OR,P2 | Class A | no website found on Google,,Car Detailers
Coca Detailing,,+1-503-406-5847,,,Milwaukie,OR,P2 | Class A | no website found on Google,,Car Detailers
IW Detailing,,+1-971-201-1183,,,Milwaukie,OR,P2 | Class A | no website found on Google,,Car Detailers
Liberty Auto Spa LLC,,+1-971-990-7867,,,Milwaukie,OR,P2 | Class A | no website found on Google,,Car Detailers
A la Car Auto Detail,,+1-503-625-2011,,"13985 SW Tualatin-Sherwood Rd #100, Sherwood, OR 97140, United States",Newberg,OR,P2 | Class A | no website found on Google,,Car Detailers
Fast Guys Detailing,,+1-360-360-9505,,,Newberg,OR,P2 | Class A | no website found on Google,,Car Detailers
K’s Auto Detail,,+1-971-266-4208,,,Newberg,OR,P2 | Class A | no website found on Google,,Car Detailers
NWShineMobileDetailing,,+1-503-869-9016,,,Newberg,OR,P2 | Class A | no website found on Google,,Car Detailers
Torque & Polish Auto Spa LLC,,+1-971-264-8920,,,Newberg,OR,P2 | Class A | no website found on Google,,Car Detailers
Apex Shine,,+1-408-656-2882,,,Newport,OR,P2 | Class A | no website found on Google,,Car Detailers
Clean Slate mobile detailing llc,,+1-541-961-9123,,,Newport,OR,P2 | Class A | no website found on Google,,Car Detailers
Premium Auto Detailing,,+1-541-961-9955,,"4909 S Coast Hwy unit #340, South Beach, OR 97366, United States",Newport,OR,P2 | Class A | no website found on Google,,Car Detailers
Wax On Wax Off Detail,,+1-541-270-6457,,"202 E Olive St, Newport, OR 97365, United States",Newport,OR,P2 | Class A | no website found on Google,,Car Detailers
CB Detail Shop,,+1-541-709-0418,,,Ontario,OR,P2 | Class A | no website found on Google,,Car Detailers
Diamond Edge Auto LLC,,+1-208-740-8774,,"29 N Main St, Payette, ID 83661, United States",Ontario,OR,P2 | Class A | no website found on Google,,Car Detailers
Gus Detail,,+1-541-889-6547,,"273 SE 2nd Ave, Ontario, OR 97914, United States",Ontario,OR,P2 | Class A | no website found on Google,,Car Detailers
BH Auto Detailing,,+1-971-335-9238,,,Oregon City,OR,P2 | Class A | no website found on Google,,Car Detailers
Clackamas Mobile Detail,,+1-503-387-9729,,,Oregon City,OR,P2 | Class A | no website found on Google,,Car Detailers
Dynamic Auto Detailing,,+1-503-793-4533,,,Oregon City,OR,P2 | Class A | no website found on Google,,Car Detailers
Insight Detailing,,+1-503-354-9939,,,Oregon City,OR,P2 | Class A | no website found on Google,,Car Detailers
Mobile Detailing Northwest,,+1-971-404-4232,,,Oregon City,OR,P2 | Class A | no website found on Google,,Car Detailers
Oregon City Auto Spa,,+1-503-732-4082,,"13863 Lazy Creek Ln, Oregon City, OR 97045, United States",Oregon City,OR,P2 | Class A | no website found on Google,,Car Detailers
Team Auto,,+1-971-238-4673,,,Oregon City,OR,P2 | Class A | no website found on Google,,Car Detailers
West Linn Automotive Detail,,+1-650-781-2087,,,Oregon City,OR,P2 | Class A | no website found on Google,,Car Detailers
Westerback Detailing Company,,+1-971-804-1600,,,Oregon City,OR,P2 | Class A | no website found on Google,,Car Detailers
ZS.AutoDetailing,,+1-971-997-9083,,"855 E Berkeley St, Gladstone, OR 97027, United States",Oregon City,OR,P2 | Class A | no website found on Google,,Car Detailers
LosOrtegasDetailing,,+1-541-377-1880,,,Pendleton,OR,P2 | Class A | no website found on Google,,Car Detailers
Midnight apex performance,,+1-541-620-8914,,,Pendleton,OR,P2 | Class A | no website found on Google,,Car Detailers
Mudgett's Auto Detail,,+1-541-377-1977,,"903 SE Court Ave, Pendleton, OR 97801, United States",Pendleton,OR,P2 | Class A | no website found on Google,,Car Detailers
503 Detailing #1 Portland detailing,,+1-503-496-8288,,"Portland, OR 97217, United States",Portland,OR,P2 | Class A | no website found on Google,,Car Detailers
AK AUTO DETAIL LLC,,+1-971-344-8555,,"6021 NE Portland Hwy, Portland, OR 97218, United States",Portland,OR,P2 | Class A | no website found on Google,,Car Detailers
Auto Spa,,+1-503-255-9111,,"8148 NE Glisan St, Portland, OR 97213, United States",Portland,OR,P2 | Class A | no website found on Google,,Car Detailers
Diamond Shine Auto Detail,,+1-503-442-3251,,,Portland,OR,P2 | Class A | no website found on Google,,Car Detailers
Eagle Auto Detail,,+1-503-935-3177,,"10405 NE Sandy Blvd, Portland, OR 97220, United States",Portland,OR,P2 | Class A | no website found on Google,,Car Detailers
Eco-Mobile Auto Detailers PDX,,+1-971-238-2439,,,Portland,OR,P2 | Class A | no website found on Google,,Car Detailers
Immaculate Essence,,+1-503-913-1379,,"9629 NE Colfax St, Portland, OR 97220, United States",Portland,OR,P2 | Class A | no website found on Google,,Car Detailers
LUX AUTO,,+1-503-568-9376,,"5702 SE Center St, Portland, OR 97206, United States",Portland,OR,P2 | Class A | no website found on Google,,Car Detailers
Legacy Mobile Car Detailing Rose City Park,,+1-971-319-0784,,,Portland,OR,P2 | Class A | no website found on Google,,Car Detailers
Luxx Auto Detailing,,+1-916-256-5291,,"926 SE Morrison St, Portland, OR 97214, United States",Portland,OR,P2 | Class A | no website found on Google,,Car Detailers
McD's Magic Clean,,+1-503-729-0985,,,Portland,OR,P2 | Class A | no website found on Google,,Car Detailers
Mizzter Chucks Auto Detail,,+1-971-401-6822,,,Portland,OR,P2 | Class A | no website found on Google,,Car Detailers
OR AUTO SPA | Best Auto Detailing & Ceramic coating,,+1-971-386-3733,,"4217 NE 69th Ave, Portland, OR 97218, United States",Portland,OR,P2 | Class A | no website found on Google,,Car Detailers
Shine and Rinse Mobile Auto Detailing,,+1-503-836-9868,,,Portland,OR,P2 | Class A | no website found on Google,,Car Detailers
So Cal Auto Detail,,+1-503-954-9143,,"3141 SE 82nd Ave, Portland, OR 97266, United States",Portland,OR,P2 | Class A | no website found on Google,,Car Detailers
Sunstone Detailing,,+1-503-341-0446,,"612 SE Grant St, Portland, OR 97214, United States",Portland,OR,P2 | Class A | no website found on Google,,Car Detailers
The Detail of Portland,,+1-503-575-0864,,,Portland,OR,P2 | Class A | no website found on Google,,Car Detailers
Total Car Detailing,,+1-855-335-2719,,"610 NE Lombard St, Portland, OR 97211, United States",Portland,OR,P2 | Class A | no website found on Google,,Car Detailers
Your Car Detailing Service,,+1-503-558-4469,,"1234 SW 18th Ave, Portland, OR 97201, United States",Portland,OR,P2 | Class A | no website found on Google,,Car Detailers
All around detailing,,+1-541-325-3100,,,Prineville,OR,P2 | Class A | no website found on Google,,Car Detailers
Buff and Shine mobile detailing,,+1-541-419-3174,,,Prineville,OR,P2 | Class A | no website found on Google,,Car Detailers
Evolution Auto Detailing & Ceramic Coatings,,+1-541-621-1561,,,Prineville,OR,P2 | Class A | no website found on Google,,Car Detailers
J.J.'s Precision Detailing LLC.,,+1-541-420-4870,,"2235 S E Melrose Dr, Prineville, OR 97754, United States",Prineville,OR,P2 | Class A | no website found on Google,,Car Detailers
Legacy Driven Auto & Detailing LLC,,+1-541-815-4645,,,Prineville,OR,P2 | Class A | no website found on Google,,Car Detailers
Tropical Splash Mobile Detailing,,+1-541-675-8110,,,Prineville,OR,P2 | Class A | no website found on Google,,Car Detailers
Crystal Clean Auto Salon,,+1-541-604-1128,,"1926 SW Reindeer Ave, Redmond, OR 97756, United States",Redmond,OR,P2 | Class A | no website found on Google,,Car Detailers
Double D's Detailing & More,,+1-458-899-8791,,,Redmond,OR,P2 | Class A | no website found on Google,,Car Detailers
Fresh Starts Mobile Detailing,,+1-541-639-7320,,"3137 SW Pumice Ave, Redmond, OR 97756, United States",Redmond,OR,P2 | Class A | no website found on Google,,Car Detailers
Legacy Detailing,,+1-425-350-1502,,,Redmond,OR,P2 | Class A | no website found on Google,,Car Detailers
Limitless Auto Detail LLC,,+1-541-604-9200,,,Redmond,OR,P2 | Class A | no website found on Google,,Car Detailers
Permanently Closed,,+1-223-875-4286,,,Redmond,OR,P2 | Class A | no website found on Google,,Car Detailers
DM Detailing,,+1-541-530-0142,,,Roseburg,OR,P2 | Class A | no website found on Google,,Car Detailers
Detail Daddy,,+1-541-671-3373,,,Roseburg,OR,P2 | Class A | no website found on Google,,Car Detailers
GreenClean Mobile Auto Detailing,,+1-971-864-4204,,"125 Rouge St, Winston, OR 97496, United States",Roseburg,OR,P2 | Class A | no website found on Google,,Car Detailers
JDM Mobile Detailing,,+1-541-670-5407,,,Roseburg,OR,P2 | Class A | no website found on Google,,Car Detailers
JT's Quality Detailing,,+1-541-643-3585,,,Roseburg,OR,P2 | Class A | no website found on Google,,Car Detailers
Kemp’s auto detailing llc,,+1-541-430-0865,,,Roseburg,OR,P2 | Class A | no website found on Google,,Car Detailers
MC Mobile Detailing,,+1-541-580-0795,,,Roseburg,OR,P2 | Class A | no website found on Google,,Car Detailers
Mirror Image,,+1-503-801-4434,,,Roseburg,OR,P2 | Class A | no website found on Google,,Car Detailers
Mirror Image Auto Detailing LLC,,+1-541-936-5597,,,Roseburg,OR,P2 | Class A | no website found on Google,,Car Detailers
No Name Detail,,+1-541-802-9622,,,Roseburg,OR,P2 | Class A | no website found on Google,,Car Detailers
PC Auto Detailing and Performance LLC,,+1-541-637-0380,,"3986 Carnes Rd, Roseburg, OR 97471, United States",Roseburg,OR,P2 | Class A | no website found on Google,,Car Detailers
PIERCE AUTO DETAILING,,+1-541-580-4873,,"553 S Calapooia St C, Sutherlin, OR 97479, United States",Roseburg,OR,P2 | Class A | no website found on Google,,Car Detailers
S & J Auto Care LLC,,+1-541-644-2923,,,Roseburg,OR,P2 | Class A | no website found on Google,,Car Detailers
Umpqua Mobile Detail,,+1-360-724-9905,,,Roseburg,OR,P2 | Class A | no website found on Google,,Car Detailers
Urban Edge Auto Detailing,,+1-541-315-5916,,"553 S Calapooia St D, Sutherlin, OR 97479, United States",Roseburg,OR,P2 | Class A | no website found on Google,,Car Detailers
CHN auto detailing,,+1-971-443-0124,,"4435 Center St NE, Salem, OR 97301, United States",Salem,OR,P2 | Class A | no website found on Google,,Car Detailers
Car Perfection By Steve,,+1-503-581-0813,,,Salem,OR,P2 | Class A | no website found on Google,,Car Detailers
D'stopnotchmobiledetail,,+1-503-931-9039,,"1255 Broadway St NE, Salem, OR 97301, United States",Salem,OR,P2 | Class A | no website found on Google,,Car Detailers
Diamond H20 Interior & Exterior Detailing,,+1-971-453-2568,,,Salem,OR,P2 | Class A | no website found on Google,,Car Detailers
Dr. Shine Mobile Detailing,,+1-503-551-6568,,,Salem,OR,P2 | Class A | no website found on Google,,Car Detailers
E&E Auto Detailing,,+1-971-388-4543,,"442 Bivens St NE, Salem, OR 97301, United States",Salem,OR,P2 | Class A | no website found on Google,,Car Detailers
Express Shine Auto Detailing Salem,,+1-503-300-9631,,"4450 Commercial St SE, Salem, OR 97302, United States",Salem,OR,P2 | Class A | no website found on Google,,Car Detailers
J&S Mobile Detailing,,+1-503-877-2679,,,Salem,OR,P2 | Class A | no website found on Google,,Car Detailers
Pro-Tek Auto detail,,+1-503-454-8075,,"#1255, Salem, OR 97302, United States",Salem,OR,P2 | Class A | no website found on Google,,Car Detailers
R M Aufdemberg Company,,+1-503-362-5322,,,Salem,OR,P2 | Class A | no website found on Google,,Car Detailers
Roberto’s Auto Detail,,+1-503-983-2877,,"4008 Mahrt Ave SE, Salem, OR 97317, United States",Salem,OR,P2 | Class A | no website found on Google,,Car Detailers
Royal Reflections Auto Detailing,,+1-971-718-8159,,,Salem,OR,P2 | Class A | no website found on Google,,Car Detailers
Safe Auto Detail,,+1-503-851-9030,,"264 Lancaster Dr SE, Salem, OR 97317, United States",Salem,OR,P2 | Class A | no website found on Google,,Car Detailers
Smith Family Detail Company,,+1-503-462-9834,,,Salem,OR,P2 | Class A | no website found on Google,,Car Detailers
Flynn Auto Mobile Detailing,,+1-971-207-9663,,,Sandy,OR,P2 | Class A | no website found on Google,,Car Detailers
Anderson's Auto Detail,,+1-503-738-9058,,,Seaside,OR,P2 | Class A | no website found on Google,,Car Detailers
Cannon Beach Mobile Detailing,,+1-503-855-9327,,"368 Elk Creek Rd, Cannon Beach, OR 97110, United States",Seaside,OR,P2 | Class A | no website found on Google,,Car Detailers
J.A.'s Xpert shine mobile detailing,,+1-971-320-0069,,,Seaside,OR,P2 | Class A | no website found on Google,,Car Detailers
Pacific Shine Detailing,,+1-971-320-0866,,,Seaside,OR,P2 | Class A | no website found on Google,,Car Detailers
Archies detailing,,+1-541-213-6919,,,Sherwood,OR,P2 | Class A | no website found on Google,,Car Detailers
AutoBro Detailing,,+1-971-864-9323,,,Sherwood,OR,P2 | Class A | no website found on Google,,Car Detailers
Clean My Ride - PDX,,+1-971-332-3103,,,Sherwood,OR,P2 | Class A | no website found on Google,,Car Detailers
Dunigans Auto Detailing,,+1-503-586-8387,,,Sherwood,OR,P2 | Class A | no website found on Google,,Car Detailers
Pacific Auto Spa,,+1-971-757-9274,,"21900 SW Langer Farms Pkwy, Sherwood, OR 97140, United States",Sherwood,OR,P2 | Class A | no website found on Google,,Car Detailers
Ari Detail Solutions LLC,,+1-541-653-0184,,,Springfield,OR,P2 | Class A | no website found on Google,,Car Detailers
Cascade Shine Exterior Cleaning LLC,,+1-458-329-9716,,,Springfield,OR,P2 | Class A | no website found on Google,,Car Detailers
Deluxe Detailing,,+1-541-209-3985,,,Springfield,OR,P2 | Class A | no website found on Google,,Car Detailers
Detailing Deluxe LLC,,+1-541-736-6509,,,Springfield,OR,P2 | Class A | no website found on Google,,Car Detailers
DrosAutoDetailing,,+1-458-221-0221,,,Springfield,OR,P2 | Class A | no website found on Google,,Car Detailers
ELITE SHINE AUTO DETAIL,,+1-541-285-3673,,"963 Nancy Ave, Springfield, OR 97477, United States",Springfield,OR,P2 | Class A | no website found on Google,,Car Detailers
EUG AUTO | Best Car Detailing,,+1-541-952-9231,,,Springfield,OR,P2 | Class A | no website found on Google,,Car Detailers
Gielish Auto Detail,,+1-541-731-2335,,,Springfield,OR,P2 | Class A | no website found on Google,,Car Detailers
Headlight Heroes LLC,,+1-702-475-1180,,,Springfield,OR,P2 | Class A | no website found on Google,,Car Detailers
Jhovanny’s Auto Detailing,,+1-541-674-8369,,,Springfield,OR,P2 | Class A | no website found on Google,,Car Detailers
MIRROR IMAGE AUTOMOTIVE DETAILING,,+1-541-678-3352,,"2787 Olympic St, Springfield, OR 97477, United States",Springfield,OR,P2 | Class A | no website found on Google,,Car Detailers
Nonstop detailing,,+1-541-525-4383,,,Springfield,OR,P2 | Class A | no website found on Google,,Car Detailers
Peak Glory Detail,,+1-458-210-1321,,,Springfield,OR,P2 | Class A | no website found on Google,,Car Detailers
Russ Detailing & Head Light Restoration,,+1-458-910-7145,,"2150 Laura St Spc 220, Springfield, OR 97477, United States",Springfield,OR,P2 | Class A | no website found on Google,,Car Detailers
Soft Touch Detailing,,+1-541-337-1660,,,Springfield,OR,P2 | Class A | no website found on Google,,Car Detailers
Vio Lens Transport,,+1-727-333-1246,,,Springfield,OR,P2 | Class A | no website found on Google,,Car Detailers
God's Touch Mobile Detailing,,+1-503-994-2558,,,St. Helens,OR,P2 | Class A | no website found on Google,,Car Detailers
Jeff's Custom Detailing,,+1-503-320-6171,,"391 St Helens St, St Helens, OR 97051, United States",St. Helens,OR,P2 | Class A | no website found on Google,,Car Detailers
Neukes Auto Detailing,,+1-971-328-2533,,,St. Helens,OR,P2 | Class A | no website found on Google,,Car Detailers
Cherry City Detailing,,+1-541-993-4447,,,The Dalles,OR,P2 | Class A | no website found on Google,,Car Detailers
Columbia Gorge Auto Detailing LLC,,+1-541-705-7268,,,The Dalles,OR,P2 | Class A | no website found on Google,,Car Detailers
Deluxe Auto Detailing LLC,,+1-541-993-7035,,,The Dalles,OR,P2 | Class A | no website found on Google,,Car Detailers
Mid Columbia Auto Detailing,,+1-541-806-5991,,"Beside Rivertap downtown, 715 E 2nd St, The Dalles, OR 97058, United States",The Dalles,OR,P2 | Class A | no website found on Google,,Car Detailers
Aurora Automotive,,+1-971-217-8399,,,Tigard,OR,P2 | Class A | no website found on Google,,Car Detailers
L&B mobile detailing,,+1-503-505-8596,,,Tillamook,OR,P2 | Class A | no website found on Google,,Car Detailers
Kryptonite Auto Detail LLC,,+1-971-313-4172,,,Troutdale,OR,P2 | Class A | no website found on Google,,Car Detailers
Playerscitydetails,,+1-971-266-0249,,,Troutdale,OR,P2 | Class A | no website found on Google,,Car Detailers
White Glove Automotive Care,,+1-503-569-5651,,,Tualatin,OR,P2 | Class A | no website found on Google,,Car Detailers
A&M Mobile Detailing LLC,,+1-503-881-9864,,,Woodburn,OR,P2 | Class A | no website found on Google,,Car Detailers
AllExteriorsDetailing,,+1-971-338-6562,,,Woodburn,OR,P2 | Class A | no website found on Google,,Car Detailers
CSG auto detailing,,+1-503-868-1421,,,Woodburn,OR,P2 | Class A | no website found on Google,,Car Detailers
Curts Shop,,+1-503-982-8317,,"480 N Pacific Hwy, Woodburn, OR 97071, United States",Woodburn,OR,P2 | Class A | no website found on Google,,Car Detailers
Driptrackz Detail,,+1-503-383-1226,,,Woodburn,OR,P2 | Class A | no website found on Google,,Car Detailers
Final Form Auto Detail LLC,,+1-503-951-9091,,,Woodburn,OR,P2 | Class A | no website found on Google,,Car Detailers
JAS Mobile Auto Detailing,,+1-503-902-8361,,,Woodburn,OR,P2 | Class A | no website found on Google,,Car Detailers
JDetailing,,+1-503-868-9113,,,Woodburn,OR,P2 | Class A | no website found on Google,,Car Detailers
Luxe Detailing & Tint,,+1-541-218-5390,,"6531 S Whiskey Hill Rd, Hubbard, OR 97032, United States",Woodburn,OR,P2 | Class A | no website found on Google,,Car Detailers
ODJ Auto Details,,+1-971-772-9730,,"1053 Young St, Woodburn, OR 97071, United States",Woodburn,OR,P2 | Class A | no website found on Google,,Car Detailers
Oregon Motor Luxe,,+1-503-800-3679,,"2740 Duke St, Woodburn, OR 97071, United States",Woodburn,OR,P2 | Class A | no website found on Google,,Car Detailers
Oregon Motor Luxe,,+1-503-800-1826,,,Woodburn,OR,P2 | Class A | no website found on Google,,Car Detailers
PNW Auto Detailing,,+1-503-819-3129,,"Woodburn, OR 97071, United States",Woodburn,OR,P2 | Class A | no website found on Google,,Car Detailers
XTRA SHINE MOBILE DETAILING,,+1-530-340-5533,,,Yreka,OR,P2 | Class A | no website found on Google,,Car Detailers
Car Detailing All Day,,+1-510-978-7679,,,Alameda,CA,P3 | Class A | website broken or unreachable | http://cardetailingallday.com/,,Car Detailers
Carter Auto Express Detailing,,+1-510-434-4203,,"1466 Seminary Ave, Oakland, CA 94621, United States",Alameda,CA,P3 | Class A | website broken or unreachable | https://carterautoexpress.com/?utm_campaign=gmb,,Car Detailers
Deep Town Detailing,,+1-510-394-2303,,"901 International Blvd, Oakland, CA 94606, United States",Alameda,CA,P3 | Class A | website broken or unreachable | https://deeptowndetailing.shop/,,Car Detailers
SGCB Auto Detailing,,+1-415-919-8321,,"2099 Edison Ave, San Leandro, CA 94577, United States",Alameda,CA,P3 | Class A | website broken or unreachable | https://sgcbdirect.com/,,Car Detailers
Screwy Louie Auto Detailing,,+1-510-867-0095,,,Alameda,CA,P3 | Class A | website broken or unreachable | https://www.screwylouieautodetailing.com/?utm_source=google&utm_medium=wix_google_business_profile&utm_campaign=5500655082478300399,,Car Detailers
Wills Auto Care,,+1-510-470-0388,,,Alameda,CA,P3 | Class A | website broken or unreachable | http://wills-windows.com/,,Car Detailers
Car Detailing,,+1-805-538-2774,,"300 S Marengo Ave, Alhambra, CA 91803, United States",Alhambra,CA,P3 | Class A | website broken or unreachable | http://cardetailinglosangeles.com/alhambra-ca.php,,Car Detailers
Castillo Auto Detailing,,+1-323-801-6463,,,Alhambra,CA,P3 | Class A | website broken or unreachable | https://www.castilloautodetail.com/,,Car Detailers
Ever Clean Auto Detailing,,+1-626-344-3815,,,Alhambra,CA,P3 | Class A | website broken or unreachable | https://www.evercleanautollc.com/,,Car Detailers
Steve's Detailing,,+1-626-712-8060,,,Alhambra,CA,P3 | Class A | website broken or unreachable | https://stevesdetailing.info/,,Car Detailers
Avalos mobile detailing,,+1-714-791-4732,,"300 E Chapman Ave, Orange, CA 92866, United States",Anaheim,CA,P3 | Class A | website broken or unreachable | http://avalosdetailing.com/,,Car Detailers
BlackWow,,+1-714-350-9080,,"5548 E La Palma Ave, Anaheim, CA 92807, United States",Anaheim,CA,P3 | Class A | website broken or unreachable | https://www.blackwow.com/,,Car Detailers
Clean as Can Be Car Detailing,,+1-747-337-5541,,"18571 Minuet Ln, Anaheim, CA 92807, United States",Anaheim,CA,P3 | Class A | website broken or unreachable | https://cleanascanbecardetailing.shop/,,Car Detailers
MAC Detailing,,+1-714-900-3793,,"1726 E Arbutus Ave, Anaheim, CA 92805, United States",Anaheim,CA,P3 | Class A | website broken or unreachable | https://macdetailing675.jobbersites.com/,,Car Detailers
MB Auto Detailing,,+1-714-313-5734,,"4345 E Bainbridge Ave, Anaheim, CA 92807, United States",Anaheim,CA,P3 | Class A | website broken or unreachable | https://www.mb4utodetailing.com/,,Car Detailers
OCDetails Auto Detailing | Orange County Mobile Detailing Specialist,,+1-949-892-1220,,"2960 E Jackson Ave R096, Anaheim, CA 92806, United States",Anaheim,CA,P3 | Class A | website broken or unreachable | http://ocdetails.org/,,Car Detailers
Scrub Hub Detailers,,+1-714-795-4189,,"1077 N Hart St, Orange, CA 92867, United States",Anaheim,CA,P3 | Class A | website broken or unreachable | https://www.scrubhubdetailers.com/,,Car Detailers
The Smart Mobile Detailer,,+1-909-333-0393,,"210 W Katella Ave, Orange, CA 92867, United States",Anaheim,CA,P3 | Class A | website broken or unreachable | https://smartmobiledetailer.com/,,Car Detailers
Renew Detailing,,+1-209-680-6350,,,Angels Camp,CA,P3 | Class A | website broken or unreachable | http://renewdetailing209.com/,,Car Detailers
A to Z Mobile Detail,,+1-925-323-2698,,,Antioch,CA,P3 | Class A | website broken or unreachable | https://atozmobiledetail.com/,,Car Detailers
Mobile Foam Auto Detail,,+1-925-864-6725,,,Antioch,CA,P3 | Class A | website broken or unreachable | https://mobilefoamautodetail.com/,,Car Detailers
Prolevelshine,,+1-925-338-9719,,"2520 Verne Roberts Cir Suite 101, Antioch, CA 94509, United States",Antioch,CA,P3 | Class A | website broken or unreachable | https://proshine2021.com/,,Car Detailers
American Auto Detail,,+1-707-445-2947,,"2332 2nd St, Eureka, CA 95501, United States",Arcata,CA,P3 | Class A | website broken or unreachable | http://americanautodetail.shop/,,Car Detailers
Juniors Auto Detail,,+1-707-444-3696,,"1824 5th St, Eureka, CA 95501, United States",Arcata,CA,P3 | Class A | website broken or unreachable | http://www.juniorsautodetailhumboldt.com/,,Car Detailers
Redwood Auto Detail,,+1-707-498-6882,,,Arcata,CA,P3 | Class A | website broken or unreachable | https://redwoodautodetail.org/,,Car Detailers
Refined Vision Detailing,,+1-707-854-5012,,"26 W 6th St, Eureka, CA 95501, United States",Arcata,CA,P3 | Class A | website broken or unreachable | http://www.refinedvisiondetailing.com/,,Car Detailers
AES Auto Detailing,,+1-661-340-1445,,,Bakersfield,CA,P3 | Class A | website broken or unreachable | https://cardetailingservicebakersfieldca.com/,,Car Detailers
Elect Detailing Bakersfield,,+1-661-412-0099,,"5709 Fairfax Rd, Bakersfield, CA 93306, United States",Bakersfield,CA,P3 | Class A | website broken or unreachable | https://electdetailing.com/,,Car Detailers
Go Fast Auto Detailing,,+1-661-619-3625,,,Bakersfield,CA,P3 | Class A | website broken or unreachable | https://gofastdetailing.com/,,Car Detailers
Rivera’s Supreme Auto Detailing,,+1-661-546-0657,,,Bakersfield,CA,P3 | Class A | website broken or unreachable | https://riverassupremeautodetailing.com/,,Car Detailers
STEVE’S MOBILE DETAILING,,+1-661-747-2790,,"5501 Aldrin Ct, Bakersfield, CA 93313, United States",Bakersfield,CA,P3 | Class A | website broken or unreachable | http://stevemobiledetailing.com/,,Car Detailers
Shinnie Auto Detailing,,+1-661-546-1443,,,Bakersfield,CA,P3 | Class A | website broken or unreachable | https://www.shinnieautodetailing.com/,,Car Detailers
Surfs Up Mobile Car Detailing Bakersfield,,+1-559-616-4809,,"400 28th St, Bakersfield, CA 93301, United States",Bakersfield,CA,P3 | Class A | website broken or unreachable | https://surfsupmobilecardetailingbakersfield.site/,,Car Detailers
Exquisite Auto Detailing,,+1-626-622-7288,,,Baldwin Park,CA,P3 | Class A | website broken or unreachable | http://www.exquisiteautodetailing.net/,,Car Detailers
Z9 Detailing LLC,,+1-833-675-7683,,,Baldwin Park,CA,P3 | Class A | website broken or unreachable | http://z9detailing.com/,,Car Detailers
Cam's Car Detailing,,+1-562-348-9602,,,Bellflower,CA,P3 | Class A | website broken or unreachable | https://www.camscardetailing.com/,,Car Detailers
Coast II Coast Automotive Detailing,,+1-562-280-2492,,,Bellflower,CA,P3 | Class A | website broken or unreachable | https://coast-2-coast-automotive-detail.webnode.page/,,Car Detailers
Everett's Klean Car Detail,,+1-562-869-5888,,"11519 Bellflower Blvd, Downey, CA 90241, United States",Bellflower,CA,P3 | Class A | website broken or unreachable | http://wffam.com/,,Car Detailers
Lethal Car Care,,+1-213-319-6147,,,Bellflower,CA,P3 | Class A | website broken or unreachable | http://lethalcarcare.xyz/,,Car Detailers
"Luxe City Mobile Detailing, LLC",,+1-401-867-0341,,,Bellflower,CA,P3 | Class A | website broken or unreachable | http://www.luxecitydetailing.simplybook.me/,,Car Detailers
Moving Vessel-Auto Detailing,,+1-562-391-5751,,,Bellflower,CA,P3 | Class A | website broken or unreachable | https://www.movingvesselautodetailing.com/?fbclid=PAAab9kOghz1AIkkXyzRWFpPPFGIBjaQSInTjFrSoIapP6xvBossAsTtS1U5k,,Car Detailers
TopClassDetail,,+1-562-455-3108,,"16609 Diane Ave, Bellflower, CA 90706, United States",Bellflower,CA,P3 | Class A | website broken or unreachable | https://www.topclassdetail.com/,,Car Detailers
392 auto detailing,,+1-510-599-8593,,"133 Brighton St, Hercules, CA 94547, United States",Benicia,CA,P3 | Class A | website broken or unreachable | http://392autodetailing.com/,,Car Detailers
Grizzly Auto Detailing - SF Bay Area,,+1-707-722-9611,,,Benicia,CA,P3 | Class A | website broken or unreachable | http://www.grizzlyautodetailingsfbayarea.com/,,Car Detailers
Berkeley Shining Mobile Carwash,,+1-510-570-9056,,,Berkeley,CA,P3 | Class A | website broken or unreachable | https://www.shiningmobilecarwash.com/,,Car Detailers
Best Mobile Car Detailing and House Cleaning Services,,+1-510-414-7975,,,Berkeley,CA,P3 | Class A | parked/expired domain | https://www.bestmobilecarwash.info/?utm_source=google&utm_medium=wix_google_business_profile&utm_campaign=9764866743318393725,,Car Detailers
ETG Auto Ceramic Coating and Paint Correction Specialist,,+1-510-735-9883,,,Berkeley,CA,P3 | Class A | website broken or unreachable | https://etgautomotive.com/,,Car Detailers
Golden State Mobile Auto Detail,,+1-415-933-4127,,"1208A Mariner Dr, San Francisco, CA 94130, United States",Berkeley,CA,P3 | Class A | website broken or unreachable | https://www.goldenstateautodetail.com/,,Car Detailers
NorCal Mobile Detailing Specialists,,+1-510-394-5539,,,Berkeley,CA,P3 | Class A | website broken or unreachable | http://norcalmds.com/,,Car Detailers
JH Pro Detailing,,+1-925-206-7167,,,Brentwood,CA,P3 | Class A | website broken or unreachable | https://www.jhprodetailing.com/,,Car Detailers
6 star Luxury auto detail,,+1-714-395-9215,,,Buena Park,CA,P3 | Class A | website broken or unreachable | http://6starautodetailing.com/,,Car Detailers
EZZ Auto Detailing,,+1-562-393-3350,,,Buena Park,CA,P3 | Class A | website broken or unreachable | https://www.ezzautodetailing.com/,,Car Detailers
Jules Ceramic Details,,+1-562-533-3784,,"5870 Dale St, Buena Park, CA 90621, United States",Buena Park,CA,P3 | Class A | website broken or unreachable | https://julesceramicdetail.com/,,Car Detailers
Palomino Auto Details,,+1-714-349-4391,,,Buena Park,CA,P3 | Class A | website broken or unreachable | http://palominodetails.com/,,Car Detailers
Pro Touch Auto Detail,,+1-714-319-7154,,"7350 Syracuse Ave, Stanton, CA 90680, United States",Buena Park,CA,P3 | Class A | website broken or unreachable | https://protouchdetails.com/,,Car Detailers
Project Shine Auto Detailing,,+1-714-886-7971,,,Buena Park,CA,P3 | Class A | website broken or unreachable | https://links.vip/projectshine,,Car Detailers
Swanky Detailing,,+1-714-330-3702,,,Buena Park,CA,P3 | Class A | website broken or unreachable | http://swankydetail.com/,,Car Detailers
Auto Pro's Mobile Detail,,+1-747-243-0790,,,Burbank,CA,P3 | Class A | website broken or unreachable | https://www.autoprosmobiledetail.net/,,Car Detailers
C.M Autodetailing,,+1-818-689-8254,,,Burbank,CA,P3 | Class A | website broken or unreachable | https://cmautodetailings.com/,,Car Detailers
DP Shine Works,,+1-818-568-7039,,,Burbank,CA,P3 | Class A | website broken or unreachable | https://dpshineworks.net/,,Car Detailers
Flashy Car Detailing Finish,,+1-747-302-4382,,"11137 Tiara St, North Hollywood, CA 91601, United States",Burbank,CA,P3 | Class A | website broken or unreachable | https://flashycardetailingfinish.site/,,Car Detailers
Ls Mobile Car Wash & Detailing,,+1-747-466-2341,,"4804 Laurel Canyon Blvd, Valley Village, CA 91607, United States",Burbank,CA,P3 | Class A | website broken or unreachable | https://lsmobilewashca.com/,,Car Detailers
Nothing But Detailing,,+1-818-853-2288,,"5635 Fair Ave, North Hollywood, CA 91601, United States",Burbank,CA,P3 | Class A | website broken or unreachable | https://www.nothingbutdetailing.com/,,Car Detailers
Strictly Detailed | Mobile Detailing,,+1-818-274-7456,,"8760 Woodman Ave #4, Arleta, CA 91331, United States",Burbank,CA,P3 | Class A | website broken or unreachable | https://strictlydetailed.com/,,Car Detailers
Black Label Detailing,,+1-805-885-8695,,,Camarillo,CA,P3 | Class A | website broken or unreachable | http://blacklabelautodetail.com/,,Car Detailers
Cobos Mobile Detailing,,+1-805-765-7767,,"Burnside Ave, Ventura, CA 93004, United States",Camarillo,CA,P3 | Class A | website broken or unreachable | https://cobosmobiledetailing.com/,,Car Detailers
Al's Final Touch Detailing,,+1-760-266-5294,,,Carlsbad,CA,P3 | Class A | website broken or unreachable | https://cardetailingservicecarlsbadca.com/,,Car Detailers
Clear Diamond Detailing,,+1-760-828-2338,,,Carlsbad,CA,P3 | Class A | website broken or unreachable | http://clearautodiamond.com/,,Car Detailers
Clear Pro Car Detailing,,+1-760-691-5366,,"6350 Sea Gate Rd, Carlsbad, CA 92011, United States",Carlsbad,CA,P3 | Class A | website broken or unreachable | https://clearprocardetailing.shop/,,Car Detailers
Executive Care Detailing,,+1-760-429-5699,,"1526 S Santa Fe Ave Unit B, Vista, CA 92084, United States",Carlsbad,CA,P3 | Class A | website broken or unreachable | https://tek63750000.wixsite.com/executive-mobile-det,,Car Detailers
The Gloss Gorilla - mobile detailing & paint protection,,+1-619-318-6798,,"1330 Poinsettia Ln, Carlsbad, CA 92011, United States",Carlsbad,CA,P3 | Class A | website broken or unreachable | http://www.theglossgorilla.com/,,Car Detailers
Touch of Perfection Detail,,+1-760-846-4442,,"1205 Hidden Oaks Trail, Vista, CA 92084, United States",Carlsbad,CA,P3 | Class A | website broken or unreachable | https://touchofperfectiondetailing.com/,,Car Detailers
Award Quality Auto Detail,,+1-916-730-9382,,,Carmichael,CA,P3 | Class A | website broken or unreachable | http://www.awardqualityautodetail.com/,,Car Detailers
Crystal Crown Detailing,,+1-916-885-9120,,,Carmichael,CA,P3 | Class A | website broken or unreachable | https://www.crystalcrowndetailing.com/,,Car Detailers
Drive To Shine,,+1-925-759-8297,,,Carmichael,CA,P3 | Class A | website broken or unreachable | https://drivetoshinedetailing.com/,,Car Detailers
Horavault Mobile Car Detailing,,+1-408-317-7820,,"2330 Vehicle Dr, Rancho Cordova, CA 95670, United States",Carmichael,CA,P3 | Class A | website broken or unreachable | https://horavaultdetail.site/,,Car Detailers
Mobile Detail Solutions,,+1-888-815-6453,,"3306 Orange Grove Ave, North Highlands, CA 95660, United States",Carmichael,CA,P3 | Class A | website broken or unreachable | https://www.mobile-detailing.com/contact-us/,,Car Detailers
Salgado's Detail,,+1-916-870-1141,,"7846 Fair Oaks Blvd Ste. B, Carmichael, CA 95608, United States",Carmichael,CA,P3 | Class A | parked/expired domain | http://www.salgadosdetail.com/?utm_source=google&utm_medium=wix_google_business_profile&utm_campaign=2620532259882484236,,Car Detailers
Anaya Mobile detailing,,+1-562-961-0545,,"1500 E Wardlow Rd, Long Beach, CA 90807, United States",Carson,CA,P3 | Class A | website broken or unreachable | http://anayamobiledetail.site/,,Car Detailers
Anthony Mobile Detailing,,+1-323-241-2369,,"2334 W Lincoln St, Long Beach, CA 90810, United States",Carson,CA,P3 | Class A | website broken or unreachable | http://anthonymobiledetailing.com/,,Car Detailers
Auto X Detail,,+1-626-657-2376,,,Carson,CA,P3 | Class A | website broken or unreachable | https://autoxdetail.com/,,Car Detailers
Baldo's Mobile Car Wash,,+1-562-376-1990,,,Carson,CA,P3 | Class A | website broken or unreachable | https://baldosmobileautodetail.com/,,Car Detailers
Car Detailing,,+1-424-450-0019,,"20639 Belshaw Ave, Carson, CA 90746, United States",Carson,CA,P3 | Class A | website broken or unreachable | http://cardetailinglosangeles.com/carson-ca.php,,Car Detailers
Carson Park Car Detailing,,+1-213-652-9450,,"3716 Palo Verde Ave, Long Beach, CA 90808, United States",Carson,CA,P3 | Class A | website broken or unreachable | https://carsonparkcardetailing.site/,,Car Detailers
Chrome Detailing Car Detailing Orange County,,+1-562-612-6105,,,Carson,CA,P3 | Class A | website broken or unreachable | http://chromedetailing.co/,,Car Detailers
Elite Mobile Detailing,,+1-310-406-5529,,,Carson,CA,P3 | Class A | website broken or unreachable | https://elitemobiledetailing.info/,,Car Detailers
Excellence Mobile Detail LLC,,+1-323-314-8855,,"3117 Del Amo Blvd, Lakewood, CA 90712, United States",Carson,CA,P3 | Class A | website broken or unreachable | http://excellencemobiledetail.com/,,Car Detailers
Full Effect Detail,,+1-424-305-7145,,"25323 Normandie Ave, Harbor City, CA 90710, United States",Carson,CA,P3 | Class A | website broken or unreachable | https://www.fulleffectdetail.com/,,Car Detailers
Geo's Mobile Auto Detailing,,+1-323-245-6549,,,Carson,CA,P3 | Class A | website broken or unreachable | https://geosmobileautodetailing.com/,,Car Detailers
Pay n Go Auto Detailing,,+1-310-365-2547,,"5533 Long Beach Blvd, Long Beach, CA 90805, United States",Carson,CA,P3 | Class A | website broken or unreachable | https://www.payngoautodetailing.org/home,,Car Detailers
"Right-Away Mobile Car Detailing of East Los Angeles, CA",,+1-951-310-1706,,"3205 Merrill Dr, Torrance, CA 90503, United States",Carson,CA,P3 | Class A | website broken or unreachable | https://rightawaymobilecardetailing.shop/,,Car Detailers
"Right-Away Mobile Car Detailing of Northwest Torrance, Los Angeles CA",,+1-310-987-4736,,"2301 W 205th St, Torrance, CA 90501, United States",Carson,CA,P3 | Class A | website broken or unreachable | https://rightawaymobilecardetailing.shop/,,Car Detailers
Rolland Mobile Detailing,,+1-310-242-7531,,"1326 W Carson St, Torrance, CA 90501, United States",Carson,CA,P3 | Class A | website broken or unreachable | https://rollandmobiledetailing.com/,,Car Detailers
Wrigley Mobile Detailing Long Beach,,+1-844-900-4673,,"118 W Willard St, Long Beach, CA 90806, United States",Carson,CA,P3 | Class A | website broken or unreachable | https://wrigleydetailing.com/,,Car Detailers
Arechiga mobile Rv Roof coating / detailing,,+1-209-605-9265,,"the, 930 N Carpenter Rd Ste G, Modesto, CA 95351, United States",Ceres,CA,P3 | Class A | website broken or unreachable | http://209mobilervdetailing.com/,,Car Detailers
Precision Detailing,,+1-209-527-8723,,"1606 Scenic Dr, Modesto, CA 95355, United States",Ceres,CA,P3 | Class A | website broken or unreachable | https://www.precisiondetailing.us/,,Car Detailers
Sunrise Mobile Detailer,,+1-209-260-6620,,,Ceres,CA,P3 | Class A | website broken or unreachable | http://sunrisemobiledetailer.com/,,Car Detailers
David's Automotive Detailing by Ceramic Pro,,+1-530-591-7136,,"2684 CA-32 Unit 160, Chico, CA 95973, United States",Chico,CA,P3 | Class A | parked/expired domain | https://www.davidsautomotivedetaling.com/,,Car Detailers
Strong Mobile Detailing,,+1-415-918-8639,,,Chico,CA,P3 | Class A | website broken or unreachable | http://strongmobiledetailing.co/,,Car Detailers
V8 Auto Detail,,+1-530-965-5905,,"2961 CA-32 #35, Chico, CA 95973, United States",Chico,CA,P3 | Class A | website broken or unreachable | http://www.v8autodetail.com/,,Car Detailers
AED Detailing,,+1-951-818-4481,,,Chino,CA,P3 | Class A | website broken or unreachable | https://aeddetailing.com/,,Car Detailers
Bux Detailing,,+1-909-703-4207,,,Chino,CA,P3 | Class A | website broken or unreachable | https://buxautodetailing.com/,,Car Detailers
Certified Auto Detail,,+1-909-582-4901,,,Chino,CA,P3 | Class A | website broken or unreachable | https://certifiedautodetail.com/,,Car Detailers
Ace Signature Detail | Mobile Detailing San Diego,,+1-619-500-2043,,,Chula Vista,CA,P3 | Class A | website broken or unreachable | http://acesignaturedetail.com/,,Car Detailers
Agundez Auto Detailing Mobile Service,,+1-619-972-2400,,,Chula Vista,CA,P3 | Class A | website broken or unreachable | http://www.agundezautodetailing.com/,,Car Detailers
Finest Cosmetic Car Care,,+1-619-746-3138,,,Chula Vista,CA,P3 | Class A | website broken or unreachable | http://finestcosmeticcarcare.com/?utm_source=gmb&utm_medium=referral,,Car Detailers
Gloss Kings Mobile Car Detailing Chula Vista,,+1-323-714-1444,,"1445 Town Center Dr, Chula Vista, CA 91915, United States",Chula Vista,CA,P3 | Class A | website broken or unreachable | https://glosskingsmobilecardetailing.online/,,Car Detailers
Hi Degree Auto Detailing,,+1-619-452-5054,,,Chula Vista,CA,P3 | Class A | website broken or unreachable | https://www.hidegreeautodetailing.com/,,Car Detailers
Prestige Auto Mobile Car Detailing Chula Vista,,+1-619-373-1558,,"505 Main St Unit E3, Chula Vista, CA 91911, United States",Chula Vista,CA,P3 | Class A | website broken or unreachable | https://prestigeautodetailingchulavista.com/,,Car Detailers
Pro Vision Mobile Detail,,+1-619-227-8410,,"2294 Hummingbird St, Chula Vista, CA 91915, United States",Chula Vista,CA,P3 | Class A | website broken or unreachable | http://pvmobiledetail.com/,,Car Detailers
Quik Shine Auto Detailing,,+1-619-870-7533,,,Chula Vista,CA,P3 | Class A | website broken or unreachable | https://www.quikshinedetailing.com/?utm_source=google&utm_medium=wix_google_business_profile&utm_campaign=7094550528257743306,,Car Detailers
Shine Bright Mobile Car Detailing Chula Vista,,+1-626-863-3265,,"1061 Tierra Del Rey, Chula Vista, CA 91910, United States",Chula Vista,CA,P3 | Class A | website broken or unreachable | http://shinebrightmobilecardetailing.online/,,Car Detailers
Adams Hands Car Detailing,,+1-916-579-4880,,,Citrus Heights,CA,P3 | Class A | website broken or unreachable | https://adamshandsdetailing.com/,,Car Detailers
DDI Mobile Auto Detail,,+1-916-723-7205,,,Citrus Heights,CA,P3 | Class A | website broken or unreachable | https://www.ddidetail.com/,,Car Detailers
Higher Detailing,,+1-916-450-9375,,,Citrus Heights,CA,P3 | Class A | website broken or unreachable | https://www.higherdetailingco.com/,,Car Detailers
Royal Shine Mobile Auto Detail,,+1-916-580-9745,,,Citrus Heights,CA,P3 | Class A | website broken or unreachable | https://www.royalshineautodetail.com/,,Car Detailers
Something Vicious Mobile Detailing,,+1-916-588-5132,,,Citrus Heights,CA,P3 | Class A | website broken or unreachable | https://www.svdetailing916.com/,,Car Detailers
ZM Auto Detailing,,+1-279-977-8692,,,Citrus Heights,CA,P3 | Class A | parked/expired domain | https://zmautodetailing.com/,,Car Detailers
A-Team Mobile Auto Detailing,,+1-559-940-4617,,"4713 N Greenwood Ave, Sanger, CA 93657, United States",Clovis,CA,P3 | Class A | website broken or unreachable | https://ateamautodetail.com/,,Car Detailers
Automax Detailing (Fresno/Clovis),,+1-559-512-6183,,,Clovis,CA,P3 | Class A | website broken or unreachable | https://maxsmobiledetailingfresno.com/,,Car Detailers
Automorphic Detailing,,+1-559-500-1978,,,Clovis,CA,P3 | Class A | website broken or unreachable | https://cloviscardetailing.com/,,Car Detailers
Car Reviver Auto Detaling,,+1-559-203-8278,,"122 9th St, Clovis, CA 93612, United States",Clovis,CA,P3 | Class A | website broken or unreachable | https://carreviver.com/,,Car Detailers
Colton's Mobile Auto Detailing,,+1-559-859-3020,,,Clovis,CA,P3 | Class A | website broken or unreachable | https://www.cmadservices.com/,,Car Detailers
DetailDash559,,+1-559-519-4230,,,Clovis,CA,P3 | Class A | website broken or unreachable | https://detaildash559.wixsite.com/detaildash559,,Car Detailers
Eric Arcia Auto Detailing,,+1-559-728-0759,,"1621 E Pryor Dr, Fresno, CA 93720, United States",Clovis,CA,P3 | Class A | website broken or unreachable | https://www.eaautodetailing.com/,,Car Detailers
Gold Detailing,,+1-559-284-0394,,"975 Kelso Ave, Clovis, CA 93619, United States",Clovis,CA,P3 | Class A | website broken or unreachable | http://golddetailingca.com/,,Car Detailers
Joie Mobile Detailing,,+1-559-614-8904,,,Clovis,CA,P3 | Class A | website broken or unreachable | https://www.joiemobiledetailing.com/,,Car Detailers
Keep It Shiny,,+1-559-369-3067,,"3422 N Duke Ave Unit 102, Fresno, CA 93727, United States",Clovis,CA,P3 | Class A | website broken or unreachable | https://keepitshiny.godaddysites.com/,,Car Detailers
Upwardly Mobile Detailing | Ceramic Coatings,,+1-559-785-0392,,,Clovis,CA,P3 | Class A | website broken or unreachable | http://www.upwardlymobiledetailing.com/,,Car Detailers
Street Works Mobile Detail,,+1-530-870-0440,,,Colusa,CA,P3 | Class A | website broken or unreachable | http://onion-sparrow-3m9b.squarespace.com/,,Car Detailers
Final Touch Auto Interiors,,+1-925-787-2001,,"2900 Willow Pass Rd A, Concord, CA 94519, United States",Concord,CA,P3 | Class A | website broken or unreachable | https://finaltouchautocare.com/,,Car Detailers
GOLD TIER AUTO MOBILE DETAILING,,+1-925-678-6625,,,Concord,CA,P3 | Class A | website broken or unreachable | http://www.goldtiermobile.com/,,Car Detailers
No-H2O Auto Detailing,,+1-925-238-8182,,,Concord,CA,P3 | Class A | website broken or unreachable | https://noh2o.com/auto-detailing-walnut-creek/,,Car Detailers
Prestige Mobile Auto Detailing,,+1-925-272-7735,,,Concord,CA,P3 | Class A | website broken or unreachable | http://prestigemobileautodetailers.com/home,,Car Detailers
YoungZ Details,,+1-925-834-9422,,"1650 Monument Blvd, Concord, CA 94520, United States",Concord,CA,P3 | Class A | website broken or unreachable | https://youngzdetails.store/,,Car Detailers
duckfeet mobile detail,,+1-408-905-9415,,,Concord,CA,P3 | Class A | website broken or unreachable | http://duckfeetmobiledetail.wordpress.com/,,Car Detailers
First class automotive reconditioning,,+1-951-400-1440,,,Corona,CA,P3 | Class A | website broken or unreachable | https://firstclassautomotiverecon.com/,,Car Detailers
H2 Mobile Detailing,,+1-323-470-9647,,,Corona,CA,P3 | Class A | website broken or unreachable | https://www.h2mobiledetail.com/,,Car Detailers
MistWorks Car Detailing,,+1-747-677-0978,,"715 S Merrill St, Corona, CA 92882, United States",Corona,CA,P3 | Class A | website broken or unreachable | https://mistworkscardetailing.site/,,Car Detailers
Reyes Auto Detailing,,+1-951-283-4929,,,Corona,CA,P3 | Class A | website broken or unreachable | https://reyesautodetailing.godaddysites.com/,,Car Detailers
Shyne Cat Mobile Detailing,,+1-626-885-3005,,,Corona,CA,P3 | Class A | website broken or unreachable | https://www.shynecatmobiledetailing.com/,,Car Detailers
Absolute Detailing Orange County mobile pros,,+1-657-616-4722,,,Costa Mesa,CA,P3 | Class A | website broken or unreachable | http://absolutedetailpros.com/,,Car Detailers
Car Detailing,,+1-949-258-7150,,"2482 Newport Blvd, Costa Mesa, CA 92627, United States",Costa Mesa,CA,P3 | Class A | website broken or unreachable | http://cardetailinglosangeles.com/costa-mesa-ca.php,,Car Detailers
Carnuba Store & Mar-co Distribution,,+1-949-574-7676,,"1560 Superior Ave a4, Costa Mesa, CA 92627, United States",Costa Mesa,CA,P3 | Class A | website broken or unreachable | http://www.superiordetailsupply.com/,,Car Detailers
Diamond Coat Mobile Car Detailing Huntington Beach,,+1-714-942-4006,,"7411 Mountjoy Dr, Huntington Beach, CA 92648, United States",Costa Mesa,CA,P3 | Class A | website broken or unreachable | http://diamondcoatmobilecardetailimg.shop/,,Car Detailers
Josher - Mobile Auto Detailing,,+1-714-235-5054,,,Costa Mesa,CA,P3 | Class A | website broken or unreachable | http://www.josher.biz/,,Car Detailers
Klacks Detailing,,+1-949-520-9649,,"Costa Mesa, CA 92626, United States",Costa Mesa,CA,P3 | Class A | website broken or unreachable | https://klacks-detailing-square-site.squarespace.com/,,Car Detailers
MOBILE AUTO DETAILING,,+1-949-842-1164,,"1000 Dove St, Newport Beach, CA 92660, United States",Costa Mesa,CA,P3 | Class A | website broken or unreachable | https://mobile-auto-detailing-auto-market.business.site/?utm_source=gmb&utm_medium=referral,,Car Detailers
OBSIDIAN Mobile Detail,,+1-949-820-7070,,"3857 Birch St, Newport Beach, CA 92660, United States",Costa Mesa,CA,P3 | Class A | website broken or unreachable | https://www.obsdn.vip/,,Car Detailers
Occarspa,,+1-949-701-6372,,"1992 Anaheim Ave, Costa Mesa, CA 92627, United States",Costa Mesa,CA,P3 | Class A | website broken or unreachable | https://occarspaca.com/,,Car Detailers
Paso Fino Mobile Detailing,,+1-949-945-0298,,,Costa Mesa,CA,P3 | Class A | website broken or unreachable | https://www.pasofinodetail.com/,,Car Detailers
Prime Deetz Mobile Detail,,+1-714-983-9379,,,Costa Mesa,CA,P3 | Class A | website broken or unreachable | http://www.primedeetz.com/,,Car Detailers
Shine Perfection Car Detailing,,+1-865-352-3448,,"2342 Bunker Hill Way, Costa Mesa, CA 92626, United States",Costa Mesa,CA,P3 | Class A | website broken or unreachable | https://shineperfectioncardetailing.site/,,Car Detailers
Jrs Mobile Auto Detailing,,+1-510-588-6030,,"Bay Area, San Francisco, CA 94116, United States",Daly City,CA,P3 | Class A | website broken or unreachable | http://jrsmobileautodetailing.com/?utm_source=gmb&utm_medium=referral,,Car Detailers
RD Car Detailing,,+1-628-777-8310,,"233 S Maple Ave, South San Francisco, CA 94080, United States",Daly City,CA,P3 | Class A | website broken or unreachable | https://www.rdcardetailing.com/,,Car Detailers
Veloniq Mobile Car Detailing,,+1-408-889-7132,,"1344 Southgate Ave, Daly City, CA 94015, United States",Daly City,CA,P3 | Class A | website broken or unreachable | http://veloniqdetails.site/,,Car Detailers
detailogistic car wash and transport log,,+1-209-905-3462,,,Daly City,CA,P3 | Class A | website broken or unreachable | https://detailogisticstore.com/,,Car Detailers
Welch Mobile Detailing,,+1-925-388-9151,,,Davis,CA,P3 | Class A | website broken or unreachable | http://welchmobiledetailing.com/,,Car Detailers
suddbudzDetail,,+1-661-709-5618,,"2317 Cortez Way, Delano, CA 93215, United States",Delano,CA,P3 | Class A | website broken or unreachable | https://suddbudzdetail.com/,,Car Detailers
Carbon Detailing L.A.,,+1-310-433-3972,,,Downey,CA,P3 | Class A | website broken or unreachable | https://carbondetailingla.com/,,Car Detailers
On The Rise Detailing,,+1-562-507-6810,,,Downey,CA,P3 | Class A | website broken or unreachable | https://ontherisedetailing.com/,,Car Detailers
Rob’s Luxury Mobile Detailing,,+1-702-854-8556,,,Downey,CA,P3 | Class A | website broken or unreachable | https://robs-luxury-mobile-detailing.com/,,Car Detailers
Super Slick Auto Detail,,+1-562-395-2193,,"11721 Whittier Blvd Ste 654, Whittier, CA 90601, United States",Downey,CA,P3 | Class A | website broken or unreachable | http://superslickautodetail.com/,,Car Detailers
pristine auto wash and detailing,,+1-562-547-5898,,,Downey,CA,P3 | Class A | website broken or unreachable | https://www.pristineawd.com/,,Car Detailers
Golden State Auto Detailing,,+1-925-404-7530,,"104 Valdivia Cir, San Ramon, CA 94583, United States",Dublin,CA,P3 | Class A | website broken or unreachable | https://www.precisionshinedetailing.net/,,Car Detailers
Blossom Valley Detailing LLC,,+1-760-814-1040,,"10844 Quail Canyon Rd, El Cajon, CA 92021, United States",El Cajon,CA,P3 | Class A | website broken or unreachable | http://www.blossomvalleydetailing.com/,,Car Detailers
Chavez Mobile Auto Detail LLC,,+1-619-678-7335,,,El Cajon,CA,P3 | Class A | website broken | https://pageapi.flowcode.com/contact?linkId=afa7c37b-274d-4007-b3cb-f10851e17fcc,,Car Detailers
DeCarlo Mobile Detailing,,+1-858-744-6413,,,El Cajon,CA,P3 | Class A | website broken or unreachable | https://decarlomobiledetailing.com/,,Car Detailers
Fierce Auto Detail and Graphics LLC,,+1-858-585-7534,,"1275 Broadway Unit C, El Cajon, CA 92021, United States",El Cajon,CA,P3 | Class A | website broken or unreachable | https://www.fierceautodetailing.com/home,,Car Detailers
K2 Auto Detailing - San Diego County,,+1-760-420-4944,,,El Cajon,CA,P3 | Class A | website broken or unreachable | https://www.k2autodetailing.com/,,Car Detailers
Perfect Finish Mobile Car Detailing El Cajon,,+1-760-389-3214,,"680 Fletcher Pkwy, El Cajon, CA 92020, United States",El Cajon,CA,P3 | Class A | website broken or unreachable | https://perfectfinishmobilecardetailing.online/,,Car Detailers
DP Auto Detail,,+1-530-558-1937,,,El Dorado Hills,CA,P3 | Class A | website broken or unreachable | https://www.dpautodetail.com/book-now,,Car Detailers
JD's Auto Detailing,,+1-916-365-7503,,"282 Thorndike Way, Folsom, CA 95630, United States",El Dorado Hills,CA,P3 | Class A | website broken or unreachable | http://www.jdsautodetailing.com/,,Car Detailers
LuxeClean Mobile Detailing,,+1-916-945-0339,,"2081 Lamego Way, El Dorado Hills, CA 95762, United States",El Dorado Hills,CA,P3 | Class A | website broken or unreachable | https://www.luxecleanmd.com/,,Car Detailers
Mobile Detail,,+1-916-470-3032,,,El Dorado Hills,CA,P3 | Class A | website broken or unreachable | https://www.recreationautospa.com/,,Car Detailers
Palace Details,,+1-916-538-2205,,"2840 E Bidwell St, Folsom, CA 95630, United States",El Dorado Hills,CA,P3 | Class A | website broken or unreachable | https://www.palacedetails.com/,,Car Detailers
Tacky Mac Detailing,,+1-925-448-1781,,,El Dorado Hills,CA,P3 | Class A | website broken or unreachable | https://tackydetailing.com/,,Car Detailers
AUTO TINT&WRAP STUDlO,,+1-213-373-6688,,"91733, United States, California, South El Monte, Lee Ave, AUTO TINT&WRAP STUDlO",El Monte,CA,P3 | Class A | website broken or unreachable | http://www.tintmaster1.com/,,Car Detailers
Ducky's Auto Spa,,+1-626-656-0647,,,El Monte,CA,P3 | Class A | website broken or unreachable | https://duckysautospa.com/,,Car Detailers
Shine X Dash Mobile Detailing,,+1-626-353-6948,,,El Monte,CA,P3 | Class A | website broken or unreachable | https://shinexdashdetail.base44.app/,,Car Detailers
West Coast Clear Bra,,+1-562-682-3868,,"2642 Durfee Ave, El Monte, CA 91732, United States",El Monte,CA,P3 | Class A | website broken or unreachable | https://www.westcoastclearbra.com/,,Car Detailers
duckfeet mobile detail - Los Angeles,,+1-626-607-5463,,,El Monte,CA,P3 | Class A | website broken or unreachable | http://duckfeetmobiledetail.wordpress.com/,,Car Detailers
Gold Standard Car Detailing of Elk Grove,,+1-916-907-9416,,"8392 Power Inn Rd, Elk Grove, CA 95624, United States",Elk Grove,CA,P3 | Class A | website broken or unreachable | https://goldstandarddetailingca.site/,,Car Detailers
Illusion Auto care,,+1-916-793-1557,,,Elk Grove,CA,P3 | Class A | website broken or unreachable | https://www.illusionautocare.com/,,Car Detailers
JC'S Auto detailing,,+1-279-333-5430,,"9751 Dino Dr, Elk Grove, CA 95624, United States",Elk Grove,CA,P3 | Class A | website broken or unreachable | https://jcsautodetails.com/,,Car Detailers
Royal Experience Detailing LLC,,+1-279-800-1200,,,Elk Grove,CA,P3 | Class A | website broken or unreachable | http://royalexperiencedetailing.com/,,Car Detailers
SunViewz mobile car detailing,,+1-408-610-1334,,"7025 Sandy Souza Way, Elk Grove, CA 95758, United States",Elk Grove,CA,P3 | Class A | website broken or unreachable | https://sunviewzdetail.site/,,Car Detailers
The Royal Drip Auto Detail,,+1-916-996-2421,,"8115 Elder Creek Rd E, Sacramento, CA 95824, United States",Elk Grove,CA,P3 | Class A | website broken or unreachable | https://theroyaldripautodetail.com/,,Car Detailers
ASAP Auto Detailing,,+1-858-663-2051,,,Escondido,CA,P3 | Class A | website broken or unreachable | https://www.asapmobiledetailingca.com/,,Car Detailers
Mission Detail & Wash,,+1-760-266-7755,,,Escondido,CA,P3 | Class A | website broken or unreachable | https://missiondetailnwash.com/,,Car Detailers
PrimeShine Mobile Car Detailing - Escondido,,+1-619-908-1538,,"621 S Andreasen Dr A, Escondido, CA 92029, United States",Escondido,CA,P3 | Class A | website broken or unreachable | https://primeshinecardetailingescondido.site/,,Car Detailers
Pro MBL Auto Detail,,+1-858-322-3012,,"2152 Pamplona Ct, Escondido, CA 92025, United States",Escondido,CA,P3 | Class A | website broken or unreachable | http://promblautodetail.com/,,Car Detailers
VIP Detailing of Southern Cal,,+1-760-372-3812,,,Escondido,CA,P3 | Class A | website broken or unreachable | https://vipdetailingofsoutherncalca.com/,,Car Detailers
Zenith Detail Lab - Mobile Detailing,,+1-760-497-3139,,,Escondido,CA,P3 | Class A | website broken or unreachable | https://www.zenithdetaillab.com/,,Car Detailers
Diaz Detailing,,+1-707-673-2296,,"1908 N Texas St Ste f, Fairfield, CA 94533, United States",Fairfield,CA,P3 | Class A | website broken or unreachable | https://www.diazdetailing.net/,,Car Detailers
Mission Ready Mobile Detailing,,+1-510-473-2079,,"210 Prallow St, Fairfield, CA 94535, United States",Fairfield,CA,P3 | Class A | website broken or unreachable | https://www.missionreadymobiledetailing.com/,,Car Detailers
Pasifs Auto Detailing,,+1-415-320-0673,,,Fairfield,CA,P3 | Class A | website broken or unreachable | https://www.pasifsdetailing.com/,,Car Detailers
Wraps By Dre,,+1-707-673-4117,,"98 Railroad Ave D, Suisun City, CA 94585, United States",Fairfield,CA,P3 | Class A | website broken or unreachable | http://wrapsbydre.net/?utm_source=gmb&utm_medium=referral,,Car Detailers
Art Mobile Detailing Folsom,,+1-916-619-1621,,,Folsom,CA,P3 | Class A | website broken or unreachable | https://www.artmobiledetailing.com/home,,Car Detailers
JDR Mobile Detailing,,+1-727-303-6390,,,Folsom,CA,P3 | Class A | website broken or unreachable | https://jdrmobiledetailing.net/,,Car Detailers
All City Auto Detail Fontana,,+1-714-423-3683,,"14866 Arrow Route, Fontana, CA 92335, United States",Fontana,CA,P3 | Class A | website broken or unreachable | http://www.allcityautodetail.com/,,Car Detailers
B's Mobile Detailing,,+1-626-548-2509,,,Fontana,CA,P3 | Class A | website broken or unreachable | https://bsmobiledetailingupland.com/,,Car Detailers
Black Label Detailing,,+1-909-231-1862,,,Fontana,CA,P3 | Class A | website broken or unreachable | http://www.blklabeldetailing.com/,,Car Detailers
Car Detailing,,+1-909-419-5276,,"350 W Foothill Blvd, Rialto, CA 92376, United States",Fontana,CA,P3 | Class A | website broken or unreachable | http://cardetailinglosangeles.com/rialto-ca.php,,Car Detailers
Luxella Detailing,,+1-949-599-4223,,,Fontana,CA,P3 | Class A | parked/expired domain | http://www.luxelladetailing.com/,,Car Detailers
Mario's Auto Spa,,+1-909-681-4962,,,Fontana,CA,P3 | Class A | website broken or unreachable | http://mariosautospa.com/,,Car Detailers
Mobile Detailing Fontana,,+1-909-404-8911,,"7627 Cherry Ave suite 200a, Fontana, CA 92336, United States",Fontana,CA,P3 | Class A | website broken or unreachable | https://kakishmobiledetail.com/service-areas/mobile-detailing-fontana/,,Car Detailers
Ontario Mobile Detail,,+1-909-488-3690,,"2598 S Vineyard Ave, Ontario, CA 91761, United States",Fontana,CA,P3 | Class A | website broken or unreachable | https://kakishmobiledetail.com/,,Car Detailers
PA MOBILE AUTO SPA,,+1-909-344-4729,,,Fontana,CA,P3 | Class A | website broken or unreachable | https://pamobileautospa.jobbersites.com/,,Car Detailers
Pro Shine Auto Car Detailing,,+1-747-977-9059,,"15628 Snowdan Rd, Fontana, CA 92337, United States",Fontana,CA,P3 | Class A | website broken or unreachable | https://proshimeautocardetailing.site/,,Car Detailers
Xclusive Movo Auto Detailing,,+1-951-269-6935,,"14866 Arrow Route, Fontana, CA 92335, United States",Fontana,CA,P3 | Class A | website broken or unreachable | https://www.xclusivemovoautodetailing.com/,,Car Detailers
Andersons Detailing,,+1-510-771-4926,,"35620 Fremont Blvd, Fremont, CA 94536, United States",Fremont,CA,P3 | Class A | website broken or unreachable | http://www.callforbookingyourappointment.automotivedetailing.com/,,Car Detailers
Mobile Detailing,,+1-408-872-9262,,"1120 Wrigley Way, Milpitas, CA 95035, United States",Fremont,CA,P3 | Class A | website broken or unreachable | https://gl-mobile-detailing.com/,,Car Detailers
Supreme Auto Shields INC.,,+1-510-435-9339,,"38705 Adcock Dr, Fremont, CA 94536, United States",Fremont,CA,P3 | Class A | website broken or unreachable | http://supremeautoshields.com/,,Car Detailers
RedWave Detailing,,+1-559-385-9297,,"920 B St, Fresno, CA 93706, United States",Fresno,CA,P3 | Class A | website broken or unreachable | https://www.redwavedetailingfresno.com/,,Car Detailers
San Joaquin Valley Detailing,,+1-559-475-8014,,,Fresno,CA,P3 | Class A | website broken or unreachable | https://sjvdetail.com/,,Car Detailers
The Detailing Beaver,,+1-559-905-5723,,"2835 N Chestnut Ave, Fresno, CA 93703, United States",Fresno,CA,P3 | Class A | website broken or unreachable | https://detailingbeaver.org/,,Car Detailers
Upscale Mobile Wash & Detail,,+1-559-903-8346,,,Fresno,CA,P3 | Class A | parked/expired domain | https://upscalemobilewashanddetail.com/,,Car Detailers
EspinozaDetailz,,+1-714-278-2554,,,Fullerton,CA,P3 | Class A | website broken or unreachable | http://espinozadetailz.com/,,Car Detailers
Just Do It Auto Detailers,,+1-562-665-0980,,"711 Orchard Pl, La Habra, CA 90631, United States",Fullerton,CA,P3 | Class A | website broken or unreachable | https://justdoitautodetailers.com/,,Car Detailers
Onyx Mobile Wash,,+1-714-650-5853,,,Fullerton,CA,P3 | Class A | website broken or unreachable | http://onyxmobilewash.com/,,Car Detailers
Dang Details,,+1-209-407-4959,,,Galt,CA,P3 | Class A | website broken or unreachable | http://dangdetails209.com/,,Car Detailers
Buff Body Auto Detail,,+1-714-955-7880,,,Garden Grove,CA,P3 | Class A | website broken or unreachable | http://www.buffbodyautodetail.com/,,Car Detailers
Codrean's Mobile Detailing,,+1-909-725-6905,,,Garden Grove,CA,P3 | Class A | website broken or unreachable | https://www.codreansdetailing.com/,,Car Detailers
Couch potato mobile detail,,+1-714-866-1202,,,Garden Grove,CA,P3 | Class A | website broken or unreachable | https://couchpotato-detailing.com/,,Car Detailers
Final Touch Mobile Detail,,+1-657-859-0644,,,Garden Grove,CA,P3 | Class A | website broken or unreachable | https://finaltouch.multiscreensite.com/,,Car Detailers
Royal Coat Car Detailing,,+1-714-475-7340,,"9661 Westminster Ave, Garden Grove, CA 92844, United States",Garden Grove,CA,P3 | Class A | website broken or unreachable | https://royalcoatcardetailing.site/,,Car Detailers
Solen Car Detailing Garden Grove,,+1-714-942-2182,,"13888 S Euclid St, Garden Grove, CA 92843, United States",Garden Grove,CA,P3 | Class A | website broken or unreachable | https://solencardetailinggardengrove.site/,,Car Detailers
Wipe Me Down,,+1-714-328-7418,,,Garden Grove,CA,P3 | Class A | website broken or unreachable | https://wipemedown.co/,,Car Detailers
santos mobile detail,,+1-714-231-7766,,"9362 Dewey Dr, Garden Grove, CA 92841, United States",Garden Grove,CA,P3 | Class A | website broken or unreachable | http://www.santosmobile.detail.com/,,Car Detailers
Cervantes Details - Ceramic Coatings - Window Tinting,,+1-408-500-7107,,"13555 Depot St unit c, San Martin, CA 95046, United States",Gilroy,CA,P3 | Class A | website broken or unreachable | http://cervantesdetails.com/,,Car Detailers
Detail Dom,,+1-408-478-0287,,"505 Mayock Rd Unit B-8, Gilroy, CA 95020, United States",Gilroy,CA,P3 | Class A | parked/expired domain | http://detaildomusa.com/,,Car Detailers
Eagle Calibration,,+1-408-705-5345,,"250 Nagareda Dr, Gilroy, CA 95020, United States",Gilroy,CA,P3 | Class A | website broken or unreachable | http://www.eaglecalibration.net/,,Car Detailers
Sparkle Bay Detailing,,+1-408-658-6107,,,Gilroy,CA,P3 | Class A | website broken or unreachable | https://sparklebaydetailing.com/,,Car Detailers
Department of Detailing,,+1-424-468-6494,,,Glendale,CA,P3 | Class A | website broken or unreachable | http://deptofdetailing.com/,,Car Detailers
Mobile auto detailing ed,,+1-323-636-1014,,"125E Walnut St, Pasadena, CA 91103, United States",Glendale,CA,P3 | Class A | parked/expired domain | https://davalos-mobile-auto-detail.com/,,Car Detailers
Naz Mobile Detailing LA,,+1-213-800-1254,,"424 S Ardmore Ave apt 132, Los Angeles, CA 90020, United States",Glendale,CA,P3 | Class A | website broken or unreachable | https://www.nazmobiledetailingla.com/home,,Car Detailers
Car Detailing Grandmaster Mobile,,+1-510-473-5770,,"4028 Mabel Ave, Castro Valley, CA 94546, United States",Hayward,CA,P3 | Class A | website broken or unreachable | https://cardetailinggrandmaster.site/,,Car Detailers
Made You Look Auto Detailing,,+1-510-544-6914,,,Hayward,CA,P3 | Class A | website broken or unreachable | https://madeyoulookautodetailing.com/?utm_source=gbp&utm_medium=organic,,Car Detailers
Power+ Detailing,,+1-341-766-0784,,,Hayward,CA,P3 | Class A | website broken or unreachable | https://www.powerplusdetailing.com/?utm_source=google&utm_medium=wix_google_business_profile&utm_campaign=16802017808555904551,,Car Detailers
Precision Polish and Ceramic,,+1-650-706-5211,,"30139 Industrial Pkwy SW Ste B, Hayward, CA 94544, United States",Hayward,CA,P3 | Class A | website broken or unreachable | http://precisionpolishandceramic.com/,,Car Detailers
Tahir Auto Group,,+1-510-255-4073,,,Hayward,CA,P3 | Class A | website broken or unreachable | http://www.tahirautogroup.com/,,Car Detailers
Lossi Detailing,,+1-951-570-1326,,,Hemet,CA,P3 | Class A | website broken or unreachable | http://lossidetailing.com/,,Car Detailers
PicMick Mobile Auto Detailing,,+1-562-348-5627,,,Hemet,CA,P3 | Class A | website broken or unreachable | https://www.picmickmad.net/,,Car Detailers
RG Auto detailing,,+1-951-350-2097,,,Hemet,CA,P3 | Class A | website broken or unreachable | https://www.rgmobiledetailing1.com/,,Car Detailers
Auto Work Solutions Car Detailing,,+1-832-551-3037,,"11484 5th Ave, Hesperia, CA 92345, United States",Hesperia,CA,P3 | Class A | website broken or unreachable | https://autoworksolutions.site/,,Car Detailers
PonyBoys Detailing,,+1-626-620-6013,,,Hesperia,CA,P3 | Class A | website broken or unreachable | https://www.ponyboysdetailing.com/,,Car Detailers
2Mppf,,+1-657-200-8686,,"15541 Producer Ln B, Huntington Beach, CA 92649, United States",Huntington Beach,CA,P3 | Class A | website broken or unreachable | http://www.2mppf.com/,,Car Detailers
Blvd Detail Supplies,,+1-714-606-5787,,"17705 Crabb Ln, Huntington Beach, CA 92647, United States",Huntington Beach,CA,P3 | Class A | website broken or unreachable | https://blvddetailsupplieshb.com/,,Car Detailers
Pristine Detail,,+1-714-794-5416,,,Huntington Beach,CA,P3 | Class A | website broken or unreachable | https://pristinedetailhb.com/,,Car Detailers
Blurry Details,,+1-760-278-3991,,,Indio,CA,P3 | Class A | website broken or unreachable | https://blurrydetails.jobbersites.com/,,Car Detailers
Bright Reflection Mobile Wash,,+1-442-484-0281,,,Indio,CA,P3 | Class A | website broken or unreachable | https://www.brightreflectionmobilewash.com/,,Car Detailers
Aline Auto Detailing Mobile,,+1-323-448-6406,,"1524 E 82nd Pl, Los Angeles, CA 90001, United States",Inglewood,CA,P3 | Class A | website broken or unreachable | http://alineautodetailing.com/?utm_source=gmb&utm_medium=referral,,Car Detailers
Bada Bing! Auto Mobile Detailing,,+1-323-799-6020,,"5633 Main St, Los Angeles, CA 90037, United States",Inglewood,CA,P3 | Class A | website broken or unreachable | https://www.badabingmobile.com/,,Car Detailers
Divine Auto Detail,,+1-424-209-2908,,,Inglewood,CA,P3 | Class A | website broken or unreachable | https://www.divine-autodetail.com/,,Car Detailers
Exclusive Auto Touch Detailing Company,,+1-310-933-4557,,"150 W Ivy Ave, Inglewood, CA 90302, United States",Inglewood,CA,P3 | Class A | website broken or unreachable | https://www.eatdetailing.com/contact,,Car Detailers
J Witz Mobile paint correction and auto detailing,,+1-310-261-3124,,,Inglewood,CA,P3 | Class A | website broken or unreachable | http://jwitzautodetail.com/,,Car Detailers
PCG Mobile Detailing,,+1-323-638-6338,,,Inglewood,CA,P3 | Class A | website broken or unreachable | http://pcgdetailing.com/,,Car Detailers
RichDetailsLA,,+1-310-918-8116,,"1420 N La Brea Ave, Inglewood, CA 90302, United States",Inglewood,CA,P3 | Class A | website broken or unreachable | https://richdetailsla.com/,,Car Detailers
Royal1 Mobile Detailing Los Angeles,,+1-323-310-3954,,"3325 Castle Heights Ave #106, Los Angeles, CA 90034, United States",Inglewood,CA,P3 | Class A | website broken or unreachable | https://royal1mobiledetailing.com/car-detailing-los-angeles/,,Car Detailers
Time II Shine Mobile Detail,,+1-310-606-9171,,,Inglewood,CA,P3 | Class A | website broken or unreachable | http://www.time2shinemobile.com/,,Car Detailers
orphé detailing mobile car wash,,+1-310-729-7572,,"10302 S Doty Ave, Inglewood, CA 90303, United States",Inglewood,CA,P3 | Class A | website broken or unreachable | https://www.xn--orphdetailing-ehb.com/,,Car Detailers
Irvine Shine,,+1-949-396-0939,,"11 Autry Suite A, Irvine, CA 92618, United States",Irvine,CA,P3 | Class A | website broken or unreachable | https://www.irvineshine.com/,,Car Detailers
Perfect Trim Car Detailing,,+1-949-577-7658,,"143 Southbrook, Irvine, CA 92604, United States",Irvine,CA,P3 | Class A | website broken or unreachable | https://perfecttrimcardetailing.site/,,Car Detailers
Prescription Detailing,,+1-949-414-7883,,,Irvine,CA,P3 | Class A | website broken or unreachable | https://allamericansac.com/,,Car Detailers
Signature Car Detailing of Irvine,,+1-360-349-8093,,"Murica Aisle, Irvine, CA 92614, United States",Irvine,CA,P3 | Class A | website broken or unreachable | https://signaturecardetailingcali.site/,,Car Detailers
Executive Auto Care - Car Detailing,,+1-949-381-1863,,,Lake Forest,CA,P3 | Class A | website broken or unreachable | http://executiveautocareoc.square.site.com/,,Car Detailers
Gee Detailing,,+1-949-569-3228,,,Lake Forest,CA,P3 | Class A | website broken or unreachable | http://gee-detailing.com/,,Car Detailers
J&E Luxury Auto Detailing,,+1-312-350-8525,,,Lake Forest,CA,P3 | Class A | website broken or unreachable | https://jeautodetail.net/book-now,,Car Detailers
OC luxury detailing,,+1-949-534-5129,,"6 Sevilla, Rancho Santa Margarita, CA 92688, United States",Lake Forest,CA,P3 | Class A | website broken or unreachable | http://ocluxurydetailing.com/,,Car Detailers
Utmost Care Car Detailing,,+1-747-298-7136,,"20605 Arline Ave, Lakewood, CA 90715, United States",Lakewood,CA,P3 | Class A | website broken or unreachable | https://utmostcarecardetailing.site/,,Car Detailers
Anytime auto care and detailing specialist,,+1-661-433-3404,,,Lancaster,CA,P3 | Class A | website broken or unreachable | http://anytimeautodetailing.wixsite.com/my-site-2,,Car Detailers
WOLFMAN’S DETAILING LLC,,+1-661-350-7486,,"44709 Gingham Ave, Lancaster, CA 93535, United States",Lancaster,CA,P3 | Class A | website broken or unreachable | http://wolfmansdetailing.net/?utm_source=gmb&utm_medium=referral,,Car Detailers
Worley Mobile Detailing,,+1-661-547-4493,,,Lancaster,CA,P3 | Class A | parked/expired domain | https://worleymobiledetailing.com/,,Car Detailers
DeLuca's Mobile Detailing,,+1-916-672-2387,,,Lincoln,CA,P3 | Class A | website broken or unreachable | https://delucasmobiledetailing.setmore.com/danieldeluca,,Car Detailers
HeadlightQuickFix,,+1-916-303-0811,,,Lincoln,CA,P3 | Class A | website broken or unreachable | https://headlightquickfix.com/,,Car Detailers
JayAye Details,,+1-925-339-8818,,,Livermore,CA,P3 | Class A | website broken or unreachable | https://www.jayayedetail.com/,,Car Detailers
Xstreme Supreme Mobile Detail SDVOSB,,+1-844-978-7363,,"5424 Sunol Blvd Ste 10-609, Patterson, CA 95363, United States",Livermore,CA,P3 | Class A | website broken or unreachable | https://xstremesuprememd.com/,,Car Detailers
Hi - Line Auto Detail,,+1-424-438-4046,,"200 Pine Ave Ste 502, Long Beach, CA 90802, United States",Long Beach,CA,P3 | Class A | website broken or unreachable | https://hi-lineautodetail.com/locations/,,Car Detailers
Azure Coast Mobile Car Detailing,,+1-323-435-3020,,"1445 Reeves St, Los Angeles, CA 90035, United States",Los Angeles,CA,P3 | Class A | website broken or unreachable | https://azurecoastmobiledetailing.site/,,Car Detailers
High End Detail,,+1-213-519-2577,,"1100 Glendon Ave, Los Angeles, CA 90024, United States",Los Angeles,CA,P3 | Class A | parked/expired domain | http://www.highenddetails.com/,,Car Detailers
Mid City Car Detailing,,+1-213-654-5659,,"2433 S Dunsmuir Ave, Los Angeles, CA 90016, United States",Los Angeles,CA,P3 | Class A | website broken or unreachable | https://midcitycardetailing.site/,,Car Detailers
"Right-Away Mobile Car Detailing of East Los Angeles, CA",,+1-213-664-2131,,"213 S Boyle Ave, Los Angeles, CA 90033, United States",Los Angeles,CA,P3 | Class A | website broken or unreachable | https://rightawaymobilecardetailing.shop/,,Car Detailers
Mobile detailing 559,,+1-559-871-0639,,,Madera,CA,P3 | Class A | website broken or unreachable | http://mobilebetailing559.com/,,Car Detailers
Swift Detailing,,+1-559-395-3776,,,Madera,CA,P3 | Class A | parked/expired domain | http://swiftdetailing.com/?utm_source=google&utm_medium=wix_google_business_profile&utm_campaign=986746409775986931,,Car Detailers
Detail On Wheels - Mobile Car Wash and Detailing,,+1-213-326-8756,,,Mariposa,CA,P3 | Class A | website broken or unreachable | http://detailonwheelsmerced.com/,,Car Detailers
Hunters mobile car detailing yuba city,,+1-530-418-6407,,,Marysville,CA,P3 | Class A | website broken or unreachable | https://www.huntersdetailing.com/yuba-city,,Car Detailers
Shine Time Mobile Detailing,,+1-530-763-0100,,,Marysville,CA,P3 | Class A | website broken or unreachable | http://shinetimemobiledetailing.com/,,Car Detailers
American Mobil,,+1-951-434-0159,,"29957 Urtica Ct, Menifee, CA 92584, United States",Menifee,CA,P3 | Class A | website broken or unreachable | http://www.americanmobil.com/,,Car Detailers
Done Right Mobile Detailing,,+1-562-230-2618,,"22661 Buttercup Pl, Canyon Lake, CA 92587, United States",Menifee,CA,P3 | Class A | website broken or unreachable | https://www.donerightmobiledetailing.com/?utm_source=google&utm_medium=wix_google_business_profile&utm_campaign=15243736964506279822,,Car Detailers
Harmony Auto Detailing,,+1-951-758-0175,,"21313 Mountain Ave, Perris, CA 92570, United States",Menifee,CA,P3 | Class A | website broken or unreachable | http://harmonyautodetailing.com/,,Car Detailers
National Dent Auto Recon,,+1-951-524-6130,,"31672 Railroad Canyon Rd, Canyon Lake, CA 92587, United States",Menifee,CA,P3 | Class A | website broken or unreachable | https://www.nationaldentautorecon.com/,,Car Detailers
Paradise Auto Care,,+1-951-420-6113,,"33502 Cedar Creek Ln, Lake Elsinore, CA 92532, United States",Menifee,CA,P3 | Class A | website broken or unreachable | https://paradise-autocare.com/,,Car Detailers
Quarters Detailing,,+1-559-515-1881,,,Merced,CA,P3 | Class A | website broken or unreachable | https://quartersdetailing.com/,,Car Detailers
FlyZonia Car Detailing Service,,+1-408-351-1906,,"1788 Willow Lake Ln, San Jose, CA 95131, United States",Milpitas,CA,P3 | Class A | website broken or unreachable | https://flyzoniadetail.site/,,Car Detailers
Sensation Mobile Car Wash,,+1-408-413-1946,,,Milpitas,CA,P3 | Class A | website broken or unreachable | https://sensationmobilecarwash.com/,,Car Detailers
Skyrise Automobile Car Detailing,,+1-408-617-9476,,"4082 Davis St, Santa Clara, CA 95054, United States",Milpitas,CA,P3 | Class A | website broken or unreachable | https://auramaxdetails.site/,,Car Detailers
Liberty Auto Shine,,+1-714-907-3870,,,Mission Viejo,CA,P3 | Class A | website broken or unreachable | https://libertyautoshine.com/,,Car Detailers
South OC Mobile Detailing,,+1-949-324-0893,,,Mission Viejo,CA,P3 | Class A | website broken or unreachable | http://southocmobiledetailing.com/,,Car Detailers
Alex's Mobile Auto Care,,+1-408-394-5466,,,Modesto,CA,P3 | Class A | website broken or unreachable | https://alexsmobileautocare.org/,,Car Detailers
Attention To Detail,,+1-209-578-5672,,"123 E Roseburg Ave, Modesto, CA 95350, United States",Modesto,CA,P3 | Class A | website broken or unreachable | http://www.attentiontodetail.info/,,Car Detailers
House of Detail,,+1-209-603-0920,,"4601 Spyres Way #5, Modesto, CA 95356, United States",Modesto,CA,P3 | Class A | website broken or unreachable | https://houseofdetail209.com/,,Car Detailers
Diamond detail,,+1-408-658-5362,,"Del Monte Blvd, Seaside, CA 93955, United States",Monterey,CA,P3 | Class A | website broken or unreachable | http://www.xn--diamonddetailz-8ua3199jba.org/,,Car Detailers
951 D’TAIL PRO’S,,+1-951-713-6770,,"13661 Rockcrest Dr, Moreno Valley, CA 92553, United States",Moreno Valley,CA,P3 | Class A | website broken or unreachable | https://book.heygoldie.com/MOTREYDTAILS,,Car Detailers
Black Lion Auto Detailing,,+1-951-583-3012,,,Moreno Valley,CA,P3 | Class A | website broken or unreachable | https://carwashriverside.com/,,Car Detailers
Cacheton_details,,+1-951-758-3705,,"Moreno Valley, CA 92557, United States",Moreno Valley,CA,P3 | Class A | website broken or unreachable | https://book.heygoldie.com/Cacheton-Details,,Car Detailers
Details By Jae,,+1-951-373-0232,,,Moreno Valley,CA,P3 | Class A | website broken or unreachable | http://details-by-jae.squarespace.com/,,Car Detailers
Dream Cars Detailing,,+1-909-522-1950,,,Moreno Valley,CA,P3 | Class A | website broken or unreachable | http://dreamcarsdetailing.com/,,Car Detailers
Expert Ride Car Detailing,,+1-747-226-6411,,"24036 Mount Russell Dr, Moreno Valley, CA 92553, United States",Moreno Valley,CA,P3 | Class A | website broken or unreachable | https://expertcardetailingcali.site/,,Car Detailers
Fly-Jack's Mobile Detailing,,+1-951-406-9004,,,Moreno Valley,CA,P3 | Class A | website broken or unreachable | http://fly-jacksmobiledetailing.com/,,Car Detailers
Inland Empire Mobile Auto Detailing,,+1-909-325-3167,,,Moreno Valley,CA,P3 | Class A | website broken or unreachable | http://iemobileautodetailing.com/,,Car Detailers
Mirror Finish Auto Detail & Supply Riverside,,+1-888-317-3818,,"1440 3rd St Suite D-26, Riverside, CA 92507, United States",Moreno Valley,CA,P3 | Class A | website broken or unreachable | http://www.autodetailriverside.com/,,Car Detailers
No Limit Detail,,+1-951-204-0866,,,Moreno Valley,CA,P3 | Class A | website broken or unreachable | https://www.nolimitdetail.biz/,,Car Detailers
Bambino Car Wash,,+1-408-786-1993,,,Mountain View,CA,P3 | Class A | website broken or unreachable | https://cacardetailingsvc.com/,,Car Detailers
Bay Areas Finest Detailing,,+1-650-335-5487,,,Mountain View,CA,P3 | Class A | website broken or unreachable | https://www.bayareasfinestdetailing.com/,,Car Detailers
Elite Mobile Auto Body And Detailing,,+1-408-375-1308,,"2126 Del Monte Ave, Santa Clara, CA 95051, United States",Mountain View,CA,P3 | Class A | website broken or unreachable | https://www.elitemobileautobodyanddetailing.com/,,Car Detailers
L&L Mobile Car Wash,,+1-408-210-1438,,,Mountain View,CA,P3 | Class A | website broken or unreachable | https://llmobilecarwash.com/,,Car Detailers
Miar's Mobile Detailing,,+1-650-336-0296,,,Mountain View,CA,P3 | Class A | website broken or unreachable | https://miarsmobiledetailing.com/,,Car Detailers
Mobile auto spa,,+1-650-789-0409,,,Mountain View,CA,P3 | Class A | website broken or unreachable | https://bayareamobiledetailer.com/,,Car Detailers
Dapper Detailing Mobile,,+1-951-216-3127,,,Murrieta,CA,P3 | Class A | website broken or unreachable | https://www.dapper-detail.com/,,Car Detailers
Monty’s Detailing,,+1-805-915-9108,,"Calle Real, Murrieta, CA 92563, United States",Murrieta,CA,P3 | Class A | website broken or unreachable | https://bmontalvo1796.wixsite.com/my-site,,Car Detailers
The Spotless Choice,,+1-951-406-8414,,"36491 Yamas Dr, Wildomar, CA 92595, United States",Murrieta,CA,P3 | Class A | website broken or unreachable | http://thespotlesschoice.com/,,Car Detailers
"Vortex Auto Detail || Ceramic Coating , Paint Correction, Paint Protection Film (PPF), Window Tint, & Vinyl Wrap",,+1-760-877-7083,,"42387 Avenida Alvarado #111, Temecula, CA 92590, United States",Murrieta,CA,P3 | Class A | website broken or unreachable | http://vortexautodetail.com/,,Car Detailers
Wash Pros Mobile,,+1-619-962-5926,,,Murrieta,CA,P3 | Class A | parked/expired domain | https://www.washprosmobile.com/,,Car Detailers
Yeshua Car Detailing,,+1-951-331-0131,,,Murrieta,CA,P3 | Class A | website broken or unreachable | https://www.yeshuadetailing.com/,,Car Detailers
Jr Auto Detail,,+1-707-363-8562,,,Napa,CA,P3 | Class A | website broken or unreachable | https://www.jrautodetail.com/,,Car Detailers
Oro Detailing,,+1-707-531-0327,,,Napa,CA,P3 | Class A | website broken or unreachable | https://www.oromobiledetailing.com/,,Car Detailers
Aurora Detailing LAC,,+1-562-712-9857,,,Norwalk,CA,P3 | Class A | website broken or unreachable | https://auroradetailinglac.com/,,Car Detailers
Shine Your Ride Car Detailing,,+1-818-722-6827,,"11306 Painter Ave, Whittier, CA 90605, United States",Norwalk,CA,P3 | Class A | website broken or unreachable | https://shineyourridecardetailing.site/,,Car Detailers
Sol Bright Car Detailing,,+1-562-573-5780,,"13601 La Mirada Blvd, La Mirada, CA 90638, United States",Norwalk,CA,P3 | Class A | website broken or unreachable | https://solbrightcardetailing.site/,,Car Detailers
Transhine | Paint Protection Film (PPF) | Ceramic Coating,,+1-562-693-5619,,"15130 Whittier Blvd, Whittier, CA 90603, United States",Norwalk,CA,P3 | Class A | website broken or unreachable | https://transhine.com/,,Car Detailers
Marin Mobile Detail,,+1-415-850-8119,,,Novato,CA,P3 | Class A | website broken or unreachable | https://marinmobiledetail.com/,,Car Detailers
CHILL’D MOBILE DETAIL,,+1-510-459-8182,,,Oakland,CA,P3 | Class A | website broken or unreachable | https://chilldmobiledetail.com/,,Car Detailers
Top Tier Mobile Detailing (Auto & RV),,+1-209-570-7132,,,Oakland,CA,P3 | Class A | website broken or unreachable | http://www.gotoptierdetailing.com/,,Car Detailers
BlueWave Auto Detailing,,+1-760-802-5499,,,Oceanside,CA,P3 | Class A | website broken or unreachable | http://www.bluewaveautodetailing.com/,,Car Detailers
Bones Automotive Detailng,,+1-951-230-9143,,"4760 Live Oak Ct, Oceanside, CA 92056, United States",Oceanside,CA,P3 | Class A | website broken or unreachable | https://www.bonesautomotivedetailing.com/?utm_source=google&utm_medium=wix_google_business_profile&utm_campaign=12947074843704168917,,Car Detailers
Detailed Touch Mobile Auto Detailing,,+1-760-696-7883,,,Oceanside,CA,P3 | Class A | website broken or unreachable | https://www.appointfix.com/Detailed-Touch,,Car Detailers
Oceanside Mobile Detailing,,+1-760-458-2399,,,Oceanside,CA,P3 | Class A | website broken or unreachable | https://oceansidemobiledetailing.com/,,Car Detailers
Detail Up - Mobile Auto Detailing,,+1-909-313-4002,,,Ontario,CA,P3 | Class A | website broken or unreachable | http://www.detailupca.com/,,Car Detailers
Inland Detail Mobile Car and Auto Detailing Rancho Cucamonga,,+1-909-280-1007,,"9547 San Bernardino Rd, Rancho Cucamonga, CA 91730, United States",Ontario,CA,P3 | Class A | website broken or unreachable | https://inlanddetails.com/,,Car Detailers
KMobile Auto Detailer,,+1-909-618-2681,,"2426 S Calaveras Pl, Ontario, CA 91761, United States",Ontario,CA,P3 | Class A | website broken or unreachable | http://www.kmobileautodetailer.com/,,Car Detailers
LS Auto Detail,,+1-323-523-9802,,,Ontario,CA,P3 | Class A | website broken or unreachable | https://lsautodetail.com/,,Car Detailers
M2MDetail,,+1-909-261-5498,,"1342 N Benson Ave Unit a, Upland, CA 91786, United States",Ontario,CA,P3 | Class A | website broken or unreachable | http://www.m2mdetail.com/,,Car Detailers
PSG mobile detailing,,+1-909-816-0691,,,Ontario,CA,P3 | Class A | website broken or unreachable | https://www.psgmobiledetaling.com/,,Car Detailers
Polish Crew Mobile Auto Detailing,,+1-951-268-4371,,,Ontario,CA,P3 | Class A | website broken or unreachable | http://bestmobiledetailing.com/,,Car Detailers
Prime Shine Mobile Auto Detailing,,+1-909-240-6493,,,Ontario,CA,P3 | Class A | website broken or unreachable | http://primeshinemobileautodetailing.com/,,Car Detailers
Supreme Autos Lab,,+1-909-701-1183,,,Ontario,CA,P3 | Class A | website broken or unreachable | https://www.supremeautoslab.com/,,Car Detailers
Upland Mobile Detailing,,+1-909-414-1388,,"1609 N Mountain Ave, Upland, CA 91784, United States",Ontario,CA,P3 | Class A | website broken or unreachable | https://kakishmobiledetail.com/,,Car Detailers
Young Mobile Detailing,,+1-951-264-9370,,,Ontario,CA,P3 | Class A | website broken or unreachable | http://youngmobiledetail.com/,,Car Detailers
The Shine Auto Detailing,,+1-949-257-5104,,"2220 E Dana Ave, Orange, CA 92867, United States",Orange,CA,P3 | Class A | website broken or unreachable | https://lp.qualityresourcellc.com/test-the-shine-auto-detailing-laguna-niguel-ca,,Car Detailers
Tidyworks Mobile Detailing,,+1-657-207-8806,,,Orange,CA,P3 | Class A | website broken or unreachable | https://www.tidyworksmobiledetailing.com/,,Car Detailers
Aracas Mobile Detailing,,+1-805-320-3745,,"550 Ivywood Dr, Oxnard, CA 93030, United States",Oxnard,CA,P3 | Class A | website broken or unreachable | https://www.aracasdetailing.com/?utm_source=google&utm_medium=wix_google_business_profile&utm_campaign=11671893174140516740,,Car Detailers
Car Detailing / Mobile,,+1-805-538-2759,,"725 County Square Dr, Ventura, CA 93003, United States",Oxnard,CA,P3 | Class A | website broken or unreachable | http://cardetailinglosangeles.com/ventura-ca.php,,Car Detailers
Renew Right Car Detailing,,+1-747-269-1029,,"424 E Juniper St, Oxnard, CA 93033, United States",Oxnard,CA,P3 | Class A | website broken or unreachable | https://renewridecardetailing.shop/,,Car Detailers
Tech Mobile Auto Detailing Ventura,,+1-805-628-6023,,,Oxnard,CA,P3 | Class A | website broken or unreachable | https://techmobilautodetailing.com/,,Car Detailers
Zero2Sixty Experience,,+1-323-395-1134,,"1000 Town Center Dr, Oxnard, CA 93036, United States",Oxnard,CA,P3 | Class A | website broken or unreachable | http://zerotwosixtyexperience.com/,,Car Detailers
Desert Luxe Car Detailing,,+1-714-299-9730,,,Palm Desert,CA,P3 | Class A | website broken or unreachable | https://desertluxecardetailing.site/,,Car Detailers
EZDetails,,+1-760-831-3335,,,Palm Desert,CA,P3 | Class A | website broken or unreachable | http://ezdetailss.com/,,Car Detailers
Jet Mobile Car Wash & Detailing,,+1-760-844-6687,,"74794 42nd Ave Suite 1A, Palm Desert, CA 92260, United States",Palm Desert,CA,P3 | Class A | website broken or unreachable | https://coachellavalleydetailing.com/,,Car Detailers
Absolute Detail,,+1-760-272-7648,,,Palm Springs,CA,P3 | Class A | website broken or unreachable | http://theabsolutedetail.com/?utm_source=gmb&utm_medium=referral,,Car Detailers
Ceramic pro Palm Springs,,+1-760-972-8112,,"19345 N Indian Canyon Dr Building1 suite f, North Palm Springs, CA 92258, United States",Palm Springs,CA,P3 | Class A | website broken or unreachable | https://ceramicprocanyon.com/?utm_source=GBP&utm_medium=Organic,,Car Detailers
Kevs Auto Spa,,+1-760-844-9066,,,Palm Springs,CA,P3 | Class A | website broken or unreachable | http://kevsautospa.com/,,Car Detailers
MR DEEP CLEAN - MOBILE CAR DETAILING,,+1-909-353-0701,,,Palm Springs,CA,P3 | Class A | website broken or unreachable | https://mrdeepclean.com/,,Car Detailers
2damaxcarcare LLC,,+1-661-674-0292,,"550 W Rancho Vista Blvd Ste D #5009, Palmdale, CA 93551, United States",Palmdale,CA,P3 | Class A | website broken or unreachable | http://2damaxcarcare.com/,,Car Detailers
Magnitude Mobile Auto Spa,,+1-661-718-5364,,"Palmdale, CA 93550, United States",Palmdale,CA,P3 | Class A | website broken or unreachable | https://magnitudemobile-auto-spa.com/,,Car Detailers
T Shine Detailing AV,,+1-747-474-6895,,"3241 Lennox Ct, Palmdale, CA 93551, United States",Palmdale,CA,P3 | Class A | website broken or unreachable | https://www.tshinedetailing.com/?utm_source=google&utm_medium=wix_google_business_profile&utm_campaign=10599604087732653076,,Car Detailers
AH Auto Details,,+1-650-213-2727,,"2214 Lincoln St, East Palo Alto, CA 94303, United States",Palo Alto,CA,P3 | Class A | website broken or unreachable | https://ahautodetails.com/,,Car Detailers
Ajandek Detailing,,+1-626-637-8643,,,Pasadena,CA,P3 | Class A | website broken or unreachable | http://www.ajandekdetailing.com/,,Car Detailers
CarWin Auto Detailing,,+1-818-213-6865,,"25 S San Marino Ave, Pasadena, CA 91107, United States",Pasadena,CA,P3 | Class A | website broken or unreachable | https://carwindetailing.com/,,Car Detailers
Classy Car Detailing Zone,,+1-747-588-7392,,"5616 Hub St, Highland Park, CA 90042, United States",Pasadena,CA,P3 | Class A | website broken or unreachable | https://classycardetailing.shop/,,Car Detailers
Only Suds detailing,,+1-323-501-7322,,,Pasadena,CA,P3 | Class A | website broken or unreachable | http://onlysudsdetailing.com/,,Car Detailers
Zip Mobile Car Detailing Pasadena,,+1-213-855-0883,,"281 E Colorado Blvd, Pasadena, CA 91101, United States",Pasadena,CA,P3 | Class A | website broken or unreachable | http://www.zipmobile.zip/,,Car Detailers
Patterson Mobile Detailing,,+1-209-262-0805,,,Patterson,CA,P3 | Class A | website broken or unreachable | http://pattersondetailing.com/,,Car Detailers
The Auto Spa - Car Detailing,,+1-209-695-7862,,,Patterson,CA,P3 | Class A | website broken or unreachable | http://theautospaautodetail.squarespace.com/,,Car Detailers
Giant Map Details,,+1-707-778-1124,,"800 Lindberg Ln, Petaluma, CA 94952, United States",Petaluma,CA,P3 | Class A | website broken or unreachable | http://www.giantmapart.com/contacts_giant_maps.html,,Car Detailers
O.S. Suds,,+1-530-903-3074,,,Placerville,CA,P3 | Class A | website broken or unreachable | https://www.ossudsautodetailing.com/,,Car Detailers
Cornerstone Car Detailing,,+1-503-309-6355,,,Pomona,CA,P3 | Class A | website broken or unreachable | https://www.cornerstonecardetailing.com/,,Car Detailers
Power Toolz Auto Detailing,,+1-714-583-3048,,,Pomona,CA,P3 | Class A | website broken or unreachable | https://powertoolzdetail.webs.com/,,Car Detailers
Titan Mobile Detailing,,+1-909-323-8126,,,Pomona,CA,P3 | Class A | website broken or unreachable | http://premiumpropertycleaning.com/,,Car Detailers
Obsidian Mobile Detailing,,+1-559-756-9830,,,Porterville,CA,P3 | Class A | website broken or unreachable | https://www.obsidandetailing.org/,,Car Detailers
Detailing Fanatics,,+1-916-836-8380,,,Rancho Cordova,CA,P3 | Class A | website broken or unreachable | https://www.detailingfanatics.com/,,Car Detailers
Teejay's Detailing Services,,+1-832-436-9402,,,Rancho Cordova,CA,P3 | Class A | website broken or unreachable | https://www.teejaysmobiledetailing.com/,,Car Detailers
Alpha-Rez Detailing,,+1-909-615-5712,,"12730 Camassia Ct, Rancho Cucamonga, CA 91739, United States",Rancho Cucamonga,CA,P3 | Class A | website broken or unreachable | https://www.alpharezdetailing.com/,,Car Detailers
Austin's Furious Detailing,,+1-442-438-1813,,,Rancho Cucamonga,CA,P3 | Class A | website broken or unreachable | http://bookyourdetailing.com/furious,,Car Detailers
Doorstep Auto Detailing,,+1-949-547-3815,,,Rancho Cucamonga,CA,P3 | Class A | website broken or unreachable | https://doorstepdetailgarage.com/,,Car Detailers
El Chingon Professional Vehicle Care,,+1-909-757-3331,,"11010 Arrow Route Unit 103, Rancho Cucamonga, CA 91730, United States",Rancho Cucamonga,CA,P3 | Class A | website broken or unreachable | https://elchingonusa.com/,,Car Detailers
Magic Transform Car Detailing,,+1-747-836-4718,,"9463 Placer St, Rancho Cucamonga, CA 91730, United States",Rancho Cucamonga,CA,P3 | Class A | website broken or unreachable | https://magicaltransformationcardetailing.site/,,Car Detailers
Upland Mobile Car Detailing,,+1-657-226-5451,,,Rancho Cucamonga,CA,P3 | Class A | website broken or unreachable | https://uplandcardetail.com/,,Car Detailers
wyckoff custom detailing,,+1-530-990-6518,,,Red Bluff,CA,P3 | Class A | website broken or unreachable | https://www.wyckoffcustoms.com/?utm_source=google&utm_medium=wix_google_business_profile&utm_campaign=11173614013181489589,,Car Detailers
Asier Auto Detailing Specialists.,,+1-530-513-9357,,"273 Boulder Creek Dr, Redding, CA 96003, United States",Redding,CA,P3 | Class A | website broken or unreachable | http://www.asierautodetail.com/,,Car Detailers
Black Diamond Detail,,+1-530-604-1270,,"3834 Fujiyama Way, Redding, CA 96001, United States",Redding,CA,P3 | Class A | website broken or unreachable | https://www.blackdiamonddetailredding.net/,,Car Detailers
On Point Auto Detailz,,+1-530-464-1536,,,Redding,CA,P3 | Class A | website broken or unreachable | https://www.onpointdetailz.com/?utm_source=gbp&utm_medium=social-profile&utm_campaign=gbp,,Car Detailers
RockCleano Car Detailing Service,,+1-530-444-8606,,"1048 Mistletoe Ln, Redding, CA 96002, United States",Redding,CA,P3 | Class A | website broken or unreachable | https://rockcleanodetail.site/,,Car Detailers
Singleton Detailing & Paint Protection,,+1-530-510-1167,,"2434 Victor Ave, Redding, CA 96002, United States",Redding,CA,P3 | Class A | website broken or unreachable | http://www.singletondetailing.com/,,Car Detailers
Splash Bros. Mobile Detailing,,+1-530-806-8602,,"4385 Hoopa Path, Redding, CA 96003, United States",Redding,CA,P3 | Class A | website broken or unreachable | https://www.splash-bros-mobile-detailing.net/,,Car Detailers
The Detailing Lab,,+1-530-638-3216,,,Redding,CA,P3 | Class A | website broken or unreachable | https://thedetailinglab.com/,,Car Detailers
Crystal Clear Auto Care,,+1-840-234-9325,,,Redlands,CA,P3 | Class A | website broken or unreachable | https://www.crystalclearautocare.com/,,Car Detailers
Mas Bro Auto Detail,,+1-909-654-6772,,,Redlands,CA,P3 | Class A | website broken or unreachable | http://www.masbroautodetail.com/,,Car Detailers
AE Mobile Detailing,,+1-415-424-7254,,,Redwood City,CA,P3 | Class A | website broken or unreachable | https://aemobilecarwash.com/book-your-wash-i/,,Car Detailers
Bay Area Mobile Car Detailer Gloss Look Bay Area mobile Auto Detailing,,+1-650-699-2170,,"507 N Delaware St, San Mateo, CA 94401, United States",Redwood City,CA,P3 | Class A | website broken or unreachable | https://bayareacardetailer.com/,,Car Detailers
Dan's Detailing,,+1-650-769-9885,,,Redwood City,CA,P3 | Class A | website broken or unreachable | https://www.dansdetailing.online/?utm_source=google&utm_medium=wix_google_business_profile&utm_campaign=13713046254013461076,,Car Detailers
Vinyl Styles,,+1-650-275-2124,,"285 Old County Rd #12, San Carlos, CA 94070, United States",Redwood City,CA,P3 | Class A | website broken or unreachable | http://www.vinylstyles.com/,,Car Detailers
Motion Detailin,,+1-951-902-8879,,,Rialto,CA,P3 | Class A | website broken or unreachable | https://carpolishingrialto.com/,,Car Detailers
Riveramobiledetailing,,+1-909-997-7507,,,Rialto,CA,P3 | Class A | website broken or unreachable | https://www.riveramobiledetailing.com/,,Car Detailers
Bayarea Detailing Solutions,,+1-510-426-4724,,"2266 Central St, Richmond, CA 94801, United States",Richmond,CA,P3 | Class A | website broken or unreachable | https://bayareadetailingsolutions.com/?gad_source=1&gbraid=0AAAAA_HZtWIFcwJJc8yIslx68wy0ikG02,,Car Detailers
Bam Detailing,,+1-951-897-3011,,"4068 Wallace St, Riverside, CA 92509, United States",Riverside,CA,P3 | Class A | website broken or unreachable | https://riversidebamcardetailing.godaddysites.com/,,Car Detailers
Detailw_rick,,+1-951-206-8274,,,Riverside,CA,P3 | Class A | website broken or unreachable | http://www.detailwrick.com/,,Car Detailers
Drip Or Drown Detailing,,+1-951-216-3431,,,Riverside,CA,P3 | Class A | website broken or unreachable | https://www.dripordrowndetailing.com/,,Car Detailers
Gloss Boss/ Wipe Me Down Detailing,,+1-323-385-6609,,"5358 Lantana St, Riverside, CA 92504, United States",Riverside,CA,P3 | Class A | website broken or unreachable | https://www.glossboss.rocks/riverside,,Car Detailers
Highend Auto Detailing & Tint Studio,,+1-951-544-7296,,"8668 Limonite Ave, Riverside, CA 92509, United States",Riverside,CA,P3 | Class A | website broken or unreachable | https://mobileautodetailingriverside.com/,,Car Detailers
Mobile Headlight Restoration PRO'S...,,+1-951-742-9079,,"3601 Crestmore Rd, Riverside, CA 92509, United States",Riverside,CA,P3 | Class A | website broken or unreachable | https://headlightsolutions.online/,,Car Detailers
Nine Five One Empire Auto Detail,,+1-951-533-0835,,"5358 Bell Ave, Riverside, CA 92509, United States",Riverside,CA,P3 | Class A | website broken or unreachable | http://www.951empireautodetail.com/,,Car Detailers
SoCal Joe’s Detailing Service LLC,,+1-951-422-7660,,"2905 Molly St, Riverside, CA 92506, United States",Riverside,CA,P3 | Class A | website broken or unreachable | http://www.socaljoes-detailing.me/,,Car Detailers
Zack's Mobile Detailing,,+1-951-750-4050,,,Riverside,CA,P3 | Class A | website broken or unreachable | https://zmdetailing.com/,,Car Detailers
Aveed's Auto Detailing,,+1-916-542-0774,,,Rocklin,CA,P3 | Class A | website broken or unreachable | http://aveedsauto.com/,,Car Detailers
EA Shines Mobile Auto Detail,,+1-916-306-7973,,,Rocklin,CA,P3 | Class A | website broken or unreachable | http://eashines.com/,,Car Detailers
Gold Country Detailing,,+1-916-532-0937,,,Rocklin,CA,P3 | Class A | website broken or unreachable | http://goldcountrydetailing.com/,,Car Detailers
JRV Mobile Detailing,,+1-916-860-9589,,"3970 Rocklin Rd, Rocklin, CA 95677, United States",Rocklin,CA,P3 | Class A | website broken or unreachable | https://jrvmobiledetailing.com/,,Car Detailers
The Dueling Detailers,,+1-916-258-5721,,,Rocklin,CA,P3 | Class A | website broken or unreachable | https://theduelingdetailers.com/,,Car Detailers
Blackout Detailing,,+1-669-271-2106,,,Roseville,CA,P3 | Class A | website broken or unreachable | https://blackoutdetailing.org/,,Car Detailers
StageTwo Labs,,+1-916-235-3713,,,Roseville,CA,P3 | Class A | website broken or unreachable | https://stage2labs.com/,,Car Detailers
NL Mobile Detailing,,+1-916-707-4274,,"6307 Newkirk Dr, Sacramento, CA 95824, United States",Sacramento,CA,P3 | Class A | website broken or unreachable | http://nlmobiledetailing.com/?utm_source=gmb&utm_medium=referral,,Car Detailers
APL Auto Detailing,,+1-831-235-0069,,,Salinas,CA,P3 | Class A | website broken or unreachable | http://aplautodetailing.com/home-1,,Car Detailers
Adrian Mobile Detail,,+1-831-737-3113,,"228 Amador, Soledad, CA 93960, United States",Salinas,CA,P3 | Class A | website broken or unreachable | http://adrianmobiledetailsirveces.com/miduimcc,,Car Detailers
Bling Bling King Clean,,+1-831-800-3191,,"635 Sanborn Pl Suite 7, Salinas, CA 93901, United States",Salinas,CA,P3 | Class A | website broken or unreachable | http://blingblingkingclean.com/,,Car Detailers
Brilliance Auto Detailing,,+1-831-235-1344,,,Salinas,CA,P3 | Class A | website broken or unreachable | https://www.icdetails.net/,,Car Detailers
Hydro Swift Mobile Detailing,,+1-831-594-4720,,,Salinas,CA,P3 | Class A | website broken or unreachable | https://www.hydroswiftautodetailing.com/home,,Car Detailers
LucidWorx,,+1-831-785-9709,,"1280 Rider Ave spc 17, Salinas, CA 93905, United States",Salinas,CA,P3 | Class A | website broken or unreachable | https://washy.pro/lucidworx/landing,,Car Detailers
Arctic Shine Auto Car Detailing,,+1-747-281-2845,,"1365 Cedar St, San Bernardino, CA 92404, United States",San Bernardino,CA,P3 | Class A | website broken or unreachable | https://arcticshinecardetailing.shop/,,Car Detailers
IE MOBILE DETAILER,,+1-626-423-9516,,,San Bernardino,CA,P3 | Class A | website broken or unreachable | https://iemobiledetailing.com/,,Car Detailers
Kool Kars Mobile Detailing,,+1-909-730-6615,,"1898 N Mountain View Ave, San Bernardino, CA 92405, United States",San Bernardino,CA,P3 | Class A | website broken or unreachable | https://www.koolkars.com/,,Car Detailers
Mobile Carwash Near Me LLC,,+1-909-907-0828,,,San Bernardino,CA,P3 | Class A | website broken or unreachable | https://mobilewashnearme.com/,,Car Detailers
Finest City Mobile Detail,,+1-858-633-3643,,,San Diego,CA,P3 | Class A | website broken or unreachable | https://www.finestcitymobiledetail.com/,,Car Detailers
LuxShine Mobile Car Detailing San Diego,,+1-619-639-1091,,"2333 Camino del Rio S, San Diego, CA 92108, United States",San Diego,CA,P3 | Class A | website broken or unreachable | https://luxshinemobilecardetailingsd.net/,,Car Detailers
Primal Vinyl Wraps & Detailing LLC,,+1-707-354-1999,,"4455 Murphy Canyon Rd Ste 100, San Diego, CA 92123, United States",San Diego,CA,P3 | Class A | website broken or unreachable | https://www.primalvinylwraps.com/?utm_source=google&utm_medium=wix_google_business_profile&utm_campaign=18415349161500735376,,Car Detailers
Pristine Auto 619 Mobile Detailing,,+1-619-708-1196,,"2867 C St, San Diego, CA 92102, United States",San Diego,CA,P3 | Class A | website broken or unreachable | https://www.pristineautollc.com/mobile-auto-detailing-san-diego,,Car Detailers
Tropicali Mobile Auto Spa,,+1-415-915-8866,,,San Francisco,CA,P3 | Class A | website broken or unreachable | https://www.tropicaliautospa.com/,,Car Detailers
Ceramic Pro,,+1-408-218-7331,,"1501 Terminal Ave, San Jose, CA 95112, United States",San Jose,CA,P3 | Class A | website broken or unreachable | https://ceramicpronorthsanjose.com/,,Car Detailers
Detail Run | Mobile Car Detailing San Jose,,+1-408-214-9355,,,San Jose,CA,P3 | Class A | website broken or unreachable | https://www.detail-run.com/,,Car Detailers
Elijah’s Car Detailing,,+1-206-802-5929,,,San Jose,CA,P3 | Class A | website broken or unreachable | https://elijahscardetailing.com/,,Car Detailers
FreshMaxing Car Detailing,,+1-408-662-1160,,"630 Blossom Hill Rd, San Jose, CA 95123, United States",San Jose,CA,P3 | Class A | website broken or unreachable | https://freshmaxdetail.site/,,Car Detailers
JB Auto Spa,,+1-408-636-6723,,"5725 Winfield Blvd #2b, San Jose, CA 95123, United States",San Jose,CA,P3 | Class A | website broken or unreachable | https://ceramicprosouthsanjose.com/,,Car Detailers
MS Mobile Detailing Bay Area,,+1-669-360-0440,,,San Jose,CA,P3 | Class A | website broken or unreachable | https://msmobiledetailingsanjose.com/,,Car Detailers
Nivo Detail,,+1-408-242-9975,,,San Jose,CA,P3 | Class A | website broken or unreachable | https://nivodetail.com/,,Car Detailers
SP mobile detailing,,+1-408-917-8005,,"193 Sunnyslope Ave, San Jose, CA 95127, United States",San Jose,CA,P3 | Class A | website broken or unreachable | http://www.spmobiledetailbayarea.com/,,Car Detailers
Tommy's Turbo Detailing,,+1-408-630-5907,,,San Jose,CA,P3 | Class A | website broken or unreachable | https://www.tommysturbodetailing.biz/,,Car Detailers
Bianca’s Automotive Detailing,,+1-916-871-7779,,,San Luis Obispo,CA,P3 | Class A | website broken or unreachable | https://perfectdetailing.org/biancasautomotivedetailingco/,,Car Detailers
Detail SLO,,+1-805-627-3804,,"462 Bello St, Pismo Beach, CA 93449, United States",San Luis Obispo,CA,P3 | Class A | website broken or unreachable | http://detailslo.youcanbook.me/,,Car Detailers
SV Auto Detailing,,+1-408-438-7951,,,San Luis Obispo,CA,P3 | Class A | website broken or unreachable | http://www.seanvautodetailing.com/,,Car Detailers
Santana's Mobile Detail,,+1-714-605-3192,,,San Luis Obispo,CA,P3 | Class A | website broken or unreachable | https://santanasmobiledetail.com/,,Car Detailers
Steam Auto,,+1-805-439-4599,,"141 Suburban Rd suite E2, San Luis Obispo, CA 93401, United States",San Luis Obispo,CA,P3 | Class A | website broken or unreachable | https://www.steam-auto.com/,,Car Detailers
The central coast premium detail/ Santa Maria ceramic coatings,,+1-805-769-5365,,,San Luis Obispo,CA,P3 | Class A | website broken or unreachable | https://thecentralcoastpremium.com/,,Car Detailers
schoolboys mobile detail,,+1-805-458-9894,,,San Luis Obispo,CA,P3 | Class A | website broken or unreachable | https://schoolboysdetail.com/,,Car Detailers
Sam's Fam Bam Auto Detail,,+1-619-909-2501,,"112 Christen Way, San Marcos, CA 92069, United States",San Marcos,CA,P3 | Class A | website broken or unreachable | https://luxuryautodetailingsanmarcos.com/,,Car Detailers
San Diego SMS Detailing,,+1-760-809-8187,,,San Marcos,CA,P3 | Class A | website broken or unreachable | https://sandiegosmsdetailing.com/,,Car Detailers
JB Auto Spa - San Carlos - Ceramic Coating - PPF - Window Tinting,,+1-650-675-5129,,"181 Industrial Rd Suite B, San Carlos, CA 94070, United States",San Mateo,CA,P3 | Class A | website broken or unreachable | https://carpaintprotectionbayarea.com/,,Car Detailers
Sahara Auto Detail,,+1-650-458-7739,,"2300 S El Camino Real, San Mateo, CA 94403, United States",San Mateo,CA,P3 | Class A | website broken or unreachable | http://saharadetail.com/,,Car Detailers
Arai Detailing,,+1-415-710-6148,,,San Rafael,CA,P3 | Class A | website broken or unreachable | https://www.araidetailing.com/,,Car Detailers
Goodrich Auto-Detailing,,+1-415-686-8997,,,San Rafael,CA,P3 | Class A | website broken or unreachable | https://marincardetailing.com/,,Car Detailers
Tam Auto Detailing,,+1-415-712-4474,,,San Rafael,CA,P3 | Class A | website broken or unreachable | https://www.tamautodetailing.com/,,Car Detailers
Caleb's Car Detailing,,+1-925-856-0367,,"108 Merano St, Danville, CA 94526, United States",San Ramon,CA,P3 | Class A | website broken or unreachable | https://calebscardetailing.simplybook.me/,,Car Detailers
NP Auto Detailing,,+1-888-234-3704,,"1403 E Edinger Ave, Santa Ana, CA 92705, United States",Santa Ana,CA,P3 | Class A | website broken or unreachable | https://www.npautodetailing.com/contact-us.html,,Car Detailers
Supreme Auto Detail,,+1-714-478-5909,,"2012 S Main St, Santa Ana, CA 92707, United States",Santa Ana,CA,P3 | Class A | website broken or unreachable | http://www.supremeautodetailoc.com/,,Car Detailers
AC3 Mobile Auto Detailing,,+1-805-450-0739,,"1130 San Andres St, Santa Barbara, CA 93101, United States",Santa Barbara,CA,P3 | Class A | website broken or unreachable | http://ac3autodetailing.com/,,Car Detailers
Munoz Auto Detailing,,+1-818-300-9989,,,Santa Barbara,CA,P3 | Class A | website broken or unreachable | https://munozautodetailing.com/,,Car Detailers
Myles Mobile Auto Detailing,,+1-805-280-2222,,,Santa Barbara,CA,P3 | Class A | website broken or unreachable | https://www.mylesautodetailing.com/,,Car Detailers
PRO AUTO STUDIO,,+1-650-750-6515,,"1190 Norman Ave, Santa Clara, CA 95054, United States",Santa Clara,CA,P3 | Class A | website broken or unreachable | https://proautostudio.com/,,Car Detailers
Sparkle Detail,,+1-408-205-3996,,"1486 Jefferson St, Santa Clara, CA 95050, United States",Santa Clara,CA,P3 | Class A | website broken or unreachable | http://www.sparkledetailsdkim.com/,,Car Detailers
golden care auto detail,,+1-650-779-7475,,"950 Comstock St, Santa Clara, CA 95054, United States",Santa Clara,CA,P3 | Class A | website broken or unreachable | https://goldencaredetail.com/,,Car Detailers
Avant Auto Care,,+1-661-417-1222,,,Santa Clarita,CA,P3 | Class A | website broken or unreachable | https://avantautocare.com/,,Car Detailers
Best SCV Mobile Detail,,+1-661-593-3742,,"23022 Las Mananitas Dr, Santa Clarita, CA 91354, United States",Santa Clarita,CA,P3 | Class A | website broken or unreachable | https://www.bestscvmobiledetail.com/contact,,Car Detailers
BrightHub Car Detailing,,+1-747-922-4513,,"25453 Vía Jardin, Santa Clarita, CA 91355, United States",Santa Clarita,CA,P3 | Class A | website broken or unreachable | https://brighthubcardetailing.site/,,Car Detailers
Onyx Auto Detailing LLC,,+1-661-605-5576,,"27943 Seco Canyon Rd #1121, Santa Clarita, CA 91350, United States",Santa Clarita,CA,P3 | Class A | website broken or unreachable | https://onyxautodetailing.co/,,Car Detailers
Showroom Gloss,,+1-661-670-3345,,,Santa Clarita,CA,P3 | Class A | website broken or unreachable | http://showroomgloss.com/,,Car Detailers
Arkadiy's Mobile Luxury Car Detailing - Los Gatos,,+1-669-208-8231,,,Santa Cruz,CA,P3 | Class A | website broken or unreachable | https://www.arkadiysmobiledetailing.com/,,Car Detailers
El Chapín Mobile Car Wash,,+1-831-297-8776,,,Santa Cruz,CA,P3 | Class A | website broken or unreachable | http://elchapincarwash.com/,,Car Detailers
J&W mobile car detailing,,+1-831-348-2282,,,Santa Cruz,CA,P3 | Class A | website broken or unreachable | http://www.jwmobilecardetailing.com/,,Car Detailers
MR. J'S MOBILE DETAIL,,+1-831-254-2196,,,Santa Cruz,CA,P3 | Class A | website broken or unreachable | https://www.mrjsmobile.com/,,Car Detailers
S&R Detailing,,+1-831-222-7669,,,Santa Cruz,CA,P3 | Class A | website broken or unreachable | http://sxrcardetailing.com/,,Car Detailers
805 Finest Mobile Detail,,+1-805-266-4027,,,Santa Maria,CA,P3 | Class A | website broken or unreachable | https://805finestmobiledetail.jobbersites.com/,,Car Detailers
Gil's Mobile Detail,,+1-805-621-3369,,,Santa Maria,CA,P3 | Class A | website broken or unreachable | http://gilsmobiledatail.com/,,Car Detailers
Horus mobile detailing,,+1-805-478-6468,,,Santa Maria,CA,P3 | Class A | website broken or unreachable | https://horusmobiledetailing.com/,,Car Detailers
PrimeLine Detail,,+1-805-406-2326,,,Santa Maria,CA,P3 | Class A | website broken or unreachable | https://primelinedetail.com/,,Car Detailers
Magic Auto Detail,,+1-424-877-2892,,"4105 Via Marina, Marina Del Rey, CA 90292, United States",Santa Monica,CA,P3 | Class A | website broken or unreachable | http://www.magicdetailwash.com/,,Car Detailers
Mobile car wash SheenyCars,,+1-310-422-2788,,"Beverly Blvd, Beverly Hills, CA 90212, United States",Santa Monica,CA,P3 | Class A | website broken or unreachable | http://sheenycarsllc.com/,,Car Detailers
Playa Detailing,,+1-323-406-8391,,,Santa Monica,CA,P3 | Class A | website broken or unreachable | http://www.playadetailing.com/?utm_source=google&utm_medium=wix_google_business_profile&utm_campaign=2830503745656656003,,Car Detailers
Westgate Car Detailing,,+1-213-587-7418,,"936 Harvard St, Santa Monica, CA 90403, United States",Santa Monica,CA,P3 | Class A | website broken or unreachable | https://westgatecardetailing.site/,,Car Detailers
ANR Detail,,+1-707-889-5829,,,Santa Rosa,CA,P3 | Class A | website broken or unreachable | http://anrdetail.com/,,Car Detailers
AV Luxury Sport Detailing,,+1-707-478-9548,,,Santa Rosa,CA,P3 | Class A | website broken or unreachable | https://www.avluxurysportdetail.com/,,Car Detailers
Adi's Mobile Car Detailing Santa Rosa,,+1-707-694-8978,,"2360 Mendocino Ave A2, Santa Rosa, CA 95403, United States",Santa Rosa,CA,P3 | Class A | website broken or unreachable | https://www.adismobiledetailing.com/,,Car Detailers
AutoMo Detailing,,+1-707-623-8571,,"4005 Hoen Ave #7, Santa Rosa, CA 95405, United States",Santa Rosa,CA,P3 | Class A | website broken or unreachable | https://automodetailing.com/?utm_source=google&utm_medium=wix_google_business_profile&utm_campaign=6400062187483506375,,Car Detailers
Detailpro,,+1-707-495-2175,,"243 W 6th St, Santa Rosa, CA 95401, United States",Santa Rosa,CA,P3 | Class A | website broken or unreachable | http://detailpro.company.site/,,Car Detailers
Heavenly Mobile Car Wash,,+1-707-608-4692,,,Santa Rosa,CA,P3 | Class A | website broken or unreachable | https://heavenlymobilecarwash.com/,,Car Detailers
JC Detailing,,+1-415-312-8171,,"244 Colgan Ave, Santa Rosa, CA 95404, United States",Santa Rosa,CA,P3 | Class A | website broken or unreachable | http://jcdetailings.com/,,Car Detailers
Polished Penney Detailing LLC,,+1-707-393-9290,,"2001 Piner Rd Apt 130, Santa Rosa, CA 95403, United States",Santa Rosa,CA,P3 | Class A | website broken or unreachable | http://polishedpenneydetailingllc.com/,,Car Detailers
Avila’s Auto Detailing,,+1-831-682-8885,,,Seaside,CA,P3 | Class A | website broken or unreachable | https://avilasautodetailing.com/,,Car Detailers
Bumper2Bumper Motorsports,,+1-818-889-6587,,"31143 Via Colinas Ste 505, Westlake Village, CA 91362, United States",Simi Valley,CA,P3 | Class A | website broken or unreachable | http://bumper2bumper.com/,,Car Detailers
DETAILS - Mobile Auto Spa,,+1-818-743-4143,,,Simi Valley,CA,P3 | Class A | website broken or unreachable | http://www.detailsmobilespa.com/,,Car Detailers
Joe the Pro Auto Detailing,,+1-805-603-0323,,,Simi Valley,CA,P3 | Class A | website broken or unreachable | http://joethepro-auto-detailing.squarespace.com/,,Car Detailers
SV Mobile Car and RV Wash Services,,+1-805-301-5365,,,Simi Valley,CA,P3 | Class A | website broken or unreachable | http://mobilecarandrvdetail.com/,,Car Detailers
Skinny Car Wash Mobile Detailing,,+1-805-227-9447,,,Simi Valley,CA,P3 | Class A | website broken or unreachable | https://ca-cardetailingservice.com/,,Car Detailers
Zero Defects Aircraft Detailing LLC,,+1-747-777-9869,,,Simi Valley,CA,P3 | Class A | website broken or unreachable | https://zerodefectsdetailing.com/,,Car Detailers
Avenue South Car Detailing,,+1-213-583-4196,,"8614 S Gate Ave, South Gate, CA 90280, United States",South Gate,CA,P3 | Class A | website broken or unreachable | https://gatesouthcardetailing.site/,,Car Detailers
Brightsun Auto Car Detailing,,+1-747-758-5260,,"1241 E 90th St, Los Angeles, CA 90002, United States",South Gate,CA,P3 | Class A | website broken or unreachable | https://brightsunautocardetailing.site/,,Car Detailers
Grafon Mobile Detailing,,+1-323-781-8628,,"#2200, Walnut Park, CA 90255, United States",South Gate,CA,P3 | Class A | website broken or unreachable | http://grafondetailing.com/?utm_source=gmb&utm_medium=referral,,Car Detailers
Huntington Park Car Detailing,,+1-213-516-5044,,"6353 Arbutus Ave, Huntington Park, CA 90255, United States",South Gate,CA,P3 | Class A | website broken or unreachable | https://huntingtonparkcardetailing.site/,,Car Detailers
Relevant Mobile Detailing,,+1-323-570-2228,,,South Gate,CA,P3 | Class A | website broken or unreachable | http://relevantmobiledetailing.com/?utm_source=gmb&utm_medium=referral,,Car Detailers
True Gold Auto Spa | Mobile Detailing in Los Angeles/South Bay,,+1-310-819-0354,,,South Gate,CA,P3 | Class A | website broken or unreachable | https://truegoldautospa.com/,,Car Detailers
AutoLux Mobile Detail,,+1-951-514-7359,,,Temecula,CA,P3 | Class A | website broken or unreachable | https://www.autoluxmobiledetail.com/,,Car Detailers
GT Elite Auto Lounge,,+1-818-532-7377,,"31304 Via Colinas #102, Westlake Village, CA 91362, United States",Thousand Oaks,CA,P3 | Class A | website broken or unreachable | http://www.gteliteauto.com/,,Car Detailers
Lustra Detailing,,+1-805-380-6673,,,Thousand Oaks,CA,P3 | Class A | website broken or unreachable | https://lustra-detailing.com/,,Car Detailers
Schmidty's Auto Spa,,+1-805-265-0410,,,Thousand Oaks,CA,P3 | Class A | website broken or unreachable | http://www.schmidtysautospa.com/,,Car Detailers
Signal Mobile Detailing,,+1-805-849-2650,,,Thousand Oaks,CA,P3 | Class A | website broken or unreachable | https://signaldetail.com/,,Car Detailers
Spotless Shine Auto Car Detailing,,+1-747-285-7214,,"5768 Ridgebrook Dr, Agoura Hills, CA 91301, United States",Thousand Oaks,CA,P3 | Class A | website broken or unreachable | https://spotlesscleanautocardetailing.site/,,Car Detailers
Vanta Shine Detailing,,+1-661-227-8440,,"31293 Via Colinas, Westlake Village, CA 91362, United States",Thousand Oaks,CA,P3 | Class A | website broken or unreachable | https://www.vantashine.com/,,Car Detailers
Ventura County Mobile Detailing,,+1-805-242-8800,,,Thousand Oaks,CA,P3 | Class A | website broken or unreachable | http://vcmobiledetailing.com/,,Car Detailers
AUTOHAUS Detail & Tint,,+1-424-492-2458,,"1800 Lomita Blvd, Lomita, CA 90717, United States",Torrance,CA,P3 | Class A | website broken or unreachable | http://autohausdetailandtint.com/,,Car Detailers
Guardian Angel Car Detailing,,+1-747-237-4742,,"5515 Sunnyview St, Torrance, CA 90505, United States",Torrance,CA,P3 | Class A | website broken or unreachable | https://guardianangelcardetailing.site/,,Car Detailers
Peter Rabbits Mobile Detailing,,+1-626-268-3638,,"2447 Pacific Coast Hwy Ste 228, Hermosa Beach, CA 90254, United States",Torrance,CA,P3 | Class A | website broken or unreachable | https://cardetailforyou.com/,,Car Detailers
Prolific Auto Detail,,+1-310-748-2704,,,Torrance,CA,P3 | Class A | website broken or unreachable | http://prolificautodetail.com/,,Car Detailers
TRY OUR DETAIL,,+1-310-308-5590,,,Torrance,CA,P3 | Class A | website broken or unreachable | http://www.tryourdetail.com/,,Car Detailers
UC Mobile Detailing,,+1-424-677-0267,,,Torrance,CA,P3 | Class A | website broken or unreachable | https://ucdetailers.com/,,Car Detailers
All Aspects Detail,,+1-530-426-5060,,"10339 Stoneridge Dr A, Truckee, CA 96161, United States",Truckee,CA,P3 | Class A | website broken or unreachable | http://www.allaspectsautoshine.com/,,Car Detailers
Finale Detailing,,+1-559-656-9294,,,Tulare,CA,P3 | Class A | website broken or unreachable | https://finaledetailing.us/,,Car Detailers
High Caliber Auto Detail,,+1-559-726-4223,,,Tulare,CA,P3 | Class A | website broken or unreachable | https://www.highcaliberdetail.com/ceramiccoatingvisalia,,Car Detailers
Insane Detailing Pros,,+1-559-230-9244,,,Tulare,CA,P3 | Class A | website broken or unreachable | https://insanedetailingpro.com/,,Car Detailers
Revive and Renew Detailing,,+1-559-631-5957,,,Tulare,CA,P3 | Class A | website broken or unreachable | https://www.rnrdetailers.com/,,Car Detailers
Chase Your Deetail,,+1-209-454-9817,,,Turlock,CA,P3 | Class A | website broken or unreachable | http://chaseyourdetail.com/,,Car Detailers
Prestige and shine auto detailing,,+1-707-510-1284,,"2950 Mill Creek Rd, Ukiah, CA 95482, United States",Ukiah,CA,P3 | Class A | website broken or unreachable | https://www.prestigeautoglow.online/,,Car Detailers
Fresh Touch Auto Detailing,,+1-408-981-0752,,,Union City,CA,P3 | Class A | website broken or unreachable | https://freshtouchdetail.com/,,Car Detailers
J's Shiny Detailing,,+1-707-334-5808,,,Vallejo,CA,P3 | Class A | website broken or unreachable | https://jsshinydetailing.com/,,Car Detailers
American Wolf Autoworks,,+1-760-669-4006,,"12284 Industrial Blvd A2, Victorville, CA 92395, United States",Victorville,CA,P3 | Class A | website broken or unreachable | http://www.american-wolf-autoworks.com/,,Car Detailers
Jp Mobile Wash,,+1-909-242-1287,,"11302 Cortez Ave, Adelanto, CA 92301, United States",Victorville,CA,P3 | Class A | website broken or unreachable | https://jpmobilewash.com/,,Car Detailers
Shaka Mobile Detailing,,+1-442-446-7965,,,Victorville,CA,P3 | Class A | website broken or unreachable | http://www.shakamobiledetailing.com/,,Car Detailers
Hernandez Detailing,,+1-559-827-3750,,,Visalia,CA,P3 | Class A | website broken or unreachable | https://www.hernandezshine.com/,,Car Detailers
FM Detailing,,+1-415-919-8781,,,Walnut Creek,CA,P3 | Class A | website broken or unreachable | https://www.fm-detailing.com/,,Car Detailers
Titans Mobile Car Wash & Auto Detailing,,+1-805-254-9415,,,Walnut Creek,CA,P3 | Class A | website broken or unreachable | https://cardetailingsvcoxnard-ca.com/,,Car Detailers
Deluxe Auto Detailing,,+1-831-238-9732,,"17 Hangar Way STE 3B, Watsonville, CA 95076, United States",Watsonville,CA,P3 | Class A | website broken or unreachable | https://www.deluxedetail.net/,,Car Detailers
precision detail,,+1-408-634-9181,,,Watsonville,CA,P3 | Class A | website broken or unreachable | https://precision-detail.com/,,Car Detailers
Jarelle Details,,+1-626-646-8340,,"1113 E Harvest Moon St, West Covina, CA 91792, United States",West Covina,CA,P3 | Class A | website broken or unreachable | https://www.jarelleintl.com/home,,Car Detailers
MC Auto Aesthetics,,+1-844-430-0875,,,West Covina,CA,P3 | Class A | website broken or unreachable | https://mcautoaesthetics.com/,,Car Detailers
MrAutoTreatment,,+1-916-613-6405,,,West Sacramento,CA,P3 | Class A | website broken or unreachable | https://mrautotreatment.com/,,Car Detailers
University Auto Lab,,+1-916-245-0126,,"752 Northport Dr, West Sacramento, CA 95691, United States",West Sacramento,CA,P3 | Class A | website broken or unreachable | https://www.universityautolab.com/,,Car Detailers
D.A. Detailing,,+1-562-332-4921,,"16307 Lambert Rd, Whittier, CA 90604, United States",Whittier,CA,P3 | Class A | website broken or unreachable | http://www.d.a.detailing.com/,,Car Detailers
Miller Auto Detailing,,+1-714-759-4330,,,Whittier,CA,P3 | Class A | website broken or unreachable | https://madwash.shop/,,Car Detailers
Ayon Auto Services,,+1-530-709-0058,,"209 Williams St, Woodland, CA 95695, United States",Woodland,CA,P3 | Class A | website broken or unreachable | https://ayonautoservices.com/,,Car Detailers
Diamond Auto Detailing,,+1-530-420-6629,,,Woodland,CA,P3 | Class A | website broken or unreachable | https://www.autodiamonddetail.com/,,Car Detailers
Auto Detailing Direct,,+1-541-730-3484,,,Albany,OR,P3 | Class A | website broken or unreachable | https://www.autodetailingdirect.com/,,Car Detailers
Brian’s Detailing - Albany Ceramic Coating Studio,,+1-503-908-3178,,"2989 Northwest San Pedro Avenue, Albany, OR 97321, United States",Albany,OR,P3 | Class A | website broken or unreachable | https://briansdetailing.com/albany-or/?utm_source=GBP,,Car Detailers
Envision Autoworks LLC,,+1-541-971-8473,,"4345 Santiam Hwy SE, Albany, OR 97322, United States",Albany,OR,P3 | Class A | website broken or unreachable | http://www.envisionautoworks.com/,,Car Detailers
Street Kings Detailing,,+1-458-233-3295,,"2020 Orchard Ln SW, Albany, OR 97321, United States",Albany,OR,P3 | Class A | website broken or unreachable | https://www.steetkingsdetailingska.com/,,Car Detailers
It's In the Details,,+1-541-519-0868,,,Baker City,OR,P3 | Class A | website broken or unreachable | https://itsinthedetails3.godaddysites.com/,,Car Detailers
The Detail Wagon,,+1-541-519-9867,,,Baker City,OR,P3 | Class A | website broken or unreachable | https://the-detail-wagon.odoo.com/,,Car Detailers
1,,+1-971-254-7095,,,Beaverton,OR,P3 | Class A | website broken or unreachable | https://bookyourdetailing.com/walado,,Car Detailers
Detailing Luxe,,+1-971-280-7572,,,Beaverton,OR,P3 | Class A | website broken or unreachable | https://www.detailingluxe.com/,,Car Detailers
Equal Autos Mobile Detailing and Ceramic Coating,,+1-971-421-4656,,"3 Monroe Pkwy ste P, Lake Oswego, OR 97035, United States",Beaverton,OR,P3 | Class A | website broken or unreachable | https://www.portlandmobiledetail.com/,,Car Detailers
Mobile Shine LLC,,+1-971-297-9722,,"13787 SW Farmington Rd, Beaverton, OR 97005, United States",Beaverton,OR,P3 | Class A | website broken or unreachable | http://mobileshinellc.com/,,Car Detailers
Over Powered Mobile Detail,,+1-971-501-9439,,"967 NE Orenco Station Loop, Hillsboro, OR 97124, United States",Beaverton,OR,P3 | Class A | website broken or unreachable | https://www.overpowereddetail.com/,,Car Detailers
Penguin Detailing,,+1-971-442-7844,,,Beaverton,OR,P3 | Class A | website broken or unreachable | https://www.penguindetailing.com/,,Car Detailers
Top Tier Detailing,,+1-503-832-0881,,,Beaverton,OR,P3 | Class A | website broken or unreachable | https://toptierdetailing.org/,,Car Detailers
All About The Details,,+1-541-410-6890,,,Bend,OR,P3 | Class A | website broken or unreachable | https://yourcardetailer.net/,,Car Detailers
Auto Recon Inc,,+1-541-420-7133,,"21408 Hyde Ln, Bend, OR 97701, United States",Bend,OR,P3 | Class A | website broken or unreachable | http://www.autoreconbend.com/?utm_source=GoogleMaps&utm_medium=WebLink,,Car Detailers
Bend auto spa,,+1-541-640-9342,,"62859 Daniel Rd, Bend, OR 97701, United States",Bend,OR,P3 | Class A | website broken or unreachable | http://bendorautospa.net/,,Car Detailers
JJ's mobile detailing,,+1-530-616-1449,,,Brookings,OR,P3 | Class A | website broken or unreachable | https://brand.site/jjsmobiledetaining,,Car Detailers
BeDetailed,,+1-541-630-3088,,,Central Point,OR,P3 | Class A | website broken or unreachable | https://www.bedetailed.com/?utm_source=google&utm_medium=wix_google_business_profile&utm_campaign=13343195061185416399,,Car Detailers
Lightning details,,+1-541-301-7461,,"691 E Vilas Rd #103, Central Point, OR 97502, United States",Central Point,OR,P3 | Class A | website broken or unreachable | https://lightningdetails.info/,,Car Detailers
Oregon Car Detailing,,+1-458-220-8224,,"323 Cheney Loop, Central Point, OR 97502, United States",Central Point,OR,P3 | Class A | website broken or unreachable | https://www.oregon-car-detailing.com/,,Car Detailers
Rodriguez Detailing,,+1-541-951-8174,,,Central Point,OR,P3 | Class A | website broken or unreachable | https://rodriguez-detailing.com/,,Car Detailers
Rogues Finest Mobile Detailing,,+1-541-326-2414,,,Central Point,OR,P3 | Class A | website broken or unreachable | http://roguesfinestdetailing.com/,,Car Detailers
Goat Auto Details,,+1-541-808-5616,,"2455 Maple Leaf, North Bend, OR 97459, United States",Coos Bay,OR,P3 | Class A | website broken or unreachable | http://www.goatautodetails.com/,,Car Detailers
"NextDoor Detailing, LLC",,+1-971-727-9531,,,Corvallis,OR,P3 | Class A | website broken or unreachable | http://nextdoordetailing.org/,,Car Detailers
Diamond Detail Co.,,+1-541-912-1297,,"407 S Front St Bldg K, Creswell, OR 97426, United States",Cottage Grove,OR,P3 | Class A | website broken or unreachable | http://www.diamonddetailcompany.com/,,Car Detailers
Detail Dawgs,,+1-801-784-0299,,,Eugene,OR,P3 | Class A | website broken or unreachable | http://autodetaildawgs.com/,,Car Detailers
K J'z Auto Detailing & Tint,,+1-541-870-7834,,"521 Market St, Eugene, OR 97402, United States",Eugene,OR,P3 | Class A | website broken or unreachable | https://kjsautodetailing.com/,,Car Detailers
Misty Mobile Detailing,,+1-541-556-9868,,,Eugene,OR,P3 | Class A | website broken or unreachable | http://mistymobiledetailing.com/,,Car Detailers
Wooley Mobile Auto Detailing,,+1-541-632-4176,,,Eugene,OR,P3 | Class A | website broken or unreachable | https://www.wooleymobiledetailing.com/,,Car Detailers
auto detailing becerra,,+1-541-870-1420,,"5097 Royal Ave, Eugene, OR 97402, United States",Eugene,OR,P3 | Class A | website broken or unreachable | https://auto-detailing-becerra.negocio.site/,,Car Detailers
Bright Smile Mobile Detailing,,+1-951-365-4231,,,Grants Pass,OR,P3 | Class A | website broken or unreachable | https://www.brightsmilemobiledetailing.com/,,Car Detailers
Dad's Auto Detail Service LLC,,+1-503-765-6726,,,Gresham,OR,P3 | Class A | website broken or unreachable | http://dadsautodetailservice.com/,,Car Detailers
MVP mobile Detailing,,+1-971-212-8330,,,Gresham,OR,P3 | Class A | website broken or unreachable | https://www.mvpmobiledetailing.com/,,Car Detailers
Perfect Finish Mobile detail,,+1-971-302-8756,,,Gresham,OR,P3 | Class A | website broken or unreachable | http://perfectfinishmobiledetail.net/?utm_source=gmb&utm_medium=referral,,Car Detailers
Rdz Details,,+1-503-481-6021,,"1047 NE Cochran Dr, Gresham, OR 97030, United States",Gresham,OR,P3 | Class A | website broken or unreachable | http://rdzdetails.com/,,Car Detailers
Wests best auto detailing,,+1-503-421-8281,,,Gresham,OR,P3 | Class A | website broken or unreachable | https://www.westsbestac.com/,,Car Detailers
Equal Autos Mobile car detailing,,+1-971-223-5243,,"16453 SE Siri Loop, Damascus, OR 97089, United States",Happy Valley,OR,P3 | Class A | website broken or unreachable | https://www.portlandmobiledetail.com/,,Car Detailers
Linares Auto Detailing,,+1-503-568-3531,,,Happy Valley,OR,P3 | Class A | website broken or unreachable | http://www.linaresautodetail.com/,,Car Detailers
GoDetail Mobile Car Detailing Salem,,+1-971-374-5757,,"2755 Commercial St SE Ste 101, Salem, OR 97302, United States",Keizer,OR,P3 | Class A | website broken or unreachable | https://www.godetail.com/salem/,,Car Detailers
That One Detailing Guy,,+1-503-567-5396,,,Keizer,OR,P3 | Class A | website broken or unreachable | https://www.thatonedetailingguy.com/,,Car Detailers
Bright Mobile Auto Detail,,+1-503-985-6642,,,Lake Oswego,OR,P3 | Class A | website broken or unreachable | https://www.brightautodetailingpdx.com/,,Car Detailers
Hayden's Mobile Detailing,,+1-503-974-6434,,,Lake Oswego,OR,P3 | Class A | website broken or unreachable | https://www.haydensmobiledetailing.com/,,Car Detailers
Portland Premier Detailing,,+1-503-781-2579,,"8064 SE 17th Ave, Portland, OR 97202, United States",Lake Oswego,OR,P3 | Class A | website broken or unreachable | https://www.alphasautodetail.com/,,Car Detailers
Rose City Rinse,,+1-971-212-8176,,,Lake Oswego,OR,P3 | Class A | website broken or unreachable | https://rosecityrinsepdx.squarespace.com/,,Car Detailers
Touch & Go Mobile Detailing,,+1-503-567-9859,,,Lake Oswego,OR,P3 | Class A | website broken or unreachable | https://tngdetail.com/,,Car Detailers
Wheels First Detailing,,+1-971-201-8694,,,Lake Oswego,OR,P3 | Class A | website broken or unreachable | https://wheelsfirstdetailing.com/,,Car Detailers
5 Star Detail,,+1-971-300-8831,,,McMinnville,OR,P3 | Class A | website broken or unreachable | https://www.5stardetailspa.com/?utm_source=google&utm_medium=wix_google_business_profile&utm_campaign=3163886262347329254,,Car Detailers
Mobile,,+1-541-301-2761,,"500 Monroe St, Medford, OR 97501, United States",Medford,OR,P3 | Class A | website broken or unreachable | http://hdmedfordcardetail.com/,,Car Detailers
A2 Detail,,+1-503-567-4954,,,Milwaukie,OR,P3 | Class A | website broken or unreachable | https://a2-detail.com/,,Car Detailers
Pacific Auto Detail - Portland,,+1-503-820-9385,,,Milwaukie,OR,P3 | Class A | website broken or unreachable | http://www.pacific-auto-detail.com/,,Car Detailers
Portland Auto Shield,,+1-503-890-4755,,"1128 Main St A, Oregon City, OR 97045, United States",Oregon City,OR,P3 | Class A | website broken or unreachable | https://portlandautoshield.com/,,Car Detailers
Vander Auto Details,,+1-503-720-8694,,,Oregon City,OR,P3 | Class A | website broken or unreachable | https://www.vanderautodetails.com/,,Car Detailers
A1 Detailing Portland: Mobile Car Detailing Service,,+1-503-888-9125,,,Portland,OR,P3 | Class A | website broken or unreachable | https://www.a1detailingportland.com/,,Car Detailers
Automotive Spit Shine,,+1-971-500-8634,,"222 SW Pine St #436, Portland, OR 97204, United States",Portland,OR,P3 | Class A | website broken or unreachable | https://www.autospit.com/,,Car Detailers
Bouttime Mobile Detailing,,+1-503-481-8071,,,Portland,OR,P3 | Class A | website broken or unreachable | https://www.bouttimemobiledetailing.com/,,Car Detailers
Cleans Car Detailing,,+1-503-309-9634,,"1703 SE 7th Ave, Portland, OR 97214, United States",Portland,OR,P3 | Class A | website broken or unreachable | http://cleanscardetailing.site/,,Car Detailers
KingsAutoDetailing,,+1-503-953-6915,,,Portland,OR,P3 | Class A | website broken or unreachable | https://autodetailingjc.com/,,Car Detailers
M.A.D. Detailing PDX,,+1-503-289-7222,,"N Mobile Ave, Portland, OR 97203, United States",Portland,OR,P3 | Class A | website broken or unreachable | https://mobileautodetailingpdx.com/,,Car Detailers
Urban Edge Auto Detail,,+1-916-633-8889,,,Redmond,OR,P3 | Class A | website broken or unreachable | https://www.urbanedgeautodetail.com/,,Car Detailers
Roseburg Auto Detailing,,+1-541-981-0773,,,Roseburg,OR,P3 | Class A | website broken or unreachable | https://ijpvdetailing.wixsite.com/roseburgautodetailin,,Car Detailers
Adams Detailing Spa,,+1-503-509-8109,,"1381 Seattle Slew Dr SE, Salem, OR 97317, United States",Salem,OR,P3 | Class A | website broken or unreachable | http://adamsdetailingspa.com/?utm_source=gmb&utm_medium=referral,,Car Detailers
G&K Auto Detailing,,+1-503-509-5378,,"6205 Salem View Dr SE, Salem, OR 97317, United States",Salem,OR,P3 | Class A | website broken or unreachable | https://www.gkautodetailing.services/,,Car Detailers
Illumine Auto Detailing,,+1-503-409-7415,,,Salem,OR,P3 | Class A | website broken or unreachable | http://www.illumineautodetailing.com/,,Car Detailers
Mulcare Autocare,,+1-503-480-4806,,,Salem,OR,P3 | Class A | website broken or unreachable | https://www.mulcareautocare.com/,,Car Detailers
Precision Auto Detailing,,+1-503-406-8805,,"4209 Riverdale Rd S, Salem, OR 97302, United States",Salem,OR,P3 | Class A | website broken or unreachable | http://preautodetailing.com/,,Car Detailers
4EvershineMobileDetailing,,+1-541-579-3614,,,Springfield,OR,P3 | Class A | website broken or unreachable | https://4evershinedetails.com/,,Car Detailers
Detail Driven PNW,,+1-541-321-9095,,"1720 S A St, Springfield, OR 97477, United States",Springfield,OR,P3 | Class A | website broken or unreachable | https://detaildrivenpnw.com/,,Car Detailers
Cascade Auto Detailing,,+1-503-476-2311,,"58461 Columbia River Hwy, St Helens, OR 97051, United States",St. Helens,OR,P3 | Class A | website broken or unreachable | http://cascadeautodetailing.com/,,Car Detailers
Riverscape Auto Detailing,,+1-503-913-0743,,"13859 SW 159th Terrace, Tigard, OR 97223, United States",Tigard,OR,P3 | Class A | website broken or unreachable | http://riverscapeautodetailing.com/,,Car Detailers
Woodys Mobile detailing,,+1-503-928-0484,,,Tigard,OR,P3 | Class A | website broken or unreachable | https://www.woodysmobiledetailing.com/,,Car Detailers
Cepeda Auto Detailing,,+1-971-298-6023,,,Troutdale,OR,P3 | Class A | website broken or unreachable | https://cardetailingsvcor.com/,,Car Detailers
A1 Detailing L.L.C,,+1-503-710-5359,,"639 Brown St, Woodburn, OR 97071, United States",Woodburn,OR,P3 | Class A | website broken or unreachable | http://a1detailingllc.com/,,Car Detailers
BNB Detailing,,+1-971-343-2534,,"Mt Angel Gervais Rd NE, Mt Angel, OR 97362, United States",Woodburn,OR,P3 | Class A | website broken or unreachable | http://bookyourdetailing.com/bnb,,Car Detailers
ACS Mobile Detailing,,+1-510-294-8186,,,Alameda,CA,V1 | P1 | Class A | only a Facebook/booking/directory page | https://www.tiktok.com/@acsmobiledetailing1,,Car Detailers
Cali Mobile Car Wash,,+1-925-319-5157,,,Antioch,CA,V1 | P1 | Class A | only a Facebook/booking/directory page | https://www.instagram.com/cali_mobile_car_wash/,,Car Detailers
Jay R Bee's Auto Detailing LLC,,+1-661-662-1397,,,Bakersfield,CA,V1 | P1 | Class A | only a Facebook/booking/directory page | https://book.squareup.com/appointments/j7vwa4m39qitr0/location/LS7DPX40BB9D7/services,,Car Detailers
TopNotchSudz Mobile Detailing,,+1-510-439-7318,,,Berkeley,CA,V1 | P1 | Class A | only a Facebook/booking/directory page | https://www.instagram.com/topnotchsudz.detailing?igsh=NTc4MTIwNjQ2YQ%3D%3D&utm_source=qr,,Car Detailers
Smart Details,,+1-562-603-0445,,,Buena Park,CA,V1 | P1 | Class A | only a Facebook/booking/directory page | https://www.instagram.com/smartdetails.auto/,,Car Detailers
C&S Mobile Detailing,,+1-442-250-5717,,,Calexico,CA,V1 | P1 | Class A | only a Facebook/booking/directory page | https://www.instagram.com/c.s_mobiledetailing?igsh=NTc4MTIwNjQ2YQ%3D%3D&utm_source=qr,,Car Detailers
Precision Detailing VC,,+1-805-312-8101,,,Camarillo,CA,V1 | P1 | Class A | only a Facebook/booking/directory page | https://www.facebook.com/precisiondetailingvc?mibextid=ZbWKwL,,Car Detailers
The Wrap Source,,+1-805-396-9350,,,Camarillo,CA,V1 | P1 | Class A | only a Facebook/booking/directory page | https://www.facebook.com/info.thewrapsource,,Car Detailers
Apex Luxe Detailing,,+1-657-310-6775,,,Carson,CA,V1 | P1 | Class A | only a Facebook/booking/directory page | https://www.instagram.com/apexluxedetailing?igsh=NTc4MTIwNjQ2YQ%3D%3D&utm_source=qr,,Car Detailers
Abide Auto Detailing,,+1-559-545-5598,,,Clovis,CA,V1 | P1 | Class A | only a Facebook/booking/directory page | http://abideautodetailing.square.site/,,Car Detailers
MPDetailing530,,+1-530-592-8951,,,Corning,CA,V1 | P1 | Class A | only a Facebook/booking/directory page | http://mpdetailing530.square.site/,,Car Detailers
Luminate Headlight Restoration,,+1-415-936-4763,,,Daly City,CA,V1 | P1 | Class A | only a Facebook/booking/directory page | https://www.instagram.com/luminateheadlightrestoration,,Car Detailers
Motley Auto Detailing LLC,,+1-415-377-4564,,,Daly City,CA,V1 | P1 | Class A | only a Facebook/booking/directory page | https://www.instagram.com/motley_auto_detailing/,,Car Detailers
New Life Auto Detail,,+1-626-820-3526,,,Duarte,CA,V1 | P1 | Class A | only a Facebook/booking/directory page | https://www.instagram.com/newlifeautodetail_?igsh=OGQ5ZDc2ODk2ZA==&utm_source=qr,,Car Detailers
DesertWave Headlight Restoration,,+1-442-283-7639,,,El Centro,CA,V1 | P1 | Class A | only a Facebook/booking/directory page | https://www.facebook.com/profile.php?id=61574302001873&mibextid=wwXIfr&mibextid=wwXIfr,,Car Detailers
Coast Detail,,+1-714-388-2861,,,Encinitas,CA,V1 | P1 | Class A | only a Facebook/booking/directory page | https://instagram.com/coastdetailsd?igshid=NTc4MTIwNjQ2YQ==,,Car Detailers
Taylor Made Auto Spa - Mobile Detailing,,+1-217-853-3683,,,Fontana,CA,V1 | P1 | Class A | only a Facebook/booking/directory page | http://taylormadeautospa.square.site/,,Car Detailers
McKinley Hand Car Wash,,+1-559-237-2886,,,Fresno,CA,V1 | P1 | Class A | only a Facebook/booking/directory page | https://www.facebook.com/McKinley-Hand-Car-Wash-157907964248811/,,Car Detailers
Straight Ahead Auto,,+1-408-415-9292,,,Gilroy,CA,V1 | P1 | Class A | only a Facebook/booking/directory page | http://straightahead.square.site/,,Car Detailers
CBX Detailing,,+1-747-231-9367,,,Glendale,CA,V1 | P1 | Class A | only a Facebook/booking/directory page | http://linktr.ee/cbxdetailing,,Car Detailers
A&I Auto Detailing,,+1-831-756-6358,,,Greenfield,CA,V1 | P1 | Class A | only a Facebook/booking/directory page | https://www.instagram.com/ai_detailing1/,,Car Detailers
Auto Bros Mobile Detailing,,+1-510-935-8708,,,Hayward,CA,V1 | P1 | Class A | only a Facebook/booking/directory page | http://autobrosmobiledetailing69.booksy.com/a/,,Car Detailers
Royal Deluxe Auto Detail & Professional Ceramic Installer,,+1-760-899-7839,,,Indio,CA,V1 | P1 | Class A | only a Facebook/booking/directory page | https://royal-deluxe-auto-detail.square.site/,,Car Detailers
Ross Auto Mobile Detailing,,+1-424-219-4378,,,Inglewood,CA,V1 | P1 | Class A | only a Facebook/booking/directory page | https://www.instagram.com/rossautodetails,,Car Detailers
Brothers Automotive Proper Care | Car Wash |Auto Detailing | Ceramic Coating | Wax South El Monte l San Gabriel Valley,,+1-626-769-8128,,,La Puente,CA,V1 | P1 | Class A | only a Facebook/booking/directory page | http://brothersautomotive.square.site/,,Car Detailers
La Course Auto Style,,+1-949-838-6390,,,Lake Forest,CA,V1 | P1 | Class A | only a Facebook/booking/directory page | https://instagram.com/coursedetailing?utm_medium=copy_link,,Car Detailers
Speed shine mobile detailing,,+1-949-929-6152,,,Lake Forest,CA,V1 | P1 | Class A | only a Facebook/booking/directory page | https://speed-shine-mobile-detailing.square.site/,,Car Detailers
Royal Detailing LA,,+1-424-542-2910,,,Los Angeles,CA,V1 | P1 | Class A | only a Facebook/booking/directory page | http://royaldetailingla.booksy.com/a/,,Car Detailers
Buggy Shower Car Wash,,+1-559-673-5511,,,Madera,CA,V1 | P1 | Class A | only a Facebook/booking/directory page | https://www.facebook.com/BuggyShower/,,Car Detailers
High Precision Detailing,,+1-661-543-8999,,,McFarland,CA,V1 | P1 | Class A | only a Facebook/booking/directory page | https://book.squareup.com/appointments/jvpejrxj2rqnwb/location/L85NZM04N8MKH/services,,Car Detailers
A1 Auto Films,,+1-510-660-3906,,,Merced,CA,V1 | P1 | Class A | only a Facebook/booking/directory page | https://linktr.ee/a1autofilms?utm_source=linktree_admin_share&fbclid=PAAaZ_MRSm-hHCxe8OFXqEaJS0ayBdhdE-5aTRbtJvEcF4ilwBTG8zbMaqbnY,,Car Detailers
VIP DTAILING,,+1-341-766-9308,,,Millbrae,CA,V1 | P1 | Class A | only a Facebook/booking/directory page | https://instagram.com/vip.dtailing?igshid=OGQ5ZDc2ODk2ZA==,,Car Detailers
California Classic Mobile Auto Services,,+1-209-985-0413,,,Modesto,CA,V1 | P1 | Class A | only a Facebook/booking/directory page | https://www.instagram.com/californiaclassicmobiledetail/,,Car Detailers
Central Valley Mobile Shine,,+1-408-333-2607,,,Modesto,CA,V1 | P1 | Class A | only a Facebook/booking/directory page | http://central-valley-mobile-shine.square.site/,,Car Detailers
Valley Pro Auto Detailing,,+1-209-326-6162,,,Modesto,CA,V1 | P1 | Class A | only a Facebook/booking/directory page | https://valley-pro-auto-detailing.square.site/,,Car Detailers
IE Auto Detail,,+1-951-880-4306,,,Moreno Valley,CA,V1 | P1 | Class A | only a Facebook/booking/directory page | https://www.instagram.com/ieautodetail,,Car Detailers
Top level detailz,,+1-562-955-8841,,,Norwalk,CA,V1 | P1 | Class A | only a Facebook/booking/directory page | https://top-level-detailz.square.site/,,Car Detailers
Whip Wash “Professional” Detailing,,+1-619-796-3219,,,Oceanside,CA,V1 | P1 | Class A | only a Facebook/booking/directory page | https://linktr.ee/WhipWash,,Car Detailers
Elite Detail 805,,+1-820-465-2225,,,Oxnard,CA,V1 | P1 | Class A | only a Facebook/booking/directory page | https://www.instagram.com/elitedetail805?igsh=NTc4MTIwNjQ2YQ==&utm_source=qr,,Car Detailers
Mobile Detailing Ventura County,,+1-805-853-8703,,,Oxnard,CA,V1 | P1 | Class A | only a Facebook/booking/directory page | https://instagram.com/mobiledetailingvc,,Car Detailers
MTZ Mobile Detailing,,+1-760-895-3044,,,Palm Desert,CA,V1 | P1 | Class A | only a Facebook/booking/directory page | https://www.instagram.com/mtzmobiledetailing/,,Car Detailers
Bang for your Buck Mobile detailing,,+1-530-917-9529,,,Red Bluff,CA,V1 | P1 | Class A | only a Facebook/booking/directory page | https://www.instagram.com/bfyb_mobiledetail?igsh=NTc4MTIwNjQ2YQ%3D%3D&utm_source=qr,,Car Detailers
GreenStreet Auto Spa & Detail Center,,+1-310-379-8898,,,Redondo Beach,CA,V1 | P1 | Class A | only a Facebook/booking/directory page | https://www.facebook.com/greenstreetautospa,,Car Detailers
24HOUR MOBILE DETAIL,,+1-909-501-7905,,,Rialto,CA,V1 | P1 | Class A | only a Facebook/booking/directory page | https://www.instagram.com/24_hourmobiledetail?igsh=NTc4MTIwNjQ2YQ==&utm_source=qr,,Car Detailers
Allstarz_details,,+1-909-414-4466,,,Rialto,CA,V1 | P1 | Class A | only a Facebook/booking/directory page | https://www.instagram.com/allstarz_details,,Car Detailers
Revive Auto Detailing,,+1-424-240-4123,,,Rialto,CA,V1 | P1 | Class A | only a Facebook/booking/directory page | https://book.squareup.com/appointments/tert8wn6j7kbzs/location/LMQ77CKFYEG5G/services,,Car Detailers
Glistening Rides Auto Detailing,,+1-510-504-9504,,,Richmond,CA,V1 | P1 | Class A | only a Facebook/booking/directory page | https://www.instagram.com/glistening.rides/,,Car Detailers
Cardetailz831,,+1-831-269-4098,,,Salinas,CA,V1 | P1 | Class A | only a Facebook/booking/directory page | https://cardetailz831.square.site/s/appointments,,Car Detailers
Delgados Details LLC,,+1-831-484-8977,,,Salinas,CA,V1 | P1 | Class A | only a Facebook/booking/directory page | https://delgados-details-llc.square.site/,,Car Detailers
Compas Car Detailing,,+1-415-430-5408,,,San Bruno,CA,V1 | P1 | Class A | only a Facebook/booking/directory page | https://www.instagram.com/compasdetail_?igsh=NTc4MTIwNjQ2YQ==&utm_source=qr,,Car Detailers
Faded Detailing,,+1-760-209-0097,,,San Jacinto,CA,V1 | P1 | Class A | only a Facebook/booking/directory page | http://instagram.com/fadedetailing,,Car Detailers
KD Auto Paint Protection | San Mateo Rizal | Ceramic Coating & Graphene Coating | PPF | Window Tint,,+1-945-660-9463,,,San Mateo,CA,V1 | P1 | Class A | only a Facebook/booking/directory page | https://www.facebook.com/share/1DgwkwAPxk/?mibextid=wwXIfr,,Car Detailers
Shine Mobile Auto Detailing LLC,,+1-425-610-9225,,,Santa Cruz,CA,V1 | P1 | Class A | only a Facebook/booking/directory page | https://shine-108727.square.site/,,Car Detailers
Lewys Cool Tints & Mobile Car Detailing Service,,+1-805-268-0792,,,Santa Maria,CA,V1 | P1 | Class A | only a Facebook/booking/directory page | https://instagram.com/lewyscooltints?igshid=OGQ5ZDc2ODk2ZA==,,Car Detailers
Ramos Detailing,,+1-805-310-0581,,,Santa Maria,CA,V1 | P1 | Class A | only a Facebook/booking/directory page | https://www.instagram.com/ramosdetailing__/,,Car Detailers
My Way Auto Body & Detailing,,+1-805-526-5729,,,Simi Valley,CA,V1 | P1 | Class A | only a Facebook/booking/directory page | https://www.facebook.com/mywayautobodysimivalley,,Car Detailers
Black Diamond Auto Delicacy,,+1-323-945-6428,,,South Gate,CA,V1 | P1 | Class A | only a Facebook/booking/directory page | https://blackdiamondservices.square.site/,,Car Detailers
Detail Manila,,+1-917-533-8637,,,South Gate,CA,V1 | P1 | Class A | only a Facebook/booking/directory page | https://www.facebook.com/DetailManilaOfficial/,,Car Detailers
tino's auto detail,,+1-714-723-9390,,,Temecula,CA,V1 | P1 | Class A | only a Facebook/booking/directory page | https://www.instagram.com/tinos.detail,,Car Detailers
Ruiz Detail mobile,,+1-707-367-9267,,,Ukiah,CA,V1 | P1 | Class A | only a Facebook/booking/directory page | https://www.facebook.com/sergioruizdetailer/,,Car Detailers
Guido Car Care,,+1-909-294-4547,,,Upland,CA,V1 | P1 | Class A | only a Facebook/booking/directory page | https://instagram.com/guidocarcare?igshid=ZGUzMzM3NWJiOQ==,,Car Detailers
Route 66 Car Wash,,+1-909-985-7000,,,Upland,CA,V1 | P1 | Class A | only a Facebook/booking/directory page | http://www.facebook.com/rte66carwash,,Car Detailers
Genesis Auto Detail,,+1-818-824-1882,,,Van Nuys,CA,V1 | P1 | Class A | only a Facebook/booking/directory page | http://genesis-auto-detail.square.site/,,Car Detailers
MB Detailing,,+1-805-342-8681,,,Ventura,CA,V1 | P1 | Class A | only a Facebook/booking/directory page | https://linktr.ee/mb.detaill,,Car Detailers
J-freshh Detailing,,+1-760-486-8859,,,Victorville,CA,V1 | P1 | Class A | only a Facebook/booking/directory page | https://www.instagram.com/jfreshhdetailing?igsh=NTc4MTIwNjQ2YQ==&utm_source=qr,,Car Detailers
Specialty Detailing,,+1-209-404-3290,,,Waterford,CA,V1 | P1 | Class A | only a Facebook/booking/directory page | https://linktr.ee/Specialtydetailing_,,Car Detailers
Transcendent detail,,+1-562-447-5257,,,West Covina,CA,V1 | P1 | Class A | only a Facebook/booking/directory page | https://transcendentdetailing.square.site/,,Car Detailers
Peña's Detailing,,+1-209-628-2287,,,Winton,CA,V1 | P1 | Class A | only a Facebook/booking/directory page | https://instagram.com/pena_detailing?igshid=13qzkci6uswj9,,Car Detailers
"Platinum Automotiv - Window Tint, Wrap, PPF",,+1-530-665-6098,,,Woodland,CA,V1 | P1 | Class A | only a Facebook/booking/directory page | https://www.instagram.com/platinum_automotiv/,,Car Detailers
Elite Detail - Give Your Car A Refresh!,,+1-541-730-6004,,,Albany,OR,V1 | P1 | Class A | only a Facebook/booking/directory page | https://www.facebook.com/EliteDetailUSA/,,Car Detailers
On-Site Mobile Detailing,,+1-541-252-5451,,,Florence,OR,V1 | P1 | Class A | only a Facebook/booking/directory page | https://www.facebook.com/share/19Wd1xtHQm/,,Car Detailers
Duraa mobile Detailing,,+1-971-322-9525,,,Gresham,OR,V1 | P1 | Class A | only a Facebook/booking/directory page | https://book.squareup.com/appointments/hzme1wpis924tv/location/LMRWGSAB302KS/services,,Car Detailers
Glossy Rides Detailing,,+1-208-220-5567,,,Hood River,OR,V1 | P1 | Class A | only a Facebook/booking/directory page | https://www.facebook.com/share/183Fpxqkd2/?mibextid=wwXIfr,,Car Detailers
Adrian's Garage,,+1-541-331-1805,,,Klamath Falls,OR,V1 | P1 | Class A | only a Facebook/booking/directory page | https://www.facebook.com/adriangarage541,,Car Detailers
Unbothered Auto Styling,,+1-707-888-4183,,,Klamath Falls,OR,V1 | P1 | Class A | only a Facebook/booking/directory page | https://www.facebook.com/share/1FEnXifakj/,,Car Detailers
KIC PDX Mobile Detailing,,+1-971-235-0672,,,Lake Oswego,OR,V1 | P1 | Class A | only a Facebook/booking/directory page | https://www.instagram.com/kic_pdx?igsh=eHV0b2h0ZzVuM2V0&utm_source=qr,,Car Detailers
Non-Stop Mobile Car Detailing,,+1-289-799-8265,,,Ontario,OR,V1 | P1 | Class A | only a Facebook/booking/directory page | https://www.instagram.com/nonstopmobileautodetailng?igsh=MXVzNmdvdjZ2cmdvZQ%3D%3D&utm_source=qr,,Car Detailers
NextLevel Headlights,,+1-323-518-4023,,,Salem,OR,V1 | P1 | Class A | only a Facebook/booking/directory page | https://www.tiktok.com/@nextlevelheadlights?_r=1&_t=ZP-9722hVKIqBK,,Car Detailers
Alameda mobile car detailing,,+1-510-603-8379,,,Alameda,CA,V1 | P2 | Class A | no website found,,Car Detailers
B 's Mobile Car Detailing,,+1-510-935-3541,,,Alameda,CA,V1 | P2 | Class A | no website found,,Car Detailers
Castros Mobile Car Detailing,,+1-510-604-2270,,,Alameda,CA,V1 | P2 | Class A | no website found,,Car Detailers
Crown Gloss Auto Boutique,,+1-510-609-6804,,,Alameda,CA,V1 | P2 | Class A | no website found,,Car Detailers
MWong Auto Detailing,,+1-415-272-6345,,,Alameda,CA,V1 | P2 | Class A | no website found,,Car Detailers
Mobile car wash and car detaling,,+1-424-417-7427,,,Alameda,CA,V1 | P2 | Class A | no website found,,Car Detailers
Nxt Level Car Details,,+1-510-318-2619,,,Alameda,CA,V1 | P2 | Class A | no website found,,Car Detailers
TNT Mobile Detailing,,+1-341-250-4723,,,Alameda,CA,V1 | P2 | Class A | no website found,,Car Detailers
ROOSTER MOBILE DETAILING,,+1-714-678-7341,,,Alhambra,CA,V1 | P2 | Class A | no website found,,Car Detailers
TR Auto Detailing,,+1-530-925-6202,,,Alturas,CA,V1 | P2 | Class A | no website found,,Car Detailers
Franks royal auto detailing,,+1-949-217-2149,,,Anaheim,CA,V1 | P2 | Class A | no website found,,Car Detailers
24/7 mobile detail,,+1-925-437-6343,,,Antioch,CA,V1 | P2 | Class A | no website found,,Car Detailers
Beyonddetailing,,+1-925-852-3220,,,Antioch,CA,V1 | P2 | Class A | no website found,,Car Detailers
Number 1 Mobile Detailing LLC,,+1-510-470-0755,,,Antioch,CA,V1 | P2 | Class A | no website found,,Car Detailers
Apple Valley Auto Spa and Detail,,+1-760-240-5960,,,Apple Valley,CA,V1 | P2 | Class A | no website found,,Car Detailers
Apex Auto,,+1-707-840-6200,,,Arcata,CA,V1 | P2 | Class A | no website found,,Car Detailers
Capuchino Detailing,,+1-530-210-9487,,,Auburn,CA,V1 | P2 | Class A | no website found,,Car Detailers
Endurance Detailing,,+1-530-217-3625,,,Auburn,CA,V1 | P2 | Class A | no website found,,Car Detailers
FLOURISH DETAILING,,+1-916-300-5735,,,Auburn,CA,V1 | P2 | Class A | no website found,,Car Detailers
Goldenstardetail,,+1-530-401-8073,,,Auburn,CA,V1 | P2 | Class A | no website found,,Car Detailers
Kal Auto Detailing,,+1-916-305-7884,,,Auburn,CA,V1 | P2 | Class A | no website found,,Car Detailers
No Sleep Mobile Detail,,+1-279-789-3283,,,Auburn,CA,V1 | P2 | Class A | no website found,,Car Detailers
Sac Valley Detail,,+1-916-749-0339,,,Auburn,CA,V1 | P2 | Class A | no website found,,Car Detailers
mobile car wash and detailing,,+1-530-382-9148,,,Auburn,CA,V1 | P2 | Class A | no website found,,Car Detailers
1 of 1 detailing,,+1-661-595-7050,,,Bakersfield,CA,V1 | P2 | Class A | no website found,,Car Detailers
Bueno Auto Detailing,,+1-661-932-5927,,,Bakersfield,CA,V1 | P2 | Class A | no website found,,Car Detailers
Del Real mobile auto detail,,+1-626-409-6676,,,Baldwin Park,CA,V1 | P2 | Class A | no website found,,Car Detailers
Stay Wavy Mobile Detailing,,+1-626-709-8365,,,Baldwin Park,CA,V1 | P2 | Class A | no website found,,Car Detailers
A1A Detail,,+1-909-441-9862,,,Bellflower,CA,V1 | P2 | Class A | no website found,,Car Detailers
Auto's Car Detailing Los Angeles,,+1-562-385-4676,,,Bellflower,CA,V1 | P2 | Class A | no website found,,Car Detailers
Ernie Mobile Auto Detail,,+1-562-313-4980,,,Bellflower,CA,V1 | P2 | Class A | no website found,,Car Detailers
Essential Detailing,,+1-310-595-5850,,,Bellflower,CA,V1 | P2 | Class A | no website found,,Car Detailers
JMV Detailing,,+1-562-412-2036,,,Bellflower,CA,V1 | P2 | Class A | no website found,,Car Detailers
"Simple car detailing , Mobile Car Wash And Auto Detailing, for hand wash and wax , interior, and ceramic coating",,+1-562-719-3203,,,Bellflower,CA,V1 | P2 | Class A | no website found,,Car Detailers
The Way Wash Works LLC,,+1-562-740-3687,,,Bellflower,CA,V1 | P2 | Class A | no website found,,Car Detailers
spotlessmobiledetailing,,+1-562-416-7008,,,Bellflower,CA,V1 | P2 | Class A | no website found,,Car Detailers
Zayn's Mobile Auto Detail,,+1-415-916-9901,,,Benicia,CA,V1 | P2 | Class A | no website found,,Car Detailers
510 Car Detailing,,+1-510-409-2208,,,Berkeley,CA,V1 | P2 | Class A | no website found,,Car Detailers
Panda Hub,,+1-415-840-1459,,,Berkeley,CA,V1 | P2 | Class A | no website found,,Car Detailers
Yabu car wash and detailing,,+1-510-385-7133,,,Berkeley,CA,V1 | P2 | Class A | no website found,,Car Detailers
Am Autostyling,,+1-925-338-3765,,,Brentwood,CA,V1 | P2 | Class A | no website found,,Car Detailers
Brentwood Auto detail,,+1-925-206-8328,,,Brentwood,CA,V1 | P2 | Class A | no website found,,Car Detailers
AF Mobile Car wash & Detailing,,+1-714-499-6501,,,Buena Park,CA,V1 | P2 | Class A | no website found,,Car Detailers
Alex auto detailing,,+1-323-704-9071,,,Buena Park,CA,V1 | P2 | Class A | no website found,,Car Detailers
Clean Collective Detailing,,+1-714-824-0103,,,Buena Park,CA,V1 | P2 | Class A | no website found,,Car Detailers
GN Mobile Car Detailing,,+1-213-982-0906,,,Burbank,CA,V1 | P2 | Class A | no website found,,Car Detailers
Glenoaks Car Wash,,+1-818-841-5000,,,Burbank,CA,V1 | P2 | Class A | no website found,,Car Detailers
Motorsport Detailing,,+1-323-794-3680,,,Burbank,CA,V1 | P2 | Class A | no website found,,Car Detailers
Panda Hub,,+1-213-372-0110,,,Burbank,CA,V1 | P2 | Class A | no website found,,Car Detailers
Precision Detailing,,+1-747-363-6270,,,Burbank,CA,V1 | P2 | Class A | no website found,,Car Detailers
Charles The Mobile Detail,,+1-805-509-2652,,,Camarillo,CA,V1 | P2 | Class A | no website found,,Car Detailers
EMAYCOM MOBILE CAR WASH & DETAILING,,+1-213-925-4279,,,Camarillo,CA,V1 | P2 | Class A | no website found,,Car Detailers
Magic Touch Detailing,,+1-805-342-8843,,,Camarillo,CA,V1 | P2 | Class A | no website found,,Car Detailers
Luxury VIP detailing,,+1-916-767-1727,,,Carmichael,CA,V1 | P2 | Class A | no website found,,Car Detailers
Munoz' Elite Mobile Detailing,,+1-775-671-2509,,,Carson,CA,V1 | P2 | Class A | no website found,,Car Detailers
Top 1 Mobile Detailing,,+1-562-682-9886,,,Carson,CA,V1 | P2 | Class A | no website found,,Car Detailers
Vantage Auto Detailing,,+1-213-700-9404,,,Carson,CA,V1 | P2 | Class A | no website found,,Car Detailers
Eric mobile detailing,,+1-209-849-5987,,,Ceres,CA,V1 | P2 | Class A | no website found,,Car Detailers
MVPDetails,,+1-209-741-5943,,,Ceres,CA,V1 | P2 | Class A | no website found,,Car Detailers
Chino Valley Car Wash,,+1-213-829-7073,,,Chino,CA,V1 | P2 | Class A | no website found,,Car Detailers
Chino Hills Car Wash,,+1-909-597-1726,,,Chino Hills,CA,V1 | P2 | Class A | no website found,,Car Detailers
Detail2Go,,+1-916-617-6290,,,Citrus Heights,CA,V1 | P2 | Class A | no website found,,Car Detailers
SqueakyCleanDetails,,+1-916-844-6196,,,Citrus Heights,CA,V1 | P2 | Class A | no website found,,Car Detailers
Rodeo Hand Car Wash and Detail,,+1-559-322-1380,,,Clovis,CA,V1 | P2 | Class A | no website found,,Car Detailers
Coachella Mobile Auto Detailing,,+1-760-636-6351,,,Coachella,CA,V1 | P2 | Class A | no website found,,Car Detailers
LV Details,,+1-559-218-8646,,,Coalinga,CA,V1 | P2 | Class A | no website found,,Car Detailers
Centeno Detailing,,+1-530-218-3358,,,Colusa,CA,V1 | P2 | Class A | no website found,,Car Detailers
Clean car detailing California,,+1-925-405-2218,,,Concord,CA,V1 | P2 | Class A | no website found,,Car Detailers
Neo Auto Luxe,,+1-628-235-7401,,,Concord,CA,V1 | P2 | Class A | no website found,,Car Detailers
Quality Matters Mobile Detailing,,+1-925-446-9194,,,Concord,CA,V1 | P2 | Class A | no website found,,Car Detailers
Shine on auto Mobile Detailing,,+1-925-788-3716,,,Concord,CA,V1 | P2 | Class A | no website found,,Car Detailers
Team Dykstra's Car Wash,,+1-951-898-6482,,,Corona,CA,V1 | P2 | Class A | no website found,,Car Detailers
Classic SF Mobile Detailing,,+1-415-845-1177,,,Daly City,CA,V1 | P2 | Class A | no website found,,Car Detailers
Elevated Automotive Detailing & Tint,,+1-650-608-0961,,,Daly City,CA,V1 | P2 | Class A | no website found,,Car Detailers
J & S Laundromat,,+1-650-278-7422,,,Daly City,CA,V1 | P2 | Class A | no website found,,Car Detailers
SoapzOnWheelz Auto Detailing,,+1-415-654-0863,,,Daly City,CA,V1 | P2 | Class A | no website found,,Car Detailers
SteezyDetails,,+1-415-532-4800,,,Daly City,CA,V1 | P2 | Class A | no website found,,Car Detailers
ALVAREZ CUSTOMZ,,+1-661-229-9289,,,Delano,CA,V1 | P2 | Class A | no website found,,Car Detailers
EC Mobile Detailing,,+1-661-706-8545,,,Delano,CA,V1 | P2 | Class A | no website found,,Car Detailers
LuxeLine Garage,,+1-559-333-5360,,,Delano,CA,V1 | P2 | Class A | no website found,,Car Detailers
Ramirez Auto Detailing,,+1-559-318-7460,,,Dinuba,CA,V1 | P2 | Class A | no website found,,Car Detailers
Dixon Suspension & Smog,,+1-707-770-9682,,,Dixon,CA,V1 | P2 | Class A | no website found,,Car Detailers
Unique Auto Spa Oil & Lube,,+1-562-923-2500,,,Downey,CA,V1 | P2 | Class A | no website found,,Car Detailers
Ethan’s Auto Spa LLC,,+1-925-200-8718,,,Dublin,CA,V1 | P2 | Class A | no website found,,Car Detailers
O & L Dublin Autobody / Paint / Collision Repair,,+1-925-351-9687,,,Dublin,CA,V1 | P2 | Class A | no website found,,Car Detailers
Bravo’s Professional Touch,,+1-619-932-8115,,,El Cajon,CA,V1 | P2 | Class A | no website found,,Car Detailers
JAutoDetails,,+1-619-701-5790,,,El Cajon,CA,V1 | P2 | Class A | no website found,,Car Detailers
Lav Auto Customs & Window Tinting,,+1-619-587-9258,,,El Cajon,CA,V1 | P2 | Class A | no website found,,Car Detailers
SD PRO AUTO,,+1-619-558-8480,,,El Cajon,CA,V1 | P2 | Class A | no website found,,Car Detailers
ShineUp SDetail - Best Mobile Detailing & Window Tinting in San Diego,,+1-760-208-5017,,,El Cajon,CA,V1 | P2 | Class A | no website found,,Car Detailers
Vic’s Auto Detailing,,+1-619-715-0766,,,El Cajon,CA,V1 | P2 | Class A | no website found,,Car Detailers
Cooper Auto Cleaning,,+1-760-556-7284,,,El Centro,CA,V1 | P2 | Class A | no website found,,Car Detailers
Precise Solar Solutions & Mobil Detailing LLC.,,+1-760-554-7316,,,El Centro,CA,V1 | P2 | Class A | no website found,,Car Detailers
Manuel's Auto Detailing,,+1-916-712-8365,,,Elk Grove,CA,V1 | P2 | Class A | no website found,,Car Detailers
Sharkie Suds Detailing,,+1-760-704-9240,,,Encinitas,CA,V1 | P2 | Class A | no website found,,Car Detailers
Triton Marine & Auto,,+1-425-444-7673,,,Encinitas,CA,V1 | P2 | Class A | no website found,,Car Detailers
KevDetailing,,+1-760-580-7669,,,Escondido,CA,V1 | P2 | Class A | no website found,,Car Detailers
GlowGo,,+1-707-599-6635,,,Eureka,CA,V1 | P2 | Class A | no website found,,Car Detailers
AJs Detailing,,+1-707-759-8966,,,Fairfield,CA,V1 | P2 | Class A | no website found,,Car Detailers
Ace Autolounge,,+1-707-673-4147,,,Fairfield,CA,V1 | P2 | Class A | no website found,,Car Detailers
Car Wash Everyday Detail,,+1-707-301-1336,,,Fairfield,CA,V1 | P2 | Class A | no website found,,Car Detailers
Hometown Car Wash (100% Hand-Car Wash),,+1-707-427-0470,,,Fairfield,CA,V1 | P2 | Class A | no website found,,Car Detailers
Little Man’s Mobile Detailing,,+1-707-200-5681,,,Fairfield,CA,V1 | P2 | Class A | no website found,,Car Detailers
Noah Guy Mobile Car Wash,,+1-925-705-2458,,,Fairfield,CA,V1 | P2 | Class A | no website found,,Car Detailers
KC Auto Shine Mobile Detailing & Car Wash,,+1-909-731-2003,,,Fontana,CA,V1 | P2 | Class A | no website found,,Car Detailers
Mendes Family Auto Detailing,,+1-707-725-1893,,,Fortuna,CA,V1 | P2 | Class A | no website found,,Car Detailers
Platinum Detail,,+1-707-617-2580,,,Fortuna,CA,V1 | P2 | Class A | no website found,,Car Detailers
Ceramicluxe Detailing,,+1-714-395-0280,,,Fullerton,CA,V1 | P2 | Class A | no website found,,Car Detailers
Perkins Auto Detailing,,+1-714-343-0901,,,Fullerton,CA,V1 | P2 | Class A | no website found,,Car Detailers
Super Auto Body Shop,,+1-818-244-2423,,,Glendale,CA,V1 | P2 | Class A | no website found,,Car Detailers
Grand Luxury Detailing LLC.,,+1-916-899-9358,,,Granite Bay,CA,V1 | P2 | Class A | no website found,,Car Detailers
Carbright GRASSVALLEY,,+1-530-273-5482,,,Grass Valley,CA,V1 | P2 | Class A | no website found,,Car Detailers
Hawaiian Gardens Car Wash & Detail,,+1-562-429-7646,,,Hawaiian Gardens,CA,V1 | P2 | Class A | no website found,,Car Detailers
Aranas Detailing,,+1-415-702-8905,,,Hayward,CA,V1 | P2 | Class A | no website found,,Car Detailers
Gordos Suds Mobile Detailing,,+1-510-514-8825,,,Hayward,CA,V1 | P2 | Class A | no website found,,Car Detailers
Mars Mobile Detailing,,+1-408-901-9514,,,Hayward,CA,V1 | P2 | Class A | no website found,,Car Detailers
Ocean View Detailing,,+1-786-488-5882,,,Hayward,CA,V1 | P2 | Class A | no website found,,Car Detailers
Perez Auto Detailing,,+1-510-600-1753,,,Hayward,CA,V1 | P2 | Class A | no website found,,Car Detailers
The Master Touch Car Detailing,,+1-341-600-9840,,,Hayward,CA,V1 | P2 | Class A | no website found,,Car Detailers
Hemet Car Wash -The Best Hemet Car Wash,,+1-951-925-3514,,,Hemet,CA,V1 | P2 | Class A | no website found,,Car Detailers
Mike's Auto Detailing,,+1-951-292-0744,,,Hemet,CA,V1 | P2 | Class A | no website found,,Car Detailers
Bear Valley Hand Car Wash,,+1-760-947-6084,,,Hesperia,CA,V1 | P2 | Class A | no website found,,Car Detailers
TWnW car wash & detailing,,+1-424-653-7758,,,Hollywood,CA,V1 | P2 | Class A | no website found,,Car Detailers
2xA Detailing,,+1-714-351-8163,,,Huntington Beach,CA,V1 | P2 | Class A | no website found,,Car Detailers
Protecta Detailing Studio,,+1-949-649-7444,,,Huntington Beach,CA,V1 | P2 | Class A | no website found,,Car Detailers
Harbor Headlight Restoration,,+1-714-497-0510,,,Indio,CA,V1 | P2 | Class A | no website found,,Car Detailers
JB Mobile Detailing,,+1-760-485-9694,,,Indio,CA,V1 | P2 | Class A | no website found,,Car Detailers
Jromero Mobile Carwash & Details,,+1-760-984-9832,,,Indio,CA,V1 | P2 | Class A | no website found,,Car Detailers
Juice Details,,+1-760-574-2779,,,Indio,CA,V1 | P2 | Class A | no website found,,Car Detailers
AI Auto Detailing,,+1-310-498-8066,,,Inglewood,CA,V1 | P2 | Class A | no website found,,Car Detailers
BruceBDetailing,,+1-424-567-9714,,,Inglewood,CA,V1 | P2 | Class A | no website found,,Car Detailers
Leon car detailing,,+1-949-630-7269,,,Irvine,CA,V1 | P2 | Class A | no website found,,Car Detailers
Auto Detail Vip,,+1-760-625-6107,,,La Quinta,CA,V1 | P2 | Class A | no website found,,Car Detailers
OC Car Care,,+1-657-758-9202,,,Lakewood,CA,V1 | P2 | Class A | no website found,,Car Detailers
Plutos Car Wash Supply,,+1-661-886-8389,,,Lancaster,CA,V1 | P2 | Class A | no website found,,Car Detailers
Radiant Rides auto Detailing,,+1-925-493-9244,,,Livermore,CA,V1 | P2 | Class A | no website found,,Car Detailers
Andres Car Wash,,+1-562-989-1237,,,Long Beach,CA,V1 | P2 | Class A | no website found,,Car Detailers
Daniel's Detail's LLC,,+1-833-208-4541,,,Long Beach,CA,V1 | P2 | Class A | no website found,,Car Detailers
Auto Detail,,+1-323-378-4094,,,Los Angeles,CA,V1 | P2 | Class A | no website found,,Car Detailers
Black Label Care,,+1-323-492-5086,,,Los Angeles,CA,V1 | P2 | Class A | no website found,,Car Detailers
The Look Detail: At Home Auto Detailing Service,,+1-323-333-0692,,,Los Angeles,CA,V1 | P2 | Class A | no website found,,Car Detailers
Clean Carwash,,+1-562-881-5067,,,Lynwood,CA,V1 | P2 | Class A | no website found,,Car Detailers
Duke’s Pit Stop Auto Detailing,,+1-925-457-2963,,,Martinez,CA,V1 | P2 | Class A | no website found,,Car Detailers
Premier Detailing,,+1-951-615-7248,,,Menifee,CA,V1 | P2 | Class A | no website found,,Car Detailers
Anything & Everything Garage,,+1-209-205-8865,,,Merced,CA,V1 | P2 | Class A | no website found,,Car Detailers
Velorix Auto Detail,,+1-209-316-1887,,,Merced,CA,V1 | P2 | Class A | no website found,,Car Detailers
shineXpert,,+1-628-310-1995,,,Millbrae,CA,V1 | P2 | Class A | no website found,,Car Detailers
Andrew Korn Auto Polishing & Paint Correction,,+1-408-580-6106,,,Milpitas,CA,V1 | P2 | Class A | no website found,,Car Detailers
InteriorMob Mobile Detailing,,+1-209-445-8336,,,Modesto,CA,V1 | P2 | Class A | no website found,,Car Detailers
Tint and Detail Depot,,+1-209-846-9199,,,Modesto,CA,V1 | P2 | Class A | no website found,,Car Detailers
Glossy Rides Mobile Detailing,,+1-951-796-7239,,,Moreno Valley,CA,V1 | P2 | Class A | no website found,,Car Detailers
Gerardo’s Auto detailing,,+1-669-258-8389,,,Morgan Hill,CA,V1 | P2 | Class A | no website found,,Car Detailers
Mountain View Detailing,,+1-828-550-9591,,,Mountain View,CA,V1 | P2 | Class A | no website found,,Car Detailers
A-MD Auto Detail & Restoration,,+1-916-716-0551,,,Newcastle,CA,V1 | P2 | Class A | no website found,,Car Detailers
AJ Auto Detailing,,+1-209-695-9768,,,Newman,CA,V1 | P2 | Class A | no website found,,Car Detailers
Car Detailing,,+1-628-225-5162,,,Novato,CA,V1 | P2 | Class A | no website found,,Car Detailers
Macchina Mobile Detailing,,+1-805-728-5224,,,Oak Park,CA,V1 | P2 | Class A | no website found,,Car Detailers
Oakhurst Custom Detailing,,+1-559-641-5005,,,Oakhurst,CA,V1 | P2 | Class A | no website found,,Car Detailers
High Street Car Wash and Oil Change,,+1-510-536-4333,,,Oakland,CA,V1 | P2 | Class A | no website found,,Car Detailers
Lucky Auto Detail,,+1-510-388-5685,,,Oakland,CA,V1 | P2 | Class A | no website found,,Car Detailers
dammy's mobile detailing,,+1-415-589-1690,,,Oakland,CA,V1 | P2 | Class A | no website found,,Car Detailers
Vista Hand Wash & Gas,,+1-760-439-3200,,,Oceanside,CA,V1 | P2 | Class A | no website found,,Car Detailers
805 Mobile Car wash & Detail,,+1-805-401-4205,,,Oxnard,CA,V1 | P2 | Class A | no website found,,Car Detailers
California Car Wash,,+1-805-832-4128,,,Oxnard,CA,V1 | P2 | Class A | no website found,,Car Detailers
Cay's - Mobile Carwash & Rv Detailing,,+1-323-635-3575,,,Oxnard,CA,V1 | P2 | Class A | no website found,,Car Detailers
Dropped Details,,+1-805-827-8504,,,Oxnard,CA,V1 | P2 | Class A | no website found,,Car Detailers
Iker's Auto Detail,,+1-805-248-6326,,,Oxnard,CA,V1 | P2 | Class A | no website found,,Car Detailers
Flawless Auto Detailing & Painting,,+1-760-636-8637,,,Palm Desert,CA,V1 | P2 | Class A | no website found,,Car Detailers
Harvs Car Wash,,+1-760-341-8636,,,Palm Desert,CA,V1 | P2 | Class A | no website found,,Car Detailers
Hi-Care Auto Detailing,,+1-760-851-1881,,,Palm Springs,CA,V1 | P2 | Class A | no website found,,Car Detailers
Antelope Valley Detailing,,+1-818-626-2182,,,Palmdale,CA,V1 | P2 | Class A | no website found,,Car Detailers
GLI Car Detailing Services,,+1-661-566-9302,,,Palmdale,CA,V1 | P2 | Class A | no website found,,Car Detailers
It’s all in the detailz,,+1-661-878-5675,,,Palmdale,CA,V1 | P2 | Class A | no website found,,Car Detailers
Robinson's Professional Car Detailing Unlimited,,+1-661-227-8809,,,Palmdale,CA,V1 | P2 | Class A | no website found,,Car Detailers
Pasadena Hand Wash,,+1-626-365-1153,,,Pasadena,CA,V1 | P2 | Class A | no website found,,Car Detailers
Mason's Detail & Tint,,+1-805-237-0837,,,Paso Robles,CA,V1 | P2 | Class A | no website found,,Car Detailers
Petaluma Car Wash,,+1-707-778-1559,,,Petaluma,CA,V1 | P2 | Class A | no website found,,Car Detailers
Sonoma Autowerks LLC,,+1-707-762-0977,,,Petaluma,CA,V1 | P2 | Class A | no website found,,Car Detailers
1stClassMobileDetail,,+1-925-278-9453,,,Pittsburg,CA,V1 | P2 | Class A | no website found,,Car Detailers
Landos Mobile Detailing,,+1-925-732-8592,,,Pittsburg,CA,V1 | P2 | Class A | no website found,,Car Detailers
MMG MOBILE AUTO DETAILS,,+1-925-864-5686,,,Pittsburg,CA,V1 | P2 | Class A | no website found,,Car Detailers
Db_autowrks,,+1-909-538-2201,,,Pomona,CA,V1 | P2 | Class A | no website found,,Car Detailers
Detail Empire,,+1-909-568-5606,,,Pomona,CA,V1 | P2 | Class A | no website found,,Car Detailers
Detailing Classy Auto,,+1-909-588-8557,,,Pomona,CA,V1 | P2 | Class A | no website found,,Car Detailers
Royals Auto Detailing,,+1-442-258-8951,,,Porterville,CA,V1 | P2 | Class A | no website found,,Car Detailers
Detail X Mobile Detailing LLC,,+1-279-268-5790,,,Rancho Cordova,CA,V1 | P2 | Class A | no website found,,Car Detailers
MRB Deer Creek Car Wash,,+1-909-945-1906,,,Rancho Cucamonga,CA,V1 | P2 | Class A | no website found,,Car Detailers
2nd Chance Mobile Detailing,,+1-530-691-3312,,,Redding,CA,V1 | P2 | Class A | no website found,,Car Detailers
Partners In Grime Detailing,,+1-707-923-2285,,,Redway,CA,V1 | P2 | Class A | no website found,,Car Detailers
RWC Auto Detail,,+1-650-529-5069,,,Redwood City,CA,V1 | P2 | Class A | no website found,,Car Detailers
Alpha Detailing,,+1-626-931-0233,,,Rialto,CA,V1 | P2 | Class A | no website found,,Car Detailers
Monolith Auto Spa,,+1-909-419-9477,,,Rialto,CA,V1 | P2 | Class A | no website found,,Car Detailers
Villas Detailing,,+1-909-835-2098,,,Rialto,CA,V1 | P2 | Class A | no website found,,Car Detailers
RG DETAILZ,,+1-559-632-3540,,,Riverdale,CA,V1 | P2 | Class A | no website found,,Car Detailers
R&E Styling,,+1-707-486-9931,,,Rohnert Park,CA,V1 | P2 | Class A | no website found,,Car Detailers
Young Wash,,+1-707-696-2625,,,Rohnert Park,CA,V1 | P2 | Class A | no website found,,Car Detailers
Ketchum's Bling Bling Detailing,,+1-916-649-0334,,,Sacramento,CA,V1 | P2 | Class A | no website found,,Car Detailers
Central Coast Wraps & Detail,,+1-831-296-6889,,,Salinas,CA,V1 | P2 | Class A | no website found,,Car Detailers
"Grease Monkeys Customs, Window Tinting & Detailing",,+1-831-776-0755,,,Salinas,CA,V1 | P2 | Class A | no website found,,Car Detailers
Organic Detailing,,+1-831-484-8404,,,Salinas,CA,V1 | P2 | Class A | no website found,,Car Detailers
Newlux Detailing,,+1-909-389-8056,,,San Bernardino,CA,V1 | P2 | Class A | no website found,,Car Detailers
MD Detailing,,+1-650-440-3810,,,San Bruno,CA,V1 | P2 | Class A | no website found,,Car Detailers
Oscar's Neighborhood Detailer,,+1-650-834-5667,,,San Bruno,CA,V1 | P2 | Class A | no website found,,Car Detailers
Romeo's Auto Spa,,+1-619-876-8803,,,San Diego,CA,V1 | P2 | Class A | no website found,,Car Detailers
SunnySide Mobile Auto Detail & Powerwash,,+1-858-323-7447,,,San Diego,CA,V1 | P2 | Class A | no website found,,Car Detailers
Bay Area Detailing LLC,,+1-408-601-9097,,,San Jose,CA,V1 | P2 | Class A | no website found,,Car Detailers
Bay Area Drip Detailing,,+1-408-413-8601,,,San Jose,CA,V1 | P2 | Class A | no website found,,Car Detailers
CVM Luxe Mobile Detailing,,+1-408-859-9613,,,San Jose,CA,V1 | P2 | Class A | no website found,,Car Detailers
TN Mobile Auto Detail,,+1-408-646-1333,,,San Jose,CA,V1 | P2 | Class A | no website found,,Car Detailers
Elevate Custom Detailing LLC,,+1-510-274-7409,,,San Leandro,CA,V1 | P2 | Class A | no website found,,Car Detailers
Illusive Mobile Detailing,,+1-510-603-4637,,,San Leandro,CA,V1 | P2 | Class A | no website found,,Car Detailers
Tribe Auto Sales & Service,,+1-805-904-6784,,,San Luis Obispo,CA,V1 | P2 | Class A | no website found,,Car Detailers
Gt Auto Detailing,,+1-628-240-3949,,,San Rafael,CA,V1 | P2 | Class A | no website found,,Car Detailers
Boujee mobile detailing,,+1-657-235-7944,,,Santa Ana,CA,V1 | P2 | Class A | no website found,,Car Detailers
Ceramic My Car Santa Ana - Paint Protection Film PPF - Window Tint - Ceramic Pro Coatings,,+1-949-991-0081,,,Santa Ana,CA,V1 | P2 | Class A | no website found,,Car Detailers
Speedie Clean Express Car Wash,,+1-714-836-6111,,,Santa Ana,CA,V1 | P2 | Class A | no website found,,Car Detailers
Detail Pros,,+1-805-280-6196,,,Santa Barbara,CA,V1 | P2 | Class A | no website found,,Car Detailers
EZEE DETAILING,,+1-805-699-1886,,,Santa Barbara,CA,V1 | P2 | Class A | no website found,,Car Detailers
Aldrex Details,,+1-669-293-7355,,,Santa Clara,CA,V1 | P2 | Class A | no website found,,Car Detailers
Tan's Touchless Carwash,,+1-408-244-8233,,,Santa Clara,CA,V1 | P2 | Class A | no website found,,Car Detailers
UC Mobile Detailing,,+1-209-933-1322,,,Santa Clara,CA,V1 | P2 | Class A | no website found,,Car Detailers
Detail lab Mobile detailing,,+1-661-755-3560,,,Santa Clarita,CA,V1 | P2 | Class A | no website found,,Car Detailers
So So clean autocare,,+1-323-919-1963,,,Santa Clarita,CA,V1 | P2 | Class A | no website found,,Car Detailers
Ez Auto Mobile Service,,+1-408-515-6935,,,Santa Cruz,CA,V1 | P2 | Class A | no website found,,Car Detailers
Z & Z Auto Lab,,+1-920-911-9377,,,Santa Cruz,CA,V1 | P2 | Class A | no website found,,Car Detailers
Divine Detailing,,+1-805-249-8486,,,Santa Maria,CA,V1 | P2 | Class A | no website found,,Car Detailers
Mikeys Auto Detailing,,+1-805-363-8136,,,Santa Maria,CA,V1 | P2 | Class A | no website found,,Car Detailers
Bonus Hand Wash & Auto Spa,,+1-310-399-5773,,,Santa Monica,CA,V1 | P2 | Class A | no website found,,Car Detailers
The Luxury Auto Detailing,,+1-939-929-1016,,,Santa Rosa,CA,V1 | P2 | Class A | no website found,,Car Detailers
Bryce’s Mobile Detailing,,+1-805-300-0110,,,Simi Valley,CA,V1 | P2 | Class A | no website found,,Car Detailers
Cyber Auto Spa - Mobile Detailing,,+1-818-794-9333,,,Simi Valley,CA,V1 | P2 | Class A | no website found,,Car Detailers
RR Auto Detailing,,+1-818-943-9820,,,Simi Valley,CA,V1 | P2 | Class A | no website found,,Car Detailers
Simi Valley Car Wash,,+1-805-526-1448,,,Simi Valley,CA,V1 | P2 | Class A | no website found,,Car Detailers
Cruz Car Wash,,+1-831-476-7246,,,Soquel,CA,V1 | P2 | Class A | no website found,,Car Detailers
Advanced Touch Auto Detailing,,+1-323-422-1431,,,South Gate,CA,V1 | P2 | Class A | no website found,,Car Detailers
Atomic Cruiser Auto Detailing,,+1-310-704-9151,,,South Gate,CA,V1 | P2 | Class A | no website found,,Car Detailers
G27 Details,,+1-323-613-4526,,,South Gate,CA,V1 | P2 | Class A | no website found,,Car Detailers
Moreno.mobiledetailing,,+1-323-796-9656,,,South Gate,CA,V1 | P2 | Class A | no website found,,Car Detailers
Palenque detailing,,+1-323-977-0361,,,South Gate,CA,V1 | P2 | Class A | no website found,,Car Detailers
Salapare Auto Care,,+1-962-698-9906,,,South Gate,CA,V1 | P2 | Class A | no website found,,Car Detailers
Sunshine Tint Studio,,+1-323-358-0999,,,South Gate,CA,V1 | P2 | Class A | no website found,,Car Detailers
Xen Auto Detailing,,+1-323-772-4517,,,South Gate,CA,V1 | P2 | Class A | no website found,,Car Detailers
American mobile car detailing,,+1-562-661-3180,,,Temecula,CA,V1 | P2 | Class A | no website found,,Car Detailers
Fleetmaster Detail,,+1-805-807-8153,,,Thousand Oaks,CA,V1 | P2 | Class A | no website found,,Car Detailers
J&A Auto Detailing & More,,+1-820-432-1665,,,Thousand Oaks,CA,V1 | P2 | Class A | no website found,,Car Detailers
J&K AUTO DETAILING,,+1-805-276-4997,,,Thousand Oaks,CA,V1 | P2 | Class A | no website found,,Car Detailers
"Mateo""s Elite Auto Detailing",,+1-805-990-0844,,,Thousand Oaks,CA,V1 | P2 | Class A | no website found,,Car Detailers
Car Detailing & Solutions,,+1-213-515-2257,,,Torrance,CA,V1 | P2 | Class A | no website found,,Car Detailers
One Way Auto Detailing,,+1-310-953-6404,,,Torrance,CA,V1 | P2 | Class A | no website found,,Car Detailers
Reno Mobile Detail,,+1-775-406-8110,,,Truckee,CA,V1 | P2 | Class A | no website found,,Car Detailers
Knight Customs | Window Tint | Paint Protection Film | Wraps | Decals,,+1-559-631-5770,,,Tulare,CA,V1 | P2 | Class A | no website found,,Car Detailers
AJ Auto Detailing,,+1-209-622-8260,,,Turlock,CA,V1 | P2 | Class A | no website found,,Car Detailers
Chazizdetailing24,,+1-209-985-8690,,,Turlock,CA,V1 | P2 | Class A | no website found,,Car Detailers
Jester Auto Works,,+1-209-634-8581,,,Turlock,CA,V1 | P2 | Class A | no website found,,Car Detailers
MS mobile car wash & Detailing,,+1-209-410-3621,,,Turlock,CA,V1 | P2 | Class A | no website found,,Car Detailers
Poppin Suds Detail,,+1-209-535-8094,,,Turlock,CA,V1 | P2 | Class A | no website found,,Car Detailers
Souza Detailing,,+1-209-778-6979,,,Turlock,CA,V1 | P2 | Class A | no website found,,Car Detailers
Turlock Auto Shine,,+1-209-809-6313,,,Turlock,CA,V1 | P2 | Class A | no website found,,Car Detailers
Ariza mobile detailing,,+1-714-363-2979,,,Tustin,CA,V1 | P2 | Class A | no website found,,Car Detailers
Initial Detailing,,+1-714-472-4816,,,Tustin,CA,V1 | P2 | Class A | no website found,,Car Detailers
MVP OC DETAILING,,+1-840-587-6287,,,Tustin,CA,V1 | P2 | Class A | no website found,,Car Detailers
Mobile detail ags de lux,,+1-714-727-7574,,,Tustin,CA,V1 | P2 | Class A | no website found,,Car Detailers
Showroom Pro Auto Detailing,,+1-714-932-3263,,,Tustin,CA,V1 | P2 | Class A | no website found,,Car Detailers
The family car detail,,+1-714-727-7475,,,Tustin,CA,V1 | P2 | Class A | no website found,,Car Detailers
Alvarez Car Creations,,+1-707-727-6005,,,Ukiah,CA,V1 | P2 | Class A | no website found,,Car Detailers
Felix Auto Repair,,+1-707-380-7863,,,Ukiah,CA,V1 | P2 | Class A | no website found,,Car Detailers
KJ Auto Detailing,,+1-510-954-4922,,,Union City,CA,V1 | P2 | Class A | no website found,,Car Detailers
Torogoz Auto Detailing,,+1-341-600-9746,,,Union City,CA,V1 | P2 | Class A | no website found,,Car Detailers
76 Upland Car Wash,,+1-909-949-1422,,,Upland,CA,V1 | P2 | Class A | no website found,,Car Detailers
"Mission Car Wash & Detail Center.,",,+1-909-981-8792,,,Upland,CA,V1 | P2 | Class A | no website found,,Car Detailers
Obsidian Detailing,,+1-909-858-6829,,,Upland,CA,V1 | P2 | Class A | no website found,,Car Detailers
Reborn Auto Detail,,+1-415-994-5942,,,Vacaville,CA,V1 | P2 | Class A | no website found,,Car Detailers
First Line Auto Detailing,,+1-707-732-1040,,,Vallejo,CA,V1 | P2 | Class A | no website found,,Car Detailers
Kays World,,+1-707-344-3482,,,Vallejo,CA,V1 | P2 | Class A | no website found,,Car Detailers
L&C Auto Detailing,,+1-415-368-9557,,,Vallejo,CA,V1 | P2 | Class A | no website found,,Car Detailers
Oscar’s Details,,+1-808-216-4318,,,Vallejo,CA,V1 | P2 | Class A | no website found,,Car Detailers
Signature Image Window Tint & Vinyl Wrap,,+1-707-690-8406,,,Vallejo,CA,V1 | P2 | Class A | no website found,,Car Detailers
Spot Free Detailing,,+1-707-334-4983,,,Vallejo,CA,V1 | P2 | Class A | no website found,,Car Detailers
Xclusive Details,,+1-510-604-7368,,,Vallejo,CA,V1 | P2 | Class A | no website found,,Car Detailers
Auto Scrubber,,+1-805-643-6281,,,Ventura,CA,V1 | P2 | Class A | no website found,,Car Detailers
MIKES VIP MOBILE DETAILING,,+1-805-663-1000,,,Ventura,CA,V1 | P2 | Class A | no website found,,Car Detailers
Willys mobile detailing,,+1-805-656-8129,,,Ventura,CA,V1 | P2 | Class A | no website found,,Car Detailers
Howard Mobile Detailing,,+1-760-269-8212,,,Victorville,CA,V1 | P2 | Class A | no website found,,Car Detailers
Limitless Auto Design LLC,,+1-760-514-7772,,,Victorville,CA,V1 | P2 | Class A | no website found,,Car Detailers
Tri City Car Wash,,+1-760-241-7372,,,Victorville,CA,V1 | P2 | Class A | no website found,,Car Detailers
Ireland Detailing,,+1-559-909-0783,,,Visalia,CA,V1 | P2 | Class A | no website found,,Car Detailers
Vanguard Auto Detailing,,+1-559-748-8758,,,Visalia,CA,V1 | P2 | Class A | no website found,,Car Detailers
All the Details Mobile Detailing,,+1-760-717-6037,,,Vista,CA,V1 | P2 | Class A | no website found,,Car Detailers
De Haro Auto Detail,,+1-760-917-7868,,,Vista,CA,V1 | P2 | Class A | no website found,,Car Detailers
TAPIA'S CAR DETAILING,,+1-760-978-9316,,,Vista,CA,V1 | P2 | Class A | no website found,,Car Detailers
Fresha Auto Detail LLC,,+1-831-216-7837,,,Watsonville,CA,V1 | P2 | Class A | no website found,,Car Detailers
Gomez Mobile Auto Detail/ Ceramic protection Watsonville,,+1-831-406-2979,,,Watsonville,CA,V1 | P2 | Class A | no website found,,Car Detailers
Jaimes Detailing,,+1-831-313-6241,,,Watsonville,CA,V1 | P2 | Class A | no website found,,Car Detailers
Olas Auto Detailing,,+1-831-359-9897,,,Watsonville,CA,V1 | P2 | Class A | no website found,,Car Detailers
precision.detailing831,,+1-831-587-3833,,,Watsonville,CA,V1 | P2 | Class A | no website found,,Car Detailers
Mobile Detail Express,,+1-702-389-9060,,,West Covina,CA,V1 | P2 | Class A | no website found,,Car Detailers
Mpire Auto Detailing,,+1-626-503-6188,,,West Covina,CA,V1 | P2 | Class A | no website found,,Car Detailers
Redline Detailing,,+1-714-794-9862,,,Westminster,CA,V1 | P2 | Class A | no website found,,Car Detailers
LA autoshine mobile detailing,,+1-562-504-8018,,,Whittier,CA,V1 | P2 | Class A | no website found,,Car Detailers
The Detail Shop,,+1-707-499-8880,,,Willow Creek,CA,V1 | P2 | Class A | no website found,,Car Detailers
Lustrous Detail and Polishing,,+1-530-979-1117,,,Winters,CA,V1 | P2 | Class A | no website found,,Car Detailers
Generationz Quality Auto Care,,+1-530-402-1076,,,Woodland,CA,V1 | P2 | Class A | no website found,,Car Detailers
Lopez Quality Auto Repair,,+1-530-666-4031,,,Woodland,CA,V1 | P2 | Class A | no website found,,Car Detailers
New Age Automotive,,+1-530-704-2695,,,Woodland,CA,V1 | P2 | Class A | no website found,,Car Detailers
Roa Mobile Detail,,+1-530-908-7655,,,Woodland,CA,V1 | P2 | Class A | no website found,,Car Detailers
Shine Bros Mobile Detailing,,+1-530-662-1956,,,Woodland,CA,V1 | P2 | Class A | no website found,,Car Detailers
First choice mobile mechanics and roadside service,,+1-530-561-9354,,,Yreka,CA,V1 | P2 | Class A | no website found,,Car Detailers
Evolution Customz,,+1-530-701-9022,,,Yuba City,CA,V1 | P2 | Class A | no website found,,Car Detailers
Highway 99 Car Wash,,+1-530-751-1000,,,Yuba City,CA,V1 | P2 | Class A | no website found,,Car Detailers
"Raintree Car Wash of Yuba City, CA",,+1-530-755-0766,,,Yuba City,CA,V1 | P2 | Class A | no website found,,Car Detailers
Resurrection Detailing,,+1-530-487-3879,,,Yuba City,CA,V1 | P2 | Class A | no website found,,Car Detailers
"Evergreen Auto Detail, LLC",,+1-541-223-9945,,,Albany,OR,V1 | P2 | Class A | no website found,,Car Detailers
Harper Auto Detailing,,+1-518-598-3140,,,Albany,OR,V1 | P2 | Class A | no website found,,Car Detailers
Beaverton Car Wash and Detail Center,,+1-503-644-0535,,,Beaverton,OR,V1 | P2 | Class A | no website found,,Car Detailers
Auto Z Mobile Detailing,,+1-573-220-7081,,,Bend,OR,V1 | P2 | Class A | no website found,,Car Detailers
Farfan's auto detailing,,+1-323-383-6957,,,Canby,OR,V1 | P2 | Class A | no website found,,Car Detailers
Top-Tier Mobile Detailing,,+1-541-609-1589,,,Corvallis,OR,V1 | P2 | Class A | no website found,,Car Detailers
West Valley Detailing,,+1-503-798-3712,,,Dallas,OR,V1 | P2 | Class A | no website found,,Car Detailers
Streamline Auto and Exhaust,,+1-541-916-8001,,,Grants Pass,OR,V1 | P2 | Class A | no website found,,Car Detailers
Lula's Auto Detailing,,+1-425-791-7540,,,Gresham,OR,V1 | P2 | Class A | no website found,,Car Detailers
Panda Hub,,+1-503-809-5968,,,Gresham,OR,V1 | P2 | Class A | no website found,,Car Detailers
Exotic Auto Detailing,,+1-541-561-8843,,,Hermiston,OR,V1 | P2 | Class A | no website found,,Car Detailers
Kelly Details,,+1-541-561-8184,,,Hermiston,OR,V1 | P2 | Class A | no website found,,Car Detailers
Orellana’s Mobile detailing LLC,,+1-458-219-5649,,,Hermiston,OR,V1 | P2 | Class A | no website found,,Car Detailers
Timbers Auto Detailing,,+1-971-435-2535,,,Hillsboro,OR,V1 | P2 | Class A | no website found,,Car Detailers
Boat and auto mobile detailing,,+1-541-400-0101,,,Hood River,OR,V1 | P2 | Class A | no website found,,Car Detailers
Fireball,,+1-541-883-1744,,,Klamath Falls,OR,V1 | P2 | Class A | no website found,,Car Detailers
High desert automotive,,+1-541-887-1088,,,Klamath Falls,OR,V1 | P2 | Class A | no website found,,Car Detailers
Jl's Auto Detailing Las Vegas (Mobile),,+1-541-810-2404,,,Klamath Falls,OR,V1 | P2 | Class A | no website found,,Car Detailers
Devon Details LLC,,+1-503-800-7135,,,Lincoln City,OR,V1 | P2 | Class A | no website found,,Car Detailers
JS MOBILE AUTO DETAILING,,+1-541-921-6425,,,Lincoln City,OR,V1 | P2 | Class A | no website found,,Car Detailers
STREET IMAGE LLC,,+1-541-460-3703,,,Madras,OR,V1 | P2 | Class A | no website found,,Car Detailers
Eddys Auto Care Garage,,+1-458-592-9588,,,Medford,OR,V1 | P2 | Class A | no website found,,Car Detailers
Summit Shine Co.,,+1-971-243-9490,,,Newberg,OR,V1 | P2 | Class A | no website found,,Car Detailers
OFFROAD VIBES COMPANY,,+1-541-961-4781,,,Newport,OR,V1 | P2 | Class A | no website found,,Car Detailers
GLOW ON GO AUTO DETAILING INC.,,+1-437-366-4843,,,Ontario,OR,V1 | P2 | Class A | no website found,,Car Detailers
Wash N Go Detailing,,+1-613-401-0878,,,Ontario,OR,V1 | P2 | Class A | no website found,,Car Detailers
Full throttle mobile auto detailing,,+1-503-997-7388,,,Portland,OR,V1 | P2 | Class A | no website found,,Car Detailers
Kays Mobile Auto Detailing,,+1-360-310-7820,,,Portland,OR,V1 | P2 | Class A | no website found,,Car Detailers
KMFM AUTO REPAIR LLC,,+1-541-408-3471,,,Prineville,OR,V1 | P2 | Class A | no website found,,Car Detailers
MIDNIGHT AUTO COLLISION,,+1-503-890-4473,,,Salem,OR,V1 | P2 | Class A | no website found,,Car Detailers
Ride Revive Auto Care,,+1-541-515-1518,,,Springfield,OR,V1 | P2 | Class A | no website found,,Car Detailers
at home car detailing,,+1-541-515-8518,,,Springfield,OR,V1 | P2 | Class A | no website found,,Car Detailers
JJsSpotlessDetailing,,+1-503-438-9547,,,St. Helens,OR,V1 | P2 | Class A | no website found,,Car Detailers
A.C.R. Mobile Detail Service LLC,,+1-503-989-8292,,,Woodburn,OR,V1 | P2 | Class A | no website found,,Car Detailers
Do It All Detail,,+1-925-477-8325,,,Antioch,CA,V1 | P3 | Class A | website broken or unreachable | https://www.doitalldetailingaz.com/,,Car Detailers
Triple Crown Car Wash,,+1-925-755-9274,,,Antioch,CA,V1 | P3 | Class A | website broken or unreachable | http://triplecrowncarwash.net/,,Car Detailers
PonteGloss,,+1-530-338-9013,,,Auburn,CA,V1 | P3 | Class A | website broken or unreachable | https://pontegloss.com/,,Car Detailers
Sonny’s Auto Detailing,,+1-559-381-0726,,,Avenal,CA,V1 | P3 | Class A | website broken or unreachable | https://sonny.buddingsol.com/,,Car Detailers
Wilson’s Auto Detailing,,+1-661-472-1348,,,Bakersfield,CA,V1 | P3 | Class A | website broken or unreachable | https://wilsonsautodetailing661.com/,,Car Detailers
Ben's Detailing,,+1-424-234-6939,,,Burbank,CA,V1 | P3 | Class A | website broken or unreachable | http://www.benjamincontreras.com/,,Car Detailers
Best Mobile Wash - Private Jet Detailing,,+1-818-697-1551,,,Burbank,CA,V1 | P3 | Class A | website broken or unreachable | https://bestmobilewashjetsdetailing.com/,,Car Detailers
Diaz Detailing,,+1-805-743-7618,,,Camarillo,CA,V1 | P3 | Class A | website broken or unreachable | https://www.diazdetailing.shop/home,,Car Detailers
"Kingdom Tint, PPF and Coatings",,+1-858-355-8392,,,Carlsbad,CA,V1 | P3 | Class A | website broken or unreachable | https://www.kingdom-tint.com/,,Car Detailers
Stiles Mobile Detailing,,+1-760-421-5190,,,Carlsbad,CA,V1 | P3 | Class A | website broken or unreachable | https://stilesmobiledetailing.com/home-v2,,Car Detailers
Glossybear Detailing LLC,,+1-775-720-1795,,,Carson,CA,V1 | P3 | Class A | website broken or unreachable | http://www.glossybeardetailing.com/,,Car Detailers
Stealth Window Tint In Chico,,+1-530-809-2310,,,Chico,CA,V1 | P3 | Class A | website broken or unreachable | https://stealthwindowtint.com/home,,Car Detailers
Bomb Detail,,+1-805-819-2351,,,Coalinga,CA,V1 | P3 | Class A | website broken or unreachable | http://bombdetail.com/,,Car Detailers
Worth It Car Detailing,,+1-747-269-6515,,,Compton,CA,V1 | P3 | Class A | website broken or unreachable | https://worthitcardetailing.site/,,Car Detailers
Done Right Mobile Car Detailing of Del Mar,,+1-617-610-5845,,,Del Mar,CA,V1 | P3 | Class A | website broken or unreachable | https://donerightmobilecardetailing.com/,,Car Detailers
The Detail Man,,+1-562-292-4895,,,Downey,CA,V1 | P3 | Class A | website broken or unreachable | https://thedetailsman.com/,,Car Detailers
Feliz Auto Detail,,+1-619-565-8204,,,El Cajon,CA,V1 | P3 | Class A | website broken or unreachable | https://brand.site/feliz-auto-detail,,Car Detailers
Daddy Detailers,,+1-760-332-8075,,,El Centro,CA,V1 | P3 | Class A | website broken or unreachable | https://www.daddydetailers.com/,,Car Detailers
Paragon Automotive Detail,,+1-916-412-7840,,,El Dorado Hills,CA,V1 | P3 | Class A | website broken or unreachable | https://www.purveyorsofshine.com/,,Car Detailers
Arians Auto Detailing,,+1-559-917-6333,,,Encinitas,CA,V1 | P3 | Class A | website broken or unreachable | https://pristinedetailing.simplybook.me/v2/,,Car Detailers
Nomadic Auto Detailing,,+1-760-975-7181,,,Encinitas,CA,V1 | P3 | Class A | website broken or unreachable | https://nomadicautodetailing.com/,,Car Detailers
Highway 99 Detailing - Window Tint & Ceramic Coating in Fresno,,+1-559-388-2155,,,Fresno,CA,V1 | P3 | Class A | website broken or unreachable | http://www.highway99detailing.com/,,Car Detailers
Piccadilly Hand Carwash & Detailing,,+1-559-222-7066,,,Fresno,CA,V1 | P3 | Class A | website broken or unreachable | http://piccadillycarwash.com/,,Car Detailers
AVR Detailing,,+1-510-371-3577,,,Hayward,CA,V1 | P3 | Class A | website broken or unreachable | http://www.avrdetailing.com/,,Car Detailers
FLA Mobile Detailing,,+1-510-300-5259,,,Hayward,CA,V1 | P3 | Class A | website broken or unreachable | https://flamobiledetailing.com/,,Car Detailers
Shoreline Detail LLC,,+1-949-421-9599,,,Huntington Beach,CA,V1 | P3 | Class A | website broken or unreachable | https://www.shoreline-detail.com/,,Car Detailers
Dzor Mobile Detailing,,+1-424-537-7101,,,Inglewood,CA,V1 | P3 | Class A | website broken or unreachable | https://www.dzorluxuryrentals.com/mobiledetailing,,Car Detailers
Matt's Mobile Detailing and Ceramic Coating,,+1-717-327-7992,,,Lancaster,CA,V1 | P3 | Class A | website broken or unreachable | https://mattsdetailing.com/,,Car Detailers
Monkey's Auto Spa,,+1-213-440-2897,,,Los Angeles,CA,V1 | P3 | Class A | website broken or unreachable | http://monkeysautospa.com/,,Car Detailers
Nick’s Auto Detail,,+1-323-213-0182,,,Los Angeles,CA,V1 | P3 | Class A | website broken or unreachable | http://www.nickdetails.com/,,Car Detailers
Auto Resources Service Center,,+1-209-259-6088,,,Merced,CA,V1 | P3 | Class A | website broken or unreachable | https://autoresources.com/,,Car Detailers
Prestigious Auto Spa,,+1-512-919-2370,,,Milpitas,CA,V1 | P3 | Class A | website broken or unreachable | https://www.theprestigiousdetail.com/,,Car Detailers
Tesi Wraps,,+1-415-525-7007,,,Novato,CA,V1 | P3 | Class A | website broken or unreachable | https://tesiwraps.com/,,Car Detailers
We Detail,,+1-602-641-2489,,,Novato,CA,V1 | P3 | Class A | website broken or unreachable | https://bookwedetail.com/,,Car Detailers
Guzman Detailing & Car Wash,,+1-760-286-8933,,,Palm Springs,CA,V1 | P3 | Class A | website broken or unreachable | https://cardetailingservice-ca.com/,,Car Detailers
Perfect Finish Mobile Detailing,,+1-760-272-4033,,,Palm Springs,CA,V1 | P3 | Class A | website broken or unreachable | https://perfectlydetailedcars.com/,,Car Detailers
Five star automotive detailing L.L.C,,+1-650-223-5946,,,Palo Alto,CA,V1 | P3 | Class A | website broken or unreachable | http://fivestarsautomotivedetailing.com/,,Car Detailers
Papaz Detailing,,+1-530-282-5401,,,Paradise,CA,V1 | P3 | Class A | website broken or unreachable | http://papazdetailing.com/?utm_source=gmb&utm_medium=referral,,Car Detailers
Green Line Body Shop,,+1-747-257-8324,,,Pasadena,CA,V1 | P3 | Class A | website broken or unreachable | https://www.greenlinebodyshop.com/,,Car Detailers
Niemann's Auto Touch Inc.,,+1-530-622-5418,,,Placerville,CA,V1 | P3 | Class A | website broken or unreachable | http://niemannsautotouch.com/,,Car Detailers
The Detailing Turbo,,+1-916-822-7252,,,Rancho Cordova,CA,V1 | P3 | Class A | website broken or unreachable | https://thedetailingturbo.com/,,Car Detailers
Empowered Services,,+1-419-631-3263,,,Redding,CA,V1 | P3 | Class A | website broken or unreachable | http://www.empoweredservicesdetailing.com/,,Car Detailers
Evolve Detailing Co,,+1-530-691-6886,,,Redding,CA,V1 | P3 | Class A | website broken or unreachable | https://evolvedetailingco.com/,,Car Detailers
Stealth Window Tint in Redding,,+1-530-882-3666,,,Redding,CA,V1 | P3 | Class A | website broken or unreachable | https://stealthwindowtint.com/home,,Car Detailers
Redlands Foamy Car Wash & Detail Center,,+1-909-792-7551,,,Redlands,CA,V1 | P3 | Class A | website broken or unreachable | http://www.foamycarwash.com/,,Car Detailers
A&N Protective Films,,+1-916-305-0095,,,Rocklin,CA,V1 | P3 | Class A | website broken or unreachable | https://anprotectivefilms.com/,,Car Detailers
Carbon Auto Concepts,,+1-707-583-3384,,,Rohnert Park,CA,V1 | P3 | Class A | website broken or unreachable | https://carbonautoconcepts.com/,,Car Detailers
Herreras Auto Detailing,,+1-831-258-6089,,,Salinas,CA,V1 | P3 | Class A | website broken or unreachable | https://www.appointfix.com/Herreras-Auto-Detail,,Car Detailers
Danny's Mobile Detailing,,+1-951-850-0526,,,San Bernardino,CA,V1 | P3 | Class A | website broken or unreachable | https://dannymobiledetailing.com/home-4042576315,,Car Detailers
Mobile Detailing Pros,,+1-909-246-5843,,,San Bernardino,CA,V1 | P3 | Class A | website broken or unreachable | http://www.mobiledetailprosca.com/,,Car Detailers
Oka’s Car Care,,+1-650-346-9407,,,San Bruno,CA,V1 | P3 | Class A | website broken or unreachable | https://www.okascarcare.com/,,Car Detailers
Code Black Customs Car Detailing,,+1-619-886-1818,,,San Jacinto,CA,V1 | P3 | Class A | website broken or unreachable | https://codeblackcustoms.com/,,Car Detailers
On 3 Auto Detailing,,+1-805-206-0969,,,San Marcos,CA,V1 | P3 | Class A | website broken or unreachable | http://on3carcare.com/,,Car Detailers
Pico's Car Detailing and Bounce Houses,,+1-805-865-6841,,,Santa Maria,CA,V1 | P3 | Class A | website broken or unreachable | http://picosdetailing.com/,,Car Detailers
Graphix Lab LLC.,,+1-415-969-4005,,,South San Francisco,CA,V1 | P3 | Class A | website broken or unreachable | https://graphixlab.co/,,Car Detailers
Ezbreezy Auto Detailing,,+1-310-753-2295,,,Torrance,CA,V1 | P3 | Class A | website broken or unreachable | http://ezbreezyautodetailing.com/,,Car Detailers
EZRinse Auto Detailing,,+1-559-933-7908,,,Tulare,CA,V1 | P3 | Class A | website broken or unreachable | https://www.ezrinsedetailing.com/,,Car Detailers
Slate Car Detailing,,+1-209-450-5047,,,Turlock,CA,V1 | P3 | Class A | website broken or unreachable | https://www.slatecardetaling.com/,,Car Detailers
Rvdetailingz,,+1-707-249-2764,,,Vacaville,CA,V1 | P3 | Class A | website broken or unreachable | https://www.rvdetailingz707.com/,,Car Detailers
Domicile Detailers,,+1-707-712-9883,,,Vallejo,CA,V1 | P3 | Class A | website broken or unreachable | https://domiciledetailers.com/,,Car Detailers
Sunny Auto Detail LLC,,+1-707-606-9750,,,Vallejo,CA,V1 | P3 | Class A | website broken or unreachable | http://sunnyautodetailing.com/,,Car Detailers
Pacific Luxe Auto Detail,,+1-760-505-6558,,,Vista,CA,V1 | P3 | Class A | website broken or unreachable | https://www.pacificluxedetail.com/,,Car Detailers
Brunson Mobile Detailing,,+1-562-473-5525,,,Whittier,CA,V1 | P3 | Class A | website broken or unreachable | https://www.bmdetailing.net/,,Car Detailers
No Limitz Details,,+1-714-278-5531,,,Whittier,CA,V1 | P3 | Class A | website broken or unreachable | http://nolimitzdetails.com/,,Car Detailers
503 Motoring & Sales,,+1-503-469-9821,,,Beaverton,OR,V1 | P3 | Class A | website broken or unreachable | https://503motoring.com/,,Car Detailers
Dame Tu Carro,,+1-503-433-6718,,,Beaverton,OR,V1 | P3 | Class A | website broken or unreachable | http://www.damecarro.com/,,Car Detailers
Wright Way Detailing,,+1-417-712-6245,,,Seaside,OR,V1 | P3 | Class A | website broken or unreachable | http://wrightwaydetailingllc.com/,,Car Detailers
Fresh Finish Detailing,,+1-971-363-6411,,,St. Helens,OR,V1 | P3 | Class A | website broken or unreachable | https://thefreshfinishdetailing.com/,,Car Detailers
Hollywood Mobile Detail,,+1-503-628-9418,,,St. Helens,OR,V1 | P3 | Class A | website broken or unreachable | https://www.hollywoodmobile.net/,,Car Detailers
Meier Detailing,,+1-412-979-5184,,,St. Helens,OR,V1 | P3 | Class A | website broken or unreachable | http://meierdetailing.com/,,Car Detailers
