origin,niche,stable_id,business_name,published_business_phone,candidate_website_url,lead_class,city,county,state,website_state
engine-v2,car-washes,google_maps:data_id:0x808f85e09e2f3639:0x65df3b1943b47fdd,Car Wash Full Service,+1-415-678-0760,,A,Alameda,Alameda,CA,no_website_link_listed
engine-v2,car-washes,google_maps:data_id:0x808f85f54dcf0579:0x5449989985b74c0,Community Car Wash,+1-510-729-5027,,A,Alameda,Alameda,CA,no_website_link_listed
engine-v2,car-washes,google_maps:data_id:0x808f87305cd296d1:0x1fbd3a91242721f6,KSC Car Wash,+1-510-250-9225,,A,Alameda,Alameda,CA,no_website_link_listed
engine-v2,car-washes,google_maps:data_id:0x808f871176eb44ed:0xa7e582337553b4d2,SHINE & GO CAR WASH,+1-510-424-3808,http://oaklandbestcarwash.com/,B,Alameda,Alameda,CA,functional_with_objective_deficiency
engine-v2,car-washes,google_maps:data_id:0x808f864c0b790a23:0xea5c5531e5c5049b,Solar Car Wash,+1-510-614-6664,http://www.thesolarcarwash.com/,B,Alameda,Alameda,CA,functional_with_objective_deficiency
engine-v2,car-washes,google_maps:data_id:0x808f863f34203705:0x1366377f7af3ea3b,Spraymaster Self Services Car Wash,+1-510-530-2440,,A,Alameda,Alameda,CA,no_website_link_listed
engine-v2,car-washes,google_maps:data_id:0x80857d18f0f381ab:0xc6fd6076712c82ad,BH Mobile Detail,+1-415-306-1792,,A,Berkeley,Alameda,CA,no_website_link_listed
engine-v2,car-washes,google_maps:data_id:0x808579248e7caf1d:0x1899ef4499062e28,Kaady Car Wash,+1-510-527-5733,http://www.kaady.com/,B,Berkeley,Contra Costa,CA,functional_with_objective_deficiency
engine-v2,car-washes,google_maps:data_id:0xa09a1fc4609e2cf1:0xa45ed0f844b03568,Nashmi Mobile Auto Detail,+1-510-406-2956,https://nashmidetail.com/,B,Berkeley,El Dorado,CA,functional_with_objective_deficiency
engine-v2,car-washes,google_maps:data_id:0x80857ec0209c3d55:0x17833511562bf7fd,Solar Car Wash,+1-888-614-6664,http://www.thesolarcarwash.com/,B,Berkeley,Alameda,CA,functional_with_objective_deficiency
engine-v2,car-washes,google_maps:data_id:0x80857df38b7b07c7:0x80d3db3eba23cf43,Suds Machine,+1-510-547-5507,http://www.kenbettscompany.com/,B,Berkeley,Alameda,CA,functional_with_objective_deficiency
engine-v2,car-washes,google_maps:data_id:0xac1ec00a295fec83:0x397895cadfcc4329,Turrini Automotive Detailing,+1-925-922-1333,,A,Berkeley,Contra Costa,CA,no_website_link_listed
engine-v2,car-washes,google_maps:data_id:0x808fec68c0974f89:0x2d12fbe42173aef3,A&A Gas & Food Mart & Car Wash,+1-925-829-7218,,A,Dublin,Alameda,CA,no_website_link_listed
engine-v2,car-washes,google_maps:data_id:0x808fec6cd521aa05:0xdecd3a40b9e6b587,Autopia Car Wash - Dublin,+1-925-803-8700,http://www.autopiacarwash.com/,B,Dublin,Alameda,CA,functional_with_objective_deficiency
engine-v2,car-washes,google_maps:data_id:0x808fe7a23400fd8b:0x5daddb4ccbe29a79,Autopia Car Wash - Livermore,+1-925-455-6644,http://autopiacarwash.com/,B,Dublin,Alameda,CA,functional_with_objective_deficiency
engine-v2,car-washes,google_maps:data_id:0x808fec6b524cef73:0xd87f0bba25552969,Corwood Car Wash,+1-925-828-5151,,A,Dublin,Alameda,CA,no_website_link_listed
engine-v2,car-washes,google_maps:data_id:0x808fec6b6e159a9b:0x50ba80a28776b110,Dublin Self Service Car Wash,+1-510-888-2024,,A,Dublin,Alameda,CA,no_website_link_listed
engine-v2,car-washes,google_maps:data_id:0x808ff2c270a37f11:0xefe87a14791d4aa,Sponges Car Wash & Detail Center,+1-925-901-1400,,A,Dublin,Contra Costa,CA,no_website_link_listed
engine-v2,car-washes,google_maps:data_id:0x808fe9c5e1f74663:0xcddcf4165d26716b,Happy Car Spa Dublin,+1-925-452-4430,https://www.happycarspadublin.com/,B,Dublin,Alameda,CA,functional_with_objective_deficiency
engine-v2,car-washes,google_maps:data_id:0x808fe9307578783f:0xbff9c210bd53b9b0,Pleasanton Hand Car Wash,+1-925-225-1777,http://www.pleasantonhandcarwash.com/,B,Dublin,Alameda,CA,functional_with_objective_deficiency
engine-v2,car-washes,google_maps:data_id:0xaba1a498b1a498f7:0xdb2ccd06ba18638e,Prestige Gloss Detailing,+1-628-227-7722,http://www.prestigeglossdetail.com/,B,Dublin,Alameda,CA,functional_with_objective_deficiency
engine-v2,car-washes,google_maps:data_id:0x8deae79396c29861:0xa793da8854e8da73,Spot On Mobile Wash and Detailing,+1-925-549-8260,http://www.mobilespotoncalifornia.com/,B,Dublin,Alameda,CA,functional_with_objective_deficiency
engine-v2,car-washes,google_maps:data_id:0x808fed31db7929bd:0xaf202091234f42d5,Vantablack Detailing,+1-925-791-0069,,A,Dublin,Contra Costa,CA,no_website_link_listed
engine-v2,car-washes,google_maps:data_id:0x841d7fc3576b03f1:0xdefb46b6aebbe924,AP’s Mobile Detailing,+1-408-373-6093,,A,Fremont,Santa Clara,CA,no_website_link_listed
engine-v2,car-washes,google_maps:data_id:0xd2b10d29aefa325:0xaab779a4463c4cbc,Apex Auto Detailing,+1-341-345-5869,https://goblin-guard-08717413.figma.site/,B,Fremont,Alameda,CA,functional_with_objective_deficiency
engine-v2,car-washes,google_maps:data_id:0x808fbf9df858dd8f:0x194ffe91b20a0045,Autopia Car Wash - Fremont,+1-510-713-2877,http://www.autopiacarwash.com/,B,Fremont,Alameda,CA,functional_with_objective_deficiency
engine-v2,car-washes,google_maps:data_id:0x808fbe515156ba3b:0x8ccaf7fb3adafcc2,Autopia Car Wash - Newark,+1-510-797-1623,http://www.autopiacarwash.com/,B,Fremont,Alameda,CA,functional_with_objective_deficiency
engine-v2,car-washes,google_maps:data_id:0x808fc75541fe51c7:0x58b00c80003e8998,Carwash,+1-510-319-3433,,A,Fremont,Alameda,CA,no_website_link_listed
engine-v2,car-washes,google_maps:data_id:0x808fc11e53c98229:0xd7bf7467e828a73,Civic Center Car Wash,+1-510-257-6224,,A,Fremont,Alameda,CA,no_website_link_listed
engine-v2,car-washes,google_maps:data_id:0x29c1517ec4b10cf9:0xc8829dd7d27909a2,Emerald Luxe Mobile Detailing,+1-510-605-0622,,A,Fremont,San Mateo,CA,no_website_link_listed
engine-v2,car-washes,google_maps:data_id:0x808fc0cef5654db9:0x89b5c8c9a1e002d2,Irwins Car Wash,+1-510-516-5393,,A,Fremont,Alameda,CA,no_website_link_listed
engine-v2,car-washes,google_maps:data_id:0x808fbfac4d6392d3:0xfa9a162255de9d49,JM DETAIL CENTER,+1-510-938-7704,,A,Fremont,Alameda,CA,no_website_link_listed
engine-v2,car-washes,google_maps:data_id:0x808fc7935308dbff:0xe130772695aa24f8,JetX Car Wash - Irvington Fremont,+1-888-491-6172,https://wash.jetxpress.com/,B,Fremont,Alameda,CA,functional_with_objective_deficiency
engine-v2,car-washes,google_maps:data_id:0x808fc0cd08ed42c9:0x23a246d529464491,Pacific Car Wash Corporation,+1-510-651-8515,,A,Fremont,Alameda,CA,no_website_link_listed
engine-v2,car-washes,google_maps:data_id:0x808fc6e0d5b1dcf1:0x6c34c09417db7c9f,Radiance Full Service Car Wash,+1-510-438-9513,,A,Fremont,Alameda,CA,no_website_link_listed
engine-v2,car-washes,google_maps:data_id:0x808fbee22f23a2d3:0x753573a9e6253b58,Self-Serve Power Wash,+1-510-608-4733,,A,Fremont,Alameda,CA,no_website_link_listed
engine-v2,car-washes,google_maps:data_id:0x808fc7163c5b108b:0x347cdd41b673770f,Super Station Car Wash & Lube,+1-510-252-1664,http://www.super-station.com/,B,Fremont,Alameda,CA,functional_with_objective_deficiency
engine-v2,car-washes,google_maps:data_id:0x808f950066881221:0x7fadbf35be58bb60,Auto detail miracle,+1-510-365-1713,,A,Hayward,Alameda,CA,no_website_link_listed
engine-v2,car-washes,google_maps:data_id:0x809053f79e973c5b:0x8f51fd1489236aa3,Larios Mobil Detailing,+1-510-395-4808,,A,Hayward,Alameda,CA,no_website_link_listed
engine-v2,car-washes,google_maps:data_id:0x808f93de514ec7d9:0xabbac02a06e7dee1,Mission Hand Car Wash,+1-510-274-5456,,A,Hayward,Alameda,CA,no_website_link_listed
engine-v2,car-washes,google_maps:data_id:0x808f952f6495d76d:0xcf828882ef38db52,Neo Express Car Wash,+1-510-431-3700,http://www.neoexpresscarwash.com/,B,Hayward,Alameda,CA,functional_with_objective_deficiency
engine-v2,car-washes,google_maps:data_id:0xbd990dfb9e91a63:0xf05c7cf98783b726,One Stop Shop Mobile Detailing & More,+1-510-365-6872,,A,Hayward,Alameda,CA,no_website_link_listed
engine-v2,car-washes,google_maps:data_id:0x808f933ee591bc69:0xe7038ef528138197,Sofía carwash,+1-510-485-4671,,A,Hayward,Alameda,CA,no_website_link_listed
engine-v2,car-washes,google_maps:data_id:0x808f95af53eafba3:0xe8b6a8d67fc99df3,Surfin' Autospa,+1-510-353-3844,,A,Hayward,Alameda,CA,no_website_link_listed
engine-v2,car-washes,google_maps:data_id:0x808f9500606b17c3:0x6ea07878580dd281,The Bay Area Auto Mobile Detailing,+1-346-407-9162,https://web.detailconnect.app/u=the-bay-area-car-wash-AD1DIL/add-new-vehicle,B,Hayward,Alameda,CA,functional_with_objective_deficiency
engine-v2,car-washes,google_maps:data_id:0x808f91540c41c281:0x4fb13580fa17f102,Wash Time Car Wash II,+1-510-381-8112,,A,Hayward,Alameda,CA,no_website_link_listed
engine-v2,car-washes,google_maps:data_id:0x808fe71d9886f999:0xa2caf95d69c8e2c0,Cactus Car Wash,+1-510-421-8998,,A,Livermore,Alameda,CA,no_website_link_listed
engine-v2,car-washes,google_maps:data_id:0xbbfe58337dcf8a3:0xb34dbcf4fa544c17,Prestige mobile detailing 925,+1-925-273-4082,,A,Livermore,Contra Costa,CA,no_website_link_listed
engine-v2,car-washes,google_maps:data_id:0x808fe7712c8f4b65:0x7fc0c2b7e5d4a9db,Sunshine cleaning and auto detailing services,+1-925-549-8021,,A,Livermore,Alameda,CA,no_website_link_listed
engine-v2,car-washes,google_maps:data_id:0x808f87bad5b9ee55:0x83879f5cf5f815ab,Autowash & Detailings,+1-510-499-3261,,A,Oakland,Alameda,CA,no_website_link_listed
engine-v2,car-washes,google_maps:data_id:0x808f8f1363c5d167:0xb89de0ad75031e81,Golflink Carwash,+1-510-633-9800,,A,Oakland,Alameda,CA,no_website_link_listed
engine-v2,car-washes,google_maps:data_id:0x808f87d5af5ddad3:0xcc6f2d944a48b945,Prime Detail Group,+1-424-245-8823,https://www.instagram.com/primedetailgroup_?igsh=NTc4MTIwNjQ2YQ==&utm_source=qr,A,Oakland,Alameda,CA,third_party_only
engine-v2,car-washes,google_maps:data_id:0x697ad50a752423b1:0x460f876bff00296a,Z's Mobile Car Wash,+1-510-916-0620,,A,Oakland,Alameda,CA,no_website_link_listed
engine-v2,car-washes,google_maps:data_id:0xa44da252df3e8eb1:0xc8dffb352ec7e75c,easy mobile detail,+1-215-571-5123,https://easymobiledetail.com/,A,Oakland,Solano,CA,broken_or_unreachable
engine-v2,car-washes,google_maps:data_id:0x808f91d1f2b7d1b7:0x651f7c0278f51c30,Bayfair Self Service Carwash,+1-510-707-9226,,A,San Leandro,Alameda,CA,no_website_link_listed
engine-v2,car-washes,google_maps:data_id:0x808f91890543180b:0xe7bdc7873d166f3d,Chabot Car Wash,+1-510-754-4948,,A,San Leandro,Alameda,CA,no_website_link_listed
engine-v2,car-washes,google_maps:data_id:0x4a00b13b9dfd9aaf:0x2d5cc4c6d7356ccc,Exclusive shine car detailing mobile,+1-949-821-9050,http://exclusiveshinecardetailing.booksy.com/a/,A,San Leandro,Alameda,CA,third_party_only
engine-v2,car-washes,google_maps:data_id:0x808f91c305b8636b:0xe53df393fb442e0b,Foothill 100% Hand Car Wash,+1-510-276-7981,,A,San Leandro,Alameda,CA,no_website_link_listed
engine-v2,car-washes,google_maps:data_id:0x808f8574478b88f5:0xaee85f43c1cf752c,Kaady Chemical Corporation,+1-800-755-2239,https://www.kaadychemical.com/,B,San Leandro,Alameda,CA,functional_with_objective_deficiency
engine-v2,car-washes,google_maps:data_id:0x808f8fea99df9705:0xa23fea361a3d1fdb,Washington Avenue Car Wash,+1-510-483-7247,,A,San Leandro,Alameda,CA,no_website_link_listed
engine-v2,car-washes,google_maps:data_id:0x8469b85c1a1c3e2f:0xa4e4749637025d27,Simply Detailing,+1-510-825-8425,,A,Union City,Alameda,CA,no_website_link_listed
engine-v2,car-washes,google_maps:data_id:0x809cb5800b8c4c8b:0x627edec1c44a157c,Mod Wash,+1-530-570-7787,https://modern-wash.com/,A,Oroville,Butte,CA,broken_or_unreachable
engine-v2,car-washes,google_maps:data_id:0x809cb515dd574827:0x4dfdf026b461ca1c,Oroville Car Wash,+1-530-774-7350,http://orovillewash.com/,B,Oroville,Butte,CA,functional_with_objective_deficiency
engine-v2,car-washes,google_maps:data_id:0x809cb42ebde90f75:0xc74fcbb999a264a6,Pastime Auto Wash Express,+1-530-533-1396,http://pastimeautowash.com/,A,Oroville,Butte,CA,broken_or_unreachable
engine-v2,car-washes,google_maps:data_id:0x809095adccccbbc3:0x41b5d132dec39b62,Angels Camp Express Lube and Wash,+1-209-919-0767,http://angelscampexpress.com/,B,Angels Camp,Calaveras,CA,functional_with_objective_deficiency
engine-v2,car-washes,google_maps:data_id:0x8090bc167e1f1a33:0xfbdfa62a99e8b604,Murphy's Sierra Shine,+1-209-728-8497,,A,Angels Camp,Calaveras,CA,no_website_link_listed
engine-v2,car-washes,google_maps:data_id:0x808559dddaf05bc3:0xfaf6eaecded98197,10th Street Self Service Car Wash,+1-925-349-9657,,A,Antioch,Contra Costa,CA,no_website_link_listed
engine-v2,car-washes,google_maps:data_id:0x80855be39101a419:0xea28a48d93929c3b,APLL Auto Detailed Car Wash,+1-925-565-2348,,A,Antioch,Contra Costa,CA,no_website_link_listed
engine-v2,car-washes,google_maps:data_id:0x65322bc0a590a931:0xd41e8b774dff1cf2,Andre’s Car Wash & Detail,+1-925-238-8402,,A,Antioch,Contra Costa,CA,no_website_link_listed
engine-v2,car-washes,google_maps:data_id:0x476f26be034fe2dd:0xd7d846df569dbd78,Antioch Auto Detailing,+1-925-412-1655,,A,Antioch,Contra Costa,CA,no_website_link_listed
engine-v2,car-washes,google_maps:data_id:0x8085594d4ac9bbb9:0x44345fcb2171c331,Drip n wash auto detail,+1-650-445-9976,,A,Antioch,Contra Costa,CA,no_website_link_listed
engine-v2,car-washes,google_maps:data_id:0x808ffe9a50695f8d:0x6103b1fd81122a00,Ducky's Car Wash Brentwood,+1-925-513-4460,http://duckysexpress.com/,B,Antioch,Contra Costa,CA,functional_with_objective_deficiency
engine-v2,car-washes,google_maps:data_id:0x808557277ddd269d:0x239c29ea4bcbb7b,Issac Mobile Detail,+1-925-477-1043,,A,Antioch,Contra Costa,CA,no_website_link_listed
engine-v2,car-washes,google_maps:data_id:0x808559d19637077b:0x26a36b26f2e9c9b4,Jack's Car Wash,+1-925-993-7009,https://www.facebook.com/Jacks-Car-Wash-174712486803715/,A,Antioch,Contra Costa,CA,third_party_only
engine-v2,car-washes,google_maps:data_id:0x80855b9b0fd65375:0xc610b52f636575e0,Kula and fahnbulleh mobile Detail service,+1-925-214-9942,,A,Antioch,Contra Costa,CA,no_website_link_listed
engine-v2,car-washes,google_maps:data_id:0x808ff9c2cb0f3bc9:0xf6e064e93c8adb1f,L U C E N T D E T A I L I N G,+1-925-508-4445,,A,Antioch,Contra Costa,CA,no_website_link_listed
engine-v2,car-washes,google_maps:data_id:0x808557f1ba71ed93:0x22476402caaa51eb,Luxury Car Wash,+1-925-695-5645,,A,Antioch,Contra Costa,CA,no_website_link_listed
engine-v2,car-washes,google_maps:data_id:0x808557a066ab7999:0xd5f510507cb2289,MRE Mobile Fleet Wash,+1-925-597-2996,,A,Antioch,Contra Costa,CA,no_website_link_listed
engine-v2,car-washes,google_maps:data_id:0x808ff9d5fdb9d315:0x1cb8b6c4b479e9e9,Monarch Auto Spa,+1-925-336-5165,,A,Antioch,Contra Costa,CA,no_website_link_listed
engine-v2,car-washes,google_maps:data_id:0x82f8d5d653f00d11:0xc8f6b0dbaf4b96aa,Pona Luxury Detailed,+1-210-749-3667,https://linktr.ee/Pona.llc,A,Antioch,Contra Costa,CA,third_party_only
engine-v2,car-washes,google_maps:data_id:0x808557156182f245:0x370bc768637f4874,Super Clean Xpress Carwash Oakley,+1-916-659-6457,http://www.supercleanmycar.com/,B,Antioch,Contra Costa,CA,functional_with_objective_deficiency
engine-v2,car-washes,google_maps:data_id:0x62fbcfb302fe131b:0x161e453d1c39999a,Tino’s Mobile Detailing LLC,+1-510-550-5910,,A,Antioch,Alameda,CA,no_website_link_listed
engine-v2,car-washes,google_maps:data_id:0x80855e1f49f05353:0x18abb378aa5db12c,Autopia Car Wash - Concord,+1-925-687-1155,http://www.autopiacarwash.com/,B,Concord,Contra Costa,CA,functional_with_objective_deficiency
engine-v2,car-washes,google_maps:data_id:0x808567e4fc9ba3a5:0xde0f048750a2f95,Autopia Car Wash - PH,+1-925-849-4434,http://www.autopiacarwash.com/,B,Concord,Contra Costa,CA,functional_with_objective_deficiency
engine-v2,car-washes,google_maps:data_id:0x8594869419d12bef:0xec12c18448c67b83,CarlosMobileDetailing,+1-925-877-1038,,A,Concord,Contra Costa,CA,no_website_link_listed
engine-v2,car-washes,google_maps:data_id:0x80855e3cd3628947:0xbe4a093fd15e5a5b,Clayton Hand Car Wash,+1-925-676-4818,,A,Concord,Contra Costa,CA,no_website_link_listed
engine-v2,car-washes,google_maps:data_id:0x80855f35c3ce0e81:0xcb063c2791ea8765,Ducky's Car Wash Concord,+1-925-798-2520,https://duckysexpress.com/,B,Concord,Contra Costa,CA,functional_with_objective_deficiency
engine-v2,car-washes,google_maps:data_id:0x8085672c7773e73f:0xeb5dcbe3c3f7ff33,Kwik-N-Easy Car Wash,+1-925-687-4046,,A,Concord,Contra Costa,CA,no_website_link_listed
engine-v2,car-washes,google_maps:data_id:0x8085613c0b4ce09f:0x2d952abfb1bb89a3,Pro Hand Car Wash,+1-925-435-8919,,A,Concord,Contra Costa,CA,no_website_link_listed
engine-v2,car-washes,google_maps:data_id:0x80855e3d2053a1a7:0x180912a6d20a635c,So Kwik Car Wash,+1-925-676-4153,,A,Concord,Contra Costa,CA,no_website_link_listed
engine-v2,car-washes,google_maps:data_id:0x80856172b8b741cd:0x553258b0370df5c8,Walnut Creek Car Wash,+1-925-946-9396,http://www.walnutcreek-carwash.com/,B,Concord,Contra Costa,CA,functional_with_objective_deficiency
engine-v2,car-washes,google_maps:data_id:0x80856574e0c49f19:0x2d9a1aa9b5aae53b,Autopia Car Wash - Martinez,+1-925-228-7145,http://www.autopiacarwash.com/,B,Martinez,Contra Costa,CA,functional_with_objective_deficiency
engine-v2,car-washes,google_maps:data_id:0x8b8a271ac9b4da51:0x5a013e23f51e3466,Auto Detailing / Ardonick,+1-510-932-2538,,A,Richmond,San Benito,CA,no_website_link_listed
engine-v2,car-washes,google_maps:data_id:0x89df5f0901be2b81:0x2e84b30ce7c141ef,Bay Suds Auto Detailing,+1-510-426-8932,,A,Richmond,Contra Costa,CA,no_website_link_listed
engine-v2,car-washes,google_maps:data_id:0x8085784700a6cf4f:0xfcd20d3ec3749fda,Bubbles Car Wash Express,+1-510-234-6112,http://www.bubblescarwashexpress.com/,B,Richmond,Contra Costa,CA,functional_with_objective_deficiency
engine-v2,car-washes,google_maps:data_id:0x808579b889e612e5:0xeb14cbbb4806dea8,Elite Auto Car Wash,+1-510-944-2182,https://autowash.crd.co/?fbclid=PAQ0xDSwKGVyBleHRuA2FlbQIxMQABp-Pm56XhoiSWZDYJciydv38WQILwJLLDAXarhJz8ovBWh-qxSCWA4CUqCr9f_aem_eKM55yTqlcCj1CuPfu3_JA,A,Richmond,Contra Costa,CA,broken_or_unreachable
engine-v2,car-washes,google_maps:data_id:0x808577829f299bb7:0x2474bee6b86197bf,Grand Prix Express Car Wash,+1-510-669-0349,https://www.grandprixcarwash1.com/,B,Richmond,Contra Costa,CA,functional_with_objective_deficiency
engine-v2,car-washes,google_maps:data_id:0x80857719edd9b7d3:0xd450ba123ac7269b,H2go mobile car wash and detail,+1-650-260-3679,https://www.instagram.com/h2gocarwash_detail?igsh=eHQyY2YxNW9pNjR5&utm_source=qr,A,Richmond,Contra Costa,CA,third_party_only
engine-v2,car-washes,google_maps:data_id:0x808583a9bd531d19:0xa9d632af2ea1b0cb,JRS DETAILING,+1-510-804-5425,https://www.instagram.com/jrs_detailing_01,A,Richmond,Contra Costa,CA,third_party_only
engine-v2,car-washes,google_maps:data_id:0x808577845e8c88b1:0x63dccde6de5699b3,Next_Level_Auto_Detail,+1-510-978-1852,,A,Richmond,Contra Costa,CA,no_website_link_listed
engine-v2,car-washes,google_maps:data_id:0x808577f87b30fe01:0xaf2719a9de9a84d,Richmond Hand Car Wash,+1-510-232-3113,,A,Richmond,Contra Costa,CA,no_website_link_listed
engine-v2,car-washes,google_maps:data_id:0x647e3285b04e52bd:0x9f97b0980f74deac,The Detail Group LLC,+1-818-390-0301,https://www.thedetailgroup.net/,A,Richmond,Los Angeles,CA,broken_or_unreachable
engine-v2,car-washes,google_maps:data_id:0x80859d4f74fb4b89:0xcb1d72775450aeba,Zeus Car Wash & Detail,+1-510-374-9391,,A,Richmond,Contra Costa,CA,no_website_link_listed
engine-v2,car-washes,google_maps:data_id:0x2311685dcda3847f:0x950b2e94ecaf46cd,Mom & Me Mobile Car Wash,+1-650-417-3497,,A,San Ramon,Contra Costa,CA,no_website_link_listed
engine-v2,car-washes,google_maps:data_id:0x808561bdf55ab1a1:0x8205750b449cb75f,Car Wash,+1-925-932-0725,,A,Walnut Creek,Contra Costa,CA,no_website_link_listed
engine-v2,car-washes,google_maps:data_id:0x837c4d61baf56513:0xeb1d2077309aa272,Headlights Restoration and Car Wash Mobile. 🚗✨,+1-925-323-6224,,A,Walnut Creek,Contra Costa,CA,no_website_link_listed
engine-v2,car-washes,google_maps:data_id:0x80856239aef07735:0x3334b386ae366c56,Lafayette Car Wash And Detail Center,+1-925-283-1190,http://www.lafayettecarwash.com/,B,Walnut Creek,Contra Costa,CA,functional_with_objective_deficiency
engine-v2,car-washes,google_maps:data_id:0x8085619626dd2003:0xcde70f90cfd6c99,Li'l Bear Car Wash,+1-925-933-9290,,A,Walnut Creek,Contra Costa,CA,no_website_link_listed
engine-v2,car-washes,google_maps:data_id:0x809af70ebb0e817f:0x9b2d74dee63b3211,Cameron Park Car Wash,+1-530-665-0659,http://cameronparkselfservicecarwash.com/,A,El Dorado Hills,El Dorado,CA,parked
engine-v2,car-washes,google_maps:data_id:0x809af75ceb338453:0x660282cd0622c38c,Car-izma Auto Spa was renamed Splasherville a year ago,+1-530-676-5289,,A,El Dorado Hills,El Dorado,CA,no_website_link_listed
engine-v2,car-washes,google_maps:data_id:0x809ae400d355ca57:0xaa86e53c465391ac,Dave's Car Wash,+1-530-350-5722,https://forms.gle/5FDQYPB1ixbpqqFW8,B,El Dorado Hills,Sacramento,CA,functional_with_objective_deficiency
engine-v2,car-washes,google_maps:data_id:0x2206ffc72a36e2d3:0xc31350ebbb7abde2,Fastline Detail,+1-530-919-4481,https://lanenoah039.wixsite.com/fastline-auto-detail,B,El Dorado Hills,Sacramento,CA,functional_with_objective_deficiency
engine-v2,car-washes,google_maps:data_id:0x809ae41b612bd101:0xe853a2bc7a491c4d,Folsom Glenn Car Wash & Auto Lube,+1-916-983-8977,http://www.folsomcarwash.com/,B,El Dorado Hills,Sacramento,CA,functional_with_objective_deficiency
engine-v2,car-washes,google_maps:data_id:0x809a50ba1a2d7f7f:0xfc8278c331b50510,Turner Street Carwash,+1-530-333-5850,,A,Placerville,El Dorado,CA,no_website_link_listed
engine-v2,car-washes,google_maps:data_id:0x80998fdd23ceafdd:0xa03e70b3ff53da2c,Blue Water Car Wash,+1-530-314-3209,,A,South Lake Tahoe,El Dorado,CA,no_website_link_listed
engine-v2,car-washes,google_maps:data_id:0x80998fc73cc1e9c3:0xb374aded4988cae0,Edgin Coin-Op Car Wash,+1-530-541-2982,,A,South Lake Tahoe,El Dorado,CA,no_website_link_listed
engine-v2,car-washes,google_maps:data_id:0x80998fdd877c7125:0xd501ab778f4320f1,Sierra Express Car Wash,+1-618-249-5343,https://sierrawash.com/locations/south-lake-tahoe/?y_source=1_MTA1MTA2MjgyMS03MTUtbG9jYXRpb24ud2Vic2l0ZQ%3D%3D,B,South Lake Tahoe,El Dorado,CA,functional_with_objective_deficiency
engine-v2,car-washes,google_maps:data_id:0x62a9c0d90e28791:0x6a3f9956f2d7db67,Bright now detailing,+1-559-900-8428,,A,Clovis,Fresno,CA,no_website_link_listed
engine-v2,car-washes,google_maps:data_id:0x80945c9f0d893463:0xd3f6a82474931029,Bubble Clean,+1-559-298-4072,http://www.chevronwithtechron.com/,B,Clovis,Fresno,CA,functional_with_objective_deficiency
engine-v2,car-washes,google_maps:data_id:0x809442cf90c60a09:0xd93ce331b65b74ff,Bubble Clean 11,+1-559-324-9194,,A,Clovis,Fresno,CA,no_website_link_listed
engine-v2,car-washes,google_maps:data_id:0x886c14d80bfc445f:0x78e09d38eee7b531,Car wash king,+1-559-389-4257,,A,Clovis,Fresno,CA,no_website_link_listed
engine-v2,car-washes,google_maps:data_id:0x80945b0db9043a17:0x8024a33413666370,Jc Carwash DIY,+1-559-515-1094,,A,Clovis,Fresno,CA,no_website_link_listed
engine-v2,car-washes,google_maps:data_id:0x80945db48956cc55:0xef34ce86f4644962,Kalisskillsportablecarrwash,+1-559-770-2228,,A,Clovis,Fresno,CA,no_website_link_listed
engine-v2,car-washes,google_maps:data_id:0x80945c5912f4dc99:0x2c94b00c17122684,Red Carpet Car Wash,+1-559-292-6565,https://www.redcarpetcarwash.com/,B,Clovis,Fresno,CA,functional_with_objective_deficiency
engine-v2,car-washes,google_maps:data_id:0x809467285d549203:0x1c0b43117eae652,Autoshine Express Car Wash,+1-559-612-8469,,A,Fresno,Fresno,CA,no_website_link_listed
engine-v2,car-washes,google_maps:data_id:0x8094670bfd550cb5:0x41354c386eabe2ca,B&P Mobile Wash & Detailing,+1-559-477-3636,,A,Fresno,Fresno,CA,no_website_link_listed
engine-v2,car-washes,google_maps:data_id:0x809467addf0b8d05:0x8696bcc2e51d6c03,Diamond Mobile Wash & Detail,+1-870-875-0002,,A,Fresno,Fresno,CA,no_website_link_listed
engine-v2,car-washes,google_maps:data_id:0x809469d07f488e1f:0xa3d63537f3bc4cf9,Fresno Elite Hand Car Wash,+1-559-438-8201,,A,Fresno,Fresno,CA,no_website_link_listed
engine-v2,car-washes,google_maps:data_id:0x8094678c8d6950f7:0x5785c7e917b9f916,GoldenBoyz detail,+1-559-795-7492,,A,Fresno,Fresno,CA,no_website_link_listed
engine-v2,car-washes,google_maps:data_id:0x8094611823a0a1d5:0x114cf03cb47623c8,Hand car wash,+1-559-286-2304,,A,Fresno,Fresno,CA,no_website_link_listed
engine-v2,car-washes,google_maps:data_id:0x809467172e1d6fdd:0x63b1b60f06c1e02a,Miguel's Luxury Car Detailing & Hand Car Wash,+1-559-286-7183,,A,Fresno,Fresno,CA,no_website_link_listed
engine-v2,car-washes,google_maps:data_id:0x8094674194702f61:0xfe39485881b62600,Nova Mobile Detailing LLC,+1-559-856-2926,https://nova-mobile-detailing.square.site/,A,Fresno,Fresno,CA,third_party_only
engine-v2,car-washes,google_maps:data_id:0x8094674905ea30cf:0x94ea3da7faa009b,Palm Olive Car Wash,+1-559-264-7271,,A,Fresno,Fresno,CA,no_website_link_listed
engine-v2,car-washes,google_maps:data_id:0x80946755938c3b8b:0x6693f39333a5a60f,Personal Touch Hand Car Wash,+1-559-264-0282,,A,Fresno,Fresno,CA,no_website_link_listed
engine-v2,car-washes,google_maps:data_id:0x809468cb77128049:0x323421870a6b79de,Raceway Express Car Wash,+1-623-343-7100,https://racewaycarwash.com/locations/n-milburn-ave-fresno/?y_source=1_MTA1MDk3NTI4NS03MTUtbG9jYXRpb24ud2Vic2l0ZQ%3D%3D,A,Fresno,Fresno,CA,broken_or_unreachable
engine-v2,car-washes,google_maps:data_id:0x80946622801204bd:0xdc47aafda49b0259,Red Carpet Car Wash,+1-559-277-3777,https://www.redcarpetcarwash.com/,B,Fresno,Fresno,CA,functional_with_objective_deficiency
engine-v2,car-washes,google_maps:data_id:0x8094674827dc889b:0x3fe9bdc13f463d04,Salas International Car Wash,+1-559-273-0348,,A,Fresno,Fresno,CA,no_website_link_listed
engine-v2,car-washes,google_maps:data_id:0x80830504fe9e56b3:0x782612db1c695cde,Valley Auto wash,+1-530-330-7071,,A,Willows,Glenn,CA,no_website_link_listed
engine-v2,car-washes,google_maps:data_id:0x54d15befe861aabd:0xb9d19b5852138cb2,Humboldt Hand Wash,+1-707-499-0611,http://humboldthandwash.com/,A,Arcata,Humboldt,CA,broken_or_unreachable
engine-v2,car-washes,google_maps:data_id:0x54d15a00e876870f:0x75dae06e5238be03,Tetrault Car Wash,+1-707-822-3105,,A,Arcata,Humboldt,CA,no_website_link_listed
engine-v2,car-washes,google_maps:data_id:0x54d1555f556584b7:0xc5baea7b9b77167f,Carriage Car Wash,+1-707-443-2448,,A,Eureka,Humboldt,CA,no_website_link_listed
engine-v2,car-washes,google_maps:data_id:0x54d401f5638308e9:0x50d9f0101fa94782,Tetrault Car Wash,+1-707-443-6381,,A,Eureka,Humboldt,CA,no_website_link_listed
engine-v2,car-washes,google_maps:data_id:0x80d7658e68483175:0xe5b5cba18482b6d3,Alvaros Car Wash,+1-442-283-6621,,A,Calexico,Imperial,CA,no_website_link_listed
engine-v2,car-washes,google_maps:data_id:0x80d7650017a076b7:0x7bd4b22e94ec8857,Wash N Go Calexico,+1-760-206-6030,,A,Calexico,Imperial,CA,no_website_link_listed
engine-v2,car-washes,google_maps:data_id:0x80d765d9425675d9:0x95fe58b55a5f901a,Xcorpio Car Wash,+1-442-271-8144,,A,Calexico,Imperial,CA,no_website_link_listed
engine-v2,car-washes,google_maps:data_id:0x80d76776758d218f:0xad8af4285e633ca3,Desert Car Wash,+1-760-234-0690,,A,El Centro,Imperial,CA,no_website_link_listed
engine-v2,car-washes,google_maps:data_id:0x80d761e425221167:0x23db8cfe2594a498,Eco Car Wash & Detail,+1-760-352-7323,,A,El Centro,Imperial,CA,no_website_link_listed
engine-v2,car-washes,google_maps:data_id:0x80844b938a23804b:0x8e10f306e10fb7a6,LUV Car Wash - Redwood Dr,+1-213-770-4770,,A,Rohnert Park,Sonoma,CA,no_website_link_listed
engine-v2,car-washes,google_maps:data_id:0xfebb1e69f76479d:0x7b4f2036953647d2,Quick Splash Mobile Detailing,+1-442-532-8100,,A,El Centro,Imperial,CA,no_website_link_listed
engine-v2,car-washes,google_maps:data_id:0x80d75da9d9a97f33:0x831d1fa750da0b55,Velrom Detailing LLC,+1-442-207-9659,https://brand.site/velromdetailing,B,El Centro,Imperial,CA,functional_with_objective_deficiency
engine-v2,car-washes,google_maps:data_id:0x80d761ea4f677a6d:0x9c3114d4b12aa400,Waterfly Express Car Wash,+1-760-884-3800,https://www.waterflycarwash.com/,B,El Centro,Imperial,CA,functional_with_objective_deficiency
engine-v2,car-washes,google_maps:data_id:0x80d7616bfbf9a89f:0xf5377b8106100a82,iClean Carwash,+1-760-427-5451,https://www.icleanwash.com/,B,El Centro,Imperial,CA,functional_with_objective_deficiency
engine-v2,car-washes,google_maps:data_id:0x80be16071e00f667:0x75a3abe13e17b3be,Our Water Works Car Wash,+1-760-872-2070,,A,Bishop,Inyo,CA,no_website_link_listed
engine-v2,car-washes,google_maps:data_id:0x48776b30a2ad0c77:0x28ab52e40cd45984,Valley Shine co,+1-209-643-3652,https://www.valleyshineco.com/,B,Bishop,Inyo,CA,functional_with_objective_deficiency
engine-v2,car-washes,google_maps:data_id:0x80ea69718c5bb791:0x3fbe89ddbbe8b771,100% Hand Wash Car Wash,+1-661-427-9081,https://kingofcleanllc.com/auto-detailing-bakersfield/,B,Bakersfield,Kern,CA,functional_with_objective_deficiency
engine-v2,car-washes,google_maps:data_id:0x80ea6bc511cec203:0xba02e69fbedf3fb1,3D Mobile Car Wash Bakersfield CA,+1-661-596-5078,,A,Bakersfield,Kern,CA,no_website_link_listed
engine-v2,car-washes,google_maps:data_id:0x80ea69300244cedf:0xc334169460421403,America’s Truck Wash,+1-661-321-0625,,A,Bakersfield,Kern,CA,no_website_link_listed
engine-v2,car-washes,google_maps:data_id:0x80ea6b64a8b557ad:0x9b297bb91839e358,Arevalos Hand Car Wash,+1-661-340-4683,,A,Bakersfield,Kern,CA,no_website_link_listed
engine-v2,car-washes,google_maps:data_id:0x80ea6b7295853e95:0xe714defc026ba833,Auto-Detail Mobile Carwash,+1-661-379-9230,,A,Bakersfield,Kern,CA,no_website_link_listed
engine-v2,car-washes,google_maps:data_id:0x80ea6b182f898039:0xedf79d7727d5ae68,Automotive Detailing & Mobile Car Wash,+1-661-432-5741,,A,Bakersfield,Kern,CA,no_website_link_listed
engine-v2,car-washes,google_maps:data_id:0x80ea6b8e1e3a6493:0x99edb8bfa709d1f6,BAKERSFIELD AUTO SPA,+1-661-364-5341,,A,Bakersfield,Kern,CA,no_website_link_listed
engine-v2,car-washes,google_maps:data_id:0x80ea6b1a45039509:0x26696e40a536a6cf,Bakersfield Mobile Car Wash,+1-661-858-3193,,A,Bakersfield,Kern,CA,no_website_link_listed
engine-v2,car-washes,google_maps:data_id:0x80ea69105636aaab:0x3fb859a62a401e10,Country Club Hand Car Wash,+1-661-873-9914,https://www.facebook.com/pages/Country-Club-Hand-Car-Wash/169133736436608,A,Bakersfield,Kern,CA,third_party_only
engine-v2,car-washes,google_maps:data_id:0x80ea41b35776e4dd:0x13fa4ea09de7c3d4,Crossroad Hand Car Wash,+1-661-412-7989,,A,Bakersfield,Kern,CA,no_website_link_listed
engine-v2,car-washes,google_maps:data_id:0x27ea3c8e45711d79:0x2c50f7a6c27a5f81,FSMobileDetailing661,+1-661-484-4905,http://fsmobiledetailing661.com/,B,Bakersfield,Kern,CA,functional_with_objective_deficiency
engine-v2,car-washes,google_maps:data_id:0x2cec2c0d56e03a21:0xac33a5ae05753baa,Gold Line Auto Detail,+1-661-240-9395,,A,Bakersfield,Kern,CA,no_website_link_listed
engine-v2,car-washes,google_maps:data_id:0x6cea549d114bbc95:0x5501f94bb19d93f0,Hernandez mobile carwash and detailing,+1-661-672-0545,,A,Bakersfield,Kern,CA,no_website_link_listed
engine-v2,car-washes,google_maps:data_id:0x80ea6b2efca422cb:0x8391f4dcbb47d74a,JD'S AUTO DETAIL INC,+1-661-840-1193,,A,Bakersfield,Kern,CA,no_website_link_listed
engine-v2,car-washes,google_maps:data_id:0x80ea43a1c4a6b433:0xce31ff2b4a65d1d5,Lion Hand Car Wash,+1-661-587-9866,,A,Bakersfield,Kern,CA,no_website_link_listed
engine-v2,car-washes,google_maps:data_id:0x80ea6b2f5595f305:0x862a6e8b5dac3b53,MYM AUTO MOBILE DETAILING AND CAR WASH,+1-805-421-9895,,A,Bakersfield,Kern,CA,no_website_link_listed
engine-v2,car-washes,google_maps:data_id:0x80ea6b75519854cd:0xd5a5a23937b40efd,Magana Mobile Wash & Detail,+1-661-889-6917,https://www.tiktok.com/@magana_carwash_mobile?_t=8ecZbchrVNK&_r=1,A,Bakersfield,Kern,CA,third_party_only
engine-v2,car-washes,google_maps:data_id:0x80ea1598de113a75:0x1bde4f7c8f89548b,Malwa Top Wash and Detailing.,+1-661-501-8510,https://malwatopcarwashanddetailing.com/,B,Bakersfield,Kern,CA,functional_with_objective_deficiency
engine-v2,car-washes,google_maps:data_id:0x80ea6be40701bee7:0x19fd99d026d534fc,Moby's Auto Wash,+1-661-735-5753,,A,Bakersfield,Kern,CA,no_website_link_listed
engine-v2,car-washes,google_maps:data_id:0x80ea401a1581b477:0x5e0f037dbc9a5a7e,SPLASH & SHINE EXPRESS CARWASH,+1-661-381-7368,,A,Bakersfield,Kern,CA,no_website_link_listed
engine-v2,car-washes,google_maps:data_id:0x80ea6b46ebce9f2d:0xf6aa72ce0385c871,Sideline Carwash & Detailing,+1-661-412-7779,,A,Bakersfield,Kern,CA,no_website_link_listed
engine-v2,car-washes,google_maps:data_id:0x80ea41aa271c560f:0xc1023f1b07da530a,Sparkling Image Car Wash,+1-661-832-7348,http://www.sparklingimage.com/,B,Bakersfield,Kern,CA,functional_with_objective_deficiency
engine-v2,car-washes,google_maps:data_id:0x80ea41f0f12af531:0xfd31f92384f73160,Sparkling Image Car Wash,+1-661-847-2010,http://www.sparklingimage.com/,B,Bakersfield,Kern,CA,functional_with_objective_deficiency
engine-v2,car-washes,google_maps:data_id:0x80ea41096922aab9:0xa803f7c7f6ee8173,Sprayco Mobile Car wash & detail,+1-661-376-9435,,A,Bakersfield,Kern,CA,no_website_link_listed
engine-v2,car-washes,google_maps:data_id:0x80ea6a3e53f05c41:0x4e3d3de38c756799,Squeeky's Car Wash,+1-661-736-0033,https://www.squeekyswash.com/,B,Bakersfield,Kern,CA,functional_with_objective_deficiency
engine-v2,car-washes,google_maps:data_id:0x80ea6a117bf6e275:0xdb36f5e40f0ab641,Swish & Wish Car Wash,+1-415-718-6432,,A,Bakersfield,Kern,CA,no_website_link_listed
engine-v2,car-washes,google_maps:data_id:0x80eae5b62dd5851f:0x6c4df522d470c7a7,Chuy's Car Wash and detailing services,+1-661-653-2473,,A,Delano,Kern,CA,no_website_link_listed
engine-v2,car-washes,google_maps:data_id:0x80eae5aae128d03d:0xe9782299081bd7d6,JM Carwash Detailing,+1-661-709-2833,,A,Delano,Kern,CA,no_website_link_listed
engine-v2,car-washes,google_maps:data_id:0x80eae5ec88e83829:0x2a96770981dbabd9,Magic Touch Car Wash,+1-661-721-9380,,A,Delano,Kern,CA,no_website_link_listed
engine-v2,car-washes,google_maps:data_id:0x80eae511be8c4135:0xb4e73bcb5aa9c481,MyKeeys Automotive Full Detail.,+1-661-342-6826,,A,Delano,Kern,CA,no_website_link_listed
engine-v2,car-washes,google_maps:data_id:0x80eae50027c68fdb:0x45614d0d512dd98c,Pimentel Mobile Car Wash,+1-661-436-4257,https://carwashnear-me.com/california/delano/pimentel-mobile-car-wash/,B,Delano,Kern,CA,functional_with_objective_deficiency
engine-v2,car-washes,google_maps:data_id:0x637b599c52ebd7c3:0x8580d4319affba00,Revive Auto Detailing,+1-559-794-1473,,A,Hanford,Kings,CA,no_website_link_listed
engine-v2,car-washes,google_maps:data_id:0x8094c38461d472b1:0x56e44b2a403d9bbc,Royal Car Wash,+1-559-214-2848,,A,Hanford,Kings,CA,no_website_link_listed
engine-v2,car-washes,google_maps:data_id:0x8372da9ecb5a7f0b:0x9d3ec3f681e7260f,Star Auto Mobile Detailing,+1-559-918-3525,,A,Hanford,Kings,CA,no_website_link_listed
engine-v2,car-washes,google_maps:data_id:0x4da7e0c38abc34a9:0xab5f0922e277d186,ssdetailz,+1-805-622-9799,,A,Hanford,Kings,CA,no_website_link_listed
engine-v2,car-washes,google_maps:data_id:0x80838d0033405b9f:0x32a3ecfb34a2ae9,Detail City of Mendo-Lake,+1-707-245-4867,,A,Clearlake,Lake,CA,no_website_link_listed
engine-v2,car-washes,google_maps:data_id:0x80838bad892f3a33:0x5581543dd3e5c9a9,Girlpowerautodetailing,+1-707-850-2589,,A,Clearlake,Lake,CA,no_website_link_listed
engine-v2,car-washes,google_maps:data_id:0x80838bcd07303767:0xb1eabfdc853b3a77,Lakeshore Car Wash,+1-707-819-0632,,A,Clearlake,Lake,CA,no_website_link_listed
engine-v2,car-washes,google_maps:data_id:0x809d961f95f7232d:0x8631433a0f8f66f2,Dirty Joe's Car Wash,+1-530-257-5637,https://www.facebook.com/Dirty-Joes-Car-Wash-931408770202806/,A,Susanville,Lassen,CA,third_party_only
engine-v2,car-washes,google_maps:data_id:0x80c2c521b84c0f7d:0x58a89d28343d82d,Alhambra Car Wash,+1-626-282-5666,https://www.facebook.com/pages/Alhambra-Car-Wash-Inc/190547640995719,A,Alhambra,Los Angeles,CA,third_party_only
engine-v2,car-washes,google_maps:data_id:0x80c2cf077c16cf4d:0x2c7f6d803d53df30,Atlantic Self Serve Car Wash,+1-323-268-7125,,A,Alhambra,Los Angeles,CA,no_website_link_listed
engine-v2,car-washes,google_maps:data_id:0x80c2da83f34a45a1:0xce4e610cfe600820,Country Village Hand Car Wash,+1-626-307-9275,https://www.countryvillagecarwash.com/,B,Alhambra,Los Angeles,CA,functional_with_objective_deficiency
engine-v2,car-washes,google_maps:data_id:0x80c2c5fc0cdd7501:0x331533794d82911b,Evergreen Car Wash & Detail,+1-323-599-9266,,A,Alhambra,Los Angeles,CA,no_website_link_listed
engine-v2,car-washes,google_maps:data_id:0x80c2c5a8ccbd207d:0x38d73f5ee9b16111,Exclusive Fast Car Wash,+1-323-332-2980,,A,Alhambra,Los Angeles,CA,no_website_link_listed
engine-v2,car-washes,google_maps:data_id:0x80c2cf5cf7f604bd:0x4652839ae1e4f763,Fred’s Car Wash - Hand Car Wash,+1-323-365-8009,,A,Alhambra,Los Angeles,CA,no_website_link_listed
engine-v2,car-washes,google_maps:data_id:0x80c2c75081dbd34d:0xf2eec08381fea235,Highland Park Express Car Wash,+1-323-225-5334,http://www.highlandparkexpresscarwash.com/,B,Alhambra,Los Angeles,CA,functional_with_objective_deficiency
engine-v2,car-washes,google_maps:data_id:0x80c2c5d19cbc79c5:0xf0ef413e84b672f7,Mission Auto Service & Car Wash,+1-323-570-4045,,A,Alhambra,Los Angeles,CA,no_website_link_listed
engine-v2,car-washes,google_maps:data_id:0x80c2dac21ed797b9:0x75dc20411e37647d,Mission Car Wash,+1-626-287-1671,http://www.missioncarwash.org/,B,Alhambra,Los Angeles,CA,functional_with_objective_deficiency
engine-v2,car-washes,google_maps:data_id:0x80c2daf09069a089:0x1d7b6101f9de7354,Temple City Car Wash,+1-626-287-9938,,A,Alhambra,Los Angeles,CA,no_website_link_listed
engine-v2,car-washes,google_maps:data_id:0x25532254858eb9fb:0x9724d794f55bc072,Yañez detailing,+1-323-649-2351,,A,Alhambra,Los Angeles,CA,no_website_link_listed
engine-v2,car-washes,google_maps:data_id:0x80c328709f2afe03:0xc27c5a61e8029342,Arrow Hand Car Wash,+1-626-339-3396,,A,Baldwin Park,Los Angeles,CA,no_website_link_listed
engine-v2,car-washes,google_maps:data_id:0xb5d811291b7e0b5:0x4d93c5e9be8b97e,Auto Detailing Cali Carwash,+1-818-524-8639,,A,Baldwin Park,Los Angeles,CA,no_website_link_listed
engine-v2,car-washes,google_maps:data_id:0x80c3280983732b3f:0x9bbe5da9b051b51b,Azusa Hand Car Wash,+1-626-969-6762,https://www.azusacarwash.com/,B,Baldwin Park,Los Angeles,CA,functional_with_objective_deficiency
engine-v2,car-washes,google_maps:data_id:0x80c2d79addc45ecd:0xfd94e778b9ce9b0a,Baldwin Park Car Wash,+1-626-814-8888,,A,Baldwin Park,Los Angeles,CA,no_website_link_listed
engine-v2,car-washes,google_maps:data_id:0x80c2d765edbd1d77:0x98ac7eda4d0937f8,Baldwin Park Express Car Wash,+1-626-689-7782,http://www.baldwinparkexpresscarwash.com/,B,Baldwin Park,Los Angeles,CA,functional_with_objective_deficiency
engine-v2,car-washes,google_maps:data_id:0x80c2d9213195edd3:0x880929a3f70f91a7,Cano_Details,+1-626-838-7182,,A,Baldwin Park,Los Angeles,CA,no_website_link_listed
engine-v2,car-washes,google_maps:data_id:0x80c2d976a66f04b3:0xafddab316328a506,Nu-Way Hand Car Wash,+1-626-303-2212,http://www.nuwayhandcarwash.com/,B,Baldwin Park,Los Angeles,CA,functional_with_objective_deficiency
engine-v2,car-washes,google_maps:data_id:0x80dd2d27d9d24927:0xe2424882dc4558ad,Andy's Xpress Wash,+1-562-420-6711,https://www.andysxpresswash.com/,B,Bellflower,Los Angeles,CA,functional_with_objective_deficiency
engine-v2,car-washes,google_maps:data_id:0x692fe06f0139bf4b:0x3ae066269e2c062a,Auto Detailing El Falcon,+1-562-547-1176,,A,Bellflower,Orange,CA,no_website_link_listed
engine-v2,car-washes,google_maps:data_id:0x80c2cd1e395a5483:0xa4858ecd67e92f9e,Carwood Express Car Wash,+1-562-923-1213,http://www.carwoodcarwash.com/downey,B,Bellflower,Los Angeles,CA,functional_with_objective_deficiency
engine-v2,car-washes,google_maps:data_id:0x80c2cd4f95b7c3f5:0x1d4f3b92c0b856e2,Flans Car Wash,+1-562-866-8291,,A,Bellflower,Los Angeles,CA,no_website_link_listed
engine-v2,car-washes,google_maps:data_id:0x80c2cd49be6e8045:0x26f5c1f50fc40885,Moe's Car Wash,+1-562-925-1121,,A,Bellflower,Los Angeles,CA,no_website_link_listed
engine-v2,car-washes,google_maps:data_id:0x8ee7e55c996729c9:0x31dd6fe4a9af1a18,Robert’s Auto Detailing,+1-562-519-8172,,A,Bellflower,Los Angeles,CA,no_website_link_listed
engine-v2,car-washes,google_maps:data_id:0x80dd2de5b9323825:0x136aaa8a2d7f70ae,Tsunami Express Car Wash,+1-562-991-5324,http://tsunamiexpresscarwash.com/,B,Bellflower,Los Angeles,CA,functional_with_objective_deficiency
engine-v2,car-washes,google_maps:data_id:0x80c2cd1f81d3c0bb:0x8fbba3afc06909d9,Velazquez Car Wash,+1-323-612-1612,,A,Bellflower,Los Angeles,CA,no_website_link_listed
engine-v2,car-washes,google_maps:data_id:0x80c2c1084742930d:0xaf16fc629d73d772,Best Mobile Car Wash and Detailing,+1-818-641-9534,,A,Burbank,Los Angeles,CA,no_website_link_listed
engine-v2,car-washes,google_maps:data_id:0x80c2912b96d780cb:0x99be27ef7f0deacf,Best West Car Wash,+1-323-938-0404,,A,Burbank,Los Angeles,CA,no_website_link_listed
engine-v2,car-washes,google_maps:data_id:0x80c29538bfbb48dd:0x33ce9c4007d7b3ab,Burbank Express Car Wash,+1-818-478-1400,https://burbankexpresscarwash.secureserversites.net/,B,Burbank,Los Angeles,CA,functional_with_objective_deficiency
engine-v2,car-washes,google_maps:data_id:0x6afc1ebc4f5bcb1d:0x76811c0cae23d574,Cali shine rite detail mobile,+1-818-579-0583,,A,Burbank,Los Angeles,CA,no_website_link_listed
engine-v2,car-washes,google_maps:data_id:0x80c2c198880699fb:0x695fb775ed478f66,Citi Car Wash,+1-818-241-8200,https://citiautocare.com/,B,Burbank,Los Angeles,CA,functional_with_objective_deficiency
engine-v2,car-washes,google_maps:data_id:0x80c2bfe31421ab15:0x9fbfbf7d868eacee,Coin-Op Car Wash,+1-818-480-2669,,A,Burbank,Los Angeles,CA,no_website_link_listed
engine-v2,car-washes,google_maps:data_id:0x80c2ea4fc31e575b:0xcf625cd648fcb8a8,"Crescenta Valley Car Wash, Detail & Lube Center",+1-818-248-3931,,A,Burbank,Los Angeles,CA,no_website_link_listed
engine-v2,car-washes,google_maps:data_id:0x4bd1921fa601d8bd:0xa59b04b2a6059ddd,FX Mobile Detailing,+1-818-458-4262,https://www.instagram.com/fx_detailing_?igsh=NTc4MTIwNjQ2YQ%3D%3D&utm_source=qr,A,Burbank,Los Angeles,CA,third_party_only
engine-v2,car-washes,google_maps:data_id:0x80c2c1cc28a0a1d9:0x84536f69bd17ca14,JC MOBILE WASH & detailing,+1-562-606-3694,https://jc-mobile-wash.com/,A,Burbank,Los Angeles,CA,parked
engine-v2,car-washes,google_maps:data_id:0x2c9c8930edc045f9:0x4be7dfe4cd1ae1f1,Johnny's Mobile Detailing,+1-818-987-6034,,A,Burbank,Los Angeles,CA,no_website_link_listed
engine-v2,car-washes,google_maps:data_id:0x80c2955e9d657e59:0x6fa677b7a6bef5ab,Magnolia Island Hand Car Wash,+1-818-845-4821,https://magnoliacarwash.com/,B,Burbank,Los Angeles,CA,functional_with_objective_deficiency
engine-v2,car-washes,google_maps:data_id:0x889e363e8a8ac31f:0x2c0497b909e68af,Maju’s Mobile Auto Detail,+1-213-422-1173,,A,Burbank,Los Angeles,CA,no_website_link_listed
engine-v2,car-washes,google_maps:data_id:0x81ffc2c4225b0caf:0xe5cb5f2e0c7315e0,Marsel mobile detailing,+1-818-304-1217,,A,Burbank,Los Angeles,CA,no_website_link_listed
engine-v2,car-washes,google_maps:data_id:0xb3620ff4e506663:0x4bba95e6edf761e4,Noe’s Mobile Car Wash,+1-818-430-5800,,A,Burbank,Los Angeles,CA,no_website_link_listed
engine-v2,car-washes,google_maps:data_id:0x80c296792c6e96b9:0x3db1829ecd63a497,Plaza Hand Car Wash,+1-818-506-4690,,A,Burbank,Los Angeles,CA,no_website_link_listed
engine-v2,car-washes,google_maps:data_id:0x4057b4776e73d40b:0x84a8951c7010fdcd,Rahhs Auto Detail,+1-747-447-9217,https://rahhsautodetail.as.me/schedule,A,Burbank,Los Angeles,CA,broken_or_unreachable
engine-v2,car-washes,google_maps:data_id:0x231a252b6625397d:0x54e4e62c253b38d9,Sos Mobile Car Wash LA,+1-475-303-3003,,A,Burbank,Los Angeles,CA,no_website_link_listed
engine-v2,car-washes,google_maps:data_id:0x80c295d0bbbe5037:0x1b3d573925e381c0,Victory Express Carwash,+1-818-506-1727,,A,Burbank,Los Angeles,CA,no_website_link_listed
engine-v2,car-washes,google_maps:data_id:0x80c295c9ed40a0ab:0x12a3744cb2defc04,Vineland Car Wash,+1-818-508-9313,,A,Burbank,Los Angeles,CA,no_website_link_listed
engine-v2,car-washes,google_maps:data_id:0x447bee17bb8fde0d:0x9eb2fa5d2df9e648,3stepdetailing,+1-310-427-5698,,A,Carson,Orange,CA,no_website_link_listed
engine-v2,car-washes,google_maps:data_id:0x80dd4b05c6c8c329:0x2655c062bd566b81,A1 Auto Detailing,+1-424-376-6342,,A,Carson,Los Angeles,CA,no_website_link_listed
engine-v2,car-washes,google_maps:data_id:0x80c2b518e8e4936d:0x44a31ecb23201265,All star mobile car wash,+1-424-407-9966,,A,Carson,Los Angeles,CA,no_website_link_listed
engine-v2,car-washes,google_maps:data_id:0x80dd3313c49358d3:0xff663efd6f6c7260,Andres Car Wash,+1-562-247-1387,,A,Carson,Los Angeles,CA,no_website_link_listed
engine-v2,car-washes,google_maps:data_id:0x80c2caef75bb9817:0x22b241409f7d7115,Aquamax Express Carwash,+1-310-516-7100,,A,Carson,Los Angeles,CA,no_website_link_listed
engine-v2,car-washes,google_maps:data_id:0x8f4e0110088fe079:0x130ff09e96c43a03,Arkham Auto Perfection Shine LLC,+1-323-338-1903,,A,Carson,Orange,CA,no_website_link_listed
engine-v2,car-washes,google_maps:data_id:0x80dd35afc09c8477:0xbf13cd75e7bd3953,Auto Spa juanito,+1-310-784-7260,,A,Carson,Los Angeles,CA,no_website_link_listed
engine-v2,car-washes,google_maps:data_id:0x80dd3559e12571c5:0x1f24e525c71e5668,Bellagio Express Car Wash,+1-424-570-0424,https://bellagioexpresscarwash.com/,B,Carson,Los Angeles,CA,functional_with_objective_deficiency
engine-v2,car-washes,google_maps:data_id:0x80dd3301fbf99a1b:0xf7caaf2977a42c65,Bubble Express Car Wash,+1-562-272-2720,http://www.bubbleexpresswash.com/,B,Carson,Los Angeles,CA,functional_with_objective_deficiency
engine-v2,car-washes,google_maps:data_id:0x80c2cb88dd67c3bd:0xc80457f7ce21d129,Calderon Auto detailing,+1-310-863-9509,,A,Carson,Los Angeles,CA,no_website_link_listed
engine-v2,car-washes,google_maps:data_id:0x80dd3514fa27a2fd:0xd184fb4dc565245f,Carson Car Wash & Detailing Center,+1-310-830-5600,,A,Carson,Los Angeles,CA,no_website_link_listed
engine-v2,car-washes,google_maps:data_id:0x80dd4aa139e921e5:0x125083901eedd7a6,Carson-Denker Car Wash,+1-424-704-1471,,A,Carson,Los Angeles,CA,no_website_link_listed
engine-v2,car-washes,google_maps:data_id:0x80dd33c9b09cceff:0xf089936179b46043,Cherry Hill Auto Wash,+1-562-216-4981,,A,Carson,Los Angeles,CA,no_website_link_listed
engine-v2,car-washes,google_maps:data_id:0x80dd3165a8ddc8e3:0x53d5d051480e977b,College Plaza Express Car Wash,+1-562-591-5000,https://www.collegeplazaexpresscarwash.com/,A,Carson,Los Angeles,CA,broken_or_unreachable
engine-v2,car-washes,google_maps:data_id:0x80c2b4d096d1386b:0x28df91235a7b97e6,Del Amo Car Wash,+1-310-370-4821,,A,Carson,Los Angeles,CA,no_website_link_listed
engine-v2,car-washes,google_maps:data_id:0x80dd3524d4fadecb:0xa28e4dd80ca15da6,Dominguez A Car Wash,+1-310-225-6940,,A,Carson,Los Angeles,CA,no_website_link_listed
engine-v2,car-washes,google_maps:data_id:0x80dd35470f86915d:0xa661b84cb47d4c0f,ELITE AUTO DETAIL,+1-310-874-0703,https://elite-auto-detail.business.site/,A,Carson,Los Angeles,CA,broken_or_unreachable
engine-v2,car-washes,google_maps:data_id:0x80dd33f6fa059c91:0xc3fb5bc347d7830f,Excellent Car Wash & Auto Detail,+1-562-997-1415,,A,Carson,Los Angeles,CA,no_website_link_listed
engine-v2,car-washes,google_maps:data_id:0x80dd33ad8868d2ad:0xb1ff5797677b8d9c,Excellent Carwash & Auto Detail,+1-562-606-2236,,A,Carson,Los Angeles,CA,no_website_link_listed
engine-v2,car-washes,google_maps:data_id:0x80dd4be31205f495:0x5aa4629ae2dbaeeb,Expert Mobile Detail,+1-310-529-1409,https://www.instagram.com/expert_mobile_detail?igsh=MzRlODBiNWFlZA==,A,Carson,Los Angeles,CA,third_party_only
engine-v2,car-washes,google_maps:data_id:0x80dd355cbd8efb87:0xa86a1a7417995ebd,Harbor City Car Wash,+1-424-328-0412,http://harborcitywash.com/,B,Carson,Los Angeles,CA,functional_with_objective_deficiency
engine-v2,car-washes,google_maps:data_id:0x80dd4a7b1e27e893:0x4790b30a9c81fd0e,Lomita Car Wash,+1-424-250-0018,,A,Carson,Los Angeles,CA,no_website_link_listed
engine-v2,car-washes,google_maps:data_id:0x80dd33e0b8862513:0x8325d318bbf7863c,Melena Bros Mobile Car Wash & Detailing,+1-562-361-3863,,A,Carson,Los Angeles,CA,no_website_link_listed
engine-v2,car-washes,google_maps:data_id:0x80dd4a11233c0ae3:0x4bfe20836fbd902f,PV Car Wash & Gas Station,+1-424-516-6006,,A,Carson,Los Angeles,CA,no_website_link_listed
engine-v2,car-washes,google_maps:data_id:0x80dd377ac72d59f5:0x6ccc66ae47ae335b,Supreme on the mobile car wash,+1-323-633-3963,,A,Carson,Los Angeles,CA,no_website_link_listed
engine-v2,car-washes,google_maps:data_id:0x80dd4ac5deb5c5f1:0x90caabfa36b11562,Torrance Auto Spa,+1-310-533-1005,,A,Carson,Los Angeles,CA,no_website_link_listed
engine-v2,car-washes,google_maps:data_id:0x80c2cb3f1a6e9c8d:0x5edcb2bb4b84b052,Undoubtedly Number One Jomo Mobile Detailing,+1-310-283-2113,,A,Carson,Los Angeles,CA,no_website_link_listed
engine-v2,car-washes,google_maps:data_id:0x80c2b56893122155:0x745254cc8359612c,VIP Detail service #2,+1-310-291-9024,,A,Carson,Los Angeles,CA,no_website_link_listed
engine-v2,car-washes,google_maps:data_id:0x80c2b5a30af2e071:0xb6af4d0c55bc1854,Village Auto Spa,+1-310-679-7995,,A,Carson,Los Angeles,CA,no_website_link_listed
engine-v2,car-washes,google_maps:data_id:0x80c2d336e9f0d1c1:0xb8fdc9683ba552ee,5 N' GO Express Car Wash,+1-562-944-0458,http://5ngoexpresswash.com/,B,Downey,Los Angeles,CA,functional_with_objective_deficiency
engine-v2,car-washes,google_maps:data_id:0x80c2d2056edc3e51:0x2df73634aff93c27,Al's Auto Spa #5,+1-949-388-4911,,A,Downey,Los Angeles,CA,no_website_link_listed
engine-v2,car-washes,google_maps:data_id:0x80c2cfeee1a65d15:0x460066874c861409,Atlantic Express Car Wash,+1-323-537-2376,http://atlanticexpresscarwashes.com/,B,Downey,Los Angeles,CA,functional_with_objective_deficiency
engine-v2,car-washes,google_maps:data_id:0x80c2cd801e24d373:0x9cd87820579b8806,Car Wash in Downey,+1-562-862-1255,http://carwashindowney.com/,B,Downey,Los Angeles,CA,functional_with_objective_deficiency
engine-v2,car-washes,google_maps:data_id:0x80c2d3a9de0f5013:0xaa3941d6b9786d5c,DNA auto detailing,+1-562-228-4534,,A,Downey,Los Angeles,CA,no_website_link_listed
engine-v2,car-washes,google_maps:data_id:0x80c2ceb0a2d6add3:0x456367c883e74459,El Plebe Car Wash Auto Detail,+1-323-457-9258,,A,Downey,Los Angeles,CA,no_website_link_listed
engine-v2,car-washes,google_maps:data_id:0x80c2cd90d668482d:0x91449597b79f0353,Elite Auto & Fleet Wash,+1-562-571-9895,,A,Downey,Los Angeles,CA,no_website_link_listed
engine-v2,car-washes,google_maps:data_id:0x80c2cdb7fba3a0d9:0x120f8a3598950e0c,Firestone Hand Car Wash,+1-562-776-1705,,A,Downey,Los Angeles,CA,no_website_link_listed
engine-v2,car-washes,google_maps:data_id:0x80c2cd22300483d7:0xc1ded62ef220882d,La Rosca Car wash mobile,+1-323-926-1846,,A,Downey,Los Angeles,CA,no_website_link_listed
engine-v2,car-washes,google_maps:data_id:0x63d5abecd7692e89:0xaeec247087f4dfb6,Los3carnales auto detail,+1-323-286-2085,,A,Downey,Los Angeles,CA,no_website_link_listed
engine-v2,car-washes,google_maps:data_id:0x80c2d2c719f6231b:0xd06948936f5acd1e,Norwalk Goal Car Wash,+1-562-466-0033,https://www.goalcarwash.com/,B,Downey,Los Angeles,CA,functional_with_objective_deficiency
engine-v2,car-washes,google_maps:data_id:0x80c2cdbd989622bd:0xae052fa246411fc0,Papa John Car Wash,+1-562-862-8911,,A,Downey,Los Angeles,CA,no_website_link_listed
engine-v2,car-washes,google_maps:data_id:0x8a07e2ee201ead87:0x6059363b5757bb0a,Platinum Mobile Car Wash & Detail,+1-213-705-5388,https://lnk.bio/pmdetailing25,B,Downey,Los Angeles,CA,functional_with_objective_deficiency
engine-v2,car-washes,google_maps:data_id:0x611af53989a190af:0x5e62712e2fe151a0,Ramos Mobile Carwash Auto Detailing,+1-209-626-0005,https://ramosmobilecarwash.com/,B,Downey,Los Angeles,CA,functional_with_objective_deficiency
engine-v2,car-washes,google_maps:data_id:0x80dd2d2a712201b5:0xb0812456bc28481e,Rich & Rays Mobile Car wash & Detailing,+1-562-503-2864,,A,Downey,Los Angeles,CA,no_website_link_listed
engine-v2,car-washes,google_maps:data_id:0x80c2cde6cceb99d7:0xf9e1fbd7a6f2a18a,Roysmobiledetail,+1-323-301-5333,,A,Downey,Los Angeles,CA,no_website_link_listed
engine-v2,car-washes,google_maps:data_id:0x80c2cc019b746ff3:0x1c63f5398aa558f8,South Gate Express Car Wash,+1-818-288-5163,,A,Downey,Los Angeles,CA,no_website_link_listed
engine-v2,car-washes,google_maps:data_id:0x80c2cc6876b0376d:0xd034877f1fb605be,Splashed Bros inc,+1-310-438-1883,,A,Downey,Los Angeles,CA,no_website_link_listed
engine-v2,car-washes,google_maps:data_id:0x80c2cc69d47c1b8f:0x1b2ebf8e5e62bcde,Spotless full service and express car wash,+1-310-637-7203,http://www.spotlessexpresswash.com/,B,Downey,Los Angeles,CA,functional_with_objective_deficiency
engine-v2,car-washes,google_maps:data_id:0x80c2cc2ddc8c6245:0xc3b6d876e332fee7,Star Car Wash,+1-562-291-1057,,A,Downey,Los Angeles,CA,no_website_link_listed
engine-v2,car-washes,google_maps:data_id:0x80c2cdaae031e035:0xe9840eb41f7a5739,Tiki Tours,+1-562-928-4324,,A,Downey,Los Angeles,CA,no_website_link_listed
engine-v2,car-washes,google_maps:data_id:0x80c2d339446894df:0xccde10f7137297ef,Touch & Glow Car Wash,+1-562-577-9395,,A,Downey,Los Angeles,CA,no_website_link_listed
engine-v2,car-washes,google_maps:data_id:0x80c2ceec44915555:0xe1423ccb99bb0ad8,Xpress Wash Inc,+1-323-560-8219,,A,Downey,Los Angeles,CA,no_website_link_listed
engine-v2,car-washes,google_maps:data_id:0x80c2d1fcbdad96a9:0xef297595abc849d7,Asere Premium Auto Detailing,+1-786-205-9680,https://app.peak-shop.com/customer.html?shop=shop_1772837136374,B,El Monte,Los Angeles,CA,functional_with_objective_deficiency
engine-v2,car-washes,google_maps:data_id:0x80c2da3b482b5e75:0x1a40f23e606dc33d,Bellagio Express Car Wash,+1-626-821-6399,https://bellagioexpresscarwash.com/,B,El Monte,Los Angeles,CA,functional_with_objective_deficiency
engine-v2,car-washes,google_maps:data_id:0x80c2d096e9034451:0x59f609a047ca1985,Bubble Bath Car Wash,+1-626-448-0520,,A,El Monte,Los Angeles,CA,no_website_link_listed
engine-v2,car-washes,google_maps:data_id:0x80c2d0c327655555:0xff4423ca8043289e,CarCarez,+1-626-203-1327,https://carcarez.com/pages/contact-us,B,El Monte,Los Angeles,CA,functional_with_objective_deficiency
engine-v2,car-washes,google_maps:data_id:0xc8c0477deffd9c5:0x5b7dc9f15c4358fc,Damian’s auto detailing,+1-626-831-4913,,A,El Monte,Los Angeles,CA,no_website_link_listed
engine-v2,car-washes,google_maps:data_id:0x8a70a0463f4b5b85:0x75b43249875ef0df,Dubble A mobile detail,+1-626-725-1258,,A,El Monte,Los Angeles,CA,no_website_link_listed
engine-v2,car-washes,google_maps:data_id:0x80c2d0d1c8283e45:0xb09f0fab9fe32b0e,Durfee Car Wash Lube and Oil,+1-626-455-0266,,A,El Monte,Los Angeles,CA,no_website_link_listed
engine-v2,car-washes,google_maps:data_id:0x687ab7105ef3f62d:0xe040e8551ed313e0,Elite Shine Detailing,+1-626-344-6427,,A,El Monte,Fresno,CA,no_website_link_listed
engine-v2,car-washes,google_maps:data_id:0x80c2dbe8bf41f76b:0x69f19b403b3a98ac,Fasching's,+1-626-446-0654,http://www.faschings.com/,B,El Monte,Los Angeles,CA,functional_with_objective_deficiency
engine-v2,car-washes,google_maps:data_id:0x80c2c79509ca7b5d:0x92bd367c6295858b,Jc Mobile Carwash,+1-323-206-7224,,A,El Monte,Los Angeles,CA,no_website_link_listed
engine-v2,car-washes,google_maps:data_id:0x80c2d1d09da87cb7:0x1c133b2afee554b9,Preciado’s Auto Spa,+1-626-627-8332,,A,El Monte,Los Angeles,CA,no_website_link_listed
engine-v2,car-washes,google_maps:data_id:0x80c2d75acd2cd893:0xa2ba580adfde1e41,Ramona Car Wash,+1-562-948-2575,,A,El Monte,Los Angeles,CA,no_website_link_listed
engine-v2,car-washes,google_maps:data_id:0x80c2d0b02aefcb47:0x6fdaa7f93a7bca4e,Star Car Wash/Star Auto SPA,+1-626-444-3555,,A,El Monte,Los Angeles,CA,no_website_link_listed
engine-v2,car-washes,google_maps:data_id:0x80c2d1fe3e5ae2df:0x664a4c65d53ba505,Weekend Wash and Detailing,+1-626-747-2500,,A,El Monte,Los Angeles,CA,no_website_link_listed
engine-v2,car-washes,google_maps:data_id:0x6bf6a68f8ec47959:0x81384a64583ffeb3,Apex Mobile Detailing,+1-747-767-0901,https://www.instagram.com/apexdetailing.la?igsh=NTc4MTIwNjQ2YQ==&utm_source=qr,A,Glendale,Los Angeles,CA,third_party_only
engine-v2,car-washes,google_maps:data_id:0x80c2c045f890391d:0xf647476a9fe8ef14,"Carnuwax, INC.",+1-818-955-5340,,A,Glendale,Los Angeles,CA,no_website_link_listed
engine-v2,car-washes,google_maps:data_id:0x8c0f9cd3b7993bf9:0x3a08b7c3ac3150d2,DNG Mobile Detail,+1-818-858-8640,,A,Glendale,Los Angeles,CA,no_website_link_listed
engine-v2,car-washes,google_maps:data_id:0x200c78ab388b9daf:0x392d1d14614df892,Glossmob Mobile Detailing,+1-626-344-8065,,A,Glendale,San Bernardino,CA,no_website_link_listed
engine-v2,car-washes,google_maps:data_id:0x155204752e1fbdf:0x5557d9871773f59f,Iron and Shine Auto Detailing,+1-818-291-3908,https://www.ironandshineautodetailing.com/,A,Glendale,Los Angeles,CA,broken_or_unreachable
engine-v2,car-washes,google_maps:data_id:0x80c2c3e751c7bfb9:0xc14621301ca074cb,JN car wash,+1-323-258-2221,,A,Glendale,Los Angeles,CA,no_website_link_listed
engine-v2,car-washes,google_maps:data_id:0x80c2c3915c1016df:0xeaedd40a9e0bc800,Michael Mobile car detailing,+1-818-778-0992,,A,Glendale,Los Angeles,CA,no_website_link_listed
engine-v2,car-washes,google_maps:data_id:0x80c2c14dc8d1ff85:0x6106035269fbb159,Noy mobile carwash,+1-747-221-2006,https://www.instagram.com/noymobilecarwash?utm_source=ig_web_button_share_sheet&igsh=ZDNlZDc0MzIxNw==,A,Glendale,Los Angeles,CA,third_party_only
engine-v2,car-washes,google_maps:data_id:0x80c2c13ba89b00c7:0x87a888b36c984918,Premier Auto Spa Glendale,+1-626-720-7761,,A,Glendale,Los Angeles,CA,no_website_link_listed
engine-v2,car-washes,google_maps:data_id:0x89a18fa8e7f8b917:0xf57a0b1dd1c01b5c,Resurgence Mobile Detailing,+1-213-912-8478,,A,Glendale,Los Angeles,CA,no_website_link_listed
engine-v2,car-washes,google_maps:data_id:0x80c2c1ed7eb3051d:0x498d802a81001b09,SoCal Car Wash & Detail,+1-202-977-8100,http://socalhandwash.com/,B,Glendale,Los Angeles,CA,functional_with_objective_deficiency
engine-v2,car-washes,google_maps:data_id:0x80c2b7005fc77fbf:0x52b948d1ce41ee4d,110autospa,+1-323-849-8197,,A,Inglewood,Los Angeles,CA,no_website_link_listed
engine-v2,car-washes,google_maps:data_id:0x80c2b6df62ca1291:0xe7fcd3b99e59575c,Car Cleaning Machine,+1-310-327-8900,,A,Inglewood,Los Angeles,CA,no_website_link_listed
engine-v2,car-washes,google_maps:data_id:0x80c2b6efbeab4d57:0x11172148a60b65ce,Century Car Wash full service express service and auto detailing,+1-310-674-2266,,A,Inglewood,Los Angeles,CA,no_website_link_listed
engine-v2,car-washes,google_maps:data_id:0x80c2b52aa5861aa9:0xde2a616789b0acab,Daddy’s mobile detail,+1-310-346-9782,,A,Inglewood,Los Angeles,CA,no_website_link_listed
engine-v2,car-washes,google_maps:data_id:0x80c2b6908e238655:0x6fb1a19fd16b3633,E-Z Self Services Car Wash,+1-310-219-2160,,A,Inglewood,Los Angeles,CA,no_website_link_listed
engine-v2,car-washes,google_maps:data_id:0x80c2c95757c6662b:0x4f8d7379bb2a2a5c,E.J M.O.B.I.L.E D.E.T.A.I.L.I.N.G 24 H.R…,+1-323-253-1272,https://www.google.com/gasearch?q=car%20wash&source=sh/x/gs/m2/5#vhid=/g/11wbzj_gc3&vssid=dcptpi,B,Inglewood,Los Angeles,CA,functional_with_objective_deficiency
engine-v2,car-washes,google_maps:data_id:0x80c2b5e634bb7099:0x503158168d246979,Excellent Car Wash & Auto Detailing,+1-323-242-5265,,A,Inglewood,Los Angeles,CA,no_website_link_listed
engine-v2,car-washes,google_maps:data_id:0x80c2b7e6772f6707:0x996bedc7eb586620,Flores Hand Car Wash,+1-323-299-1930,,A,Inglewood,Los Angeles,CA,no_website_link_listed
engine-v2,car-washes,google_maps:data_id:0x80c2b636fc877bd1:0xb7b63eecff70f3b1,Flow Wash 100%Hand Car Wash,+1-323-880-8303,,A,Inglewood,Los Angeles,CA,no_website_link_listed
engine-v2,car-washes,google_maps:data_id:0x80c2b793c9fe1fab:0x7cbf8055bed16518,M&J 100% Hand Car Wash,+1-323-273-3232,,A,Inglewood,Los Angeles,CA,no_website_link_listed
engine-v2,car-washes,google_maps:data_id:0x80c2b630234223b3:0xa181c78c936ccd00,Magic Car Wash,+1-323-758-5198,,A,Inglewood,Los Angeles,CA,no_website_link_listed
engine-v2,car-washes,google_maps:data_id:0x80c2b733bbad30ef:0x60688bcecf2f9fc1,Melvin's Mobile Auto Detailing y wash,+1-323-535-5770,http://melautocarcare.weebly.com/,B,Inglewood,Los Angeles,CA,functional_with_objective_deficiency
engine-v2,car-washes,google_maps:data_id:0x80c2b7aaeb74deb7:0xc92ec1fed750eb3,Mr Kleen MOBILE Details,+1-323-229-9897,,A,Inglewood,Los Angeles,CA,no_website_link_listed
engine-v2,car-washes,google_maps:data_id:0x80c2c93e9d8690e5:0xbf9eb9062d65327b,On point mobile detailing LLC,+1-310-696-3240,,A,Inglewood,Los Angeles,CA,no_website_link_listed
engine-v2,car-washes,google_maps:data_id:0x80c2b7d3f54dffad:0x9994365be0818e92,Personal Touch Car Wash,+1-323-751-1056,https://www.facebook.com/PTHandCarWash?mibextid=kFxxJD,A,Inglewood,Los Angeles,CA,third_party_only
engine-v2,car-washes,google_maps:data_id:0x80c2b43a130e08cf:0xc22b465ba30b00b0,QuikWash Car Wash - Hawthorne,+1-818-600-6527,http://www.quikwash.co/,B,Inglewood,Los Angeles,CA,functional_with_objective_deficiency
engine-v2,car-washes,google_maps:data_id:0x80c2c9fa13aae243:0x5ff20a535530c527,S.s & jr mobile car wash,+1-310-808-5920,https://www.facebook.com/mobilecarwash.e3,A,Inglewood,Los Angeles,CA,third_party_only
engine-v2,car-washes,google_maps:data_id:0x80c2b6f3fee4a7b5:0x87ab7b4ba16d1f7c,Shine n Brite,+1-310-330-9091,,A,Inglewood,Los Angeles,CA,no_website_link_listed
engine-v2,car-washes,google_maps:data_id:0x80c2b79c8dae0a61:0x3d9e8e316077cd70,Victor's Carwash,+1-310-654-7670,,A,Inglewood,Los Angeles,CA,no_website_link_listed
engine-v2,car-washes,google_maps:data_id:0x80dd33a47edc0ae3:0xb9df5f987c74e6b0,Ajsdetails,+1-562-794-6436,,A,Lakewood,Los Angeles,CA,no_website_link_listed
engine-v2,car-washes,google_maps:data_id:0x80dd2c199fe6b90b:0x6fdc0b5a863aa2bf,Crescent Car wash,+1-714-761-2800,,A,Lakewood,Orange,CA,no_website_link_listed
engine-v2,car-washes,google_maps:data_id:0x80c2cca78853dfb1:0x68b81b3ce65ef121,Excellent Car Wash,+1-310-933-8888,,A,Lakewood,Los Angeles,CA,no_website_link_listed
engine-v2,car-washes,google_maps:data_id:0x80dd2dd23120a331:0x89db1c27a8c082c7,Five Star Express Car Wash,+1-562-865-6699,http://fivestarecw.com/,B,Lakewood,Los Angeles,CA,functional_with_objective_deficiency
engine-v2,car-washes,google_maps:data_id:0x80dd3189baff52c7:0x5bccb5932637e107,Gateway Express Car Wash,+1-562-595-4200,http://www.gatewaycw.com/,B,Lakewood,Los Angeles,CA,functional_with_objective_deficiency
engine-v2,car-washes,google_maps:data_id:0x80dd337636d3930f:0xf80ae7d8d485968,KnightOwls Mobile Detailing,+1-562-719-4745,,A,Lakewood,Los Angeles,CA,no_website_link_listed
engine-v2,car-washes,google_maps:data_id:0x80dd2d18986b48f1:0xdd8b133a655ffb56,Ledesma & co Multiservice (MoBile),+1-562-538-5127,http://ledesmayco.com/,B,Lakewood,Los Angeles,CA,functional_with_objective_deficiency
engine-v2,car-washes,google_maps:data_id:0x80dd3329c722fe7d:0xdddbb37a3f95170f,Modern's Coin-Op Car Wash,+1-562-470-6700,,A,Lakewood,Los Angeles,CA,no_website_link_listed
engine-v2,car-washes,google_maps:data_id:0x80dd2c233f189475:0x3228f8c6621d3de4,Paul's Car Wash & Lube Center,+1-714-828-1880,,A,Lakewood,Orange,CA,no_website_link_listed
engine-v2,car-washes,google_maps:data_id:0x80dd2d3befaf0bc3:0x4974e9ac1b1d899d,Pioneer Car Wash,+1-562-868-2300,,A,Lakewood,Los Angeles,CA,no_website_link_listed
engine-v2,car-washes,google_maps:data_id:0x80dd31d6b581549b:0x767e39a2b2fc61ec,West Coast Mobile Detailing,+1-562-972-8979,,A,Lakewood,Los Angeles,CA,no_website_link_listed
engine-v2,car-washes,google_maps:data_id:0x80c241d0fa23513b:0xfe7c922f9d00db01,661 Mobile Pros,+1-661-492-4434,,A,Lancaster,Los Angeles,CA,no_website_link_listed
engine-v2,car-washes,google_maps:data_id:0x99d6519bca8558f:0x1eb350abd723e943,Alamillo mobile detailing,+1-661-471-5942,,A,Lancaster,Los Angeles,CA,no_website_link_listed
engine-v2,car-washes,google_maps:data_id:0x80c2518e20f117e5:0x1d4bd7bd456b5436,Carlitos Detail,+1-661-992-4231,,A,Lancaster,Los Angeles,CA,no_website_link_listed
engine-v2,car-washes,google_maps:data_id:0x80c2578972713bb3:0x353ac349f31082c3,De Leon's mobile carwash & detailing,+1-323-385-6229,,A,Lancaster,Los Angeles,CA,no_website_link_listed
engine-v2,car-washes,google_maps:data_id:0x80c25de235ab0aa3:0x6cbfb735047770d2,Its All Green Service's llc,+1-661-403-9814,,A,Lancaster,Los Angeles,CA,no_website_link_listed
engine-v2,car-washes,google_maps:data_id:0xa0c65ee8ae1dad47:0x10fe2b3e096a99b0,KAD mobile services Car Wssh,+1-661-547-0303,,A,Lancaster,Los Angeles,CA,no_website_link_listed
engine-v2,car-washes,google_maps:data_id:0x80c25ad2d7db0749:0xf899a79763b17c2e,Monte Vista Car Wash,+1-661-948-3783,,A,Lancaster,Los Angeles,CA,no_website_link_listed
engine-v2,car-washes,google_maps:data_id:0x80c25bb01d99f4af:0x8639797b9d479704,Neat & Clean Mobile Car Wash LLC,+1-661-494-3487,,A,Lancaster,Los Angeles,CA,no_website_link_listed
engine-v2,car-washes,google_maps:data_id:0xaad177bf426452af:0xb8f974f780bd1ec7,Uncut Mobile Detailing LLC,+1-661-418-4823,,A,Lancaster,Los Angeles,CA,no_website_link_listed
engine-v2,car-washes,google_maps:data_id:0x80c25a95c6d18121:0x3f658c90a2a20a29,Vip Car Wash & Car Care Center,+1-661-945-5000,,A,Lancaster,Los Angeles,CA,no_website_link_listed
engine-v2,car-washes,google_maps:data_id:0x80c25bd7971e0b21:0x8cffa6220dcf095,WetWaxx Mobile Detailing,+1-661-576-0725,,A,Lancaster,Los Angeles,CA,no_website_link_listed
engine-v2,car-washes,google_maps:data_id:0x80dd3112f4b7ac7b:0xcbe769b3e48ec87a,$1.00 Car Wash,+1-562-591-4259,,A,Long Beach,Los Angeles,CA,no_website_link_listed
engine-v2,car-washes,google_maps:data_id:0x2d966b55aca2dcbd:0xa8cbbfa3c3bfaf23,Clean Rides Mobile Wash and Detail,+1-312-866-9501,https://www.washyourwhip.com/,A,Long Beach,Orange,CA,broken_or_unreachable
engine-v2,car-washes,google_maps:data_id:0x80dd31ef19adb567:0x274bc65e8437b5ad,Los Altos Carwash,+1-562-597-3111,,A,Long Beach,Los Angeles,CA,no_website_link_listed
engine-v2,car-washes,google_maps:data_id:0xec523630d7388f3:0x2600ab3daddb6256,RL Mobile Auto Detailing,+1-562-409-4877,,A,Long Beach,Los Angeles,CA,no_website_link_listed
engine-v2,car-washes,google_maps:data_id:0x80dd316974b7d063:0xcd32246e38ed0ee8,Tommy's Car Wash,+1-562-983-7102,,A,Long Beach,Los Angeles,CA,no_website_link_listed
engine-v2,car-washes,google_maps:data_id:0x80c2c7d86e1319c3:0x2dbdb898951c17ff,Car Wash & Detail Los Chavalones,+1-323-503-3087,http://www.carwashhere.com/car-wash-detail-los-chavalones-los-angeles-ca/,B,Los Angeles,Los Angeles,CA,functional_with_objective_deficiency
engine-v2,car-washes,google_maps:data_id:0x4eb09a56c45ab49f:0xacdd3e07cbecd2a4,EXPRESS MOBILE DETAILING 24HRS,+1-213-340-4213,,A,Los Angeles,Los Angeles,CA,no_website_link_listed
engine-v2,car-washes,google_maps:data_id:0x872d4ec8855898cd:0x980adc5272057ed4,Envelop Auto Car Wash,+1-888-800-0945,http://www.envelopauto.com/,A,Los Angeles,Los Angeles,CA,broken_or_unreachable
engine-v2,car-washes,google_maps:data_id:0x80c2b8e1ec3c1ce9:0x88fc709ef463d260,Expert Car Wash,+1-323-938-1777,https://expertcarwashla.com/,B,Los Angeles,Los Angeles,CA,functional_with_objective_deficiency
engine-v2,car-washes,google_maps:data_id:0x80c2b19376b04dc7:0xf953e7e71a07f374,Fantastic Car Detailing Corp,+1-747-245-4429,https://fantasticcardetailingcorp.site/,A,Los Angeles,Los Angeles,CA,broken_or_unreachable
engine-v2,car-washes,google_maps:data_id:0x80c2ba612af5df95:0xf881f63f74461d0,Handy J Car Wash & Lube,+1-310-398-6211,http://www.handyjcarwash.com/,A,Los Angeles,Los Angeles,CA,broken_or_unreachable
engine-v2,car-washes,google_maps:data_id:0x80c2c9003ad90acf:0x7321d1b239c5d854,Lux Detailing mobile,+1-323-388-1216,,A,Los Angeles,Los Angeles,CA,no_website_link_listed
engine-v2,car-washes,google_maps:data_id:0x80c2c7f2ff03f651:0x2c7497101edd97d2,Luxis Mobile Detailing,+1-310-261-3427,https://www.instagram.com/luxismd?igsh=NTc4MTIwNjQ2YQ==&utm_source=qr,A,Los Angeles,Los Angeles,CA,third_party_only
engine-v2,car-washes,google_maps:data_id:0x80c2b936cf027d59:0xeebb5554bff854da,Majestic Car Wash,+1-323-933-7393,,A,Los Angeles,Los Angeles,CA,no_website_link_listed
engine-v2,car-washes,google_maps:data_id:0x80c2b79a182a1f35:0x7598133218b801a4,NCM CAR WASH,+1-323-295-5503,,A,Los Angeles,Los Angeles,CA,no_website_link_listed
engine-v2,car-washes,google_maps:data_id:0x80c2b9013c038d0f:0xf4a7ced8ba6c8303,Shaw Enterprises,+1-323-965-2275,,A,Los Angeles,Los Angeles,CA,no_website_link_listed
engine-v2,car-washes,google_maps:data_id:0x80c2bb5cb736aa89:0x93083962fa41d100,TYCHE LUXURY MOBILE CARWASH,+1-323-508-7777,,A,Los Angeles,Los Angeles,CA,no_website_link_listed
engine-v2,car-washes,google_maps:data_id:0x80c2bbbbe29e11a5:0x2c4dce3f1f9c5d4,prestige auto detail,+1-323-635-6173,,A,Los Angeles,Los Angeles,CA,no_website_link_listed
engine-v2,car-washes,google_maps:data_id:0x80c2d3e35e90c937:0x58d91b5bddd5c5ba,Danny’s Auto Detailing,+1-562-547-5413,,A,Norwalk,Los Angeles,CA,no_website_link_listed
engine-v2,car-washes,google_maps:data_id:0x80c2d333dac92dbd:0x24d79d17b27f13e8,Detail Vergara - Mobile Car Wash & Detailing,+1-562-662-0204,,A,Norwalk,Los Angeles,CA,no_website_link_listed
engine-v2,car-washes,google_maps:data_id:0x80c2d3004fd47b69:0xaaace3c1db4f45df,G&M Car Wash,+1-562-863-7927,https://www.gmoc.com/,B,Norwalk,Los Angeles,CA,functional_with_objective_deficiency
engine-v2,car-washes,google_maps:data_id:0x80c2d3c04d38ec91:0x7ca66c7ae50c5099,Googie Car Wash,+1-562-464-0000,https://googiecarwash.com/,B,Norwalk,Los Angeles,CA,functional_with_objective_deficiency
engine-v2,car-washes,google_maps:data_id:0x80c2d365d113cbaf:0x2e0b0f5c0f2f6b82,Hanna's Car Wash Tunnel,+1-562-941-7228,,A,Norwalk,Los Angeles,CA,no_website_link_listed
engine-v2,car-washes,google_maps:data_id:0x80c2d3d6871dea71:0x6e8b81ed04be0173,Whittier Express Car Wash,+1-562-758-3456,,A,Norwalk,Los Angeles,CA,no_website_link_listed
engine-v2,car-washes,google_maps:data_id:0x80c259b69a07ae7b:0xf09ccea0b562b19,A.V Car Wash Inc,+1-661-538-1154,,A,Palmdale,Los Angeles,CA,no_website_link_listed
engine-v2,car-washes,google_maps:data_id:0x80c2f9131d2dfd41:0x70fccebb516d5363,EZ MOBILE CARWASH &DETAILING,+1-661-547-2286,,A,Palmdale,Los Angeles,CA,no_website_link_listed
engine-v2,car-washes,google_maps:data_id:0x62cf1d4d2b39b7b:0xb84a8ce9d45751f0,Familia fresh mobile wash,+1-661-795-1008,,A,Palmdale,Los Angeles,CA,no_website_link_listed
engine-v2,car-washes,google_maps:data_id:0x80c2f96bb89c9039:0x47162be9d5fcadf3,Frankie's Auto detailing,+1-661-844-0072,,A,Palmdale,Los Angeles,CA,no_website_link_listed
engine-v2,car-washes,google_maps:data_id:0x80c2f91e3ab24e49:0x3d40f6a2e8a89a4a,Gil's mobile car wash and detailing,+1-818-209-0836,,A,Palmdale,Los Angeles,CA,no_website_link_listed
engine-v2,car-washes,google_maps:data_id:0x80c2570055a66d15:0xd5c5c7fab97a1690,On D Spot Mobile Detailing,+1-661-265-5851,https://www.instagram.com/ondspotmobiledetailing/profilecard/?igsh=MXFwMzlwbjVxaHp5eg==,A,Palmdale,Los Angeles,CA,third_party_only
engine-v2,car-washes,google_maps:data_id:0x80c2578e6980319d:0x52aaefef13e26b6a,Palmdale Express Car Wash,+1-661-266-1690,https://palmdalecarwash.com/,B,Palmdale,Los Angeles,CA,functional_with_objective_deficiency
engine-v2,car-washes,google_maps:data_id:0x80c259d9b9e1935d:0x62393621da04b3f9,Palmdale Speedwash,+1-661-349-9958,https://www.palmdalespeedwash.com/,A,Palmdale,Los Angeles,CA,broken_or_unreachable
engine-v2,car-washes,google_maps:data_id:0x80c2f943b088f7dd:0xf662282ca4659707,Pro Wash,+1-661-526-3129,https://prowash1.com/,B,Palmdale,Los Angeles,CA,functional_with_objective_deficiency
engine-v2,car-washes,google_maps:data_id:0x80c257b8d3cb0c55:0x4f2e3db66a41bc89,Royal Spa Carwash,+1-661-265-9936,https://royalspacarwash.com/,B,Palmdale,Los Angeles,CA,functional_with_objective_deficiency
engine-v2,car-washes,google_maps:data_id:0x2fd6d38e57076d2f:0xef480a61870976c,The Classy Finish,+1-818-322-8384,https://www.theclassyfinish.com/,B,Palmdale,Los Angeles,CA,functional_with_objective_deficiency
engine-v2,car-washes,google_maps:data_id:0x80c25795e8d3207d:0xdd8feefdbd4c28bd,The Wash Rak Car Wash,+1-661-947-8558,,A,Palmdale,Los Angeles,CA,no_website_link_listed
engine-v2,car-washes,google_maps:data_id:0x4f2b7110c34b5e5f:0x46fa218dee2f3e1c,DETAILWORKZ,+1-626-437-2838,,A,Pasadena,Los Angeles,CA,no_website_link_listed
engine-v2,car-washes,google_maps:data_id:0x426f42eb4f92ee79:0xab3158318d4fd3b0,EuroLux Mobile Detailing,+1-626-497-8297,http://euroluxmobiledetailing.com/,B,Pasadena,Los Angeles,CA,functional_with_objective_deficiency
engine-v2,car-washes,google_maps:data_id:0x80c2db7b86e29c99:0xc74e1e4dd433e720,Lucky Car Wash,+1-626-796-4888,http://www.luckycarwash.com/,B,Pasadena,Los Angeles,CA,functional_with_objective_deficiency
engine-v2,car-washes,google_maps:data_id:0x4646e299fcdae5ef:0xf5dafbf52f6c70f4,Umile - Mobile Car Wash,+1-626-264-0306,,A,Pasadena,Los Angeles,CA,no_website_link_listed
engine-v2,car-washes,google_maps:data_id:0x80c333a527c7c3ff:0xee42acb093f36981,A’s Bros,+1-909-407-6271,,A,Pomona,Los Angeles,CA,no_website_link_listed
engine-v2,car-washes,google_maps:data_id:0x2ba314e85ef60d77:0xd42abd944defdcf6,Details First Mobile Detailing,+1-626-893-2363,http://www.detailsfirst.shop/,B,Pomona,San Bernardino,CA,functional_with_objective_deficiency
engine-v2,car-washes,google_maps:data_id:0x80c33398d6800387:0x3bb73877945c361b,El Chavalon Hand Car Wash,+1-323-202-6441,,A,Pomona,Los Angeles,CA,no_website_link_listed
engine-v2,car-washes,google_maps:data_id:0x80c32fcc8982f02f:0x56b3f0bc1d99cf62,Falcon St. Car Wash,+1-909-978-7634,,A,Pomona,Los Angeles,CA,no_website_link_listed
engine-v2,car-washes,google_maps:data_id:0x80c32fccee1ee867:0x9307d7f261e27ac8,Island Car Wash,+1-909-593-2104,https://www.islandcarwashpomona.com/,A,Pomona,Los Angeles,CA,broken_or_unreachable
engine-v2,car-washes,google_maps:data_id:0x80c332100eab5cdd:0xeb99b1df737f19cd,Los Chavalones Car Wash & Detail,+1-747-295-4878,,A,Pomona,Los Angeles,CA,no_website_link_listed
engine-v2,car-washes,google_maps:data_id:0x4cc973bf98f0e26f:0xdc9e0e4e17a7886c,Mrm Mobile Detail LLC,+1-805-815-5031,,A,Pomona,Orange,CA,no_website_link_listed
engine-v2,car-washes,google_maps:data_id:0x80c32d46180380d3:0xde016981e28b2202,NXT LVL DETAILING,+1-909-319-0222,,A,Pomona,Los Angeles,CA,no_website_link_listed
engine-v2,car-washes,google_maps:data_id:0x80c331123bdd2979:0x61c8902556341a1f,Speedy Clean Express Car Wash,+1-909-447-2005,http://speedycleanexpress.com/,B,Pomona,Los Angeles,CA,functional_with_objective_deficiency
engine-v2,car-washes,google_maps:data_id:0x80c32e2a48b94ccb:0x16e65df68e6d818,Village Car Wash,+1-909-621-2318,,A,Pomona,Los Angeles,CA,no_website_link_listed
engine-v2,car-washes,google_maps:data_id:0x465861b97c0c3395:0xa80c9b65be851c9d,West Coast luxury Mobile Detail services,+1-626-290-3648,,A,Pomona,Fresno,CA,no_website_link_listed
engine-v2,car-washes,google_maps:data_id:0x80c27df6e51bbc5b:0xeb8057dd90968059,BLISS Car Wash - Santa Clarita,+1-800-697-7459,https://blisscarwash.com/,B,Santa Clarita,Los Angeles,CA,functional_with_objective_deficiency
engine-v2,car-washes,google_maps:data_id:0x80c2870fae974097:0x944caccd4ad027e9,Dapper Dan's Car Wash,+1-888-244-1606,http://www.dapperdanscarwash.com/,B,Santa Clarita,Los Angeles,CA,functional_with_objective_deficiency
engine-v2,car-washes,google_maps:data_id:0x80c286cf38fcd4e5:0xba3010b609488ddc,New Stevenson Ranch Car Wash,+1-661-260-3002,http://stevensonranchcarwash.com/,B,Santa Clarita,Los Angeles,CA,functional_with_objective_deficiency
engine-v2,car-washes,google_maps:data_id:0x80c288ec8b5ba7e3:0xd8bfba0043c7c6a5,Sierra Hwy Express Car Wash,+1-661-977-1505,https://sierrahwyexpresscarwash.com/,B,Santa Clarita,Los Angeles,CA,functional_with_objective_deficiency
engine-v2,car-washes,google_maps:data_id:0x80c287a429b4fef5:0xb764f435c6431e44,StyleLux,+1-818-306-8667,,A,Santa Clarita,Los Angeles,CA,no_website_link_listed
engine-v2,car-washes,google_maps:data_id:0x80c27d447da7b239:0xff44755ed11eaa1c,ap.autodetailing,+1-661-476-8374,http://apautodetailin.com/,A,Santa Clarita,Los Angeles,CA,broken_or_unreachable
engine-v2,car-washes,google_maps:data_id:0x80c2bb763abc244f:0x4f5fb681146fb595,BLUE SPLASH CAR WASH,+1-323-635-9911,,A,Santa Monica,Los Angeles,CA,no_website_link_listed
engine-v2,car-washes,google_maps:data_id:0x80c2ba92da878525:0xcdf0d8911304443c,Beach Cities Car Wash,+1-310-822-9274,http://beachcitieswash.com/,B,Santa Monica,Los Angeles,CA,functional_with_objective_deficiency
engine-v2,car-washes,google_maps:data_id:0x80c2bbf1758463a9:0x473dbb1bce4de098,Ben’s auto detail,+1-424-204-2695,,A,Santa Monica,Los Angeles,CA,no_website_link_listed
engine-v2,car-washes,google_maps:data_id:0x80c2bb9cd9d2518f:0x777c3f712d7e91de,Bluewave Car Wash,+1-310-474-6551,https://bluewaveexpress.com/,B,Santa Monica,Los Angeles,CA,functional_with_objective_deficiency
engine-v2,car-washes,google_maps:data_id:0x23b857c22ab12975:0xf3f2f481e8ff6f22,Coast detailing,+1-646-592-5757,,A,Santa Monica,Kings,CA,no_website_link_listed
engine-v2,car-washes,google_maps:data_id:0x80c2978603c98553:0x2cbc6d85e9d2b09c,Dedicated Detailing mobile Car Wash Service,+1-818-652-4620,https://linktr.ee/Dedicated_Detailing22,A,Santa Monica,Los Angeles,CA,third_party_only
engine-v2,car-washes,google_maps:data_id:0x80c2bb8ac6dc6ca9:0x3502cb76de01e467,Felipe’s Car Wash,+1-323-351-0550,,A,Santa Monica,Los Angeles,CA,no_website_link_listed
engine-v2,car-washes,google_maps:data_id:0x80c2a53764d5f7dd:0xdf0446226db30ec1,Jackob NG detailing,+1-805-366-2248,https://www.instagram.com/jackob_ng_carwash?igsh=OGQ5ZDc2ODk2ZA==&utm_source=qr,A,Santa Monica,Los Angeles,CA,third_party_only
engine-v2,car-washes,google_maps:data_id:0x80c2badb0d1a8755:0xc7ff554f83956228,Magic Wand Car Wash,+1-310-745-7134,,A,Santa Monica,Los Angeles,CA,no_website_link_listed
engine-v2,car-washes,google_maps:data_id:0x80c2bb3872cb0bfb:0x4901b18f6a54a27d,Oasis Carwash (Underground @ Colorado Center),+1-310-828-4181,,A,Santa Monica,Los Angeles,CA,no_website_link_listed
engine-v2,car-washes,google_maps:data_id:0x80c2bdff42f4ef1f:0xd81179b66f09f298,VIP Mobile Car Wash and Detailing,+1-747-257-4268,,A,Santa Monica,Los Angeles,CA,no_website_link_listed
engine-v2,car-washes,google_maps:data_id:0x80c2c9b5ddc819bb:0x876ded88abce7edd,CRAZY DETAILING,+1-323-649-0136,,A,South Gate,Los Angeles,CA,no_website_link_listed
engine-v2,car-washes,google_maps:data_id:0x80c2c960aaafc7a3:0x1ba3f0f847e13435,Danny's Mobile Detailing,+1-323-499-0373,https://www.instagram.com/dann.y_details?igsh=MWQ1ZGUxMzBkMA==,A,South Gate,Los Angeles,CA,third_party_only
engine-v2,car-washes,google_maps:data_id:0x80c2d53bbb1cf8f7:0x9bf4da962bda1642,E.M.M Mobile Car Wash And Detail,+1-951-777-0195,,A,South Gate,Los Angeles,CA,no_website_link_listed
engine-v2,car-washes,google_maps:data_id:0x80c2c9eeceb2ac09:0x6a6f0311517ba526,EjMobileDetailing,+1-323-891-6070,,A,South Gate,Los Angeles,CA,no_website_link_listed
engine-v2,car-washes,google_maps:data_id:0xb274dcb1da2dca1:0x7346065ebd18e66b,Fernandez Mobile Detailing,+1-323-239-6242,https://www.fernandezmobiledetailing.com/,B,South Gate,Los Angeles,CA,functional_with_objective_deficiency
engine-v2,car-washes,google_maps:data_id:0x80c2c956f9b58123:0xc721f65babdc96c1,Firestone Handwash,+1-323-563-7203,,A,South Gate,Los Angeles,CA,no_website_link_listed
engine-v2,car-washes,google_maps:data_id:0x60496e979fca48f3:0xbeb7ddf3d614ad7f,Flavors of Victory premium Detailing,+1-323-636-4894,,A,South Gate,Los Angeles,CA,no_website_link_listed
engine-v2,car-washes,google_maps:data_id:0x63e81b7526feb9a5:0x1a27eb2599fd81e7,METRO MOBILE WASH,+1-626-782-3732,,A,South Gate,Kings,CA,no_website_link_listed
engine-v2,car-washes,google_maps:data_id:0x80c2cba1752105e5:0x5a785ae75f0ae22e,Mobile Car Wash & Detailing LA,+1-310-925-4586,,A,South Gate,Los Angeles,CA,no_website_link_listed
engine-v2,car-washes,google_maps:data_id:0x80c2c9a85aa5cfdb:0x1c3f74889ad371fb,Sanchez auto detailing,+1-323-893-1265,,A,South Gate,Los Angeles,CA,no_website_link_listed
engine-v2,car-washes,google_maps:data_id:0x80c2b4f797633feb:0x9efc91732f84bf8a,Excellent car wash,+1-310-371-8282,,A,Torrance,Los Angeles,CA,no_website_link_listed
engine-v2,car-washes,google_maps:data_id:0x80c2b4b0b49c8485:0xb4b60ad6566ec50a,Green Clean Car Wash,+1-310-626-5229,,A,Torrance,Los Angeles,CA,no_website_link_listed
engine-v2,car-washes,google_maps:data_id:0x80c2b556c41d3e91:0xf7d4da77a1a37dfc,Green Street Developments,+1-310-533-3878,http://www.greenstreetdevelopments.com/#!contact/cn3p,B,Torrance,Los Angeles,CA,functional_with_objective_deficiency
engine-v2,car-washes,google_maps:data_id:0x80dd4bc0a4fa60e1:0x8452243d66190ecd,Highridge CAR WASH,+1-310-541-7663,http://www.highridgecarwash.com/,B,Torrance,Los Angeles,CA,functional_with_objective_deficiency
engine-v2,car-washes,google_maps:data_id:0x80dd4a7ae0481c6f:0x868e92243fa5c5a2,In & Out Car Wash,+1-310-539-1682,,A,Torrance,Los Angeles,CA,no_website_link_listed
engine-v2,car-washes,google_maps:data_id:0x45cd9ae2410bb7ab:0x3f21440cb4a47d05,RPV Mobile Detailing,+1-310-590-5507,https://rpvdetailing.square.site/,A,Torrance,Los Angeles,CA,third_party_only
engine-v2,car-washes,google_maps:data_id:0x80c2b47d595f342d:0x8d1fc8105048c29,Self Service Car Wash,+1-310-376-1396,,A,Torrance,Los Angeles,CA,no_website_link_listed
engine-v2,car-washes,google_maps:data_id:0x80c2b5a08c3192e9:0x3b032b315832213b,The Bubble Community Car Wash,+1-833-525-6980,http://thebubblecarwash.com/,B,Torrance,Los Angeles,CA,functional_with_objective_deficiency
engine-v2,car-washes,google_maps:data_id:0x80dd4aad15f3f12b:0xc5828acba18ba93b,Tunnel Master Express Car Wash,+1-310-782-0330,,A,Torrance,Los Angeles,CA,no_website_link_listed
engine-v2,car-washes,google_maps:data_id:0x80c32a2437f2f8af:0x8fcc03cf94d2ad8b,Alamo Hand Car Wash,+1-626-965-7922,http://alamocarwash.org/,B,West Covina,Los Angeles,CA,functional_with_objective_deficiency
engine-v2,car-washes,google_maps:data_id:0x80c3284e2c9dac89:0xdf5652f56c92ff97,Citrus Car Wash,+1-626-331-6301,,A,West Covina,Los Angeles,CA,no_website_link_listed
engine-v2,car-washes,google_maps:data_id:0xa14a03b77819857d:0xcba0a7bc141c1829,Covina Mobile Wash,+1-626-703-3126,,A,West Covina,Los Angeles,CA,no_website_link_listed
engine-v2,car-washes,google_maps:data_id:0x80c2d5005d137105:0x11af9500cff9001a,El Jefe RG Mobile Car Wash 24/7,+1-626-641-3877,https://www.instagram.com/el_jefe_mobil_carwash?igsh=MzRlODBiNWFlZA==,A,West Covina,Los Angeles,CA,third_party_only
engine-v2,car-washes,google_maps:data_id:0x80c2d5d6ee932929:0x7f47827afee09701,Hacienda Express Car wash,+1-626-333-9274,https://haciendaexpresscarwash.com/,B,West Covina,Los Angeles,CA,functional_with_objective_deficiency
engine-v2,car-washes,google_maps:data_id:0x28ab7e1b53ba3b71:0x85899ecd047408a8,Hot mobile detailing,+1-626-621-6880,,A,West Covina,Los Angeles,CA,no_website_link_listed
engine-v2,car-washes,google_maps:data_id:0x80c2d7c2ffba45c1:0x2eef3a1af5b7da5e,Lions Express Car Wash,+1-626-338-6527,http://lionsexpresscarwash.com/,B,West Covina,Los Angeles,CA,functional_with_objective_deficiency
engine-v2,car-washes,google_maps:data_id:0x80c3281887df6dcb:0x44bfddd6b6d84ea4,Spot Free Car Wash,+1-626-966-2244,http://spotfreecarwash.net/aboutcovina.htm,B,West Covina,Los Angeles,CA,functional_with_objective_deficiency
engine-v2,car-washes,google_maps:data_id:0x80c2d755abf82f95:0x65a35a15e3e20c56,Sun Day Carwash,+1-626-587-0044,https://www.sundaycarwash.com/,B,West Covina,Los Angeles,CA,functional_with_objective_deficiency
engine-v2,car-washes,google_maps:data_id:0x80c329a685d183a3:0xf4babd79a2c94344,Waterworks Automatic Express Carwash,+1-626-727-6339,,A,West Covina,Los Angeles,CA,no_website_link_listed
engine-v2,car-washes,google_maps:data_id:0x4b0cdda5352aa06f:0x2e4f4ca0bfe6db1,Wax On - Mobile Detailing,+1-626-205-4548,,A,West Covina,Ventura,CA,no_website_link_listed
engine-v2,car-washes,google_maps:data_id:0xadc75cbc52bc4f75:0x1fb83b7772e5ec04,Blitz Auto Spa,+1-747-372-7081,,A,Whittier,Los Angeles,CA,no_website_link_listed
engine-v2,car-washes,google_maps:data_id:0x80c2d397ed63ad55:0x899118e17df70bb4,DazzlingAutoDetailing,+1-562-551-0202,https://dazdetailingservices.my.canva.site/,B,Whittier,Los Angeles,CA,functional_with_objective_deficiency
engine-v2,car-washes,google_maps:data_id:0x80c2d37abc6fa72b:0x80b795cb56602874,InstaFinishLA,+1-562-656-7791,,A,Whittier,Los Angeles,CA,no_website_link_listed
engine-v2,car-washes,google_maps:data_id:0xa4ff14322b38e683:0x65873ff713cda0f0,JJIREH MOBILE CAR WASH DETAILING,+1-747-998-9322,,A,Whittier,Orange,CA,no_website_link_listed
engine-v2,car-washes,google_maps:data_id:0x662b66b0c7912281:0x628f799b8046c1a2,JP Auto Mobile Wash & Detailing,+1-714-627-6783,,A,Whittier,Riverside,CA,no_website_link_listed
engine-v2,car-washes,google_maps:data_id:0x80c2d3c535b25a9f:0x4bca9466e5cc2f85,Pacific Auto Spa,+1-562-463-1465,,A,Whittier,Los Angeles,CA,no_website_link_listed
engine-v2,car-washes,google_maps:data_id:0x80c2d1fba030f5a1:0x8121d699f3764709,Pico Rivera Car Wash,+1-562-447-4844,http://picoriveracarwash.com/,B,Whittier,Los Angeles,CA,functional_with_objective_deficiency
engine-v2,car-washes,google_maps:data_id:0x80c2d3830ec9726f:0xead3e406a7fbb592,ProWash Car Wash,+1-562-945-0180,,A,Whittier,Los Angeles,CA,no_website_link_listed
engine-v2,car-washes,google_maps:data_id:0x80c2d18383596849:0x1537de9fc523af3c,Riviera 5 Minute Express Wash,+1-562-695-5600,https://riviera5minuteexpress.com/,B,Whittier,Los Angeles,CA,functional_with_objective_deficiency
engine-v2,car-washes,google_maps:data_id:0x80c2d3a2d1f157e1:0xbd543996c7e749c5,Wash & Go Carwash,+1-818-835-9242,https://www.washgo.com/,B,Whittier,Los Angeles,CA,functional_with_objective_deficiency
engine-v2,car-washes,google_maps:data_id:0x80c2d553dd0bb8ad:0xb9c780e46a768c9f,WildWave Car Wash,+1-818-319-3383,https://wildwavecarwash.com/,B,Whittier,Los Angeles,CA,functional_with_objective_deficiency
engine-v2,car-washes,google_maps:data_id:0x684bbcdf4c713b3d:0xd5f73c9c9eb2e37f,AMDG DETAILING & CAR WASH,+1-559-706-5521,,A,Madera,Madera,CA,no_website_link_listed
engine-v2,car-washes,google_maps:data_id:0x80940c886fbd8c8d:0xea708fc964c523a8,Bubble Blue Car Wash & Auto Detail,+1-559-645-2525,,A,Madera,Madera,CA,no_website_link_listed
engine-v2,car-washes,google_maps:data_id:0x80940b826c531b65:0xfebad884a0ae0ff7,Cares Car Wash,+1-209-568-4999,https://www.carescarwash.com/,B,Madera,Madera,CA,functional_with_objective_deficiency
engine-v2,car-washes,google_maps:data_id:0x80940b6fdea3dbf3:0x6e7a378a4a8b6399,Cares Car Wash,+1-209-438-9242,https://wwwcarescarwash.com/,A,Madera,Madera,CA,broken_or_unreachable
engine-v2,car-washes,google_maps:data_id:0x215a629bd23162e1:0xfeb155c9f33966fd,Kelly's Mobile Detailing,+1-559-760-8096,,A,Madera,Madera,CA,no_website_link_listed
engine-v2,car-washes,google_maps:data_id:0x8085bb234c855f47:0xee4a52207f7e2619,Guzman Mobile car wash details,+1-415-524-9602,,A,Novato,Marin,CA,no_website_link_listed
engine-v2,car-washes,google_maps:data_id:0x8085bb64a1edc779:0x3f2e8fd2c78cdcc4,Novato Coin Self Services Car Wash,+1-415-897-5567,,A,Novato,Marin,CA,no_website_link_listed
engine-v2,car-washes,google_maps:data_id:0x80859a1fce35e2cd:0xfd58a43cb3db7919,BlueWave Express Car Wash,+1-877-503-0008,https://bluewaveexpress.com/,B,San Rafael,Marin,CA,functional_with_objective_deficiency
engine-v2,car-washes,google_maps:data_id:0x8c3835b5ad346d79:0xa90c02c5d090920d,Car Wash 4 VIP | E&D Auto Detailing,+1-415-521-1136,,A,San Rafael,Marin,CA,no_website_link_listed
engine-v2,car-washes,google_maps:data_id:0x808597ff3390dd85:0x651d300fa6107be3,Loaiza’s mobile car wash and detail.,+1-415-377-1677,,A,San Rafael,Marin,CA,no_website_link_listed
engine-v2,car-washes,google_maps:data_id:0x80859aa551362f2d:0x4befa31e5a7b7741,Mill Valley Car Wash,+1-415-380-9274,http://www.millvalleycarwash.com/,B,San Rafael,Marin,CA,functional_with_objective_deficiency
engine-v2,car-washes,google_maps:data_id:0x80859a396f7194af:0x6d2092700bf8fdbe,Spotless Car Wash,+1-415-453-8595,,A,San Rafael,Marin,CA,no_website_link_listed
engine-v2,car-washes,google_maps:data_id:0x87c1ac8441f14b1f:0xbc87d4dea8a4b0c8,EGA Detailing,+1-209-316-2835,,A,Mariposa,Merced,CA,no_website_link_listed
engine-v2,car-washes,google_maps:data_id:0x8081650bb9e7103d:0x91981420c8494f6c,Pete's Car Wash,+1-707-468-8885,,A,Ukiah,Mendocino,CA,no_website_link_listed
engine-v2,car-washes,google_maps:data_id:0x80917f1be5e31cd3:0xf20977c3766657a8,CARES Car Wash,+1-209-217-5618,,A,Los Banos,Merced,CA,no_website_link_listed
engine-v2,car-washes,google_maps:data_id:0x80917f1715ef6e95:0xa13c881ba711c653,Los Banos Car Wash Inc,+1-209-827-4033,,A,Los Banos,Merced,CA,no_website_link_listed
engine-v2,car-washes,google_maps:data_id:0x80917f0413c568b1:0x688ac2fd2fe1f799,Ortega’s Auto Detailing,+1-831-673-4259,,A,Los Banos,Merced,CA,no_website_link_listed
engine-v2,car-washes,google_maps:data_id:0x8091424ac450e587:0xb102952c59c1aaaf,Merced Mall Car Wash,+1-209-723-7900,http://www.mercedmallcarwash.com/,B,Merced,Merced,CA,functional_with_objective_deficiency
engine-v2,car-washes,google_maps:data_id:0x809143004e5b2729:0xd3d1827db3a79d0e,Mora's Hand Washh,+1-209-388-0422,,A,Merced,Merced,CA,no_website_link_listed
engine-v2,car-washes,google_maps:data_id:0x809143ad8be04f71:0x905de7e2bb8eb97e,Sumo’s Headlight Restoration & Detail,+1-408-506-6724,,A,Merced,Merced,CA,no_website_link_listed
engine-v2,car-washes,google_maps:data_id:0x80960d00673286c5:0x5db26986d741bd51,395 Cleaning Services,+1-760-709-2770,,A,Mammoth Lakes,Mono,CA,no_website_link_listed
engine-v2,car-washes,google_maps:data_id:0x808de504c4490b2d:0xbd2d404421ee8575,Abel's Mobile RV Wash,+1-831-521-4492,,A,Monterey,Monterey,CA,no_website_link_listed
engine-v2,car-washes,google_maps:data_id:0xad61f344a7b2be5d:0x31abede206b23337,California Detail Pro’s,+1-831-318-0811,https://cadetailpros.glossgenius.com/,B,Monterey,Monterey,CA,functional_with_objective_deficiency
engine-v2,car-washes,google_maps:data_id:0x6c235018b40ca1f1:0x3bfb3e1785bb7b8a,Jimenez Auto Detailing,+1-831-277-5659,,A,Monterey,Monterey,CA,no_website_link_listed
engine-v2,car-washes,google_maps:data_id:0x808dfcd181d126fb:0x9a158a71ea165772,Marina Car Wash,+1-831-384-0395,,A,Monterey,Monterey,CA,no_website_link_listed
engine-v2,car-washes,google_maps:data_id:0xa91cf18a7acfc731:0xffe488c912bda451,gogos.detail,+1-831-710-3939,,A,Monterey,Monterey,CA,no_website_link_listed
engine-v2,car-washes,google_maps:data_id:0x808df888cd47933f:0xffafaa30d2018122,Acme Car Wash,+1-831-422-3332,http://www.acmecarwashsalinas.com/,B,Salinas,Monterey,CA,functional_with_objective_deficiency
engine-v2,car-washes,google_maps:data_id:0x8ed83925a05757bd:0xea4cb712504cf6e4,Authentic Auto Details,+1-831-253-2693,,A,Salinas,Monterey,CA,no_website_link_listed
engine-v2,car-washes,google_maps:data_id:0x808df9f85a432e15:0x993c91a9228e03e,Clearwater Express Carwash,+1-831-759-9274,http://clearwaterexpresscarwash.com/,B,Salinas,Monterey,CA,functional_with_objective_deficiency
engine-v2,car-washes,google_maps:data_id:0x808dffa57e49999b:0xcfbc27c4c5423611,Deloves auto detailing,+1-916-477-7041,https://www.instagram.com/delovesautodetailing?igsh=MzRlODBiNWFlZA==,A,Salinas,Monterey,CA,third_party_only
engine-v2,car-washes,google_maps:data_id:0x808dff41c6a7bdc7:0x54298621a2e1db42,Mobile Car Wash,+1-831-316-4976,,A,Salinas,Monterey,CA,no_website_link_listed
engine-v2,car-washes,google_maps:data_id:0x808df982b1a014bf:0x1e5807d6758d2ffe,Precision detailing,+1-559-400-9458,,A,Salinas,Monterey,CA,no_website_link_listed
engine-v2,car-washes,google_maps:data_id:0x808df87d063f4c5b:0x11d3ba425e22561b,Splash Carwash,+1-831-531-8931,http://www.splashandwash.com/,B,Salinas,Monterey,CA,functional_with_objective_deficiency
engine-v2,car-washes,google_maps:data_id:0x808df8581181466f:0xc6843b5eed82ec67,Wash N Dash Express Car Wash,+1-831-772-0902,http://www.washndashexpress.com/,B,Salinas,Monterey,CA,functional_with_objective_deficiency
engine-v2,car-washes,google_maps:data_id:0x80850c64a4218005:0x3e23858107f60e56,American Canyon Car Wash,+1-707-645-8565,,A,Napa,Napa,CA,no_website_link_listed
engine-v2,car-washes,google_maps:data_id:0x8085076807305a45:0xdaba57960431cb04,Ducky's Car Wash Napa,+1-707-224-9566,https://duckysexpress.com/,B,Napa,Napa,CA,functional_with_objective_deficiency
engine-v2,car-washes,google_maps:data_id:0x63ed8023b61750db:0x2c104b3e60e079af,Go Detailing Car,+1-707-913-9286,https://godetailingcar.com/,A,Napa,Napa,CA,broken_or_unreachable
engine-v2,car-washes,google_maps:data_id:0x808506ef3fba2f73:0xbd12b810a10369ab,Jefferson Car Wash,+1-707-252-6144,,A,Napa,Napa,CA,no_website_link_listed
engine-v2,car-washes,google_maps:data_id:0x85e0e909fc757033:0x9c281e3b463361b5,PYN Auto Spa,+1-760-907-5528,,A,Napa,Napa,CA,no_website_link_listed
engine-v2,car-washes,google_maps:data_id:0x80850760f941a971:0xc07d3d925056306a,Spotless Auto Detailing & Car Wash,+1-707-681-4506,,A,Napa,Napa,CA,no_website_link_listed
engine-v2,car-washes,google_maps:data_id:0x80dd29aefcf58859:0x8d7af60f6fef7532,America Mobile Car Wash & Professional Detailing,+1-949-500-4725,,A,Anaheim,Orange,CA,no_website_link_listed
engine-v2,car-washes,google_maps:data_id:0x80dcd1071ca6ffaf:0xaf9fc31f25da8dca,Anaheim Hills Car Wash,+1-714-777-6605,http://www.anaheimhillscarwashandlube.com/,B,Anaheim,Orange,CA,functional_with_objective_deficiency
engine-v2,car-washes,google_maps:data_id:0x80dcd75229ed064f:0x2c79c4d433545d88,Auto Shine Mobile Car Wash & Detailing,+1-714-398-9870,,A,Anaheim,Orange,CA,no_website_link_listed
engine-v2,car-washes,google_maps:data_id:0x80dd29c3c1f708ed:0xc2d9a7a9fc912680,Daytona Car Wash,+1-714-774-9274,,A,Anaheim,Orange,CA,no_website_link_listed
engine-v2,car-washes,google_maps:data_id:0x85bf8319b2dd3555:0x736e254b6e932af6,Detail therapy mobile car wash,+1-714-396-4242,https://www.instagram.com/detail.therapy.mobile.car.wash?igsh=OGQ5ZDc2ODk2ZA==&utm_source=qr,A,Anaheim,Orange,CA,third_party_only
engine-v2,car-washes,google_maps:data_id:0x80dcd105a04f4273:0xfb1c63244716a320,Going Beyond the Car Wash,+1-714-948-4287,http://www.notacarwash.com/contact-form/index.php,B,Anaheim,Orange,CA,functional_with_objective_deficiency
engine-v2,car-washes,google_maps:data_id:0x80dd29f3a5fdf725:0x80dc53006a2e93fc,"Grand Prix Car Wash and Auto Care, Inc.",+1-714-855-7483,http://www.grandprixcarwashandautocare.com/,B,Anaheim,Orange,CA,functional_with_objective_deficiency
engine-v2,car-washes,google_maps:data_id:0x6841a54a53314879:0xc075b506b3b68c63,Jerry’s Mobile Detailing,+1-714-423-3496,,A,Anaheim,Orange,CA,no_website_link_listed
engine-v2,car-washes,google_maps:data_id:0x80dd29d8cc735a89:0x7f878e270c6470a7,Lincoln West Car Wash,+1-714-855-4897,,A,Anaheim,Orange,CA,no_website_link_listed
engine-v2,car-washes,google_maps:data_id:0x80dcd735b5eb71a7:0xaca1737b1889c95f,Rapids Express Car Wash,+1-714-592-4560,http://www.rapidsexpress.com/,B,Anaheim,Orange,CA,functional_with_objective_deficiency
engine-v2,car-washes,google_maps:data_id:0x80dcd1ddd4bc90cb:0x9fc2c2afefd49383,Riverbend Hand Car Wash,+1-714-692-8114,http://www.riverbendcarwash.com/,B,Anaheim,Orange,CA,functional_with_objective_deficiency
engine-v2,car-washes,google_maps:data_id:0x80dd293892b059ed:0x1a469690a74b2a6a,Rob's Mobile Detail,+1-714-476-1370,https://robsmobiledetail.com/,B,Anaheim,Orange,CA,functional_with_objective_deficiency
engine-v2,car-washes,google_maps:data_id:0x80dcd7fcd357253d:0xde82157bedb7e1c5,Soap City Car Wash Anaheim,+1-562-331-2618,http://www.soapcitycarwashanaheim.com/,A,Anaheim,Orange,CA,broken_or_unreachable
engine-v2,car-washes,google_maps:data_id:0x80dd2b752f1c67b5:0x886be04af874357c,Beach & La Mirada Car Wash / Valero Gas,+1-714-994-1099,,A,Buena Park,Orange,CA,no_website_link_listed
engine-v2,car-washes,google_maps:data_id:0x80dd2dae81e9bb29:0x4ea787df054879b4,Cypress Car Wash,+1-562-512-5270,https://cypresscarwash.org/,B,Buena Park,Orange,CA,functional_with_objective_deficiency
engine-v2,car-washes,google_maps:data_id:0x43b6fbf0e70a421d:0xfad6ca11c128562c,Detailing Dons,+1-562-386-3736,,A,Buena Park,San Bernardino,CA,no_website_link_listed
engine-v2,car-washes,google_maps:data_id:0x2894ca00e4065a11:0x33d1e0995a151d84,Dre’s OC Detailing,+1-562-440-2489,,A,Buena Park,Orange,CA,no_website_link_listed
engine-v2,car-washes,google_maps:data_id:0x80dd295142882599:0xb08e7b5f74fb19fe,LINCOLN EXPRESS CAR WASH,+1-714-220-4990,,A,Buena Park,Orange,CA,no_website_link_listed
engine-v2,car-washes,google_maps:data_id:0x80dd2bfd8f1e63d7:0x8cfb7fd636b678cc,O.C. Express Car Wash,+1-714-677-2079,,A,Buena Park,Orange,CA,no_website_link_listed
engine-v2,car-washes,google_maps:data_id:0x43351fc1a09eca95:0xc0e1f8356cb28afc,Royal mobile detailing,+1-714-719-8635,,A,Buena Park,Orange,CA,no_website_link_listed
engine-v2,car-washes,google_maps:data_id:0x80dd2beb00cb20b1:0x5630b35f42f4a036,Smartpoint Express Carwash,+1-714-736-0167,,A,Buena Park,Orange,CA,no_website_link_listed
engine-v2,car-washes,google_maps:data_id:0x80dd2bfa3e5a064b:0x1eb8d954beda5940,Wild Water Express,+1-714-670-6303,https://wildwaterexpress.com/locations/buena-park/?y_source=1_MjA2MTU5ODM1Ny03MTUtbG9jYXRpb24ud2Vic2l0ZQ%3D%3D,B,Buena Park,Orange,CA,functional_with_objective_deficiency
engine-v2,car-washes,google_maps:data_id:0x80dcdfdf3620ba27:0xbd155f719756b576,Coastal Xpress Car Wash,+1-714-436-0226,https://www.carwashcostamesa.com/,B,Costa Mesa,Orange,CA,functional_with_objective_deficiency
engine-v2,car-washes,google_maps:data_id:0x80dcdfe14c9068d1:0xbe787efe9a88cca0,Costa Mesa Hand Wash and Detail,+1-714-316-9874,https://costamesacarwash.com/,B,Costa Mesa,Orange,CA,functional_with_objective_deficiency
engine-v2,car-washes,google_maps:data_id:0xa58cdef5af13f54f:0x94ed350b495b4b09,Driven Mobile Detailing,+1-714-594-8036,https://drivenmobiledetailing.com/,A,Costa Mesa,Orange,CA,broken_or_unreachable
engine-v2,car-washes,google_maps:data_id:0x80dcdf818d272561:0x6ff2ef01d5f49c6f,Five Star Express Car Wash,+1-949-515-5135,http://www.fivestarecw.com/contact/,B,Costa Mesa,Orange,CA,functional_with_objective_deficiency
engine-v2,car-washes,google_maps:data_id:0x80dcdf877bd044e5:0x41b0e08beb471bef,Hernandez Mobile Carwash,+1-714-328-9986,,A,Costa Mesa,Orange,CA,no_website_link_listed
engine-v2,car-washes,google_maps:data_id:0x80dcdfd667796207:0x494785d55f7fee3f,Mobile car wash oc,+1-949-593-4478,https://whipwash.pro/,B,Costa Mesa,Orange,CA,functional_with_objective_deficiency
engine-v2,car-washes,google_maps:data_id:0x80dcdfdd8a903aa1:0xd8ac749abb58e843,Orange Coast Shine,+1-949-274-9638,,A,Costa Mesa,Orange,CA,no_website_link_listed
engine-v2,car-washes,google_maps:data_id:0x80dcd9acf5cd3f13:0x8dbd159c20ba2931,Royal Hand Car Wash,+1-714-775-1232,,A,Costa Mesa,Orange,CA,no_website_link_listed
engine-v2,car-washes,google_maps:data_id:0x80dcdf39bda85009:0x5d9df5506276208a,Unique Hand Wash and Auto Detailing,+1-714-580-7146,,A,Costa Mesa,Orange,CA,no_website_link_listed
engine-v2,car-washes,google_maps:data_id:0x80dcdf418ac86231:0xcaa1aa1f76d54640,Wild Water Express,+1-714-327-1700,https://wildwaterexpress.com/locations/costa-mesa/?y_source=1_MjA2MTU5ODM1OS03MTUtbG9jYXRpb24ud2Vic2l0ZQ%3D%3D,B,Costa Mesa,Orange,CA,functional_with_objective_deficiency
engine-v2,car-washes,google_maps:data_id:0x80dd212f67f0befb:0x237abf3e22819dcd,Xecutiveline,+1-949-619-9985,https://www.xecutiveline.com/,A,Costa Mesa,Orange,CA,broken_or_unreachable
engine-v2,car-washes,google_maps:data_id:0x80dcdfe6984c8957:0xb7c634fee370b4e3,olidens oc mobile carwash,+1-661-376-9451,,A,Costa Mesa,Orange,CA,no_website_link_listed
engine-v2,car-washes,google_maps:data_id:0x80dcd76e0330e41b:0xf95bc78bc5671748,Fleet Washing CA,+1-888-714-9926,https://fleetwashingca.com/,B,Fullerton,Orange,CA,functional_with_objective_deficiency
engine-v2,car-washes,google_maps:data_id:0x80dd2a7ec05407c1:0xff01d15eb369828e,Sunny Hills Car Wash,+1-714-525-7676,http://sunnyhillscarwash.com/,B,Fullerton,Orange,CA,functional_with_objective_deficiency
engine-v2,car-washes,google_maps:data_id:0x80dd2bc4e96b4f8d:0xbf9f7368b55cccb4,The Original Commonwealth Fullerton Car Wash,+1-714-713-2789,,A,Fullerton,Orange,CA,no_website_link_listed
engine-v2,car-washes,google_maps:data_id:0x80dcd5d331446dc7:0x87f8146aaa811be5,University Car Wash,+1-714-528-0306,https://www.carwashfullerton.com/,B,Fullerton,Orange,CA,functional_with_objective_deficiency
engine-v2,car-washes,google_maps:data_id:0x80dd28860c2076fd:0x32b7bfaf8e8dacdd,$1 Self Carwash,+1-714-636-7220,,A,Garden Grove,Orange,CA,no_website_link_listed
engine-v2,car-washes,google_maps:data_id:0x80dd2839da70d46b:0x643d7c3ec6c45e00,Anaheim West Car wash,+1-714-537-7982,https://m.facebook.com/pages/Anaheim-West-Car-Wash/147092785321815,A,Garden Grove,Orange,CA,third_party_only
engine-v2,car-washes,google_maps:data_id:0xa648df3e7adb093d:0x6ec1c5fc011ac563,Auto Detail Dylan,+1-714-322-2940,http://www.autodetaildylan.com/,A,Garden Grove,Orange,CA,broken_or_unreachable
engine-v2,car-washes,google_maps:data_id:0x80dd27c7279cbc5d:0x2f2c2e669ca03fbd,Brookhurst 100% Hand Wash and Detail Center,+1-714-485-9416,,A,Garden Grove,Orange,CA,no_website_link_listed
engine-v2,car-washes,google_maps:data_id:0x80dd29cb722cd4dd:0x95925feab2a6bb06,Chapman Car Wash,+1-714-539-2208,,A,Garden Grove,Orange,CA,no_website_link_listed
engine-v2,car-washes,google_maps:data_id:0x80dd27f2b3e50349:0x6b35459a8cce45d7,David's Mobil car wash and detail,+1-714-350-9801,,A,Garden Grove,Orange,CA,no_website_link_listed
engine-v2,car-washes,google_maps:data_id:0x80dcd7d7169160ef:0x57b2c3b0292910ce,Fast5Xpress Car Wash Garden Grove #2,+1-714-740-1005,https://www.fast5xpress.com/,B,Garden Grove,Orange,CA,functional_with_objective_deficiency
engine-v2,car-washes,google_maps:data_id:0x80dcd7ed3147f03d:0x55964e734999d849,Gilberts mobile car wash,+1-714-913-5204,,A,Garden Grove,Orange,CA,no_website_link_listed
engine-v2,car-washes,google_maps:data_id:0x80dd277ae0cc4337:0x1e180d069325dee4,Mr Bubble’s Mobile Wash,+1-714-269-8969,,A,Garden Grove,Orange,CA,no_website_link_listed
engine-v2,car-washes,google_maps:data_id:0x80dd27e4d0a26cd5:0x42c8bd22f4dd80df,Oasis Car Wash,+1-714-530-0880,,A,Garden Grove,Orange,CA,no_website_link_listed
engine-v2,car-washes,google_maps:data_id:0x80dd291cd2be249b:0xc01c9e98e1f4f6ce,Story Ride Car Detailing,+1-818-450-5181,https://stormyridecardetailing.site/,A,Garden Grove,Orange,CA,broken_or_unreachable
engine-v2,car-washes,google_maps:data_id:0xaca7004c3d1a0c55:0xe11a670bd336b9e9,savage auto detailing,+1-714-235-3973,,A,Garden Grove,Orange,CA,no_website_link_listed
engine-v2,car-washes,google_maps:data_id:0x48fa204e35cece85:0x7d846be084d553e7,CleanCo Mobile Detailing,+1-949-680-7537,,A,Huntington Beach,Orange,CA,no_website_link_listed
engine-v2,car-washes,google_maps:data_id:0x68d1336fb40cfbf9:0x837bd559543e914c,DetailsByGlen,+1-714-797-4296,,A,Huntington Beach,Orange,CA,no_website_link_listed
engine-v2,car-washes,google_maps:data_id:0x80dd27dd3ed0c80b:0x825ddc75d0ecd63b,H2GO Car Wash,+1-949-749-4977,https://h2gocarwash.com/,B,Huntington Beach,Orange,CA,functional_with_objective_deficiency
engine-v2,car-washes,google_maps:data_id:0x80dd25cb24bd1961:0x969a62316caaf54a,HB Car wash & coffee bar llc,+1-714-893-9400,,A,Huntington Beach,Orange,CA,no_website_link_listed
engine-v2,car-washes,google_maps:data_id:0x80dd272080edcaa1:0x64090639cd4d4e96,Magnolia Car Wash,+1-714-965-4939,http://magnoliawash.com/,B,Huntington Beach,Orange,CA,functional_with_objective_deficiency
engine-v2,car-washes,google_maps:data_id:0x80dd25ba615b86a5:0x8c0b050184e6f00a,Russell Fischer Car Wash - Huntington Harbour,+1-714-846-5544,http://www.russellfischer.com/,B,Huntington Beach,Orange,CA,functional_with_objective_deficiency
engine-v2,car-washes,google_maps:data_id:0x80dd265ca43ae187:0xeea4183c1657387c,Russell Fischer Xpress Car Wash - Huntington Beach,+1-714-442-6633,https://russellfischercarwash.com/,B,Huntington Beach,Orange,CA,functional_with_objective_deficiency
engine-v2,car-washes,google_maps:data_id:0xad457983afba8417:0xdb0767e6ffc448da,Soapy Details,+1-714-561-7050,,A,Huntington Beach,Orange,CA,no_website_link_listed
engine-v2,car-washes,google_maps:data_id:0x80dd25de65a7a52b:0x8b238f30d55988d8,Surf City Car Wash,+1-714-890-1937,,A,Huntington Beach,Orange,CA,no_website_link_listed
engine-v2,car-washes,google_maps:data_id:0x80dd26f153c8436b:0x5c472e2c0f5ecd5,Wild Water Express,+1-714-841-1703,https://wildwaterexpress.com/locations/huntington-beach/?y_source=1_MjA2MTU5ODM2MC03MTUtbG9jYXRpb24ud2Vic2l0ZQ%3D%3D,B,Huntington Beach,Orange,CA,functional_with_objective_deficiency
engine-v2,car-washes,google_maps:data_id:0x80dcdc6ae1b2ab5b:0xae0730733395c981,24hr Self Service Car Wash,+1-949-653-8100,http://www.24hrselfwash.com/,B,Irvine,Orange,CA,functional_with_objective_deficiency
engine-v2,car-washes,google_maps:data_id:0x80dcdda44fbcd8b7:0x7061337fcb04db0c,Checkered Flag Lux Express Car Wash,+1-949-786-3081,https://www.checkeredflagexpresscarwash.com/,B,Irvine,Orange,CA,functional_with_objective_deficiency
engine-v2,car-washes,google_maps:data_id:0x80dcddd9c0a92489:0x162ded926d2dade9,Culver Auto Spa,+1-949-786-8698,http://www.culverautospa.com/,B,Irvine,Orange,CA,functional_with_objective_deficiency
engine-v2,car-washes,google_maps:data_id:0x80dcdc6b502faa51:0x7064127afa3ec583,Express Car Wash,+1-949-786-7297,,A,Irvine,Orange,CA,no_website_link_listed
engine-v2,car-washes,google_maps:data_id:0x80dcdb8bc42c3bfb:0x512363a4b22cdac4,Genie Car Wash,+1-714-415-9945,https://www.geniecarwash.com/locations/tustin/,B,Irvine,Orange,CA,functional_with_objective_deficiency
engine-v2,car-washes,google_maps:data_id:0x80dce9b43892cc09:0xbdd97181205253d7,Car Wash,+1-949-380-9292,https://www.lakeforestexpresscarwash.com/,A,Lake Forest,Orange,CA,broken_or_unreachable
engine-v2,car-washes,google_maps:data_id:0x80dcdd554387e725:0xeb7ee793dc6331d6,Magic Brush Car Wash,+1-951-517-2889,https://www.magicbrushexpress.com/,B,Irvine,Orange,CA,functional_with_objective_deficiency
engine-v2,car-washes,google_maps:data_id:0x80dcc3b479c938f7:0xc0d1f552772d4da9,Pixie,+1-949-201-0010,,A,Irvine,Orange,CA,no_website_link_listed
engine-v2,car-washes,google_maps:data_id:0x80dcdc44f696563b:0xa800ec35d43a858f,The Car Spa,+1-949-733-9700,,A,Irvine,Orange,CA,no_website_link_listed
engine-v2,car-washes,google_maps:data_id:0x80dce70043708ae3:0xb8e73da96e3e9eb2,Ultimate Detailing,+1-949-396-2350,https://www.ultimatedetailing.net/,B,Irvine,Orange,CA,functional_with_objective_deficiency
engine-v2,car-washes,google_maps:data_id:0x80dcd9e14cb9c99b:0x958438a599219afe,Yesos Touch Mobile Car Wash and Detailing Shop,+1-714-716-0764,,A,Irvine,Orange,CA,no_website_link_listed
engine-v2,car-washes,google_maps:data_id:0x80dce9c27b627b41:0xf6b46af88062d3ba,Al's Auto Spa,+1-949-407-8825,,A,Lake Forest,Orange,CA,no_website_link_listed
engine-v2,car-washes,google_maps:data_id:0x80dce8689f63885f:0x660a75b4f6298f7b,Checkered Flag Lake Forest,+1-949-770-9376,http://www.checkeredflagexpresscarwash.com/,B,Lake Forest,Orange,CA,functional_with_objective_deficiency
engine-v2,car-washes,google_maps:data_id:0x80dce9e4caa05519:0xf63243f11c671463,D&T Car Wash & Auto Detailing,+1-909-252-6866,,A,Lake Forest,Orange,CA,no_website_link_listed
engine-v2,car-washes,google_maps:data_id:0x87ae372e53b2873f:0x1ae2bed718a880c,DJ Details | Mobile Car Wash & Detailing,+1-949-264-2730,https://www.dj-details.com/,A,Lake Forest,Orange,CA,broken_or_unreachable
engine-v2,car-washes,google_maps:data_id:0x80dce9d40bc55143:0xa5d7b6660f0d3ec4,Eli’s car detailing,+1-949-230-7100,,A,Lake Forest,Orange,CA,no_website_link_listed
engine-v2,car-washes,google_maps:data_id:0xa67dde69dab15739:0x9c409868243f378b,LF Detail Lab,+1-949-402-5507,https://lfdetaillab.com/,A,Lake Forest,Orange,CA,broken_or_unreachable
engine-v2,car-washes,google_maps:data_id:0x80dce931ba316213:0x407ce48df77ab7d4,Laguna Hills Auto Spa & Detail Center,+1-949-272-0017,,A,Lake Forest,Orange,CA,no_website_link_listed
engine-v2,car-washes,google_maps:data_id:0x80dceb06ffacc333:0xd5e97436cf776b7a,Town Center Car Wash - Automobile Hand Wash,+1-949-459-9111,,A,Lake Forest,Orange,CA,no_website_link_listed
engine-v2,car-washes,google_maps:data_id:0x80dcef511ae7e829:0xcecb2b7765c9c70e,ALL HANDS CAR WASH,+1-949-716-3600,https://www.allhandscarwash.com/,B,Mission Viejo,Orange,CA,functional_with_objective_deficiency
engine-v2,car-washes,google_maps:data_id:0x665e5f5509046ef5:0xe073038316d8c881,Fullerton Auto detailer,+1-916-573-2116,,A,Mission Viejo,Orange,CA,no_website_link_listed
engine-v2,car-washes,google_maps:data_id:0x80dcee89285162bb:0xf8a1b85378cb5c45,Mission Viejo Car Wash,+1-949-364-3800,,A,Mission Viejo,Orange,CA,no_website_link_listed
engine-v2,car-washes,google_maps:data_id:0x8ea5d7e395b08dc1:0x27c705afae0fdeda,Next Level Detail,+1-949-973-2913,,A,Mission Viejo,Orange,CA,no_website_link_listed
engine-v2,car-washes,google_maps:data_id:0x80dce9091a98d565:0x828412af83801c18,OCAMPO DETAILING,+1-949-456-2359,http://ocampodetailing.com/,A,Mission Viejo,Orange,CA,broken_or_unreachable
engine-v2,car-washes,google_maps:data_id:0x6e4e73dac152e40b:0x899d223211c3fa88,OCC Wash,+1-949-514-3088,https://www.instagram.com/occwash,A,Mission Viejo,Orange,CA,third_party_only
engine-v2,car-washes,google_maps:data_id:0x80dcd76c342f42ff:0xe6d1f247a7f5211,Big A Auto Wash,+1-714-532-5586,,A,Orange,Orange,CA,no_website_link_listed
engine-v2,car-washes,google_maps:data_id:0x80dcd7b3c6a030bd:0xff91f9e296032c59,Eddie Ceramic Pro Detailing,+1-714-926-0663,,A,Orange,Orange,CA,no_website_link_listed
engine-v2,car-washes,google_maps:data_id:0x80dcdb2732d0bf41:0x6d32ba09a2229e37,Go Green Express Car Wash,+1-714-805-7967,http://www.gogreentustin.com/,B,Orange,Orange,CA,functional_with_objective_deficiency
engine-v2,car-washes,google_maps:data_id:0x80dcd88148aef73d:0x99572f8c39587ee,Harbor Blvd Car Wash,+1-714-839-8553,,A,Orange,Orange,CA,no_website_link_listed
engine-v2,car-washes,google_maps:data_id:0x80dcd912a690553b:0xb8a0b0e772471ec0,Mr. Spotless Mobile Car Wash and Detailing,+1-714-409-4590,,A,Orange,Orange,CA,no_website_link_listed
engine-v2,car-washes,google_maps:data_id:0x80dcd9c27506dd1d:0xf360b30e37d830bd,Orange County Mobile car wash,+1-714-770-4810,,A,Orange,Orange,CA,no_website_link_listed
engine-v2,car-washes,google_maps:data_id:0x80dcda10bca8014f:0xd6049a66b2124fb9,Rincon Carwash,+1-909-248-4480,https://www.rinconcarwash.com/,B,Orange,Orange,CA,functional_with_objective_deficiency
engine-v2,car-washes,google_maps:data_id:0x80dcdaea114ad6d9:0xd5893ac2c53e574e,Santiago Hills Auto Spa,+1-714-919-1070,,A,Orange,Orange,CA,no_website_link_listed
engine-v2,car-washes,google_maps:data_id:0x80dcd9a08bcdcbb5:0x605887126a4a4bb3,1STOP Auto Detail,+1-714-574-4013,,A,Santa Ana,Orange,CA,no_website_link_listed
engine-v2,car-washes,google_maps:data_id:0x80dcd9bd1163be13:0x7e2e05cf2a6844ac,Harley's Premium Mobile Car Wash & Detailing,+1-949-528-7191,,A,Santa Ana,Orange,CA,no_website_link_listed
engine-v2,car-washes,google_maps:data_id:0x80dcd99590d741cb:0xa74cd793ce7fa77b,Independent Auto Detail,+1-714-654-0881,,A,Santa Ana,Orange,CA,no_website_link_listed
engine-v2,car-washes,google_maps:data_id:0x80dcd9e6fc59aecd:0x27e473fb029218,Los Amigos Auto Detail & Carwash OC,+1-714-482-8115,,A,Santa Ana,Orange,CA,no_website_link_listed
engine-v2,car-washes,google_maps:data_id:0x80dcd95074cd6eb9:0xd3bf4acd22938441,Luxury detailing,+1-714-814-7789,,A,Santa Ana,Orange,CA,no_website_link_listed
engine-v2,car-washes,google_maps:data_id:0x80dd27902d19308b:0xa03abc6cae3a61db,Orange Coin Car Wash,+1-818-539-4145,,A,Santa Ana,Orange,CA,no_website_link_listed
engine-v2,car-washes,google_maps:data_id:0x80dd27862edbceb3:0x49c9cdd76cc25fee,Raceway Express Car Wash,+1-507-713-7485,https://racewaycarwash.com/locations/w-1st-st-santa-ana/?y_source=1_MTA1MDk3NTI3MC03MTUtbG9jYXRpb24ud2Vic2l0ZQ%3D%3D,A,Santa Ana,Orange,CA,broken_or_unreachable
engine-v2,car-washes,google_maps:data_id:0x80dcd908abbec9ed:0x3cbc93b36b02ef94,Santa Ana Express Car Wash,+1-714-486-1198,http://expcarwash.com/,B,Santa Ana,Orange,CA,functional_with_objective_deficiency
engine-v2,car-washes,google_maps:data_id:0x80dcd95595a9fe61:0xc79bddb8d76ecccc,Santiago Hand Wash (76),+1-714-541-3883,http://santiagofoodmart.com/,B,Santa Ana,Orange,CA,functional_with_objective_deficiency
engine-v2,car-washes,google_maps:data_id:0x80dd27028f953c85:0x7e90c03a12120344,Fountain Valley Hand Car Wash,+1-714-843-0910,,A,Westminster,Orange,CA,no_website_link_listed
engine-v2,car-washes,google_maps:data_id:0x80dd2f4a1acfde11:0x2fa99be32a400ae8,Springdale Self Serve Car Wash,+1-424-482-0056,,A,Westminster,Orange,CA,no_website_link_listed
engine-v2,car-washes,google_maps:data_id:0x80dd28a942de9c7d:0x5eb70b998dd687a9,Westminster Car Wash,+1-714-891-5700,,A,Westminster,Orange,CA,no_website_link_listed
engine-v2,car-washes,google_maps:data_id:0x809b3d50d9ca133d:0xffb45e75d4cf8abb,Bee Shine Car Wash,+1-808-798-3637,https://www.beeshinecarwash.com/,B,Lincoln,Placer,CA,functional_with_objective_deficiency
engine-v2,car-washes,google_maps:data_id:0x4af7f8f54bcf6655:0x46dffd31b1b40d14,916 Auto Detailing,+1-916-580-4536,,A,Rocklin,Placer,CA,no_website_link_listed
engine-v2,car-washes,google_maps:data_id:0x809b21fe4e0a944b:0x64c6f3fdafbf4278,CARES Car Wash,+1-916-823-8868,https://carescarwash.com/,B,Rocklin,Placer,CA,functional_with_objective_deficiency
engine-v2,car-washes,google_maps:data_id:0x809b1fb0420a831d:0x95c0fa69c2f5b9fd,Exotics Auto Pros LLC,+1-916-612-9407,,A,Rocklin,Placer,CA,no_website_link_listed
engine-v2,car-washes,google_maps:data_id:0x809b1f3d7d8485bf:0xaf4c2f9a9f6cc72f,Rocklin Speedwash,+1-916-624-9777,,A,Rocklin,Placer,CA,no_website_link_listed
engine-v2,car-washes,google_maps:data_id:0x809b23d3eb9a6783:0xcd4d1ecabf0c5f5a,Roseville Auto Spa,+1-916-746-7676,http://rosevilleautospa.com/,B,Rocklin,Placer,CA,functional_with_objective_deficiency
engine-v2,car-washes,google_maps:data_id:0x80dcdb99cd5bc987:0x2ae56c9967a65981,Castillo auto detailing,+1-714-853-7690,,A,Corona,Riverside,CA,no_website_link_listed
engine-v2,car-washes,google_maps:data_id:0x80dcc812e48a018f:0x59e38466528cd60c,Corona Circle City Car Wash,+1-951-547-4112,,A,Corona,Riverside,CA,no_website_link_listed
engine-v2,car-washes,google_maps:data_id:0x46ba2c676f8a89c9:0x94ae51edad6c0818,Fervent Detailing,+1-951-768-1256,,A,Corona,Riverside,CA,no_website_link_listed
engine-v2,car-washes,google_maps:data_id:0x80dcb79b9e71bfc5:0xb5b1d27738ba8d85,Guzman’s Mobile Car wash,+1-562-541-3592,,A,Corona,Riverside,CA,no_website_link_listed
engine-v2,car-washes,google_maps:data_id:0x80dcc9d1df1272df:0xab29282a44c3f080,Norco Car & Truck Wash,+1-951-735-4696,,A,Corona,Riverside,CA,no_website_link_listed
engine-v2,car-washes,google_maps:data_id:0x4ad15ed43372ba87:0x95aa9065e3cf5095,Premier mobile detailing,+1-951-410-7097,https://premiermobiledetail.setmore.com/luis,B,Corona,Riverside,CA,functional_with_objective_deficiency
engine-v2,car-washes,google_maps:data_id:0x80dcb78fae0d739b:0x8566a8632c4a109,Quickie’s Quality Car Wash,+1-951-280-3047,http://www.quickiescarwash.com/,B,Corona,Riverside,CA,functional_with_objective_deficiency
engine-v2,car-washes,google_maps:data_id:0x80dcc9e487604f09:0x53bddd753fd5e74c,Reyes Mobile Detail,+1-951-578-9909,,A,Corona,Riverside,CA,no_website_link_listed
engine-v2,car-washes,google_maps:data_id:0x80dcc83c73306bab:0xf843ffa832a29e78,River Road X-press Car Wash,+1-951-817-5320,http://www.riverroadxpresscarwash.com/,B,Corona,Riverside,CA,functional_with_objective_deficiency
engine-v2,car-washes,google_maps:data_id:0x80dcb782543e79a7:0xbb937e3511ed00b4,Squeeky Clean Car Wash $5,+1-951-736-0969,,A,Corona,Riverside,CA,no_website_link_listed
engine-v2,car-washes,google_maps:data_id:0x3001a44692a4343:0xbfe63cca041d70ee,Benji's Mobile Car Detailing,+1-951-923-8297,,A,Hemet,San Bernardino,CA,no_website_link_listed
engine-v2,car-washes,google_maps:data_id:0x80db694a60dc0ba3:0xe69c88c4ed57c009,Family Car Wash,+1-909-208-8023,,A,Hemet,Riverside,CA,no_website_link_listed
engine-v2,car-washes,google_maps:data_id:0x80db6f2f8a676b33:0x4f91d0b8c8c175b0,Joe's automotive detailing,+1-951-542-9026,,A,Hemet,Riverside,CA,no_website_link_listed
engine-v2,car-washes,google_maps:data_id:0x80db6f506c6b66e9:0x8dbee69105e99c7d,Ramona Car Wash,+1-951-658-7524,,A,Hemet,Riverside,CA,no_website_link_listed
engine-v2,car-washes,google_maps:data_id:0x80db6ede54495f8d:0xde63c5f5176426b9,Sunshine Car Wash,+1-951-765-9866,,A,Hemet,Riverside,CA,no_website_link_listed
engine-v2,car-washes,google_maps:data_id:0x27bbcf3cd5770363:0x77c5a6a86c857e0a,Upright Detailing,+1-909-682-9494,,A,Hemet,San Bernardino,CA,no_website_link_listed
engine-v2,car-washes,google_maps:data_id:0x28ab5ab936b1ba51:0xe79006712dbb474,2.0 Auto Detailing,+1-760-213-3272,,A,Indio,Riverside,CA,no_website_link_listed
engine-v2,car-washes,google_maps:data_id:0x80daf7c1a2fcc9bf:0x97479855269b82d6,Alba's Mobile Detail & Car Wash,+1-760-347-7812,,A,Indio,Riverside,CA,no_website_link_listed
engine-v2,car-washes,google_maps:data_id:0x4a569429a17b1aa1:0x69dfc66e840e5096,Cain Auto Detail,+1-760-587-9462,http://cainautodetail.com/,A,Indio,Riverside,CA,broken_or_unreachable
engine-v2,car-washes,google_maps:data_id:0x80daf97bd4ffee7f:0xc5e5bc82a38e501b,Desert Cities Mobile Car Wash and Detail,+1-760-485-9031,,A,Indio,Riverside,CA,no_website_link_listed
engine-v2,car-washes,google_maps:data_id:0x80daf777117f707d:0xc4ab33d52ac89918,EZ Self Car Wash,+1-760-775-7555,,A,Indio,Riverside,CA,no_website_link_listed
engine-v2,car-washes,google_maps:data_id:0x80daf7414b8cc2bf:0xd26026324e8ad177,El Reyes Mobil Car Wash,+1-760-393-6675,http://wwwlreyesmobilcarwahs.com/,A,Indio,Riverside,CA,broken_or_unreachable
engine-v2,car-washes,google_maps:data_id:0x80dafbe8565dbfd5:0x9839e7d27c8b8f65,Executive Car Wash,+1-760-200-0141,https://theexecutivecarwash.com/,A,Indio,Riverside,CA,broken_or_unreachable
engine-v2,car-washes,google_maps:data_id:0x80daf9e58400ca03:0xec75442fc57d7817,Flores Mobile Car Wash and Detail,+1-760-485-0367,,A,Indio,Riverside,CA,no_website_link_listed
engine-v2,car-washes,google_maps:data_id:0x80daf9e7cc328b25:0xf6ed959a7cc9fc96,Mr T's Mobile Detailing LLC,+1-442-454-8565,,A,Indio,Riverside,CA,no_website_link_listed
engine-v2,car-washes,google_maps:data_id:0x80daf9333202278b:0x77515803ae4b3ae1,Star Wash Self Serve Car Wash,+1-760-609-0910,https://linktr.ee/starwashselfserve?fbclid=IwZXh0bgNhZW0CMTAAAR2DO358Ub4tkujWJa4ydX75mjIFwZUUdYPeyo6hy5wALhjg2FmDUBR3cBw_aem_AdZcwNOah8cFDJuD3JpvXdaZJgniAR1mh2OZsIPfm_0E_ywCe8agGauBCRmxgTMIysLHPYv1EcRDWnimdYnToTP-,A,Indio,Riverside,CA,third_party_only
engine-v2,car-washes,google_maps:data_id:0x80db638c7e6e5ca9:0x60cf7aa0d56d7695,Andy's Xpress Wash,+1-951-679-6644,https://www.andysxpresswash.com/,B,Menifee,Riverside,CA,functional_with_objective_deficiency
engine-v2,car-washes,google_maps:data_id:0x80dc9bbeec23464d:0x667bb7411e63f577,Casino Handwash & Detail,+1-951-245-9274,https://brand.site/casinohandwashandetail-2,A,Menifee,Riverside,CA,broken_or_unreachable
engine-v2,car-washes,google_maps:data_id:0x80dc9d94b757f14d:0xe547e17ae8863f94,Menifee Car Wash,+1-951-672-8511,http://www.menifeecarwash.com/,B,Menifee,Riverside,CA,functional_with_objective_deficiency
engine-v2,car-washes,google_maps:data_id:0x80dc9df4e5056ea5:0x6c6ceebb215952ba,R&E Car Wash and Detailing,+1-951-746-6070,,A,Menifee,Riverside,CA,no_website_link_listed
engine-v2,car-washes,google_maps:data_id:0x896ba1d7de14a0e7:0xd313b0b8fbc2fa22,The Detailing Dad,+1-951-830-9965,https://thedetailingdad.info/,B,Menifee,Riverside,CA,functional_with_objective_deficiency
engine-v2,car-washes,google_maps:data_id:0x80dc9d0005fc9fc9:0x780036dfe548d85e,ZTB Detailing,+1-760-936-1115,,A,Menifee,Riverside,CA,no_website_link_listed
engine-v2,car-washes,google_maps:data_id:0x43b74d302c0e7e0d:0xc5e790d0ee027153,marlows mobile detailing,+1-951-723-7091,https://marlowsdetailing.com/,A,Menifee,San Diego,CA,broken_or_unreachable
engine-v2,car-washes,google_maps:data_id:0x80dca77af5d89a81:0xb7d2616f6b97ed9c,A Personal Touch Landscape,+1-909-489-4251,,A,Moreno Valley,Riverside,CA,no_website_link_listed
engine-v2,car-washes,google_maps:data_id:0x80dca66c7da661b7:0x93b06b1516351105,Alessandro Auto Spa Inc.,+1-951-653-3700,,A,Moreno Valley,Riverside,CA,no_website_link_listed
engine-v2,car-washes,google_maps:data_id:0x80db59156fb10419:0xfcf37f677097583e,DS Mobile Detailing,+1-951-713-3354,,A,Moreno Valley,Riverside,CA,no_website_link_listed
engine-v2,car-washes,google_maps:data_id:0x8d179447bf423eab:0x17fa7aee4b7059fb,Diamond Detail Co.,+1-951-565-7536,https://diamond-detail-co.square.site/,A,Moreno Valley,Riverside,CA,third_party_only
engine-v2,car-washes,google_maps:data_id:0x80dca7d9697b24f9:0x570c9c37db27d32e,Good Time Car Wash,+1-951-214-2023,,A,Moreno Valley,Riverside,CA,no_website_link_listed
engine-v2,car-washes,google_maps:data_id:0x80dca7da3291eb71:0xe96892bf69c15d14,IT'S WHAT I DO MOBILE DETAILING,+1-951-236-6573,,A,Moreno Valley,Riverside,CA,no_website_link_listed
engine-v2,car-washes,google_maps:data_id:0x80dca60cda6f8fcf:0x34ad89e3e7727d11,Plaza Hand Car Wash,+1-951-697-4420,,A,Moreno Valley,Riverside,CA,no_website_link_listed
engine-v2,car-washes,google_maps:data_id:0xe767a87764e03d7:0xf7167a144071f43f,So Phresh So Clean Auto Detail (SPSC_AUTODETAIL),+1-909-709-7733,,A,Moreno Valley,Riverside,CA,no_website_link_listed
engine-v2,car-washes,google_maps:data_id:0x80db5973af692d05:0xa258c72a086025d6,Tiger mobile car wash truck wash auto detailer,+1-951-597-3963,,A,Moreno Valley,Riverside,CA,no_website_link_listed
engine-v2,car-washes,google_maps:data_id:0x80dca7fa9b015e7f:0xaa40b9d8d1b41,Traffic Stopperz Auto Lab,+1-725-285-6389,,A,Moreno Valley,Riverside,CA,no_website_link_listed
engine-v2,car-washes,google_maps:data_id:0x80dca74251d7ea29:0x573572b15f8f0baa,Washvo,+1-833-519-6921,http://washvo.com/,B,Moreno Valley,Riverside,CA,functional_with_objective_deficiency
engine-v2,car-washes,google_maps:data_id:0x80dca61d8979f579:0xf0f49d15bbe8bf32,iCarwash Express,+1-951-243-1600,,A,Moreno Valley,Riverside,CA,no_website_link_listed
engine-v2,car-washes,google_maps:data_id:0x80dc825b2a016ed1:0x9e135c6a8aa54c86,California Oaks Car Wash,+1-951-696-5004,,A,Murrieta,Riverside,CA,no_website_link_listed
engine-v2,car-washes,google_maps:data_id:0x80dc83412fa09b5b:0xebf16e6f16d24781,Car Wash Wildomar,+1-951-678-7500,,A,Murrieta,Riverside,CA,no_website_link_listed
engine-v2,car-washes,google_maps:data_id:0x80dc83018a946ba1:0x1c2c46b865aad7ba,Fast5Xpress Car Wash Murrieta - Kalmia St,+1-951-319-6059,http://www.fast5xpress.com/,B,Murrieta,Riverside,CA,functional_with_objective_deficiency
engine-v2,car-washes,google_maps:data_id:0x80dc837b2e335b3d:0xa0a15b2ff589a3c7,Jimmy's Ultra Express Car Wash,+1-951-894-1551,http://www.jimmysultraexpress.com/,B,Murrieta,Riverside,CA,functional_with_objective_deficiency
engine-v2,car-washes,google_maps:data_id:0x80dc825fc7e83ed7:0x57cb19ab1b0eb985,Skyview Touchless Automatic Self Serve Car Wash,+1-951-290-3098,,A,Murrieta,Riverside,CA,no_website_link_listed
engine-v2,car-washes,google_maps:data_id:0x80dc835dcb7a6e47:0x91619c8f5af140c8,Soak N Shine Express Car Wash,+1-951-696-8291,https://soaknshineexpresscarwash.com/,A,Murrieta,Riverside,CA,broken_or_unreachable
engine-v2,car-washes,google_maps:data_id:0x8d189e046c803f07:0xe512d0a5022c4a9,Soapy Dudes Mobile Detail,+1-760-219-7197,,A,Murrieta,Riverside,CA,no_website_link_listed
engine-v2,car-washes,google_maps:data_id:0x76972d5a47f515f:0xa30ff19ffb48752a,Sunny Suds Mobile Car Wash,+1-760-207-2740,,A,Murrieta,Riverside,CA,no_website_link_listed
engine-v2,car-washes,google_maps:data_id:0x80dc8373fb7bf913:0x4a39f6b4b423c5ed,Tiger Shine Express Car Wash,+1-951-227-7227,https://tigershinecarwash.com/,A,Murrieta,Riverside,CA,broken_or_unreachable
engine-v2,car-washes,google_maps:data_id:0x80dc824a08961ec9:0x537038de81ee0e9f,U.S. Auto Spa,+1-951-535-4173,https://usautospa.net/,B,Murrieta,Riverside,CA,functional_with_objective_deficiency
engine-v2,car-washes,google_maps:data_id:0x80db7e77b5979cc7:0xd5f9e7bab3fd32c8,Winchester Self Serve Car Wash,+1-760-801-4399,,A,Murrieta,Riverside,CA,no_website_link_listed
engine-v2,car-washes,google_maps:data_id:0x8231674912523f85:0xb1148a062a7c6cf8,A&C Desert Auto Spa,+1-760-774-5246,,A,Palm Desert,Riverside,CA,no_website_link_listed
engine-v2,car-washes,google_maps:data_id:0x80dafda510cd494b:0x358ed7f5ab7df12a,All Valley V.I.P,+1-760-895-5443,,A,Palm Desert,Riverside,CA,no_website_link_listed
engine-v2,car-washes,google_maps:data_id:0x80dafbc51836a735:0xae44421b37299aa9,Circle K | Car Wash,+1-760-772-6304,https://www.circlek.com/circle-k-carwash?utm_source=google&utm_medium=local&utm_campaign=google-local,B,Palm Desert,Riverside,CA,functional_with_objective_deficiency
engine-v2,car-washes,google_maps:data_id:0x80db03811e0d01b5:0xcb51bc918e0f38aa,Desert exotic mobile car wash/detailing,+1-442-484-4130,,A,Palm Desert,Riverside,CA,no_website_link_listed
engine-v2,car-washes,google_maps:data_id:0x80dafd48fdda9ad9:0xa0e7d653bae9c655,Detail Master,+1-760-574-0642,https://www.instagram.com/detailmaster124?igsh=c3RzaWhxbHV4b2xx,A,Palm Desert,Riverside,CA,third_party_only
engine-v2,car-washes,google_maps:data_id:0x80db03faee4e826b:0xffa1dc1c4e827096,Dos Bros Mobile Detailing,+1-442-306-8473,,A,Palm Desert,Riverside,CA,no_website_link_listed
engine-v2,car-washes,google_maps:data_id:0x80daff855f34025b:0xeefe0fd252a570ed,Palms to Pines Auto Spa,+1-760-969-9433,,A,Palm Desert,Riverside,CA,no_website_link_listed
engine-v2,car-washes,google_maps:data_id:0x80dafd73dbc1b6e3:0xfb08fffb902834bc,Rub-A-Dub Detail,+1-760-229-9431,https://rubadubmobiledetail.com/,B,Palm Desert,Riverside,CA,functional_with_objective_deficiency
engine-v2,car-washes,google_maps:data_id:0x80db1c8ff006118d:0x1b6cdd03602d86e4,Airport Car Wash,+1-760-864-7150,http://airportcarwashps.com/,A,Palm Springs,Riverside,CA,broken_or_unreachable
engine-v2,car-washes,google_maps:data_id:0x80db1bc2924aa57f:0x340617953a60a286,Diamond mobile car wash,+1-760-673-6149,,A,Palm Springs,Riverside,CA,no_website_link_listed
engine-v2,car-washes,google_maps:data_id:0x2330be63d5169c7:0x9a5525edcb5c3d7a,Dos Hermanos Car Wash & Detailing,+1-442-275-6061,,A,Palm Springs,Riverside,CA,no_website_link_listed
engine-v2,car-washes,google_maps:data_id:0x80dae2b735e2e0c3:0xb9c44eb9e77bc728,Little Sisters Truck Wash Thousand Palms,+1-760-343-3448,https://lstruckwash.com/,B,Palm Springs,Riverside,CA,functional_with_objective_deficiency
engine-v2,car-washes,google_maps:data_id:0x80db1ce1d88e457f:0x8096d304e57ad5f5,Ramon Canyon Car Wash,+1-760-770-5800,,A,Palm Springs,Riverside,CA,no_website_link_listed
engine-v2,car-washes,google_maps:data_id:0x80db1d97ba1f144f:0xf01197a0463c6238,Vega’s mobile Detailing,+1-760-234-0621,https://instagram.com/vegas_mobilewash?igshid=eWQ5eGYxNGliZXd6&utm_source=qr,A,Palm Springs,Riverside,CA,third_party_only
engine-v2,car-washes,google_maps:data_id:0x80dcafb16f09c7cd:0x4c94f602d7b49e98,Canyon Crest Car Wash,+1-951-222-0225,http://www.canyoncrestcarwash.com/,B,Riverside,Riverside,CA,functional_with_objective_deficiency
engine-v2,car-washes,google_maps:data_id:0x80dcb7bc1160dd69:0x216db0022385bd0,Carranza Mobile car wash & detailing,+1-951-731-0373,,A,Riverside,Riverside,CA,no_website_link_listed
engine-v2,car-washes,google_maps:data_id:0x80dcb0f19625cd29:0xb1bf0de5571aa123,Citrus Express Car Wash,+1-951-687-2249,,A,Riverside,Riverside,CA,no_website_link_listed
engine-v2,car-washes,google_maps:data_id:0x80dcb132373e5569:0xec21bc2cf9dabcdf,Classic Touch Car Wash & Auto Detailing,+1-951-359-6545,,A,Riverside,Riverside,CA,no_website_link_listed
engine-v2,car-washes,google_maps:data_id:0x80dcb0359db9d121:0x113c94670bd8e2ba,Finish Line Car Wash & Detail,+1-951-686-4300,,A,Riverside,Riverside,CA,no_website_link_listed
engine-v2,car-washes,google_maps:data_id:0x80dcb163dc68e88d:0x1486cd65bdf369d0,Gateway Express Car Wash,+1-951-977-9900,https://www.gatewaycw.com/,B,Riverside,Riverside,CA,functional_with_objective_deficiency
engine-v2,car-washes,google_maps:data_id:0x80dcb1e9518ba05f:0xfc7c80ab2231e8e7,Main Street Car Wash,+1-951-686-8790,,A,Riverside,Riverside,CA,no_website_link_listed
engine-v2,car-washes,google_maps:data_id:0x80dcb30c86fb2c39:0x5e22d4d13bb1dee7,Mobile Car Wash by Chris,+1-951-241-1603,,A,Riverside,Riverside,CA,no_website_link_listed
engine-v2,car-washes,google_maps:data_id:0x80dcb05789a55e85:0xe411367d88b51510,Oasis Car Wash,+1-951-324-1066,,A,Riverside,Riverside,CA,no_website_link_listed
engine-v2,car-washes,google_maps:data_id:0x80dcb12aa14ab04b:0x6fe1d880e6c905ce,Tony's Auto Detailing,+1-951-227-0590,https://detailingriverside.com/,B,Riverside,Riverside,CA,functional_with_objective_deficiency
engine-v2,car-washes,google_maps:data_id:0x80dcb103f14e737b:0xac0c4ce74c6f7e7d,Ultra Express Car Wash,+1-951-324-1458,http://ultraexpresscarwash.com/,A,Riverside,Riverside,CA,broken_or_unreachable
engine-v2,car-washes,google_maps:data_id:0x80dca5b6f2fb0837:0x73f02d1be7f75cd3,Wash Bank Express Carwash Riverside,+1-951-398-7137,,A,Riverside,Riverside,CA,no_website_link_listed
engine-v2,car-washes,google_maps:data_id:0x80db7fc31f544b47:0x56735209a0cf4c1c,Aaron’s Mobile Shine,+1-951-377-1256,,A,Temecula,Riverside,CA,no_website_link_listed
engine-v2,car-washes,google_maps:data_id:0x80db7e15099ece3b:0x71d9df24a5f4e8f0,Express Wash Land,+1-951-296-9448,,A,Temecula,Riverside,CA,no_website_link_listed
engine-v2,car-washes,google_maps:data_id:0x80db81e1cb52452b:0x118e590c50581dd1,Red Hawk Parkway Self Serve,+1-951-302-5414,,A,Temecula,Riverside,CA,no_website_link_listed
engine-v2,car-washes,google_maps:data_id:0x809b274f2c82456d:0xd12be36f84ef928,CARES Car Wash,+1-916-516-1797,https://carescarwash.com/,B,Carmichael,Sacramento,CA,functional_with_objective_deficiency
engine-v2,car-washes,google_maps:data_id:0x809ad9fb11471b11:0xea83304d396ba27c,Valley Car Wash,+1-916-371-1521,,A,Carmichael,Sacramento,CA,no_website_link_listed
engine-v2,car-washes,google_maps:data_id:0x809adf469a92cded:0xe8b4d487d3895833,Waterfly Express Car Wash,+1-916-249-5255,https://waterflycarwash.com/,B,Carmichael,Sacramento,CA,functional_with_objective_deficiency
engine-v2,car-washes,google_maps:data_id:0x809adfdd1127debf:0x8a0910d5c770a6b2,7 Flags Sunrise Express Car Wash,+1-916-560-1000,http://www.7flagscarwash.com/,B,Citrus Heights,Sacramento,CA,functional_with_objective_deficiency
engine-v2,car-washes,google_maps:data_id:0xab98c1172f483aa9:0x1b34faf7cf07bee5,Daily shine mobile detailing,+1-530-388-6581,,A,Citrus Heights,Sacramento,CA,no_website_link_listed
engine-v2,car-washes,google_maps:data_id:0x809b1f854d25880b:0xb832dae14f473507,Jet Shine Mobile Detail,+1-916-251-6952,,A,Citrus Heights,Sacramento,CA,no_website_link_listed
engine-v2,car-washes,google_maps:data_id:0x809adfa58c99d051:0xe7dd76569bd99541,N&SDetailing,+1-916-517-0629,,A,Citrus Heights,Sacramento,CA,no_website_link_listed
engine-v2,car-washes,google_maps:data_id:0x809adf10339e623d:0x51ad0cbb7139b285,Premier Mobile Details | Sacramento,+1-916-777-2218,,A,Citrus Heights,Sacramento,CA,no_website_link_listed
engine-v2,car-washes,google_maps:data_id:0x64969537e73a85e5:0x7111eea70a4dcf2d,Prime One Mobile Detail LLC,+1-916-477-6582,,A,Citrus Heights,Placer,CA,no_website_link_listed
engine-v2,car-washes,google_maps:data_id:0x809ade1a3dc0ecc7:0x8bd62566d71d435e,Prowash Carwash,+1-916-962-3168,,A,Citrus Heights,Sacramento,CA,no_website_link_listed
engine-v2,car-washes,google_maps:data_id:0x809adf95f860e93d:0x2b3f4744ffbf4c56,UltraShine Carwash,+1-916-547-0979,,A,Citrus Heights,Sacramento,CA,no_website_link_listed
engine-v2,car-washes,google_maps:data_id:0x809ac6f6831bcc9b:0x7c4f17594432159b,Gilly's Car Wash & Dog Wash,+1-916-970-3053,http://gillyscarwash.com/,B,Elk Grove,Sacramento,CA,functional_with_objective_deficiency
engine-v2,car-washes,google_maps:data_id:0xa808ec188fdfa883:0xbcc4b608c8881cce,MG Detailing,+1-916-207-6620,https://mg-details.square.site/,A,Elk Grove,Sacramento,CA,third_party_only
engine-v2,car-washes,google_maps:data_id:0x809acfc7570b0205:0x428c75ece80e0ac6,Magic Car Wash,+1-916-429-1034,http://www.magiccarwashanddetail.com/,B,Elk Grove,Sacramento,CA,functional_with_objective_deficiency
engine-v2,car-washes,google_maps:data_id:0x809ac8db1f5eb1c1:0x935ae4277b873c0a,Monty's Express Carwash,+1-916-683-3131,http://montyscarwash.com/,B,Elk Grove,Sacramento,CA,functional_with_objective_deficiency
engine-v2,car-washes,google_maps:data_id:0x809ac786cca64a69:0x154327dc2e6452e3,Monty’s Express Carwash,+1-209-474-5822,http://www.montyscarwash.com/,B,Elk Grove,Sacramento,CA,functional_with_objective_deficiency
engine-v2,car-washes,google_maps:data_id:0x809ac743848fd941:0xdbc7a8cc7e4da8ee,Parkway Car Wash,+1-916-685-4044,,A,Elk Grove,Sacramento,CA,no_website_link_listed
engine-v2,car-washes,google_maps:data_id:0xb4c027dea385cdf:0xac059778b697864a,Royalty Rinse Mobile Detailing,+1-702-906-3436,,A,Elk Grove,Sacramento,CA,no_website_link_listed
engine-v2,car-washes,google_maps:data_id:0x809ae150d94620f7:0xb37bdf0318fc21bc,Red's Car Wash,+1-415-509-5646,,A,Folsom,Sacramento,CA,no_website_link_listed
engine-v2,car-washes,google_maps:data_id:0x2bf0596fab2d3171:0xba39a572d0ea9af,7 star detailing,+1-209-570-9648,,A,Galt,Sacramento,CA,no_website_link_listed
engine-v2,car-washes,google_maps:data_id:0x809abd2ee889e731:0x9b490c5b176bf0e6,Anykine Car Wash,+1-209-269-0299,,A,Galt,Sacramento,CA,no_website_link_listed
engine-v2,car-washes,google_maps:data_id:0xa1d37afd4bc2ae99:0xee8ff71a7339ce20,F&F Mobile Detailing,+1-209-227-3460,,A,Galt,Sacramento,CA,no_website_link_listed
engine-v2,car-washes,google_maps:data_id:0x809abdaf4284c449:0x15b8c2faf4f989c3,Gilly’s Galt Car Wash & Dog Wash,+1-209-714-2500,http://www.gillyscarwash.com/,B,Galt,Sacramento,CA,functional_with_objective_deficiency
engine-v2,car-washes,google_maps:data_id:0x809aa3772378e92f:0x691fb1b78253b59f,Triple Crown Car Wash,+1-209-744-0461,http://triplecrowncarwash.net/,A,Galt,Sacramento,CA,broken_or_unreachable
engine-v2,car-washes,google_maps:data_id:0x43039d5915d103fb:0xf015d38c71e59787,Eli’s mobile detailing,+1-916-704-0792,,A,Rancho Cordova,Sacramento,CA,no_website_link_listed
engine-v2,car-washes,google_maps:data_id:0x8791702f7ee8f79b:0x3dec41681b200a5e,Necromancy Mobile Detailing Sacramento,+1-916-500-3345,,A,Rancho Cordova,Sacramento,CA,no_website_link_listed
engine-v2,car-washes,google_maps:data_id:0x809adb43e16b3c69:0x8a48fe7af72f9bdc,China Express Detailing,+1-916-661-7958,,A,Sacramento,Sacramento,CA,no_website_link_listed
engine-v2,car-washes,google_maps:data_id:0x809ad1b5f8f32d73:0xf1730b66b37bee10,GEM Express Car Wash,+1-916-451-6524,http://gemexpresscarwash.com/,B,Sacramento,Sacramento,CA,functional_with_objective_deficiency
engine-v2,car-washes,google_maps:data_id:0x809ac54bd5aa936f:0xfb32c546c4680194,Gem express Carwash,+1-916-862-0005,https://2.gemexpresscarwash.com/,B,Sacramento,Sacramento,CA,functional_with_objective_deficiency
engine-v2,car-washes,google_maps:data_id:0x809ad768d5f74945:0xa9d87bd952b3bd73,Magic mobile auto detailing,+1-831-905-1517,https://www.magicmobileautodetailing.com/,A,Sacramento,Sacramento,CA,broken_or_unreachable
engine-v2,car-washes,google_maps:data_id:0x809b29fcd60fa28f:0x14cee52055c7dbd2,Natomas Express Car Wash and Detail,+1-916-419-8846,https://www.facebook.com/natomas.carwash/,A,Sacramento,Sacramento,CA,third_party_only
engine-v2,car-washes,google_maps:data_id:0x809ad12487d798ed:0xcd3ef3213821b784,Orbit Wash,+1-916-448-1475,http://www.orbitwash.com/,B,Sacramento,Sacramento,CA,functional_with_objective_deficiency
engine-v2,car-washes,google_maps:data_id:0x809ad1d02fda4fcb:0xbcf2831975e70261,Touch N Go Car Wash,+1-916-422-2315,,A,Sacramento,Sacramento,CA,no_website_link_listed
engine-v2,car-washes,google_maps:data_id:0x809ad9347b78f093:0xe2754b8811dc0a3e,Wash Man Car Wash & Detail,+1-203-212-9274,,A,Sacramento,Sacramento,CA,no_website_link_listed
engine-v2,car-washes,google_maps:data_id:0x80921d87a5001235:0x5dd1534d2b4cd1e9,Hillcrest Car & RV Wash,+1-831-636-0182,,A,Hollister,San Benito,CA,no_website_link_listed
engine-v2,car-washes,google_maps:data_id:0x8091f7cb0db01151:0xa52ee6c2132d3ee3,Vineyard Car Wash,+1-831-638-9500,https://vineyardcarwash.com/,B,Hollister,San Benito,CA,functional_with_objective_deficiency
engine-v2,car-washes,google_maps:data_id:0x8fc5613b973bee7:0x3d21666e185dd3fa,AD AUTO DETAIL,+1-323-796-2434,,A,Chino,San Bernardino,CA,no_website_link_listed
engine-v2,car-washes,google_maps:data_id:0x80dccbecdc7ba535:0xc98f4ff8fb6cf9e9,All American Express Car Wash,+1-909-413-4950,http://www.allamericanexpresscarwash.com/,B,Chino,San Bernardino,CA,functional_with_objective_deficiency
engine-v2,car-washes,google_maps:data_id:0x80c3331457e8fbb7:0xec3d30445c1bb3a6,All American Express Car Wash Chino Spectrum,+1-909-364-0174,https://allamericanexpresscarwash.com/,B,Chino,San Bernardino,CA,functional_with_objective_deficiency
engine-v2,car-washes,google_maps:data_id:0x80dccd390c274ed7:0x367e414b05a49c48,Andy's Xpress Wash,+1-909-972-7643,https://www.andysxpresswash.com/,B,Chino,San Bernardino,CA,functional_with_objective_deficiency
engine-v2,car-washes,google_maps:data_id:0x80c335b48e439b17:0xec1583cbb0c843ef,Anthem Express Car Wash,+1-909-930-5550,https://www.anthemexpresswash.com/,B,Chino,San Bernardino,CA,functional_with_objective_deficiency
engine-v2,car-washes,google_maps:data_id:0x80dccca163f7885d:0x9618885ec7a1a1fb,"Chino Valley Tank Wash, Inc.",+1-909-606-7760,http://www.thetankwash.com/,B,Chino,San Bernardino,CA,functional_with_objective_deficiency
engine-v2,car-washes,google_maps:data_id:0x80dccd28b4f3c23b:0x48eb4a188b1c6e42,Enzo Auto Beauty-STEK PPF- Mobile Detailing,+1-213-269-2949,https://enzoautobeauty.square.site/s/appointments?fbclid=PAVERFWAQHP_ZleHRuA2FlbQIxMABzcnRjBmFwcF9pZA8xMjQwMjQ1NzQyODc0MTQAAafgE1t-I7ENlyo3OdLBfcATGHLNrtQUtCRYTW4jQHxjekbOupOeTFWOr-tYnw_aem_1BM-NAIRLiYHnTGgzjbyHw,A,Chino,San Bernardino,CA,third_party_only
engine-v2,car-washes,google_maps:data_id:0x80c332dffee57b45:0x5d7d1fb38992ce89,Soft Touch Car Wash,+1-909-628-9407,,A,Chino,San Bernardino,CA,no_website_link_listed
engine-v2,car-washes,google_maps:data_id:0x80c32d9d4bc49385:0xdd91050d8d6e8c17,Sudz Coin Car Wash,+1-951-712-3755,,A,Chino,Los Angeles,CA,no_website_link_listed
engine-v2,car-washes,google_maps:data_id:0x80c332f6bab3be5d:0x6370ed87df8b4a03,Wash N Vac,+1-909-464-9593,,A,Chino,San Bernardino,CA,no_website_link_listed
engine-v2,car-washes,google_maps:data_id:0x80c34d9cd55530ed:0xe062661e5e2e5760,Fontana Express Full Service Car Wash,+1-909-822-1313,,A,Fontana,San Bernardino,CA,no_website_link_listed
engine-v2,car-washes,google_maps:data_id:0x80c34d0747bb227b:0x55afe0890fa2a99a,Fountain Blu Express Car Wash,+1-909-333-1247,https://www.fountainbluexpresscarwash.com/,A,Fontana,San Bernardino,CA,broken_or_unreachable
engine-v2,car-washes,google_maps:data_id:0x80c34dc3f963fafb:0x5ed24b3dd4fadf8,IMC Auto Detailing,+1-562-753-7645,https://imcmobileautodetailing.glossgenius.com/,B,Fontana,San Bernardino,CA,functional_with_objective_deficiency
engine-v2,car-washes,google_maps:data_id:0x80c34d1a925c0683:0x96257a34125e8a2f,Jet Speed Car Wash,+1-909-320-6305,http://jetspeedcarwash.com/,B,Fontana,San Bernardino,CA,functional_with_objective_deficiency
engine-v2,car-washes,google_maps:data_id:0x80c34de2f5954179:0x407e03e81bc9a9cb,Lilac Car Wash,+1-909-491-9111,,A,Fontana,San Bernardino,CA,no_website_link_listed
engine-v2,car-washes,google_maps:data_id:0x80c34d5778e2a3c7:0x95b3f054f282a07a,Mobile car wash and detailing,+1-951-557-9737,,A,Fontana,Riverside,CA,no_website_link_listed
engine-v2,car-washes,google_maps:data_id:0x80dcb32c3b9b9c0f:0x3c4b5aa27927787c,Palma's mobile Car Wash and Detailing services,+1-909-490-7310,,A,Fontana,Riverside,CA,no_website_link_listed
engine-v2,car-washes,google_maps:data_id:0x80c34cb9e077cb71:0x68e8cacdd939d4a7,Ponderosa Self-Serve Car Wash,+1-909-823-6607,,A,Fontana,San Bernardino,CA,no_website_link_listed
engine-v2,car-washes,google_maps:data_id:0x80c335ba06a005a1:0x652bbf12fcb02050,Reco Shine Mobile Detailing,+1-442-320-3967,,A,Fontana,San Bernardino,CA,no_website_link_listed
engine-v2,car-washes,google_maps:data_id:0x80dcad9c55c39649:0x3e6252e897f76b6f,SCRUB RUB TRUCK AND TRAILER REPAIR,+1-949-278-3364,,A,Fontana,San Bernardino,CA,no_website_link_listed
engine-v2,car-washes,google_maps:data_id:0x80c34b62e2ff590f:0xcae0e19c8980540c,Sergio's Mobile Truck Wash,+1-909-350-8439,,A,Fontana,San Bernardino,CA,no_website_link_listed
engine-v2,car-washes,google_maps:data_id:0x80c34c93be545d6b:0xe6caffc3d4a88e08,Sierra Car Wash & Detail Shop,+1-909-350-1800,,A,Fontana,San Bernardino,CA,no_website_link_listed
engine-v2,car-washes,google_maps:data_id:0x80c34b3cb2441505:0x6de7086c220b1ad3,Slover Truck Wash And Detail,+1-909-491-7575,http://lstruckwash.com/,B,Fontana,San Bernardino,CA,functional_with_objective_deficiency
engine-v2,car-washes,google_maps:data_id:0x80c34c5e439ae3a9:0x93cfe15bdac869c9,Splash Car Spa,+1-909-355-3800,,A,Fontana,San Bernardino,CA,no_website_link_listed
engine-v2,car-washes,google_maps:data_id:0x84f04d3910d6c079:0x111d638373cd22ee,VAGOZ PRO WASHING & DETAIL LLC,+1-562-879-4481,,A,Fontana,San Bernardino,CA,no_website_link_listed
engine-v2,car-washes,google_maps:data_id:0x15a08a43e643429:0x65d202bd9fb1b42,ZE Mobile Wash,+1-951-867-1527,,A,Fontana,Riverside,CA,no_website_link_listed
engine-v2,car-washes,google_maps:data_id:0x80c34d225ad39ac1:0xe200c28e55d8ace2,Zebastian’s Car Wash,+1-213-255-1361,,A,Fontana,San Bernardino,CA,no_website_link_listed
engine-v2,car-washes,google_maps:data_id:0x80c367f60d4133eb:0x32ef166e3b95f496,Alpha Pro,+1-949-825-9611,,A,Hesperia,San Bernardino,CA,no_website_link_listed
engine-v2,car-washes,google_maps:data_id:0x80c3679dfe46b8bf:0x785a47d999fbbbdd,G Wash,+1-760-221-9329,https://gwashinc.com/,B,Hesperia,San Bernardino,CA,functional_with_objective_deficiency
engine-v2,car-washes,google_maps:data_id:0x80c36779a9fe7279:0xf64ff17b01681612,High Desert Car Wash Mobile,+1-760-244-8317,,A,Hesperia,San Bernardino,CA,no_website_link_listed
engine-v2,car-washes,google_maps:data_id:0x80c3683ba5393e89:0xa23ac08a4d70b563,Little Sisters Truck Wash Hesperia,+1-760-947-4448,https://lstruckwash.com/,B,Hesperia,San Bernardino,CA,functional_with_objective_deficiency
engine-v2,car-washes,google_maps:data_id:0x80c3678a6a564451:0x69607f8e35a5eb84,Omni Touch Details,+1-442-461-5684,https://omnitouchdetails.square.site/,A,Hesperia,San Bernardino,CA,third_party_only
engine-v2,car-washes,google_maps:data_id:0x80c367826d6a660d:0xab2f027061e058c0,Salazar mobile car wash,+1-909-450-7075,,A,Hesperia,San Bernardino,CA,no_website_link_listed
engine-v2,car-washes,google_maps:data_id:0x80c35d3ffe349b5f:0x5143a47dfd97af38,Shine My Ride Mobile Car Wash,+1-760-885-1476,,A,Hesperia,San Bernardino,CA,no_website_link_listed
engine-v2,car-washes,google_maps:data_id:0x6f885476f93371e5:0x91337a6b556fe7e5,XLT Detailz mobile car wash,+1-442-373-4799,,A,Hesperia,San Bernardino,CA,no_website_link_listed
engine-v2,car-washes,google_maps:data_id:0x80c3677f48f9fd61:0x3d3cad1d8bf4d33a,| Shark Sight Hand Car Wash & Hot Wax |,+1-626-780-7266,,A,Hesperia,San Bernardino,CA,no_website_link_listed
engine-v2,car-washes,google_maps:data_id:0xa097f5eeb2d84a99:0x2552ff18c77fda1f,AUTO GLOW EXPRESS,+1-909-544-9444,https://linktr.ee/Autoglowexpress,A,Ontario,San Bernardino,CA,third_party_only
engine-v2,car-washes,google_maps:data_id:0x80c335a733ac4f99:0x8c174049a751422f,Anthem Express Wash,+1-909-930-9941,http://anthemexpresswash.com/,B,Ontario,San Bernardino,CA,functional_with_objective_deficiency
engine-v2,car-washes,google_maps:data_id:0x80c34ddfe9786717:0xf952f8cf4faea270,Eagles CarWash a Domicilio,+1-909-750-0538,,A,Ontario,San Bernardino,CA,no_website_link_listed
engine-v2,car-washes,google_maps:data_id:0x80c3359a5cec7f49:0xfb39791591307a24,Exotic mobile detailing LLC,+1-951-455-9994,,A,Ontario,San Bernardino,CA,no_website_link_listed
engine-v2,car-washes,google_maps:data_id:0x80c333b16021e87f:0x3739c902019f4fea,Great Mission Car Wash,+1-909-248-1698,,A,Ontario,San Bernardino,CA,no_website_link_listed
engine-v2,car-washes,google_maps:data_id:0x80c3338e0fa2c5c1:0xa74afe2bec9935ce,Holt Boulevard Car Wash,+1-909-983-1500,,A,Ontario,San Bernardino,CA,no_website_link_listed
engine-v2,car-washes,google_maps:data_id:0x80c333b4b4d0a84b:0x8e769871b8796cda,Irv's Tuff n' Buff,+1-714-476-8757,,A,Ontario,San Bernardino,CA,no_website_link_listed
engine-v2,car-washes,google_maps:data_id:0x80c335789e9643d9:0x170f3944cf4e4f4d,Mills Circle Car Wash,+1-909-481-7055,http://www.ontariomills76.com/,B,Ontario,San Bernardino,CA,functional_with_objective_deficiency
engine-v2,car-washes,google_maps:data_id:0x80c333c253d2fe2b:0x4bcbb3c6f611c78e,Mountain Avenue Car Wash,+1-909-986-7905,,A,Ontario,San Bernardino,CA,no_website_link_listed
engine-v2,car-washes,google_maps:data_id:0x80c33578da03bf19:0xabdbf96c1c7a9d70,Oliver’s Mobile Car Wash,+1-805-607-7228,,A,Ontario,San Bernardino,CA,no_website_link_listed
engine-v2,car-washes,google_maps:data_id:0x80c3337ffca691d9:0x6342601b081848d4,PADRON AUTO SHINE,+1-909-295-1647,,A,Ontario,San Bernardino,CA,no_website_link_listed
engine-v2,car-washes,google_maps:data_id:0x80c335c7f9dcaa7f:0xfc5966e117927f25,PrimeWash Express,+1-909-443-7096,http://primewashexpress.com/,B,Ontario,San Bernardino,CA,functional_with_objective_deficiency
engine-v2,car-washes,google_maps:data_id:0x80c2c11506cfad15:0xcdd7917fe22eae63,Ray Mobile Wash,+1-323-868-2733,https://www.raymobilewash.com/,B,Ontario,Los Angeles,CA,functional_with_objective_deficiency
engine-v2,car-washes,google_maps:data_id:0x80c333bf241e2a87:0x14803dd5a58537b4,So Cal Express Car Wash,+1-909-988-1860,http://www.socalexpresscarwash.com/,B,Ontario,San Bernardino,CA,functional_with_objective_deficiency
engine-v2,car-washes,google_maps:data_id:0x80c3337d2d96893b:0xdf50a428c8fae1aa,The Brothers AutoCare,+1-626-861-5485,,A,Ontario,San Bernardino,CA,no_website_link_listed
engine-v2,car-washes,google_maps:data_id:0x80c333c738395633:0x8b5db6fa737a7c0d,Torres Carwash & Auto Detailing,+1-840-236-0602,,A,Ontario,San Bernardino,CA,no_website_link_listed
engine-v2,car-washes,google_maps:data_id:0x80c333d98b2e4cd5:0x8a24f7122d47ab96,Wash me Auto Detail.,+1-909-265-5406,,A,Ontario,San Bernardino,CA,no_website_link_listed
engine-v2,car-washes,google_maps:data_id:0x80c33234134e05a1:0x9b920d55fd242b01,ZPR’s House of Car Wash,+1-909-625-2335,,A,Ontario,San Bernardino,CA,no_website_link_listed
engine-v2,car-washes,google_maps:data_id:0x80c335bf477f7dbb:0x6dbb3bfb913766e3,supreme auto detail service,+1-909-567-4312,,A,Ontario,San Bernardino,CA,no_website_link_listed
engine-v2,car-washes,google_maps:data_id:0x288060b2090235b7:0x709fca61c0faf701,9side Mobile Carwash,+1-909-346-9077,https://www.instagram.com/9sidecarwash?igsh=NTc4MTIwNjQ2YQ==&utm_source=qr,A,Rancho Cucamonga,San Bernardino,CA,third_party_only
engine-v2,car-washes,google_maps:data_id:0xa703b286675571d1:0xd2ac3a1452de2533,Automotive Uniqueness,+1-909-238-3910,https://automotiveuniqueness.com/,B,Rancho Cucamonga,San Bernardino,CA,functional_with_objective_deficiency
engine-v2,car-washes,google_maps:data_id:0x80c3370007aaed6d:0x78ae83fc7029d2d5,Ayman mobile detailing,+1-909-232-9675,,A,Rancho Cucamonga,San Bernardino,CA,no_website_link_listed
engine-v2,car-washes,google_maps:data_id:0xaa76ab1ebbbc4a93:0xddb40242347db519,CCA Mobile Car Detailing,+1-909-734-8809,,A,Rancho Cucamonga,San Bernardino,CA,no_website_link_listed
engine-v2,car-washes,google_maps:data_id:0x80c3341da1156fa9:0x21fb947437405da6,Grove Car Wash,+1-909-946-1961,,A,Rancho Cucamonga,San Bernardino,CA,no_website_link_listed
engine-v2,car-washes,google_maps:data_id:0x80c335c237b3813f:0x1deebc41e21f2ec5,Haven Car Wash,+1-909-980-3717,,A,Rancho Cucamonga,San Bernardino,CA,no_website_link_listed
engine-v2,car-washes,google_maps:data_id:0x80c336465f8da1b3:0xed1c7574fcc7c700,Los Osos Car Wash,+1-909-944-9995,http://www.losososcarwash.com/,B,Rancho Cucamonga,San Bernardino,CA,functional_with_objective_deficiency
engine-v2,car-washes,google_maps:data_id:0x80c331b07eb23d67:0x7af1b1c5cc450c92,PrimeWash Express,+1-909-949-9079,http://primewashexpress.com/,B,Rancho Cucamonga,San Bernardino,CA,functional_with_objective_deficiency
engine-v2,car-washes,google_maps:data_id:0x80c335d0860b3cab:0xb8f2e0b2ddb74f4,Rancho Carwash,+1-909-527-3601,,A,Rancho Cucamonga,San Bernardino,CA,no_website_link_listed
engine-v2,car-washes,google_maps:data_id:0x8337ca20af27a53:0x83c35fbb07197f9c,kinGdom mobile wash,+1-909-409-7903,,A,Rancho Cucamonga,San Bernardino,CA,no_website_link_listed
engine-v2,car-washes,google_maps:data_id:0x80db55d49dd0802f:0xb6750d4cb1409fa0,Galaxy Express car Wash,+1-909-351-6020,https://ramzexpress.patheon.app/buy/plans?planId=b0ee448e-6cf4-44ac-afbb-4a20c0ca4bde,B,Redlands,San Bernardino,CA,functional_with_objective_deficiency
engine-v2,car-washes,google_maps:data_id:0x80db56cf11465bed:0xf5c95a5f1cf2a234,Happy Boy Car Wash,+1-909-790-7600,,A,Redlands,San Bernardino,CA,no_website_link_listed
engine-v2,car-washes,google_maps:data_id:0x80dcaa6a7427cfd1:0x47a600bb32dd8993,Redlands Boulevard Car Wash,+1-909-269-2337,,A,Redlands,San Bernardino,CA,no_website_link_listed
engine-v2,car-washes,google_maps:data_id:0x80dcabaab8795fbf:0x71c23611d64f08e2,Suds Brothers Express Car Wash,+1-909-312-3191,https://sudsbroscarwash.com/,B,Redlands,San Bernardino,CA,functional_with_objective_deficiency
engine-v2,car-washes,google_maps:data_id:0x80dcac59077179a9:0x8c4b49c5a1536ae4,Colton Hand Car Wash,+1-909-514-1443,,A,Rialto,San Bernardino,CA,no_website_link_listed
engine-v2,car-washes,google_maps:data_id:0x80dcb34641c9c34d:0x562283c1509184d,Figueroa Truck Wash,+1-909-877-1010,https://www.facebook.com/profile.php?id=61551488900254,A,Rialto,San Bernardino,CA,third_party_only
engine-v2,car-washes,google_maps:data_id:0x80c34db641cc64cf:0x7407b48227d7ceeb,Gonzalez car wash/detailer,+1-909-977-0117,,A,Rialto,San Bernardino,CA,no_website_link_listed
engine-v2,car-washes,google_maps:data_id:0x80c3529c51d2aead:0xdb8463ab804b383c,Rialto Car Wash,+1-909-873-9111,,A,Rialto,San Bernardino,CA,no_website_link_listed
engine-v2,car-washes,google_maps:data_id:0x80dcac576f2e0f77:0x6e779cf4493544d5,Sparkling Clean Car Wash & Detail,+1-909-824-1597,https://coltonsparklingcleancarwash.weebly.com/?utm_source=google-gmb-maps&utm_medium=gmb-website-button&utm_campaign=locl.io&utm_content=0df3e669-1459-4269-967b-dff6256165f3,B,Rialto,San Bernardino,CA,functional_with_objective_deficiency
engine-v2,car-washes,google_maps:data_id:0x80dcadb72e29cf61:0xae6855e71124ed50,All Star Auto Wash & Detail,+1-909-735-1045,,A,San Bernardino,San Bernardino,CA,no_website_link_listed
engine-v2,car-washes,google_maps:data_id:0xa26554ae22c8227:0x54fb48f205549af,Castro's Premium Mobile Detail,+1-909-263-7015,,A,San Bernardino,San Bernardino,CA,no_website_link_listed
engine-v2,car-washes,google_maps:data_id:0x5e898cbb0d3c5db:0xfbe22dc64dbe9b5d,David Ramírez Mobile detailing,+1-909-200-0211,https://book.squareup.com/appointments/9l68em3py3fxtg/location/LDQN56TDK09WH/services,A,San Bernardino,San Bernardino,CA,third_party_only
engine-v2,car-washes,google_maps:data_id:0x80c35503d9e082c1:0x6df03aa148e2596e,Detailing Car Wash Movil,+1-909-968-3444,,A,San Bernardino,San Bernardino,CA,no_website_link_listed
engine-v2,car-washes,google_maps:data_id:0x80c3553413a9a619:0x26fe816b1c3948e0,El Rancho Car Wash,+1-909-863-9422,,A,San Bernardino,San Bernardino,CA,no_website_link_listed
engine-v2,car-washes,google_maps:data_id:0xadb075b87c4ee41d:0xa3ac43cf0456d445,Hermz Mobile CarWash and Detail,+1-840-899-4565,https://www.facebook.com/HermzMD?mibextid=ZbWKwL,A,San Bernardino,San Bernardino,CA,third_party_only
engine-v2,car-washes,google_maps:data_id:0x80c35517d3fe0431:0xc7262297a52a1374,Highland KarKleen,+1-909-999-1830,,A,San Bernardino,San Bernardino,CA,no_website_link_listed
engine-v2,car-washes,google_maps:data_id:0x80c3533c5ebe85c9:0x73bdf07e631903f4,JIREH DETAILING 77 MOBILE,+1-909-242-4626,,A,San Bernardino,San Bernardino,CA,no_website_link_listed
engine-v2,car-washes,google_maps:data_id:0x80c355188c4eb3a7:0xabf1f93b7f2be01c,Mr Suds Carwash,+1-909-425-8853,http://www.mrsudshighland.com/,B,San Bernardino,San Bernardino,CA,functional_with_objective_deficiency
engine-v2,car-washes,google_maps:data_id:0x80dcad14831476e3:0x7b1607499716a18d,SD AUTO DETAILING,+1-714-987-8661,,A,San Bernardino,San Bernardino,CA,no_website_link_listed
engine-v2,car-washes,google_maps:data_id:0x80c35375e0c20101:0x7dca4b72641b46ad,San Bernardino Car Wash,+1-909-886-6216,,A,San Bernardino,San Bernardino,CA,no_website_link_listed
engine-v2,car-washes,google_maps:data_id:0x80c3550003e4f877:0x73ed7ac75c7d3af7,Six86 K-li detailing,+1-909-963-4661,,A,San Bernardino,San Bernardino,CA,no_website_link_listed
engine-v2,car-washes,google_maps:data_id:0x80c331677a9ef165:0xc69a37d78d37e81b,Jam mobile car wash,+1-909-530-9350,http://www.jammobiledetails.com//,A,Upland,San Bernardino,CA,broken_or_unreachable
engine-v2,car-washes,google_maps:data_id:0x80c3314cf3f686d3:0x7a4775834f5ac1de,Mountain View Auto Spa & Repair,+1-909-920-4152,,A,Upland,San Bernardino,CA,no_website_link_listed
engine-v2,car-washes,google_maps:data_id:0x80c337f24a8d8c73:0x2a8e4a466eb082c3,Planet Car Wash,+1-909-946-8808,https://www.planetcarwash.com/home,A,Upland,San Bernardino,CA,broken_or_unreachable
engine-v2,car-washes,google_maps:data_id:0x46d78f76a2dbceed:0x9a8e2f20ef25d605,664 auto car wash mobile Detailing,+1-909-232-6066,,A,Victorville,San Bernardino,CA,no_website_link_listed
engine-v2,car-washes,google_maps:data_id:0x80c3647656761cbb:0xa1eb770d429c3ec1,Apple Valley Car Wash,+1-760-242-8730,,A,Victorville,San Bernardino,CA,no_website_link_listed
engine-v2,car-washes,google_maps:data_id:0x80c363000324fc03:0xc54764349596f2bf,Cleanest Cleanz Auto Detailing,+1-615-638-9350,,A,Victorville,San Bernardino,CA,no_website_link_listed
engine-v2,car-washes,google_maps:data_id:0x8d061e309c78d2b5:0xc58d753c9d0afc53,Diamond Mobile Car Wash & Detailing,+1-442-320-1924,,A,Victorville,San Bernardino,CA,no_website_link_listed
engine-v2,car-washes,google_maps:data_id:0x80c365121216e82f:0xc872d09bed7ae6af,Foam Zone,+1-760-927-1077,http://foamzonewash.com/,B,Victorville,San Bernardino,CA,functional_with_objective_deficiency
engine-v2,car-washes,google_maps:data_id:0x80c367b544f8b3cd:0xec4c13a9fd86ffbb,Jet Wave Wash,+1-760-330-5980,https://jetwavecarwash.com/,B,Victorville,San Bernardino,CA,functional_with_objective_deficiency
engine-v2,car-washes,google_maps:data_id:0x80c365ac8f15f4b7:0x1a00886889c799df,Mojave Auto Spa,+1-760-523-2083,,A,Victorville,San Bernardino,CA,no_website_link_listed
engine-v2,car-washes,google_maps:data_id:0x80c365127d1ab029:0x5a7bc153989005d9,Mojave Express Car Wash,+1-442-533-5232,https://www.mojaveexpresscarwash.com/,B,Victorville,San Bernardino,CA,functional_with_objective_deficiency
engine-v2,car-washes,google_maps:data_id:0x80c367d231028def:0x965f1d0ec50af084,S.S Mobile Detailing,+1-760-261-1326,,A,Victorville,San Bernardino,CA,no_website_link_listed
engine-v2,car-washes,google_maps:data_id:0x80c365d948fc8303:0xbf4c054013b7c896,Squid car detailing,+1-760-885-8398,,A,Victorville,San Bernardino,CA,no_website_link_listed
engine-v2,car-washes,google_maps:data_id:0x80c366d99dba6de5:0xc7c1fd2bd6dc6b80,The Speedwash VS1,+1-760-962-9700,https://thespeedwash.com/,A,Victorville,San Bernardino,CA,broken_or_unreachable
engine-v2,car-washes,google_maps:data_id:0x80c3691bd6400fd3:0x6bbc63ea33b6a6e3,The Speedwash VS3,+1-760-388-0113,http://thespeedwash.com/,A,Victorville,San Bernardino,CA,broken_or_unreachable
engine-v2,car-washes,google_maps:data_id:0x80dc73606819af6b:0x73c5981e09595c77,5 Min. Express Wash,+1-760-918-0100,,A,Carlsbad,San Diego,CA,no_website_link_listed
engine-v2,car-washes,google_maps:data_id:0x80dc0dd1deeb3ec7:0xcf812e93cb26f81a,Beach Bum Car Wash,+1-760-632-1129,https://www.beachbumexpress.com/,B,Carlsbad,San Diego,CA,functional_with_objective_deficiency
engine-v2,car-washes,google_maps:data_id:0x80dc72048e1ed85d:0x81f0fde33512a936,Carlsbad Self-Serve Car Wash,+1-760-729-9441,http://www.carlsbadselfservicecarwash.com/,B,Carlsbad,San Diego,CA,functional_with_objective_deficiency
engine-v2,car-washes,google_maps:data_id:0x80dc7515b6eb7d31:0xbf985fedae5cccb5,Casey’s 24 Hour DIY Car Wash,+1-760-594-4113,,A,Carlsbad,San Diego,CA,no_website_link_listed
engine-v2,car-washes,google_maps:data_id:0x80dc6e02d44efdd1:0xdbeffd147ae44f7b,Coast Car Wash,+1-760-433-5511,http://coastcarwashca.com/,B,Carlsbad,San Diego,CA,functional_with_objective_deficiency
engine-v2,car-washes,google_maps:data_id:0x80dc73f97cfeefcf:0x6ca043492656e3e8,Eco Friendly Auto Spa,+1-760-871-2411,http://ecofriendlyautospa.com/,A,Carlsbad,San Diego,CA,broken_or_unreachable
engine-v2,car-washes,google_maps:data_id:0x80dc74dd06ed30c3:0x8653005d56bd8220,Genie Car Wash,+1-760-727-2438,http://geniecarwash.com/,B,Carlsbad,San Diego,CA,functional_with_objective_deficiency
engine-v2,car-washes,google_maps:data_id:0x80dc7432069e95df:0xce072b6672d22857,Glitter Wash,+1-760-724-0511,,A,Carlsbad,San Diego,CA,no_website_link_listed
engine-v2,car-washes,google_maps:data_id:0x80dc6e1b8aa6080b:0xc331364771dbd670,Oceanside Self-Services Car Wash,+1-760-722-7952,,A,Carlsbad,San Diego,CA,no_website_link_listed
engine-v2,car-washes,google_maps:data_id:0x4101dbc8f391757b:0xb541c95ed2770c7c,PK Mobile detailing,+1-760-688-2286,https://pkmobiledetailing.godaddysites.com/?utm_source=ig&utm_medium=social&utm_content=link_in_bio,B,Carlsbad,San Diego,CA,functional_with_objective_deficiency
engine-v2,car-washes,google_maps:data_id:0x80dc75ab9e096825:0x890f4697291fe29f,Xtreme Car Wash,+1-760-727-7580,http://www.x-tremecarwash.com/,B,Carlsbad,San Diego,CA,functional_with_objective_deficiency
engine-v2,car-washes,google_maps:data_id:0x80d94feb4c4ade95:0x65cc8afbb5cc6367,Aqua Clean Car Wash,+1-619-397-7330,http://aquacleancarwash.com/,B,Chula Vista,San Diego,CA,functional_with_objective_deficiency
engine-v2,car-washes,google_maps:data_id:0x6aa6c063f17a3bfd:0x13855058176bc218,Auto Detail Deluxe SD,+1-619-480-8745,http://autodetaildeluxesd.com/,B,Chula Vista,San Diego,CA,functional_with_objective_deficiency
engine-v2,car-washes,google_maps:data_id:0x8b05f400f54d6aaf:0x5def6cdbf07c44e6,Blue Mobile Detailing,+1-619-513-0125,,A,Chula Vista,San Diego,CA,no_website_link_listed
engine-v2,car-washes,google_maps:data_id:0x893297f960577f6d:0xd516a07949551959,Calderon Mobile Auto Detail,+1-619-246-1014,,A,Chula Vista,San Diego,CA,no_website_link_listed
engine-v2,car-washes,google_maps:data_id:0x80d9537d6480819b:0xa45e2439aa09b02d,EXOTIK MOBILE DETAILING,+1-619-918-8303,,A,Chula Vista,San Diego,CA,no_website_link_listed
engine-v2,car-washes,google_maps:data_id:0x80d9490003777ba3:0xb09390bde9003306,EZ MOBILE DETAILING,+1-619-622-4011,,A,Chula Vista,San Diego,CA,no_website_link_listed
engine-v2,car-washes,google_maps:data_id:0x80d951be0342acb1:0x6102c14cc7dcd182,"Happy Cow Car Wash, Paradise Hills",+1-619-922-5966,http://happycowcarwash.com/,A,Chula Vista,San Diego,CA,broken_or_unreachable
engine-v2,car-washes,google_maps:data_id:0x80d94f234c2faa67:0x87cc7afa523b3f99,MD Meza Auto Detail,+1-619-520-8772,,A,Chula Vista,San Diego,CA,no_website_link_listed
engine-v2,car-washes,google_maps:data_id:0x8c95cd4c16882c87:0xe15680bb51f6f5d0,Maqonna Professional Car Detailing,+1-619-480-6833,http://maqonna.com/,B,Chula Vista,San Diego,CA,functional_with_objective_deficiency
engine-v2,car-washes,google_maps:data_id:0x80d94df3e04bdf59:0xda2c2d737570698c,"Pearl Car Wash/Chula Vista, Inc.",+1-858-336-3333,http://www.pearlcarwash.com/,B,Chula Vista,San Diego,CA,functional_with_objective_deficiency
engine-v2,car-washes,google_maps:data_id:0x80d9479b4d39a243:0xf7f48c6e343b669c,SAN DIEGO AUTO CARE (Mobile Detail & Semi Truck Wash),+1-619-678-5348,http://www.sdautocare.com/,B,Chula Vista,San Diego,CA,functional_with_objective_deficiency
engine-v2,car-washes,google_maps:data_id:0x80d945845317caf9:0x6d656ea3de17a1d6,Splash Auto Detail,+1-619-993-0554,,A,Chula Vista,San Diego,CA,no_website_link_listed
engine-v2,car-washes,google_maps:data_id:0x80d94e857ffa6479:0xe9ec50ab40162df2,Valencia's Mobile Detail,+1-619-386-2815,,A,Chula Vista,San Diego,CA,no_website_link_listed
engine-v2,car-washes,google_maps:data_id:0x6036e9cf602dd4cb:0x2980606a669b1e7f,Versus Auto Detailing,+1-661-742-3851,https://taplink.cc/versusautodetailing?fbclid=PAZXh0bgNhZW0CMTEAAabF3Ju0GQrYo7AVoNlbTH5YrgXskHvF3sORnqL18SONq0Ces4D41BsEvfo_aem_sfbp3cv5AcOOEdDvTqI9Ow,B,Chula Vista,Los Angeles,CA,functional_with_objective_deficiency
engine-v2,car-washes,google_maps:data_id:0x80d9571c7ce034a7:0x63978eef8e885db0,Aqua Clean Car Wash,+1-619-698-6775,http://www.aquacleancarwash.com/,B,El Cajon,San Diego,CA,functional_with_objective_deficiency
engine-v2,car-washes,google_maps:data_id:0x2634258a77d6a93b:0x788332402c4f3a5a,Atlantis mobile detailing,+1-619-845-7257,,A,El Cajon,San Diego,CA,no_website_link_listed
engine-v2,car-washes,google_maps:data_id:0x80d95a060d395fcb:0xc3fa58900fb06480,Auto Spa Car Wash,+1-619-741-6001,,A,El Cajon,San Diego,CA,no_website_link_listed
engine-v2,car-washes,google_maps:data_id:0x80d956ee8e3d196f:0x34526013f40d8b4c,B & H Self-Services Car Wash,+1-207-576-8751,,A,El Cajon,San Diego,CA,no_website_link_listed
engine-v2,car-washes,google_maps:data_id:0x80d959287d7bd465:0x7d0af8a1acd89ea0,Genie Car Wash,+1-619-312-2137,https://www.geniecarwash.com/,B,El Cajon,San Diego,CA,functional_with_objective_deficiency
engine-v2,car-washes,google_maps:data_id:0x80d95972f6df3e79:0x4caf5acea296419,Lavado Xpress Car Wash,+1-619-588-1600,https://lavadoxpresscarwash.com/,B,El Cajon,San Diego,CA,functional_with_objective_deficiency
engine-v2,car-washes,google_maps:data_id:0x80d760cae9657f11:0xf3fbcefcdc4c0083,Romeo's Car Wash,+1-760-352-8278,,A,El Cajon,San Diego,CA,no_website_link_listed
engine-v2,car-washes,google_maps:data_id:0x80d95908f8b9adeb:0x890fa64c59f6b294,Romeo’s Car Wash,+1-619-588-9589,,A,El Cajon,San Diego,CA,no_website_link_listed
engine-v2,car-washes,google_maps:data_id:0x80d95963107cccf9:0xeaa29bb3a951fa31,SDMobileDetailPro,+1-619-493-7214,,A,El Cajon,San Diego,CA,no_website_link_listed
engine-v2,car-washes,google_maps:data_id:0x80d95854a8605369:0x90c1d39b23c186e0,Spot Free Rinse Car Wash,+1-619-447-7990,,A,El Cajon,San Diego,CA,no_website_link_listed
engine-v2,car-washes,google_maps:data_id:0x80d959f604c619a9:0x2e128133688aad57,Valdos mobile detailing,+1-619-218-1780,,A,El Cajon,San Diego,CA,no_website_link_listed
engine-v2,car-washes,google_maps:data_id:0x80dbf5b3593d046b:0xd0d646a63bbd64ae,Army Mechanics Detail Force,+1-760-546-2160,https://form.jotform.com/252293425603151,A,Escondido,San Diego,CA,broken_or_unreachable
engine-v2,car-washes,google_maps:data_id:0x80dbf4b548e7dc05:0x6f29f586f43b20a,El Norte Car wash,+1-760-489-2665,,A,Escondido,San Diego,CA,no_website_link_listed
engine-v2,car-washes,google_maps:data_id:0x80dbf511bd8e60b5:0x40a58c63124b65e8,Escondido Auto Park Express Wash,+1-760-466-7350,https://www.autoparkexpress.com/,B,Escondido,San Diego,CA,functional_with_objective_deficiency
engine-v2,car-washes,google_maps:data_id:0x80dbf36b0cb7138d:0x3ba51e94ee97d900,Escondido Car Wash,+1-760-484-2876,,A,Escondido,San Diego,CA,no_website_link_listed
engine-v2,car-washes,google_maps:data_id:0x80dbf36b7a3c6569:0x722b3fd7a999c5b7,JC Carwash Auto Detailing,+1-760-847-8296,,A,Escondido,San Diego,CA,no_website_link_listed
engine-v2,car-washes,google_maps:data_id:0x80dbf4b48152d6af:0x6cf0a6256407b43e,Mr. Foamy's Express Car Wash,+1-760-839-2389,https://misterfoamys.com/,B,Escondido,San Diego,CA,functional_with_objective_deficiency
engine-v2,car-washes,google_maps:data_id:0x445e6faad393e989:0x33cce0152dd0c4c,Mt mobile auto detail,+1-858-648-8045,http://mtmobileautodetailing.com/,B,Escondido,San Diego,CA,functional_with_objective_deficiency
engine-v2,car-washes,google_maps:data_id:0x80dbf37647e9b581:0x5c489fff3cb66085,Sosa's auto detailing,+1-760-265-9907,,A,Escondido,San Diego,CA,no_website_link_listed
engine-v2,car-washes,google_maps:data_id:0x80dbf481ba0c9059:0x172e98d3227fb256,The Green Roof Car Wash,+1-760-224-9491,,A,Escondido,San Diego,CA,no_website_link_listed
engine-v2,car-washes,google_maps:data_id:0x80dc7100132d455f:0x35e8a4e2dc77a038,Budget Detailing,+1-760-717-5963,https://salinass1234.wixsite.com/budgetdetailing,B,Oceanside,San Diego,CA,functional_with_objective_deficiency
engine-v2,car-washes,google_maps:data_id:0x80dc76c1cc44c121:0xa30e27cc10b80b99,Fountain Car Wash,+1-760-215-3754,,A,Oceanside,San Diego,CA,no_website_link_listed
engine-v2,car-washes,google_maps:data_id:0x80dc76a2bb1c7969:0xd8832510f231cd06,Romeo's Car Wash,+1-760-724-9111,,A,Oceanside,San Diego,CA,no_website_link_listed
engine-v2,car-washes,google_maps:data_id:0x80d95533eb84b17d:0xb66500550e8f41f5,Green Go Wash,+1-619-302-3190,http://www.greengowash.com/,B,San Diego,San Diego,CA,functional_with_objective_deficiency
engine-v2,car-washes,google_maps:data_id:0x80dbffebbd10a5db:0x8d2832481e283a98,Prestige Autowash & Automotive,+1-858-277-6131,http://www.prestigesd.com/,B,San Diego,San Diego,CA,functional_with_objective_deficiency
engine-v2,car-washes,google_maps:data_id:0x80dc0144a61c1865:0x11224af0e2f2ee50,Self Serve Carwash- Lucky Coin Car Wash,+1-858-877-3536,http://luckycoincarwash.com/,B,San Diego,San Diego,CA,functional_with_objective_deficiency
engine-v2,car-washes,google_maps:data_id:0x80dc0026e27f06b7:0x6930347664c2cf5,Washman Car Wash Mission Bay San Diego,+1-619-458-9040,http://washmansd.com/,B,San Diego,San Diego,CA,functional_with_objective_deficiency
engine-v2,car-washes,google_maps:data_id:0x80db8aa0b5af21fb:0xa3b3b6a3af81451c,Greco's Friendly Car Wash,+1-760-591-3887,,A,San Marcos,San Diego,CA,no_website_link_listed
engine-v2,car-washes,google_maps:data_id:0x8f314aa6a9dac72b:0x340dbfbd567b441c,Finest Detailing,+1-760-936-5331,https://www.instagram.com/finestdetailing_official?igsh=OGQ5ZDc2ODk2ZA==&utm_source=qr,A,Vista,San Diego,CA,third_party_only
engine-v2,car-washes,google_maps:data_id:0x80dc75eee15ed193:0x1460e8c1d7676340,Gabriel's Mobile Car Wash and Detail,+1-760-208-3270,https://gabrielscarwash.wixsite.com/gabrielscarwash,B,Vista,San Diego,CA,functional_with_objective_deficiency
engine-v2,car-washes,google_maps:data_id:0x80dc76f6a5419be9:0xdb53134b592ed3bf,Vista Auto Spa - East,+1-760-659-0778,http://www.vistaautospa.com/,B,Vista,San Diego,CA,functional_with_objective_deficiency
engine-v2,car-washes,google_maps:data_id:0x80dc75acf43cae23:0x89d975d1b3775e19,Xecutive Details,+1-858-988-9739,,A,Vista,San Diego,CA,no_website_link_listed
engine-v2,car-washes,google_maps:data_id:0x808f7e248e5f565d:0x1da9a8e625d18e0e,Auto City Car Wash,+1-415-565-6700,http://www.autocitycarwash.net/,B,San Francisco,San Francisco,CA,functional_with_objective_deficiency
engine-v2,car-washes,google_maps:data_id:0x808f7f19e1a73355:0xe30ee52e97442775,Daniel’s car wash,+1-415-806-8372,,A,San Francisco,San Francisco,CA,no_website_link_listed
engine-v2,car-washes,google_maps:data_id:0x808f7e538dd23e05:0x81b65612dc755cc7,Sf Auto Detailing & HAND Wash,+1-415-928-9204,,A,San Francisco,San Francisco,CA,no_website_link_listed
engine-v2,car-washes,google_maps:data_id:0x808f7e28f3570299:0xf43870967a24f93d,Tenth & Harrison Car Wash,+1-415-872-9236,,A,San Francisco,San Francisco,CA,no_website_link_listed
engine-v2,car-washes,google_maps:data_id:0x8085809e02150177:0x65c2956655f07451,Tower Car Wash,+1-415-558-9274,http://www.towercarwash.com/,B,San Francisco,San Francisco,CA,functional_with_objective_deficiency
engine-v2,car-washes,google_maps:data_id:0x80eccf8b53611f93:0x654670c8f307f8b7,Bubble & Squeak Self-Services,+1-805-237-2340,,A,Paso Robles,San Luis Obispo,CA,no_website_link_listed
engine-v2,car-washes,google_maps:data_id:0x80ecc58440782ee5:0x453cb744df086d07,Golden Hill Carwash,+1-805-226-2839,,A,Paso Robles,San Luis Obispo,CA,no_website_link_listed
engine-v2,car-washes,google_maps:data_id:0x80eccf2a8157bc53:0x37c3ba8d37b47c31,Sun Day Carwash,+1-805-369-6000,https://www.sundaycarwash.com/,B,Paso Robles,San Luis Obispo,CA,functional_with_objective_deficiency
engine-v2,car-washes,google_maps:data_id:0x80ecf1006ecedd7d:0xf626b3d5e47f7fd6,Finest Detailing,+1-805-903-3676,,A,San Luis Obispo,San Luis Obispo,CA,no_website_link_listed
engine-v2,car-washes,google_maps:data_id:0x644b70a46a67c039:0x94fc3c350244d596,On Demand Mobile Detailing LLC,+1-805-628-7751,,A,San Luis Obispo,San Luis Obispo,CA,no_website_link_listed
engine-v2,car-washes,google_maps:data_id:0x80ecf13606958b49:0x36d83c0563b6eb15,Royal car wash and detail shop,+1-805-748-5709,http://royalcarwashdetailshop.com/,B,San Luis Obispo,San Luis Obispo,CA,functional_with_objective_deficiency
engine-v2,car-washes,google_maps:data_id:0x80ecf1b0cb844459:0x63872e72890da892,Sun Day Carwash,+1-805-548-2333,https://sundaycarwash.com/,B,San Luis Obispo,San Luis Obispo,CA,functional_with_objective_deficiency
engine-v2,car-washes,google_maps:data_id:0x80ecf150e3338c01:0x69e55ee776da2135,Sun Day Carwash,+1-805-439-3765,https://www.sundaycarwash.com/,B,San Luis Obispo,San Luis Obispo,CA,functional_with_objective_deficiency
engine-v2,car-washes,google_maps:data_id:0x808f7f585ce7a84b:0x8bb925acb561bca3,7x7 Mobile Auto Detailing,+1-415-290-1601,,A,Daly City,San Francisco,CA,no_website_link_listed
engine-v2,car-washes,google_maps:data_id:0x808f7c73aca06099:0x73cb9170c90d0c67,M&R Car Wash,+1-650-435-2177,https://mandrcarwash.net/,B,Daly City,San Mateo,CA,functional_with_objective_deficiency
engine-v2,car-washes,google_maps:data_id:0x808f7e537c311137:0xe847adf622a26997,Mobileauto Concepts Inc,+1-415-265-3262,https://mobileautoconcepts.com/,A,Daly City,San Francisco,CA,broken_or_unreachable
engine-v2,car-washes,google_maps:data_id:0x8e69490c77e0f145:0x6841f78e7c4ce678,Signature Detailing,+1-650-291-3026,https://signaturedetailing6.godaddysites.com/,B,Daly City,San Mateo,CA,functional_with_objective_deficiency
engine-v2,car-washes,google_maps:data_id:0x808f7ed772f9e3e1:0x95a32858ca9968e1,Splash N Dash Car Wash,+1-650-931-0818,,A,Daly City,San Francisco,CA,no_website_link_listed
engine-v2,car-washes,google_maps:data_id:0x808f9f6bc89924b1:0x9ac35bacde0e32ac,Belmont Pro Wash,+1-650-591-1923,http://belmontprowash.com/,B,Redwood City,San Mateo,CA,functional_with_objective_deficiency
engine-v2,car-washes,google_maps:data_id:0x808fa300866095f5:0x530310d115134d62,Clear Water Car Wash,+1-650-556-9904,http://clearwatercw.com/,B,Redwood City,San Mateo,CA,functional_with_objective_deficiency
engine-v2,car-washes,google_maps:data_id:0x808fa3e6e7205c8f:0x3414af1a8b3104f7,Drip Detail,+1-470-892-2858,,A,Redwood City,San Mateo,CA,no_website_link_listed
engine-v2,car-washes,google_maps:data_id:0x808fa30d7055494f:0x9e28968e49fbf762,Express Car Wash,+1-650-556-6960,,A,Redwood City,San Mateo,CA,no_website_link_listed
engine-v2,car-washes,google_maps:data_id:0x808f79074774fd23:0x759a953adb98ce77,Clearwater Car Wash,+1-650-583-3939,http://clearwatercw.com/,B,San Bruno,San Mateo,CA,functional_with_objective_deficiency
engine-v2,car-washes,google_maps:data_id:0x808f79b2c8396765:0xc4a5c5c7fc3ea999,G & S Truck Wash,+1-650-873-2449,,A,San Bruno,San Mateo,CA,no_website_link_listed
engine-v2,car-washes,google_maps:data_id:0x808f7972fe5fac75:0xd19749e344b666d4,San Bruno Car Wash,+1-650-871-8271,,A,San Bruno,San Mateo,CA,no_website_link_listed
engine-v2,car-washes,google_maps:data_id:0x808f9f53da0a676f:0x2a06485f5b976758,Clean Machine | Belmont,+1-650-591-2641,,A,San Mateo,San Mateo,CA,no_website_link_listed
engine-v2,car-washes,google_maps:data_id:0x808f9f1fa6585d21:0x137c3e619cdaa1d4,Clear Water Car Wash,+1-650-588-5949,http://clearwatercw.com/,B,San Mateo,San Mateo,CA,functional_with_objective_deficiency
engine-v2,car-washes,google_maps:data_id:0x808f9d1da8588065:0x5c15a13bed99fe87,U&A car detailing,+1-650-619-8822,,A,San Mateo,San Mateo,CA,no_website_link_listed
engine-v2,car-washes,google_maps:data_id:0x80ec1eb8e84b7c99:0xaab4e33ff6c3bfb3,Clean & Green Car Wash,+1-805-736-9500,,A,Lompoc,Santa Barbara,CA,no_website_link_listed
engine-v2,car-washes,google_maps:data_id:0x80ec1ebf39bdfb0b:0x7904b68905e63880,Fast Pass Car Wash Inc,+1-805-737-0011,https://www.carwashhere.com/fast-pass-car-wash-inc-lompoc-ca/,B,Lompoc,Santa Barbara,CA,functional_with_objective_deficiency
engine-v2,car-washes,google_maps:data_id:0x80ec1fce7a564ac9:0x885ecee52fcecc2c,Lorenzana Mobile Car Wash,+1-805-315-7201,https://instagram.com/lorenzana_mobile_detailing?igshid=MzMyNGUyNmU2YQ%3D%3D&utm_source=qr,A,Lompoc,Santa Barbara,CA,third_party_only
engine-v2,car-washes,google_maps:data_id:0x8f3d546ca4f88a47:0x6012a008cc6989dd,Sanchez Signature Auto Detailing,+1-805-742-6609,,A,Lompoc,Santa Barbara,CA,no_website_link_listed
engine-v2,car-washes,google_maps:data_id:0x80ec1ebf7d133469:0xfbd07e70cf9c0927,Speedway Car Wash,+1-805-736-2995,,A,Lompoc,Santa Barbara,CA,no_website_link_listed
engine-v2,car-washes,google_maps:data_id:0x45fbdcdac74c59ff:0x5333a1dccd6b060d,Ultimate Car Care,+1-805-741-6635,,A,Lompoc,Santa Barbara,CA,no_website_link_listed
engine-v2,car-washes,google_maps:data_id:0x80e9139f564b1a8f:0x6103e3cd3bf24e66,Cortes Hand Car Wash,+1-805-886-9215,,A,Santa Barbara,Santa Barbara,CA,no_website_link_listed
engine-v2,car-washes,google_maps:data_id:0x80e9138790222613:0xe62345f7ace2168,Dalee Car Bath,+1-805-965-7416,http://www.daleecarbath.com/,B,Santa Barbara,Santa Barbara,CA,functional_with_objective_deficiency
engine-v2,car-washes,google_maps:data_id:0x80e9407cb095b4c5:0xf186596a40756d2b,Fairview Car Wash,+1-805-967-6530,,A,Santa Barbara,Santa Barbara,CA,no_website_link_listed
engine-v2,car-washes,google_maps:data_id:0x80e9407913e1f741:0x7d3c66944a975273,Goleta Hand Car Wash and Detail Center,+1-858-450-1500,,A,Santa Barbara,Santa Barbara,CA,no_website_link_listed
engine-v2,car-washes,google_maps:data_id:0x80e9130769f44573:0x4cc361c3b225dbad,Janiel Mobile Auto Detail,+1-805-815-1329,,A,Santa Barbara,Santa Barbara,CA,no_website_link_listed
engine-v2,car-washes,google_maps:data_id:0x80e913ebe4212787:0xdfe3b322898f386c,Luxus Car Wash,+1-805-450-9607,,A,Santa Barbara,Santa Barbara,CA,no_website_link_listed
engine-v2,car-washes,google_maps:data_id:0xd0dabeffbed9ab5:0x8ec32ea697e5f406,Riviera Precision - Mobile Auto Detailing and Concierge,+1-619-990-4647,https://www.rivieraprecision.com/,A,Santa Barbara,Santa Barbara,CA,broken_or_unreachable
engine-v2,car-washes,google_maps:data_id:0xbc9ab07b477dc1d:0x684491aa0b2fe32f,SB Mobile wash,+1-805-324-1629,,A,Santa Barbara,Santa Barbara,CA,no_website_link_listed
engine-v2,car-washes,google_maps:data_id:0x80e9147be2253051:0xf7ed64b3f4a880c8,Santa Barbara Hand Car Wash,+1-805-962-0616,http://www.santabarbarahandcarwash.com/,B,Santa Barbara,Santa Barbara,CA,functional_with_objective_deficiency
engine-v2,car-washes,google_maps:data_id:0x671c216ca8d3cd6f:0x29d78a2bc2d55947,Solis Auto Spa,+1-805-618-4027,,A,Santa Barbara,Santa Barbara,CA,no_website_link_listed
engine-v2,car-washes,google_maps:data_id:0x80e9415fd638462b:0x79124400884adbc0,Vico’s Mobile Auto Detailing,+1-805-252-5703,https://vicosautodetail.com/,B,Santa Barbara,Santa Barbara,CA,functional_with_objective_deficiency
engine-v2,car-washes,google_maps:data_id:0x80ec6b5f42f902a1:0xc9e383c294e1027f,# 1 Car Wash & Gas,+1-805-922-3868,http://numberonecarwash.com/,B,Santa Maria,Santa Barbara,CA,functional_with_objective_deficiency
engine-v2,car-washes,google_maps:data_id:0x6acaf10222ce6b6f:0x26bfceaafd66a5ac,Alonso’s Detailing services,+1-805-324-0684,,A,Santa Maria,Santa Barbara,CA,no_website_link_listed
engine-v2,car-washes,google_maps:data_id:0x2b46a0879e79c3b5:0x71939dca0af19ff1,Hunter's Auto Detailing LLC,+1-757-608-8213,https://huntersautodetailing.squarespace.com/,A,Santa Maria,Santa Barbara,CA,broken_or_unreachable
engine-v2,car-washes,google_maps:data_id:0x251f0a635d1741e3:0x151fecaf52b83231,J&S detailing,+1-805-406-6776,,A,Santa Maria,Santa Barbara,CA,no_website_link_listed
engine-v2,car-washes,google_maps:data_id:0x80ec6b12fb085c25:0xc1d99d373057f8c0,Jr’s Auto Detail's,+1-805-356-5689,,A,Santa Maria,Santa Barbara,CA,no_website_link_listed
engine-v2,car-washes,google_maps:data_id:0x8d111b41be331fcf:0x57768d50fa1368e6,OnlyCarsMobileDetailing,+1-805-878-2679,,A,Santa Maria,Santa Barbara,CA,no_website_link_listed
engine-v2,car-washes,google_maps:data_id:0x80ec132ee0692e89:0x347990aaa838d5e0,Reyes Touch Detailing,+1-805-268-5287,http://reyestouch.square.site/,A,Santa Maria,San Luis Obispo,CA,third_party_only
engine-v2,car-washes,google_maps:data_id:0x80ec6b57cecbe505:0x15dcc6980e310495,Santa Maria Car Wash,+1-805-925-3834,,A,Santa Maria,Santa Barbara,CA,no_website_link_listed
engine-v2,car-washes,google_maps:data_id:0x80ec6b7e1ab8b429:0xefaf8c17c1e8723c,Santa Maria Wash & Lube,+1-805-925-2439,,A,Santa Maria,Santa Barbara,CA,no_website_link_listed
engine-v2,car-washes,google_maps:data_id:0x80ec6c75ca489517:0x6f23d6ca89b33001,Splash N Dash Car Wash,+1-805-631-5859,http://www.splashndashcarwash.com/,B,Santa Maria,San Luis Obispo,CA,functional_with_objective_deficiency
engine-v2,car-washes,google_maps:data_id:0x80ec138742d01fd1:0xf1fa6cb66880c3e1,Splash N Dash Car Wash - Orcutt,+1-805-937-3243,http://www.splashndashcarwash.com/,B,Santa Maria,Santa Barbara,CA,functional_with_objective_deficiency
engine-v2,car-washes,google_maps:data_id:0x80ec6cb1c92e5883:0x9b91e6e101344bef,Splash N Dash Car Wash - Santa Maria,+1-805-352-1103,https://splashndashcarwash.com/,B,Santa Maria,Santa Barbara,CA,functional_with_objective_deficiency
engine-v2,car-washes,google_maps:data_id:0x80ec6b7e052b72f3:0xb4162f2e8ca66e04,Splash n Dash Car Wash,+1-805-314-2967,http://splashndashcarwash.com/,B,Santa Maria,Santa Barbara,CA,functional_with_objective_deficiency
engine-v2,car-washes,google_maps:data_id:0x791fc6b36016919:0xe45900841041a2f4,Cali_detailz,+1-408-466-6738,,A,Gilroy,Santa Clara,CA,no_website_link_listed
engine-v2,car-washes,google_maps:data_id:0x4ebbd75a6bf40679:0x78cca85084c2bbc1,Jcautodetailing Mobile LLC,+1-408-706-0439,,A,Gilroy,Santa Clara,CA,no_website_link_listed
engine-v2,car-washes,google_maps:data_id:0x8091e36dd62ed151:0x62c39c975e57f5e0,Joe's Truck/RV Wash,+1-408-842-8488,https://www.joestruckwash.com/,B,Gilroy,Santa Clara,CA,functional_with_objective_deficiency
engine-v2,car-washes,google_maps:data_id:0x808e206e0e2f7e11:0x617805d314f1bade,Monterey Vineyard Car wash,+1-408-779-0191,http://vineyardcarwash.com/,B,Gilroy,Santa Clara,CA,functional_with_objective_deficiency
engine-v2,car-washes,google_maps:data_id:0x24039075f7cf85b9:0x71db17fe0f2fe164,A+ Carwash,+1-669-255-7401,,A,Milpitas,Fresno,CA,no_website_link_listed
engine-v2,car-washes,google_maps:data_id:0x808fced78ceba669:0x32d9588b22262358,Calaveras Express Car Wash,+1-408-428-9363,,A,Milpitas,Santa Clara,CA,no_website_link_listed
engine-v2,car-washes,google_maps:data_id:0x808fc997e4e17fff:0xf17f409552fb783,Lafayette Car Wash,+1-408-644-2531,http://lafayettecarwash.com/,B,Milpitas,Santa Clara,CA,functional_with_objective_deficiency
engine-v2,car-washes,google_maps:data_id:0x808fcc240f586211:0xa94961bc5aee8c58,Loop Car Wash And Gas Station,+1-408-259-7816,,A,Milpitas,Santa Clara,CA,no_website_link_listed
engine-v2,car-washes,google_maps:data_id:0x808fc9645c5647d9:0x693c3a174d04c629,Milpitas Car Wash,+1-408-513-6199,,A,Milpitas,Santa Clara,CA,no_website_link_listed
engine-v2,car-washes,google_maps:data_id:0x808fc94dafb64ded:0xf5e33e2050eacb61,Valero,+1-408-955-0238,http://www.montaguevalero.com/,A,Milpitas,Santa Clara,CA,broken_or_unreachable
engine-v2,car-washes,google_maps:data_id:0x808e20642b15bca7:0xe01026126f969045,Morgan Hill Car Wash & Gift Shop,+1-408-779-5477,http://www.mhcarwash.com/,B,Morgan Hill,Santa Clara,CA,functional_with_objective_deficiency
engine-v2,car-washes,google_maps:data_id:0x808fb74bdd56fa89:0xb89c512715c1808e,Clear Water Car Wash,+1-650-641-2396,https://clearwatercw.com/,B,Mountain View,Santa Clara,CA,functional_with_objective_deficiency
engine-v2,car-washes,google_maps:data_id:0x67c67cb4258756f3:0x7e51807211d13ba5,DT Mobile Detailing,+1-530-979-6513,,A,Mountain View,Santa Clara,CA,no_website_link_listed
engine-v2,car-washes,google_maps:data_id:0x808fb1cebe104b6b:0x6822fb3790f7b91b,Kaady Car Washes,+1-650-668-6844,https://www.kaady.com/,B,Mountain View,Santa Clara,CA,functional_with_objective_deficiency
engine-v2,car-washes,google_maps:data_id:0x808fb6ee7de29d37:0xc478ef9f8f1abbd7,Lozano Car Wash,+1-408-245-7737,,A,Mountain View,Santa Clara,CA,no_website_link_listed
engine-v2,car-washes,google_maps:data_id:0x808fba08c258a1c7:0xf5c0fbdd886c1836,SV Express Automatic Car Wash,+1-650-427-0099,,A,Mountain View,Santa Clara,CA,no_website_link_listed
engine-v2,car-washes,google_maps:data_id:0x808fb6f211ad3081:0x97c8bcb340503292,Sunnyvale Auto Spa,+1-408-720-0224,,A,Mountain View,Santa Clara,CA,no_website_link_listed
engine-v2,car-washes,google_maps:data_id:0x808fb62111caa583:0x735e49afa96b8827,Sunnyvale Car Spa,+1-408-736-9562,https://www.carspasunnyvale.com/,B,Mountain View,Santa Clara,CA,functional_with_objective_deficiency
engine-v2,car-washes,google_maps:data_id:0x808fb422eecd73d1:0x7ef20d42fe079c37,100% Hand Car Wash,+1-408-733-9111,,A,Palo Alto,Santa Clara,CA,no_website_link_listed
engine-v2,car-washes,google_maps:data_id:0x808fbb7275a2d8d9:0x61d565e6496a8610,Roger's cardetailing,+1-415-889-7428,https://www.facebook.com/profile.php?id=61585200853018&mibextid=ZbWKwL,A,Palo Alto,Santa Clara,CA,third_party_only
engine-v2,car-washes,google_maps:data_id:0x808e33d93a8ca301:0x45faaa3d75d60c6f,Blossom Hill Car Wash,+1-408-448-6489,https://www.blossomhillcarwash.com/,A,San Jose,Santa Clara,CA,broken_or_unreachable
engine-v2,car-washes,google_maps:data_id:0x808e330b5949353f:0x647fb6f7a548b23f,Car Wash,+1-408-755-0145,,A,San Jose,Santa Clara,CA,no_website_link_listed
engine-v2,car-washes,google_maps:data_id:0x808e33c2faf63f8b:0xd3d5a1391a5443f7,Classic Car Wash,+1-408-371-2565,http://classiccarwash.com/,B,San Jose,Santa Clara,CA,functional_with_objective_deficiency
engine-v2,car-washes,google_maps:data_id:0x808e31f326d5ef29:0x42c37a3e37f38927,E-Z Clean Carwash,+1-408-226-2052,,A,San Jose,Santa Clara,CA,no_website_link_listed
engine-v2,car-washes,google_maps:data_id:0x808fcd7067edc855:0x33c00c9456bf7e06,Eco Express Shine Auto Detail,+1-408-705-5836,,A,San Jose,Santa Clara,CA,no_website_link_listed
engine-v2,car-washes,google_maps:data_id:0x808e2d916521bf21:0xa50af983721df2bc,Evergreen Express Car Wash,+1-408-238-2590,https://locations.valero.com/en-us/LocationDetails/Index/3303-SAN-FELIPE-RD-SAN-JOSE-CA-95135-2000/0000005675,B,San Jose,Santa Clara,CA,functional_with_objective_deficiency
engine-v2,car-washes,google_maps:data_id:0x808e2dbf8c2b12c7:0x482ce9416e61fe5b,Four Leaf Auto Detailing,+1-408-391-7563,,A,San Jose,Santa Clara,CA,no_website_link_listed
engine-v2,car-washes,google_maps:data_id:0x808e33e04e616a87:0xf63135f5bf8ee3b6,Future Wash,+1-888-399-9274,https://www.futurewash.com/,B,San Jose,Santa Clara,CA,functional_with_objective_deficiency
engine-v2,car-washes,google_maps:data_id:0x808fcd86e1924773:0x43c2f46d8e06954f,MS Auto Detailing,+1-408-600-7474,https://www.tiktok.com/@m.s._autodetailing1013?_r=1&_t=ZP-989l982CNod,A,San Jose,Santa Clara,CA,third_party_only
engine-v2,car-washes,google_maps:data_id:0x808e32e289c26a85:0x2b0f7e8322b9b2d0,San Jose Touchless Carwash,+1-408-294-1602,,A,San Jose,Santa Clara,CA,no_website_link_listed
engine-v2,car-washes,google_maps:data_id:0x808fcb7eac0ff339:0xf83f82ea886982e,"Stockton Car Wash, Detail and Auto Steam Cleaning",+1-408-386-5176,,A,San Jose,Santa Clara,CA,no_website_link_listed
engine-v2,car-washes,google_maps:data_id:0x809b273e5337cfa5:0x44dba8954db941a5,Super Detail Pro,+1-916-538-3282,,A,San Jose,Santa Clara,CA,no_website_link_listed
engine-v2,car-washes,google_maps:data_id:0x808fcb331ae8c809:0x9ef6119305299bbb,D&L Auto Detaling inc,+1-650-670-0549,https://www.dnlautodetailing.com/,B,Santa Clara,Santa Clara,CA,functional_with_objective_deficiency
engine-v2,car-washes,google_maps:data_id:0x808fc97f6260e4d3:0xfe6c75c5251ae525,DIMZY MOBILE DETAIL,+1-669-499-0051,https://www.instagram.com/dimzymobiledetail?igsh=NTc4MTIwNjQ2YQ%3D%3D&utm_source=qr,A,Santa Clara,Santa Clara,CA,third_party_only
engine-v2,car-washes,google_maps:data_id:0xa38fcd85e7dd09d1:0xc1e4901ce03b614,PS Car Detailing - Santa Clara CA,+1-408-688-8874,,A,Santa Clara,Fresno,CA,no_website_link_listed
engine-v2,car-washes,google_maps:data_id:0x808fcbdd42372439:0xdd1e84a2472960ae,Stevens Creek Xpress Car Wash,+1-408-610-1004,http://www.scxcr.com/,A,Santa Clara,Santa Clara,CA,broken_or_unreachable
engine-v2,car-washes,google_maps:data_id:0x808fb7ad309b39e3:0x8e1c4d76aac66798,Sunnyvale Car Wash,+1-408-888-8359,,A,Sunnyvale,Santa Clara,CA,no_website_link_listed
engine-v2,car-washes,google_maps:data_id:0x2500694d464754a5:0xff638be29b2cde69,Vicencio Mobile Detailing,+1-408-816-5107,,A,Sunnyvale,Santa Clara,CA,no_website_link_listed
engine-v2,car-washes,google_maps:data_id:0x808e1568acd079bd:0xee0b6a31feef17ea,Splash Car Wash,+1-831-226-1466,https://splashandwash.com/,B,Santa Cruz,Santa Cruz,CA,functional_with_objective_deficiency
engine-v2,car-washes,google_maps:data_id:0x808e1a568d015555:0xa3e5825c7f150eea,Fernandez Car Wash,+1-831-761-3895,https://instagram.com/fernandezcarwash?igshid=18kmr00xllhxu,A,Watsonville,Santa Cruz,CA,third_party_only
engine-v2,car-washes,google_maps:data_id:0x8817244c54664551:0xbd68b9dd7a08e883,Gold Label Auto Detail,+1-831-740-2982,,A,Watsonville,San Benito,CA,no_website_link_listed
engine-v2,car-washes,google_maps:data_id:0x808e1bdf7d1d73b1:0x2b1045d857780568,Los Toys Detailing,+1-831-319-9151,https://www.instagram.com/lostoysdetailing/?hl=en,A,Watsonville,Santa Cruz,CA,third_party_only
engine-v2,car-washes,google_maps:data_id:0x808e1b311238181b:0x65ba40b8f0e9c6a8,Pajaro Car Wash,+1-831-406-1320,,A,Watsonville,Monterey,CA,no_website_link_listed
engine-v2,car-washes,google_maps:data_id:0x808e1a558c00e8b5:0x8b28a9cace996294,Sofspra Car Wash,+1-888-999-3252,,A,Watsonville,Santa Cruz,CA,no_website_link_listed
engine-v2,car-washes,google_maps:data_id:0x4fe83fb4a6041e55:0xcc9214219a6cdd6a,Toys_auto_details,+1-831-284-9581,,A,Watsonville,Santa Cruz,CA,no_website_link_listed
engine-v2,car-washes,google_maps:data_id:0x54d2eceb9190f7bd:0xf420ca3a7fb4f9c6,Cypress Street Auto Wash,+1-530-247-1111,,A,Redding,Shasta,CA,no_website_link_listed
engine-v2,car-washes,google_maps:data_id:0x54d2edfc34015e19:0x1fec0021c46e0172,Kwik N Kleen Car Wash,+1-530-243-4211,,A,Redding,Shasta,CA,no_website_link_listed
engine-v2,car-washes,google_maps:data_id:0x54d2ebca09b517a1:0x49105e8c773f4de3,SasqWash Car Wash,+1-530-255-8774,https://www.thesasqwash.com/,B,Redding,Shasta,CA,functional_with_objective_deficiency
engine-v2,car-washes,google_maps:data_id:0x808573c72d1cdafd:0x91c8d3e0ce42865a,7 Flags Express Carwash,+1-707-552-2100,https://7flagscarwash.com/vallejo-express-car-wash,B,Benicia,Solano,CA,functional_with_objective_deficiency
engine-v2,car-washes,google_maps:data_id:0x80856e4ed2dcdbd5:0xc9ae7ac8c36e2f26,7 Flags Self-Service Car Wash - Benicia,+1-707-746-0777,http://www.7flagscarwash.com/,B,Benicia,Solano,CA,functional_with_objective_deficiency
engine-v2,car-washes,google_maps:data_id:0x808565752d5b53e9:0x7551eccaa282e464,7 Flags Self-Service Car Wash - Martinez,+1-925-228-4221,http://www.7flagscarwash.com/,B,Benicia,Contra Costa,CA,functional_with_objective_deficiency
engine-v2,car-washes,google_maps:data_id:0x808572fdb86fb3e3:0xbc741db44c48629f,7 Flags Self-Service Car Wash - Springs Rd,+1-707-557-5151,http://7flagscarwash.com/,B,Benicia,Solano,CA,functional_with_objective_deficiency
engine-v2,car-washes,google_maps:data_id:0x80856f89f185a7ed:0xc5308d0a13028dbc,Autopia Car Wash - Benicia,+1-707-751-1580,http://www.autopiacarwash.com/,B,Benicia,Solano,CA,functional_with_objective_deficiency
engine-v2,car-washes,google_maps:data_id:0x80857303f8bca057:0x6ef42c3f2d96a6f9,Hi Speed Detailing Car Wash,+1-415-579-4491,,A,Benicia,Solano,CA,no_website_link_listed
engine-v2,car-washes,google_maps:data_id:0x80856f64c05cc669:0xd6cfe0e7be9699c0,Not Your Normal Car Wash,+1-707-908-9626,http://www.notyournormalcarwash.com/,A,Benicia,Solano,CA,broken_or_unreachable
engine-v2,car-washes,google_maps:data_id:0x8085259acc423139:0xea3edab951c6235b,Splash Zone,+1-707-678-8576,,A,Dixon,Solano,CA,no_website_link_listed
engine-v2,car-washes,google_maps:data_id:0x808515451feb1007:0xd40cb6da877c9c46,7 Flags Express Car Wash,+1-707-770-1000,http://www.7flagscarwash.com/,B,Fairfield,Solano,CA,functional_with_objective_deficiency
engine-v2,car-washes,google_maps:data_id:0x8085153f11f914c7:0x4584918bcb43f5a3,Aguilar Mobile Detailing,+1-213-326-7840,,A,Fairfield,Solano,CA,no_website_link_listed
engine-v2,car-washes,google_maps:data_id:0xafe9f543e7e138eb:0xecb2923bd0248e88,Amplified Detailing,+1-707-656-5990,,A,Fairfield,Solano,CA,no_website_link_listed
engine-v2,car-washes,google_maps:data_id:0x8085159ae1c8475b:0x6f0f0a189f8fa901,Carl and Carl Customized Detail,+1-707-228-3802,,A,Fairfield,Solano,CA,no_website_link_listed
engine-v2,car-washes,google_maps:data_id:0x808517ea4e4d610d:0x8d1fb1fc55c581f5,LUX Mobile Car Wash,+1-707-703-0176,,A,Fairfield,Solano,CA,no_website_link_listed
engine-v2,car-washes,google_maps:data_id:0x8085143c02d82e9d:0x6e0799b0428db90f,Magic Wand Car Wash,+1-707-429-4446,,A,Fairfield,Solano,CA,no_website_link_listed
engine-v2,car-washes,google_maps:data_id:0x4a203e53f7aa15e3:0xb66467f2d2a63dbb,Newton’s Auto Details,+1-707-290-6828,https://www.newtonsautodetails.com/,B,Fairfield,Solano,CA,functional_with_objective_deficiency
engine-v2,car-washes,google_maps:data_id:0x4533152e94add8cb:0x7542761417289fea,RG Car Detailing,+1-415-757-8019,,A,Fairfield,Solano,CA,no_website_link_listed
engine-v2,car-washes,google_maps:data_id:0x80853d4a5b0499ed:0x4c65ae234309edc,7 Flags Express Car Wash,+1-707-451-2493,http://www.7flagscarwash.com/,B,Vacaville,Solano,CA,functional_with_objective_deficiency
engine-v2,car-washes,google_maps:data_id:0x80853d460d6646e1:0x2b7054f44ca21620,7 Flags Express Car Wash,+1-707-448-0104,http://7flagscarwash.com/,B,Vacaville,Solano,CA,functional_with_objective_deficiency
engine-v2,car-washes,google_maps:data_id:0x80853d0126332265:0x44b6ef111acd22c3,7 Flags Self Service Car Wash,+1-707-448-8199,http://www.7flagscarwash.com/,B,Vacaville,Solano,CA,functional_with_objective_deficiency
engine-v2,car-washes,google_maps:data_id:0x80853d4b96ff3b35:0x63afe54a8fc1b236,7 Flags Self Service Car Wash,+1-707-447-7113,http://www.7flagscarwash.com/,B,Vacaville,Solano,CA,functional_with_objective_deficiency
engine-v2,car-washes,google_maps:data_id:0x2269ca9d5377a8a5:0x80cbb59b9590fa24,Vacaville Luxe Detailing,+1-707-628-4382,,A,Vacaville,Solano,CA,no_website_link_listed
engine-v2,car-washes,google_maps:data_id:0x7d31c66c14200d1:0xea24d7fc1c13bbcf,jaquez mobile detailing services,+1-707-200-5015,,A,Vacaville,Solano,CA,no_website_link_listed
engine-v2,car-washes,google_maps:data_id:0x80850d8ce5ba73eb:0x5a22cf7f4aa45ec8,Horizon Car Wash,+1-415-233-0874,,A,Vallejo,Solano,CA,no_website_link_listed
engine-v2,car-washes,google_maps:data_id:0x80850d6210e1687d:0x3f35f5875db2f8ca,LJ’s mobile detailing service,+1-707-209-6766,,A,Vallejo,Solano,CA,no_website_link_listed
engine-v2,car-washes,google_maps:data_id:0x80850d4a7863b279:0x2a34674193f5fcb3,M&S Mobile Car Wash & Detailing,+1-707-534-8151,,A,Vallejo,Solano,CA,no_website_link_listed
engine-v2,car-washes,google_maps:data_id:0x88eda3778faf6441:0x4026f2a64f695cfa,Super Sudz Car Care LLC,+1-229-526-8508,,A,Vallejo,Solano,CA,no_website_link_listed
engine-v2,car-washes,google_maps:data_id:0x8085b1516673dd77:0x197b21dc2e4eaff2,Happy's Drive Thru Car Wash,+1-707-766-0481,https://www.happyswash.com/,B,Petaluma,Sonoma,CA,functional_with_objective_deficiency
engine-v2,car-washes,google_maps:data_id:0x8085ac3b9011da63:0x26dc360fddd899dc,Jolly Washer,+1-707-996-3337,http://www.jollywasher76.com/,B,Petaluma,Sonoma,CA,functional_with_objective_deficiency
engine-v2,car-washes,google_maps:data_id:0x80844a7a048d0663:0xa8be6a8e70e46a6d,LUV Car Wash - Commerce Blvd,+1-805-900-3525,https://www.splashexpress.com/splash-full-service-car-wash/,B,Petaluma,Sonoma,CA,functional_with_objective_deficiency
engine-v2,car-washes,google_maps:data_id:0x8085b6ab4d2dcefd:0xa1d46a6f7033e46d,Lakeville St. Touchless Car Wash,+1-707-931-1954,,A,Petaluma,Sonoma,CA,no_website_link_listed
engine-v2,car-washes,google_maps:data_id:0x8085b41b857ab979:0x4684048e1fe11e35,Raintree Car Wash Inc,+1-707-766-9862,http://getawash.com/,B,Petaluma,Sonoma,CA,functional_with_objective_deficiency
engine-v2,car-washes,google_maps:data_id:0x6f2444a55ee35615:0x93ee7672069c5f27,AutoMobil King Wash,+1-707-495-5097,,A,Rohnert Park,Sonoma,CA,no_website_link_listed
engine-v2,car-washes,google_maps:data_id:0x808449d6c2a1fc5d:0x3471e53158cb8a06,Avenue Car Wash,+1-707-585-0550,,A,Rohnert Park,Sonoma,CA,no_website_link_listed
engine-v2,car-washes,google_maps:data_id:0x80844b7be04d3075:0xe7a07f9320bcd7de,Gascue car detailing,+1-510-938-4102,https://instagram.com/gascuecardetailing?igshid=OGQ5ZDc2ODk2ZA==,A,Rohnert Park,Sonoma,CA,third_party_only
engine-v2,car-washes,google_maps:data_id:0x80844a7922ce92ff:0xf038093be14c828b,ProWash Car Wash,+1-707-664-8104,,A,Rohnert Park,Sonoma,CA,no_website_link_listed
engine-v2,car-washes,google_maps:data_id:0x808438f5b5990097:0x911af0d4ac65437c,Jolly Washer Express,+1-707-544-4425,,A,Santa Rosa,Sonoma,CA,no_website_link_listed
engine-v2,car-washes,google_maps:data_id:0x8084396954bd1c0f:0x6de6ba81ef41f6a0,Jp car Mobile detailing,+1-832-530-7294,,A,Santa Rosa,Sonoma,CA,no_website_link_listed
engine-v2,car-washes,google_maps:data_id:0x808449002ee232bd:0x57717bd8d820b8c5,Uncle Moe Mobile Car Wash,+1-707-634-4465,https://www.unclemoemobilecleaning.com/,A,Santa Rosa,Sonoma,CA,broken_or_unreachable
engine-v2,car-washes,google_maps:data_id:0x8090532ea0be928b:0x286f788a368867c5,Big Bear Car Wash Modesto - 7th Street,+1-209-778-7366,,A,Ceres,Stanislaus,CA,no_website_link_listed
engine-v2,car-washes,google_maps:data_id:0x809053c474be6543:0x144ecb91dc418698,Graffiti Wash,+1-209-444-4106,https://www.graffitiwashmodesto.com/,B,Ceres,Stanislaus,CA,functional_with_objective_deficiency
engine-v2,car-washes,google_maps:data_id:0x8091aad6650c5eed:0x729ef6062d4bbd4b,Prime Shine Car Wash,+1-209-531-9954,,A,Ceres,Stanislaus,CA,no_website_link_listed
engine-v2,car-washes,google_maps:data_id:0x8090558df7ed03ad:0x4a4109178c21ed00,Prime auto detailing 209,+1-209-496-1463,,A,Ceres,Stanislaus,CA,no_website_link_listed
engine-v2,car-washes,google_maps:data_id:0x2476c699534e0329:0x8587781ad47df858,Edddie Mobile detail,+1-209-480-7978,https://www.instagram.com/edddie_mobile_detail_209?igsh=NTc4MTIwNjQ2YQ%3D%3D&utm_source=qr,A,Modesto,Fresno,CA,third_party_only
engine-v2,car-washes,google_maps:data_id:0x8090543bed7f74af:0x19f52ef0a3da681c,Five Minute Car Wash,+1-209-577-1850,http://www.fiveminutecarwash.com/,B,Modesto,Stanislaus,CA,functional_with_objective_deficiency
engine-v2,car-washes,google_maps:data_id:0x809053fdd551df1f:0x27e9f70889e6c3a7,Modesto Hand Car Wash,+1-209-623-3495,https://www.facebook.com/pages/category/Car-Wash/Modesto-Hand-Car-Wash-Detail-528421180648548/,A,Modesto,Stanislaus,CA,third_party_only
engine-v2,car-washes,google_maps:data_id:0x2e31042fddac5ad7:0xed317fa050484a61,Chris P clean mobile detailing,+1-209-424-9897,,A,Oakdale,Stanislaus,CA,no_website_link_listed
engine-v2,car-washes,google_maps:data_id:0x8091b162b7efa285:0x4fa2a140bb05ad61,Prime Shine Car Wash,+1-209-549-9274,,A,Patterson,Stanislaus,CA,no_website_link_listed
engine-v2,car-washes,google_maps:data_id:0x8091074244c533c9:0x15464fa3ef9466ad,Bubble Clean Inc,+1-209-634-8300,,A,Turlock,Stanislaus,CA,no_website_link_listed
engine-v2,car-washes,google_maps:data_id:0x8091062ae2ced7b7:0xddccb2c87dd5e714,Fast Track Car Wash,+1-209-667-5491,http://www.fasttrackcarwash.com/,B,Turlock,Stanislaus,CA,functional_with_objective_deficiency
engine-v2,car-washes,google_maps:data_id:0x24ac25f12f9f9a03:0xe21c831d4985d2dc,SunValleyAutoSpa,+1-209-410-1965,,A,Turlock,Stanislaus,CA,no_website_link_listed
engine-v2,car-washes,google_maps:data_id:0x8084ab85f5eec61d:0x4159463d5d7ae1e,SignatureAutoCare,+1-530-933-7253,,A,Yuba City,Sutter,CA,no_website_link_listed
engine-v2,car-washes,google_maps:data_id:0x808284f419e76e13:0xc00e5c3dc1c4b680,Golden Touch,+1-530-529-3175,,A,Red Bluff,Tehama,CA,no_website_link_listed
engine-v2,car-washes,google_maps:data_id:0x80828397fe5b2f11:0x9b58e72255b224e2,Main Street Car Wash,+1-530-529-3002,https://mainstreetcarwashrb.com/,B,Red Bluff,Tehama,CA,functional_with_objective_deficiency
engine-v2,car-washes,google_maps:data_id:0x80eab844538c6925:0x7defff95c45c0e37,1st American Car Wash,+1-559-781-6950,,A,Porterville,Tulare,CA,no_website_link_listed
engine-v2,car-washes,google_maps:data_id:0x80eac7f95dc36cff:0x666753b81e5ff794,Chel’s Hydro Touch Car Wash,+1-559-789-9504,,A,Porterville,Tulare,CA,no_website_link_listed
engine-v2,car-washes,google_maps:data_id:0x80eaa38df4d33773:0xf7a56cfd51a4addb,Full Service Car Wash,+1-559-792-6957,,A,Porterville,Tulare,CA,no_website_link_listed
engine-v2,car-washes,google_maps:data_id:0x80eab85cc7690b0d:0xad2a5d269964bba8,Mario Hand Car Wash,+1-619-793-8719,,A,Porterville,Tulare,CA,no_website_link_listed
engine-v2,car-washes,google_maps:data_id:0x80eab83eade78a53:0xeb1fdc50bfe2ce15,Personal Touch Hand Car Wash,+1-559-202-6991,,A,Porterville,Tulare,CA,no_website_link_listed
engine-v2,car-washes,google_maps:data_id:0x80eacae3196133f5:0x91e25964791366bc,Stars & Stripes Car Wash,+1-559-838-0123,,A,Porterville,Tulare,CA,no_website_link_listed
engine-v2,car-washes,google_maps:data_id:0x80952b9fc3d83c49:0x883c3e7554014fd7,Paradise Auto Spa,+1-559-467-5555,https://paradiseautowash.com/,B,Tulare,Tulare,CA,functional_with_objective_deficiency
engine-v2,car-washes,google_maps:data_id:0x80952b1d9e65db23:0xc9f08af5d5097b26,US TRUCK WASH & Repair,+1-929-386-9071,,A,Tulare,Tulare,CA,no_website_link_listed
engine-v2,car-washes,google_maps:data_id:0x809525fbccabb33b:0x156d411f0e88f467,Bubble Zone Car Wash,+1-559-623-9355,http://www.bubblezonecarwash.com/,B,Visalia,Tulare,CA,functional_with_objective_deficiency
engine-v2,car-washes,google_maps:data_id:0x80952f813f2c8d61:0x2dc0de58f7f5cefe,Champs Express Car Wash,+1-559-740-7800,http://champscarwash.com/,B,Visalia,Tulare,CA,functional_with_objective_deficiency
engine-v2,car-washes,google_maps:data_id:0x61cfdd0faf0333d7:0x79923977d24b09fd,Cypress Car Wash,+1-559-734-2210,https://cypresscarwash.info/,B,Visalia,Tulare,CA,functional_with_objective_deficiency
engine-v2,car-washes,google_maps:data_id:0x2476b0837ee033df:0xffa0007813c1d6cf,Kyng Detail & Shine,+1-559-502-5831,https://carwashdetail.org/,A,Visalia,Tulare,CA,broken_or_unreachable
engine-v2,car-washes,google_maps:data_id:0x68d14f3560da7f9d:0x53ee3379147ec17a,Lucky mobile carwash,+1-559-205-4613,https://luckymobilecarwash.com/,A,Visalia,Tulare,CA,broken_or_unreachable
engine-v2,car-washes,google_maps:data_id:0x80952ffed54a14e5:0xac2565b0190f7fb7,Nicole’s Mobile Detailing,+1-559-730-1790,,A,Visalia,Tulare,CA,no_website_link_listed
engine-v2,car-washes,google_maps:data_id:0x80952500182b1ab9:0x933e66bceba7cf65,Rubio’s Mobile Detailing,+1-559-723-8970,https://detail-mobile--grubio0823.replit.app/,B,Visalia,Tulare,CA,functional_with_objective_deficiency
engine-v2,car-washes,google_maps:data_id:0x80952f1c7baecaf7:0xc9cfe6cfa9f6e0ef,"Signature Auto Detail Supplies (Visalia, CA)",+1-559-372-7222,https://www.signaturedetailco.com/,B,Visalia,Tulare,CA,functional_with_objective_deficiency
engine-v2,car-washes,google_maps:data_id:0x8095257cd4a69311:0xcb08a02a88c762e7,Super Car Wash,+1-559-741-3540,,A,Visalia,Tulare,CA,no_website_link_listed
engine-v2,car-washes,google_maps:data_id:0x8094d9737a88a3cf:0x8d4bd69f10c2ba1f,VALLEY TRUCK WASH&RV INC,+1-559-991-6523,,A,Visalia,Tulare,CA,no_website_link_listed
engine-v2,car-washes,google_maps:data_id:0x80e84e850856926b:0x7293b375c49569e2,All American Car Wash,+1-805-487-5411,,A,Oxnard,Ventura,CA,no_website_link_listed
engine-v2,car-washes,google_maps:data_id:0x80e84f39b125b0bd:0xd9a764290ba64fe9,C100 mobile services,+1-805-401-3664,,A,Oxnard,Ventura,CA,no_website_link_listed
engine-v2,car-washes,google_maps:data_id:0x80e84fea36a783c3:0x563ed8d32802b667,Don Gato Detailing,+1-805-512-0771,https://facebook.com/Jorge%20Caballero,A,Oxnard,Ventura,CA,third_party_only
engine-v2,car-washes,google_maps:data_id:0x80e84f5bbc895847:0x996e8385c2a74242,Donys Mobile Car Wash,+1-805-212-6857,,A,Oxnard,Ventura,CA,no_website_link_listed
engine-v2,car-washes,google_maps:data_id:0x80ec6b23f613b39f:0xa76439751f3aaf8b,GENERAL AUTO CLEANING,+1-805-336-7579,https://generalautocleaning.com/qr/,B,Oxnard,Santa Barbara,CA,functional_with_objective_deficiency
engine-v2,car-washes,google_maps:data_id:0x80e84f55a0cca5bf:0x5e65a58a9c86e072,LOPEZ CAR WASH,+1-805-401-9687,,A,Oxnard,Ventura,CA,no_website_link_listed
engine-v2,car-washes,google_maps:data_id:0xfc5a9cdcb3f52cf:0x9a0a06709008da23,Matts Mobile Carwash and Detailing,+1-805-914-3178,,A,Oxnard,Ventura,CA,no_website_link_listed
engine-v2,car-washes,google_maps:data_id:0x80e84f719f30c2b7:0x51e53c45efc925c2,Maxpro detailing,+1-805-790-2817,,A,Oxnard,Ventura,CA,no_website_link_listed
engine-v2,car-washes,google_maps:data_id:0x80e84f39eb37efb3:0x58f609daa954519,Oxnard Mobile Detailing,+1-805-891-3462,,A,Oxnard,Ventura,CA,no_website_link_listed
engine-v2,car-washes,google_maps:data_id:0x74ec188fa631d19:0xc1abaa1bd997ebe2,R2 Mobile Car Wash,+1-805-790-4490,,A,Oxnard,Ventura,CA,no_website_link_listed
engine-v2,car-washes,google_maps:data_id:0x80e84d19e7343c01:0x75d8ca011678afa5,Sparkling Image Car Wash,+1-805-654-9992,http://www.sparklingimage.com/,B,Oxnard,Ventura,CA,functional_with_objective_deficiency
engine-v2,car-washes,google_maps:data_id:0x80e84fe11fe9159d:0x201031893b6eac65,Teodoro car wash & detailing,+1-805-760-6500,,A,Oxnard,Ventura,CA,no_website_link_listed
engine-v2,car-washes,google_maps:data_id:0x80e84dd56efd9033:0xfe0a465447f6d702,The uncle móvil car wash,+1-805-663-2401,,A,Oxnard,Ventura,CA,no_website_link_listed
engine-v2,car-washes,google_maps:data_id:0x80e84d3ff5b3adad:0x23f4c51d081ad601,Ventura Self Service Car Wash & Vacuums - Montalvo,+1-805-827-5691,https://www.raintunnelcarwashes.com/ventura-montalvo-self-serve-car-wash,B,Oxnard,Ventura,CA,functional_with_objective_deficiency
engine-v2,car-washes,google_maps:data_id:0x80e82ed2820af5eb:0x6c715137508afbdc,C Me Self Services Car Wash,+1-805-813-1115,,A,Simi Valley,Ventura,CA,no_website_link_listed
engine-v2,car-washes,google_maps:data_id:0x80c29fc4991c1c5f:0xc19885f6bf069c53,Calabasas Auto Spa and Detail,+1-818-222-3877,http://www.calabasasautospa.com/,B,Simi Valley,Los Angeles,CA,functional_with_objective_deficiency
engine-v2,car-washes,google_maps:data_id:0x80e82fff8c7e0429:0xd9935d887a116dfb,Javier Car Wash,+1-805-368-3560,,A,Simi Valley,Ventura,CA,no_website_link_listed
engine-v2,car-washes,google_maps:data_id:0x80e8333931fa139b:0x679493a4df46264a,Platinum Car Wash,+1-805-824-0000,,A,Simi Valley,Ventura,CA,no_website_link_listed
engine-v2,car-washes,google_maps:data_id:0x80e8297cbb09b7cf:0xc81073898efc02f7,Real car wash and detail,+1-805-906-1741,,A,Simi Valley,Ventura,CA,no_website_link_listed
engine-v2,car-washes,google_maps:data_id:0x8de624fd205ef203:0x8ae936ee38c5658f,Wave Mobile Wash,+1-818-564-7823,https://www.wavemobilewash.com/,A,Simi Valley,Ventura,CA,broken_or_unreachable
engine-v2,car-washes,google_maps:data_id:0x80e83ab6590b4421:0x5c4e27b5fbd1137f,Conejo Car Wash Self-Services,+1-805-497-6383,http://conejocarwash.com/,B,Thousand Oaks,Ventura,CA,functional_with_objective_deficiency
engine-v2,car-washes,google_maps:data_id:0x80e83b45019bb189:0x3e89e118a71f0966,Elite Express Car Wash,+1-818-963-8087,https://www.eliteexpresscarwash.com/,B,Thousand Oaks,Ventura,CA,functional_with_objective_deficiency
engine-v2,car-washes,google_maps:data_id:0x63abb13312e986f7:0xd6e1690df9c1ccca,R&M Detailing,+1-818-661-8374,https://sites.google.com/view/r-and-m-detailing/home,B,Thousand Oaks,Ventura,CA,functional_with_objective_deficiency
engine-v2,car-washes,google_maps:data_id:0x80e831e87a966b0f:0x4ab8232e15b97297,Revive by L&M,+1-818-255-6995,,A,Thousand Oaks,Ventura,CA,no_website_link_listed
engine-v2,car-washes,google_maps:data_id:0x44735584d24b6bbd:0x7cbfd7205246b8c9,Shine on car wash and detail,+1-805-416-9917,,A,Thousand Oaks,San Benito,CA,no_website_link_listed
engine-v2,car-washes,google_maps:data_id:0x80e8251efbc1f2fd:0x5bae24aa9ee93b4e,Sparkling Image Car Wash,+1-805-495-5110,http://www.sparklingimage.com/,B,Thousand Oaks,Ventura,CA,functional_with_objective_deficiency
engine-v2,car-washes,google_maps:data_id:0x80e83aa4a23a8a61:0x5bf508c12762090e,Sparkling Image Car Wash,+1-805-379-4900,http://www.sparklingimage.com/,B,Thousand Oaks,Ventura,CA,functional_with_objective_deficiency
engine-v2,car-washes,google_maps:data_id:0x67b9827b0f834957:0xd515982346a22520,Exotics mobile detailing,+1-805-722-8346,,A,Ventura,Santa Barbara,CA,no_website_link_listed
engine-v2,car-washes,google_maps:data_id:0x4aff29154d351cf:0x2e4be8d52815a66f,MUNOZ MOBILE DETAILING 805,+1-805-212-8912,,A,Ventura,Ventura,CA,no_website_link_listed
engine-v2,car-washes,google_maps:data_id:0x80e852a9a4425a45:0xe7c3c2e200bd825c,Sparkling Image Car Wash,+1-805-658-2183,http://www.sparklingimage.com/,B,Ventura,Ventura,CA,functional_with_objective_deficiency
engine-v2,car-washes,google_maps:data_id:0x80e9adf375988c17:0xffc8a06a1a29c0fb,The Wash Express Car Wash,+1-805-263-2666,https://thewashnextlevel.com/,B,Ventura,Ventura,CA,functional_with_objective_deficiency
engine-v2,car-washes,google_maps:data_id:0x80852bda46765f63:0x8c74f3e235394d09,Sunny's Car Wash,+1-530-797-4788,https://sunnyscleancar.com/,B,Davis,Yolo,CA,functional_with_objective_deficiency
engine-v2,car-washes,google_maps:data_id:0x21cf2e4eadacddef:0x42209242dabeaccd,PR CAR detailing,+1-916-890-4179,,A,West Sacramento,Sacramento,CA,no_website_link_listed
engine-v2,car-washes,google_maps:data_id:0x8084d0d89d3adc81:0xaa1626a0d68f4fef,Rol's Auto Bath,+1-530-666-2438,,A,Woodland,Yolo,CA,no_website_link_listed
engine-v2,car-washes,google_maps:data_id:0x8084aca631892493:0xe9d681bf527299e,Surf Thru Express Car Wash,+1-530-329-8539,https://www.surfthruexpress.com/,B,Marysville,Sutter,CA,functional_with_objective_deficiency
engine-v2,car-washes,google_maps:data_id:0x809b53ea7d4f7231:0xa88b063fcd47c73c,auto detailing moncho,+1-352-818-7756,,A,Marysville,Sutter,CA,no_website_link_listed
engine-v2,car-washes,google_maps:data_id:0x47029d6f3adf162f:0xec97872443be6deb,juniorsautopremieredetailing,+1-530-301-5164,,A,Marysville,Yuba,CA,no_website_link_listed
engine-v2,car-washes,google_maps:data_id:0x54a4eecc9b9e7a4f:0xcf3eee19d0b4516d,Humbles Car Wash,+1-541-523-3276,,A,Baker City,Baker,OR,no_website_link_listed
engine-v2,car-washes,google_maps:data_id:0x54c0407e4e4441c5:0x76237bb9c7774b36,Kaady Car Washes,+1-541-207-3097,http://www.kaady.com/,B,Corvallis,Benton,OR,functional_with_objective_deficiency
engine-v2,car-washes,google_maps:data_id:0x54957580d6586755:0x896043c616c90182,Classic Car Wash,+1-503-659-3021,,A,Happy Valley,Clackamas,OR,no_website_link_listed
engine-v2,car-washes,google_maps:data_id:0x5495a03ca174a843:0xca893aea62cf8fa7,Eco Car Wash,+1-503-666-9596,http://ecocarwash.com/,B,Happy Valley,Multnomah,OR,functional_with_objective_deficiency
engine-v2,car-washes,google_maps:data_id:0x5495757714b257cb:0x6e63f0324b87ad96,Pinky's Car Wash,+1-503-653-1669,,A,Happy Valley,Clackamas,OR,no_website_link_listed
engine-v2,car-washes,google_maps:data_id:0x549575c2ae084581:0xe01ffeffcec1b865,Red Barn Car Wash,+1-503-212-2019,,A,Happy Valley,Clackamas,OR,no_website_link_listed
engine-v2,car-washes,google_maps:data_id:0x5495778d5f37e807:0x1ea49600cd82104c,Touchless Car Wash,+1-503-409-3525,,A,Happy Valley,Clackamas,OR,no_website_link_listed
engine-v2,car-washes,google_maps:data_id:0x4a90ea2914471da9:0x5c2db8e15b7a86a7,HB platinum detailing,+1-503-351-0840,,A,Lake Oswego,Clackamas,OR,no_website_link_listed
engine-v2,car-washes,google_maps:data_id:0x54957496bfc6647d:0x1a83beeedd1f7f86,Kaady Car Washes,+1-503-636-9282,http://www.kaady.com/,B,Lake Oswego,Clackamas,OR,functional_with_objective_deficiency
engine-v2,car-washes,google_maps:data_id:0x549572e6c04a4001:0x95ea9a6578fff281,Kaady Car Washes,+1-503-635-6506,http://www.kaady.com/,B,Lake Oswego,Clackamas,OR,functional_with_objective_deficiency
engine-v2,car-washes,google_maps:data_id:0x54950d52f285e261:0x1e210c32427bc36f,Kaady Car Washes,+1-503-624-0598,http://www.kaady.com/,B,Lake Oswego,Washington,OR,functional_with_objective_deficiency
engine-v2,car-washes,google_maps:data_id:0x54956d7d1e1fb91d:0x3a5d5bfa5645f766,Kaady Car Washes,+1-503-482-5441,http://www.kaady.com/,B,Lake Oswego,Washington,OR,functional_with_objective_deficiency
engine-v2,car-washes,google_maps:data_id:0x5495728b7551b295:0xc80ca974eeb308d0,Kaady Car Washes,+1-503-691-2676,http://www.kaady.com/,B,Lake Oswego,Washington,OR,functional_with_objective_deficiency
engine-v2,car-washes,google_maps:data_id:0x54957441f6e83701:0x209ccaca5a5ace67,Scrubby's Car Wash,+1-503-652-2699,http://scrubbyscarwash.com/,A,Lake Oswego,Clackamas,OR,broken_or_unreachable
engine-v2,car-washes,google_maps:data_id:0x549570cfbabaf439:0x3eaf8a844f772c6b,Oregon City Car Wash,+1-503-650-6526,,A,Oregon City,Clackamas,OR,no_website_link_listed
engine-v2,car-washes,google_maps:data_id:0x549570cefb70dfbb:0x261ea790463b530,Pioneer Car Wash,+1-503-656-2010,,A,Oregon City,Clackamas,OR,no_website_link_listed
engine-v2,car-washes,google_maps:data_id:0x54957695f64cc6fb:0xf9cc482df00342e5,Red Barn Car Wash,+1-503-210-4452,,A,Oregon City,Clackamas,OR,no_website_link_listed
engine-v2,car-washes,google_maps:data_id:0x5495710ca0e2ae29:0xc03d74d83cf590db,Willamette Car Wash,+1-503-557-1337,,A,Oregon City,Clackamas,OR,no_website_link_listed
engine-v2,car-washes,google_maps:data_id:0x549585fe84f07cb3:0xbb488b1f7a922222,Small Change Car Wash,+1-503-348-9958,,A,Sandy,Clackamas,OR,no_website_link_listed
engine-v2,car-washes,google_maps:data_id:0x54959ad2b16534f5:0x9020ace7b202299e,Washman Car Wash | Sandy,+1-503-826-1540,http://www.washmanusa.com/sandy.html,A,Sandy,Clackamas,OR,broken_or_unreachable
engine-v2,car-washes,google_maps:data_id:0x549364c707f6dc0f:0xceb3daabfb88f2c1,Astoria EcoWash,+1-503-338-8329,,A,Astoria,Clatsop,OR,no_website_link_listed
engine-v2,car-washes,google_maps:data_id:0x5494a1d1876e6469:0xb926d18544ab3115,Seaside Car Wash,+1-503-717-5676,https://hcarwash.squarespace.com/,B,Seaside,Clatsop,OR,functional_with_objective_deficiency
engine-v2,car-washes,google_maps:data_id:0x54944fd43298af23:0xe9470f5e2bfbf53a,Easy2Wash,+1-971-238-9840,https://www.facebook.com/E2WSaintHelens,A,St. Helens,Columbia,OR,third_party_only
engine-v2,car-washes,google_maps:data_id:0x54c38690bbd2e9f5:0x98216d67d41e923,Diamond Shine Car Wash,+1-541-404-7115,,A,Coos Bay,Coos,OR,no_website_link_listed
engine-v2,car-washes,google_maps:data_id:0x54c385cce89902c5:0x939ff349a23dbeda,Hot Stuff Car Wash,+1-541-269-5065,,A,Coos Bay,Coos,OR,no_website_link_listed
engine-v2,car-washes,google_maps:data_id:0x54b933a664ec9ac7:0x9e084ecb44a81299,King's Car Wash,+1-541-447-5823,,A,Prineville,Crook,OR,no_website_link_listed
engine-v2,car-washes,google_maps:data_id:0x81e9d872ca61a5cb:0x125fd0ff36b7a8fd,Pure Mobile Detailing,+1-541-633-6882,https://bendpmd.com/,B,Prineville,Deschutes,OR,functional_with_objective_deficiency
engine-v2,car-washes,google_maps:data_id:0x6d9489f52d056f23:0x99b757018fb1d9e0,Spot-on mobile auto detailing,+1-541-675-8730,https://facebook.com/SpotOnMobiledetailing,A,Prineville,Deschutes,OR,third_party_only
engine-v2,car-washes,google_maps:data_id:0x54b93308cdee6a89:0x58cd5242e2061d14,Thoroughbred Express Auto Wash,+1-800-625-0203,https://thoroughbredexpress.com/,B,Prineville,Crook,OR,functional_with_objective_deficiency
engine-v2,car-washes,google_maps:data_id:0x54daa1e9c400d96b:0x6adafc513f96bedd,Betsy Bubble Bath Car Wash,+1-541-251-4446,https://app.everwash.com/app,B,Brookings,Curry,OR,functional_with_objective_deficiency
engine-v2,car-washes,google_maps:data_id:0x54b8c731d5c4ab1b:0xcbadbbcb36d3c023,Blue Surge Carwash,+1-206-450-6494,,A,Bend,Deschutes,OR,no_website_link_listed
engine-v2,car-washes,google_maps:data_id:0x54b8c7b376bfafbf:0x23391a13e6a84951,Cascade Car Wash,+1-541-389-9089,,A,Bend,Deschutes,OR,no_website_link_listed
engine-v2,car-washes,google_maps:data_id:0x81f1b713e10e7c0f:0xa670fbc101c9a399,"Johnny & Sons Enterprises, LLC",+1-458-600-6180,,A,Bend,Deschutes,OR,no_website_link_listed
engine-v2,car-washes,google_maps:data_id:0x54b8c89fff7f3e7f:0x3ee3aa08a2585bfa,Red Carpet Car Wash North,+1-541-317-5550,http://www.bendredcarpetcarwash.com/,B,Bend,Deschutes,OR,functional_with_objective_deficiency
engine-v2,car-washes,google_maps:data_id:0x54b8c6309ccbbaf5:0x6ee85994c964e5e8,Red Carpet Car Wash South,+1-541-382-8654,http://www.bendredcarpetcarwash.com/,B,Bend,Deschutes,OR,functional_with_objective_deficiency
engine-v2,car-washes,google_maps:data_id:0x54b8c7fd528a4e49:0x2d125639b943204b,Splash n' Dash Car Wash,+1-541-647-7190,https://hcarwash.squarespace.com/,B,Bend,Deschutes,OR,functional_with_objective_deficiency
engine-v2,car-washes,google_maps:data_id:0x54bf2ae90df8f6a3:0x54f8e3cfa8e89bad,Choice Car Wash,+1-541-526-1368,,A,Redmond,Deschutes,OR,no_website_link_listed
engine-v2,car-washes,google_maps:data_id:0x6129d0224fdc5be9:0x73a43deb469d2f29,Deschutes Mobile Detailing,+1-541-390-8525,https://deschutesmobiledetailing.com/,B,Redmond,Deschutes,OR,functional_with_objective_deficiency
engine-v2,car-washes,google_maps:data_id:0xa798629b69dbf823:0x5556f6352ac52bba,Elevated Auto Spa,+1-541-480-3085,https://elevatedautospaco.com/,A,Redmond,Deschutes,OR,broken_or_unreachable
engine-v2,car-washes,google_maps:data_id:0x54b8d5a7a12c4cf5:0xd634b3327d9871bb,Thoroughbred Express Auto Wash,+1-270-731-3061,https://thoroughbredexpress.com/,B,Redmond,Deschutes,OR,functional_with_objective_deficiency
engine-v2,car-washes,google_maps:data_id:0x54b8d4bbec4c459b:0x4f9c6602de70c7e1,Ultra Car Wash,+1-541-526-1522,https://ultracarwash.weebly.com/,B,Redmond,Deschutes,OR,functional_with_objective_deficiency
engine-v2,car-washes,google_maps:data_id:0x54c4228491cb582f:0xbddfc9bf3951d03c,Champion Car Wash,+1-541-672-5127,https://championcarwashroseburg.com/,B,Roseburg,Douglas,OR,functional_with_objective_deficiency
engine-v2,car-washes,google_maps:data_id:0x54960ef56dae2cd7:0xee1ef15e38b76c00,Classic Car Wash,+1-541-386-2228,https://www.coolestcarwash.com/,B,Hood River,Hood River,OR,functional_with_objective_deficiency
engine-v2,car-washes,google_maps:data_id:0x54cf0c979c64c6df:0x278013a556643821,Ashland Buggy Bath,+1-541-841-0653,,A,Ashland,Jackson,OR,no_website_link_listed
engine-v2,car-washes,google_maps:data_id:0x54cf7c12b956ccff:0x5a25a004c206991e,Central Point Car Wash,+1-541-282-3473,,A,Central Point,Jackson,OR,no_website_link_listed
engine-v2,car-washes,google_maps:data_id:0x54cf7bcb856b1993:0xffdf12ea2e7dd70a,Crater Car Wash,+1-541-857-9274,http://cratercarwash.com/,B,Central Point,Jackson,OR,functional_with_objective_deficiency
engine-v2,car-washes,google_maps:data_id:0x54cf7d787a762b35:0x403229907f803fbe,Expert Truck and RV Wash,+1-541-601-7392,,A,Central Point,Jackson,OR,no_website_link_listed
engine-v2,car-washes,google_maps:data_id:0x54cf7a1bcbb1ff95:0x7ee729505721bfeb,Quench & Drench,+1-541-608-2885,https://www.quenchanddrench.com/?utm_source=SMG&utm_medium=GBP&utm_campaign=CC,B,Central Point,Jackson,OR,functional_with_objective_deficiency
engine-v2,car-washes,google_maps:data_id:0x54cf7ce7f0b24fe5:0x1d41b413da9a40a4,Spray Kleen Auto Wash,+1-541-778-2613,,A,Central Point,Jackson,OR,no_website_link_listed
engine-v2,car-washes,google_maps:data_id:0x54cf7bf3f4f97eef:0xa26d2766120e9304,Gera's Carwash,+1-541-613-5056,https://gerascarwash.com/,A,Medford,Jackson,OR,broken_or_unreachable
engine-v2,car-washes,google_maps:data_id:0x54bee9e26a0f2a71:0xf2d8ee09d21a86c5,Splash N' Dash Car Wash,+1-503-647-7190,https://hcarwash.squarespace.com/splash-n-dash-of-madras,B,Madras,Jefferson,OR,functional_with_objective_deficiency
engine-v2,car-washes,google_maps:data_id:0x54c57b79c5e755bd:0xfc778f738b070516,Paradise Car Wash,+1-541-479-4168,http://paradisecarwashandexpresslube.com/,B,Grants Pass,Josephine,OR,functional_with_objective_deficiency
engine-v2,car-washes,google_maps:data_id:0x54c57b25e02cb905:0xb05b147e34b09cba,Rogue Carwash,+1-541-507-1103,http://roguecarwash.com/,B,Grants Pass,Josephine,OR,functional_with_objective_deficiency
engine-v2,car-washes,google_maps:data_id:0x54c579faec3a4ed3:0x1e8d29bef4822bcb,Solar Car Wash,+1-541-940-5436,,A,Grants Pass,Josephine,OR,no_website_link_listed
engine-v2,car-washes,google_maps:data_id:0x54c579736ee76743:0x5d662acebad80ac6,Whale Wash Touchless Car Wash,+1-541-444-3033,http://automatedcarwashgrantspass.com/,B,Grants Pass,Josephine,OR,functional_with_objective_deficiency
engine-v2,car-washes,google_maps:data_id:0x54c8d59c3969c603:0xcd83ddc09f93ed34,Econ-O-Wash Car Wash & Landromat,+1-541-892-2316,http://www.econowashklamathfalls.com/,B,Klamath Falls,Klamath,OR,functional_with_objective_deficiency
engine-v2,car-washes,google_maps:data_id:0x54c8d58e36fe46a3:0xa349fa0635153786,Ever Clean Car Wash,+1-541-884-3847,,A,Klamath Falls,Klamath,OR,no_website_link_listed
engine-v2,car-washes,google_maps:data_id:0x54c131cd270c89ab:0x2c35e5494b041b35,Sud-N-Shine Automatic Car Wash,+1-541-942-7270,,A,Cottage Grove,Lane,OR,no_website_link_listed
engine-v2,car-washes,google_maps:data_id:0x54c13150f97f4185:0x4df38638a36347ee,The Detail Shop,+1-541-649-2866,,A,Cottage Grove,Lane,OR,no_website_link_listed
engine-v2,car-washes,google_maps:data_id:0x54c0e2658f9d5231:0x3ac617c256adfedd,Delta Car Wash,+1-541-600-4275,,A,Eugene,Lane,OR,no_website_link_listed
engine-v2,car-washes,google_maps:data_id:0x54c11d7c4b016695:0x546c945797ec3d88,Fast Track Car Wash,+1-541-688-9095,http://www.fasttrackcarwashoregon.com/,B,Eugene,Lane,OR,functional_with_objective_deficiency
engine-v2,car-washes,google_maps:data_id:0x54c11e7f42a2e79b:0x6a06d019369d258d,Fast Track Car Wash,+1-541-686-6150,http://www.fasttrackcarwashoregon.com/,B,Eugene,Lane,OR,functional_with_objective_deficiency
engine-v2,car-washes,google_maps:data_id:0x54c11d85f21556e5:0x7f6fa9006e350e48,Soapy Cove Car Wash,+1-541-246-8470,https://bluewaveexpress.com/,B,Eugene,Lane,OR,functional_with_objective_deficiency
engine-v2,car-washes,google_maps:data_id:0x54c0e1bb69100001:0xb3c3574ba7645e76,The Wash,+1-541-746-7123,https://thewashoregon.com/,B,Eugene,Lane,OR,functional_with_objective_deficiency
engine-v2,car-washes,google_maps:data_id:0x54c11e9d15b1d1c7:0x8824347ef050fb5b,Westside Carwash Inc,+1-541-344-5872,,A,Eugene,Lane,OR,no_website_link_listed
engine-v2,car-washes,google_maps:data_id:0x54c18011d8291ce5:0xc288ca955cb36948,Car Wash & Shine,+1-541-999-6071,,A,Florence,Lane,OR,no_website_link_listed
engine-v2,car-washes,google_maps:data_id:0x54c0e0afa7d5e163:0x60f593d19bf30af8,Thurston Car Wash,+1-541-650-6311,,A,Springfield,Lane,OR,no_website_link_listed
engine-v2,car-washes,google_maps:data_id:0x54ea8df0f0adb7b7:0x82964e4733e7f9ed,Circle K | Car Wash,+1-866-371-2205,https://www.circlek.com/store-locator/US/lincoln-city/1410-se-hwy-101/2709646?utm_source=google&utm_medium=local&utm_campaign=google-local,B,Lincoln City,Lincoln,OR,functional_with_objective_deficiency
engine-v2,car-washes,google_maps:data_id:0xa29570d655d8f9c3:0x4a9ffda80acdd420,Legacy shine auto detailing,+1-541-961-8118,,A,Newport,Lincoln,OR,no_website_link_listed
engine-v2,car-washes,google_maps:data_id:0x54c06deeb591138f:0x33b44ed3c74d8dcf,AP Auto Detailing,+1-541-905-3220,,A,Albany,Linn,OR,no_website_link_listed
engine-v2,car-washes,google_maps:data_id:0x54c06b44b1044ad9:0x6a1645780f1a988,Four Seasons Car Wash,+1-541-926-1183,http://fourseasonsalbany.com/,B,Albany,Linn,OR,functional_with_objective_deficiency
engine-v2,car-washes,google_maps:data_id:0x54c013f20b2d0d05:0xa8d249030caca981,Happy's Drive Thru Car Wash,+1-541-791-7636,https://www.happyswash.com/,B,Albany,Linn,OR,functional_with_objective_deficiency
engine-v2,car-washes,google_maps:data_id:0x54af8fb2894f5557:0x1a34d133b4839fec,B & W Car Wash,+1-208-405-9865,,A,Ontario,Malheur,OR,no_website_link_listed
engine-v2,car-washes,google_maps:data_id:0x54af8fc8bbf41bd3:0x61e9ebf4381a1135,Superior Truck Wash,+1-541-971-4111,,A,Ontario,Malheur,OR,no_website_link_listed
engine-v2,car-washes,google_maps:data_id:0x54bfff9fd6217227:0xde4318f4d015fb94,Blue Elephant Car Wash,+1-503-689-1511,http://www.blueelephantcarwash.com/,B,Keizer,Marion,OR,functional_with_objective_deficiency
engine-v2,car-washes,google_maps:data_id:0x54bfff79d46b9447:0xa8a017f2cf83091c,John's Car Wash,+1-503-480-3228,http://www.johnscarwash.com/,B,Keizer,Marion,OR,functional_with_objective_deficiency
engine-v2,car-washes,google_maps:data_id:0x54bfffbd4aa22257:0x966343fb4b6396cb,Keizer Car Wash,+1-971-600-6535,,A,Keizer,Marion,OR,no_website_link_listed
engine-v2,car-washes,google_maps:data_id:0x54bffddf336c0001:0x54491fb37fed4d0b,Splash wash,+1-503-304-1884,http://splashwashsalem.com/about-us.html,B,Keizer,Marion,OR,functional_with_objective_deficiency
engine-v2,car-washes,google_maps:data_id:0x54bfff0f0047caed:0xe5cbeae8c4b7b4bf,Strickly Detailing Services,+1-503-979-9336,,A,Keizer,Marion,OR,no_website_link_listed
engine-v2,car-washes,google_maps:data_id:0x54c0077349056f9d:0xad37ee861169f8,Johns Car Wash,+1-503-581-6091,http://www.johnscarwash.com/,B,Salem,Marion,OR,functional_with_objective_deficiency
engine-v2,car-washes,google_maps:data_id:0x54c0076d0ab7d4a7:0xb2a94c79ef5a6e0,Prowash Car Wash,+1-503-581-4749,,A,Salem,Marion,OR,no_website_link_listed
engine-v2,car-washes,google_maps:data_id:0x54bff8ccebe33db5:0x3fe049a09cf8b56f,Roberson Carwash,+1-503-316-1361,http://robersoncarwash.com/,B,Salem,Marion,OR,functional_with_objective_deficiency
engine-v2,car-washes,google_maps:data_id:0x54bffed40f823cbd:0x5a8dbc931a98b665,Soap N Suds Car Wash,+1-503-798-0871,https://www.soapandsuds.net/,B,Salem,Marion,OR,functional_with_objective_deficiency
engine-v2,car-washes,google_maps:data_id:0x54955d89cad862a5:0xbbab11f839e13a5,Drive In Car Wash & Auto Detailing,+1-971-338-8164,http://www.thedriveincarwash.com/,B,Woodburn,Marion,OR,functional_with_objective_deficiency
engine-v2,car-washes,google_maps:data_id:0x549567caeab90ca1:0x7e1add13cf1efbbf,New era car wash movile,+1-503-990-0792,,A,Woodburn,Marion,OR,no_website_link_listed
engine-v2,car-washes,google_maps:data_id:0x54959900788b0337:0xbcc5ed76624422fc,Arango Auto Detail,+1-503-572-5038,https://arangoautodetail.jobbersites.com/,B,Gresham,Multnomah,OR,functional_with_objective_deficiency
engine-v2,car-washes,google_maps:data_id:0x23ec444a062861f5:0x4cddd86ff35d67,Cho Bros Exterior Cleaning,+1-503-683-3554,https://chobros.netlify.app/,B,Gresham,Multnomah,OR,functional_with_objective_deficiency
engine-v2,car-washes,google_maps:data_id:0x5495a296f144dec7:0x5e687a520ce99741,Scrubby's Car Wash,+1-503-491-0776,https://www.scrubbys-carwash.com/,B,Gresham,Multnomah,OR,functional_with_objective_deficiency
engine-v2,car-washes,google_maps:data_id:0x5495bd36b009a0dd:0xa797e771a40e6b0e,The Big Truck Wash,+1-503-715-2561,https://thebigtruckwash.com/,B,Gresham,Multnomah,OR,functional_with_objective_deficiency
engine-v2,car-washes,google_maps:data_id:0x5495bd94e770439d:0x50472358b14845fe,Troutdale Car Wash,+1-503-666-1182,https://troutdalecarwash.com/,A,Gresham,Multnomah,OR,broken_or_unreachable
engine-v2,car-washes,google_maps:data_id:0x5495a639aef1f619:0xfafa79cf8aa9f84a,"Blue Beacon Truck Wash of Portland, OR",+1-503-283-3270,https://bluebeacon.com/locations/listing/portland-or,B,Portland,Multnomah,OR,functional_with_objective_deficiency
engine-v2,car-washes,google_maps:data_id:0x5495a160ae4d24f3:0xa623cf72ab2a17f3,DM Supreme Auto Detailing,+1-971-401-6393,,A,Portland,Multnomah,OR,no_website_link_listed
engine-v2,car-washes,google_maps:data_id:0x54950a1d61ac0c2f:0xaddfebfba3f745f0,Kaady Car Wash,+1-503-248-0601,https://kaady.com/locations,B,Portland,Multnomah,OR,functional_with_objective_deficiency
engine-v2,car-washes,google_maps:data_id:0x5495a116002cc87d:0x443f610828871d93,Pitta auto detail,+1-503-875-6227,,A,Portland,Multnomah,OR,no_website_link_listed
engine-v2,car-washes,google_maps:data_id:0x5495a1cf5aa284c3:0x1d556651e86a2ced,Portland Auto Detail,+1-503-901-2266,,A,Portland,Multnomah,OR,no_website_link_listed
engine-v2,car-washes,google_maps:data_id:0x5495a74cf6de560b:0xcf3f565872f75011,ProWash Car Wash,+1-503-281-3872,,A,Portland,Multnomah,OR,no_website_link_listed
engine-v2,car-washes,google_maps:data_id:0x6e74c65bfd9f7133:0x52763f6b125f503a,The Best Detail,+1-702-494-8097,https://thebestdetail.com/locations/mobile-car-detailing-portland-oregon/,B,Portland,Multnomah,OR,functional_with_objective_deficiency
engine-v2,car-washes,google_maps:data_id:0x5495a0a70364c745:0xa659c4df03543dc3,Washman Car Wash | Grand Ave.,+1-971-266-8638,http://www.washmanusa.com/grandave.html,A,Portland,Multnomah,OR,broken_or_unreachable
engine-v2,car-washes,google_maps:data_id:0x5495a1c174e49843:0x8344dae747fc067e,Washman Car Wash | Powellhurst,+1-503-762-8310,http://www.washmanusa.com/powellhurst.html,A,Portland,Multnomah,OR,broken_or_unreachable
engine-v2,car-washes,google_maps:data_id:0x5495a7fc81b43adb:0x4576715a8a1cc5e8,Washman Car Wash | St. Johns,+1-503-255-9112,,A,Portland,Multnomah,OR,no_website_link_listed
engine-v2,car-washes,google_maps:data_id:0x54eb2b76379b5cad:0xc1de4226d29b3481,Elite Car Wash,+1-503-842-9274,,A,Tillamook,Tillamook,OR,no_website_link_listed
engine-v2,car-washes,google_maps:data_id:0x54eb2b7a1a1454b7:0xf3a70be8b208d534,Splash N Dash Car Wash,+1-971-719-3326,https://www.facebook.com/share/15aMnEALMvk/,A,Tillamook,Tillamook,OR,third_party_only
engine-v2,car-washes,google_maps:data_id:0x54a2b9163b96d14b:0xcab59b60609ab0c1,Five Star Auto Wash,+1-541-567-2119,,A,Hermiston,Umatilla,OR,no_website_link_listed
engine-v2,car-washes,google_maps:data_id:0x54a2b91c1eb33c39:0xb32ff36f9198a568,Look-N-Good Car Wash,+1-541-561-3967,,A,Hermiston,Umatilla,OR,no_website_link_listed
engine-v2,car-washes,google_maps:data_id:0x54a2b91efb5cccd3:0x7d78415a0a075fcf,Rick's Car Wash,+1-541-567-3908,https://www.facebook.com/p/The-Wash-Ricks-Carwash-61555903419159/,A,Hermiston,Umatilla,OR,third_party_only
engine-v2,car-washes,google_maps:data_id:0x54a3777239533b51:0x2c9e7346479240cd,East Adams Car Wash,+1-541-786-4792,,A,La Grande,Union,OR,no_website_link_listed
engine-v2,car-washes,google_maps:data_id:0x54a377c7b478ec4b:0xba9f620495a3ab03,Island Express Lube & Car Wash,+1-541-963-7400,https://islandexpresslubecw.com/,B,La Grande,Union,OR,functional_with_objective_deficiency
engine-v2,car-washes,google_maps:data_id:0x54961e9f01f949ed:0x7930bdbe5198842e,Metro Car Wash,+1-541-806-4629,,A,The Dalles,Wasco,OR,no_website_link_listed
engine-v2,car-washes,google_maps:data_id:0x549509d6986108dd:0x3e27c3f6344ab2de,Cascadia Car Wash,+1-503-646-0863,http://cascadiacarwash.com/,B,Beaverton,Washington,OR,functional_with_objective_deficiency
engine-v2,car-washes,google_maps:data_id:0x54950e994b1f026f:0x5cd676774372f50a,Kaady Car Wash,+1-503-643-2982,http://www.kaady.com/,B,Beaverton,Washington,OR,functional_with_objective_deficiency
engine-v2,car-washes,google_maps:data_id:0x54950c01c71dd4ef:0x40465277a4324da4,Kaady Car Wash,+1-503-641-8669,http://www.kaady.com/,B,Beaverton,Washington,OR,functional_with_objective_deficiency
engine-v2,car-washes,google_maps:data_id:0x54950ea2ed94b22d:0xbd80ffa74819285d,National Pride Car Wash,+1-503-626-9584,,A,Beaverton,Washington,OR,no_website_link_listed
engine-v2,car-washes,google_maps:data_id:0x54950fc6073df767:0xc2a7fd57da185732,Privilege Car Wash Detailing,+1-786-330-8839,,A,Beaverton,Washington,OR,no_website_link_listed
engine-v2,car-washes,google_maps:data_id:0x54950d004f3e3ce3:0xc48355caa8fb73f7,Sidra Car Wash,+1-503-610-0406,,A,Beaverton,Washington,OR,no_website_link_listed
engine-v2,car-washes,google_maps:data_id:0xb5f5b4e10c0d271:0x20ccfb4b08b7ac0,TIMBERLINE DETAILING LLC,+1-971-708-5038,https://timberlinedetailpdx.com/,A,Beaverton,Multnomah,OR,broken_or_unreachable
engine-v2,car-washes,google_maps:data_id:0x54950f6a007940e5:0x4a5897625d566991,Tanasbourne 76 Touch-Free Car Wash,+1-503-533-5202,,A,Beaverton,Washington,OR,no_website_link_listed
engine-v2,car-washes,google_maps:data_id:0x5495197fb6283153:0xf915a5df091dfd97,All in one stop carwash,+1-971-732-6823,,A,Forest Grove,Washington,OR,no_website_link_listed
engine-v2,car-washes,google_maps:data_id:0x54951b695813cf57:0xdc6f7c387ae5e824,Campbell Car Wash,+1-503-681-8434,,A,Forest Grove,Washington,OR,no_website_link_listed
engine-v2,car-washes,google_maps:data_id:0x54951b891f727a27:0x5b7acc52a993dc07,Pacos Washer,+1-971-400-0720,https://pacoswasher.com/,B,Forest Grove,Washington,OR,functional_with_objective_deficiency
engine-v2,car-washes,google_maps:data_id:0x54951b0a7c48e7c3:0x82ea5e1a22795347,US SPLASH,+1-503-992-8900,https://www.usmarketstores.com/,B,Forest Grove,Washington,OR,functional_with_objective_deficiency
engine-v2,car-washes,google_maps:data_id:0x54950fcd96a47ceb:0xe682c47881aaf338,Kaady Car Wash,+1-503-530-8455,http://www.kaady.com/,B,Hillsboro,Washington,OR,functional_with_objective_deficiency
engine-v2,car-washes,google_maps:data_id:0x54950551e84d7407:0x777ad054be0d140b,Kaady Car Washes,+1-503-648-1717,http://www.kaady.com/,B,Hillsboro,Washington,OR,functional_with_objective_deficiency
engine-v2,car-washes,google_maps:data_id:0x549510084f23d415:0x35117a397dd0749e,National Pride Self Serve Car,+1-503-640-2712,,A,Hillsboro,Washington,OR,no_website_link_listed
engine-v2,car-washes,google_maps:data_id:0x54950d6c7e00c89d:0x2a79d8c24559b629,Tigard Auto Detail,+1-971-331-2323,,A,Tigard,Washington,OR,no_website_link_listed
engine-v2,car-washes,google_maps:data_id:0x54950db641a6cdb9:0x3393ffda746173e8,Legacy Car Wash,+1-503-422-6058,http://legacycarwashor.com/,B,Tualatin,Washington,OR,functional_with_objective_deficiency
engine-v2,car-washes,google_maps:data_id:0x549548ee6d1e9971:0x55547e1e98e470d9,Grumpy's Car Wash,+1-503-472-6114,,A,McMinnville,Yamhill,OR,no_website_link_listed
engine-v2,car-washes,google_maps:data_id:0x549549faded4fa9d:0xc4842cef404ba3bd,J’s mobile detail,+1-971-237-3824,https://book.squareup.com/appointments/uq8snn8k1x3z36/location/LT0HTFPDQ57JF/services,A,McMinnville,Yamhill,OR,third_party_only
engine-v2,car-washes,google_maps:data_id:0x549548ddc1b33695:0x836a55c8fd40c409,Super Wash,+1-503-735-5214,https://www.superwash.com/,B,McMinnville,Yamhill,OR,functional_with_objective_deficiency
engine-v2,car-washes,google_maps:data_id:0x249ca2dd29e96ac7:0x238f238c11db46e8,gios_autodetails,+1-503-560-8846,,A,McMinnville,Yamhill,OR,no_website_link_listed
engine-v2,car-washes,google_maps:data_id:0x54956b2d73e9d463:0x1b1286f5b7b0c72c,Pacific Car Wash,+1-503-487-6274,,A,Newberg,Yamhill,OR,no_website_link_listed
