Business Name,Contact / First & Last Name,Phone,Email,Address,City,State / Province,Notes,Birthday,Industry
All 4 One Auto Detail,,+1-323-456-3527,,"1416 S 9th St, Alhambra, CA 91803, United States",Alhambra,CA,P1 | Class A | only a Facebook/booking/directory page | https://all-4-one-auto-detail.square.site/,,Car Detailers
Johnny's Mobile Auto Wash and Detail,,+1-626-561-8532,,"9207 Valley Blvd, Rosemead, CA 91770, United States",Alhambra,CA,P1 | Class A | only a Facebook/booking/directory page | http://facebook.com/johnnysautomobilecarwashanddetail.com,,Car Detailers
Shiny Cruize Mobile Detailing,,+1-318-479-0198,,,Alhambra,CA,P1 | Class A | only a Facebook/booking/directory page | https://shinycruizedetailing.square.site/,,Car Detailers
Vintage Green Professional Auto Detailing,,+1-323-274-9988,,"2700 N Eastern Ave, Los Angeles, CA 90032, United States",Alhambra,CA,P1 | Class A | only a Facebook/booking/directory page | https://m.facebook.com/profile.php?id=1043168932429725&ref=content_filter,,Car Detailers
Spidey's Auto Detailing,,+1-661-865-9067,,,Bakersfield,CA,P1 | Class A | only a Facebook/booking/directory page | https://instagram.com/spideysauto?igshid=OGIzYTJhMTRmYQ==,,Car Detailers
Auto Detailing Gómez,,+1-626-426-5409,,,Baldwin Park,CA,P1 | Class A | only a Facebook/booking/directory page | https://www.instagram.com/autodetailing_gomez?igsh=NTc4MTIwNjQ2YQ==&utm_source=qr,,Car Detailers
Betr Details,,+1-626-848-3929,,,Baldwin Park,CA,P1 | Class A | only a Facebook/booking/directory page | https://betterdetails.square.site/,,Car Detailers
Covina Mobile Detailers,,+1-626-206-7980,,,Baldwin Park,CA,P1 | Class A | only a Facebook/booking/directory page | https://covinamobiledetailers.com/,,Car Detailers
Double A Pro Detailing,,+1-213-284-1985,,,Baldwin Park,CA,P1 | Class A | only a Facebook/booking/directory page | https://www.instagram.com/doubleaprodetailing/,,Car Detailers
Hardbody Detailing - Ceramic Coatings / Headlight Restoration,,+1-626-269-4781,,"2436 S Nancy St, West Covina, CA 91792, United States",Baldwin Park,CA,P1 | Class A | only a Facebook/booking/directory page | https://hardbodydetailing.square.site/,,Car Detailers
Hot Rod’s Quick Wash,,+1-626-209-5620,,,Baldwin Park,CA,P1 | Class A | only a Facebook/booking/directory page | https://linktr.ee/adrianrod1700?utm_source=linktree_profile_share&ltsid=5fa801a2-d93f-4adf-a7b4-c731cd6ace15,,Car Detailers
Jworks Mobile Auto Detailing,,+1-626-541-6700,,,Baldwin Park,CA,P1 | Class A | only a Facebook/booking/directory page | https://jworksdetailusa.square.site/,,Car Detailers
Molina’s Mobile Detailing,,+1-626-498-7545,,,Baldwin Park,CA,P1 | Class A | only a Facebook/booking/directory page | https://book.squareup.com/appointments/fg973hjhr61rvd/location/LWE8DRAJ435TR/services,,Car Detailers
Premier Detail Club,,+1-626-709-8145,,,Baldwin Park,CA,P1 | Class A | only a Facebook/booking/directory page | https://www.instagram.com/premierdetailing.ie?igsh=OGQ5ZDc2ODk2ZA%3D%3D&utm_source=qr,,Car Detailers
Rickydetailing,,+1-626-494-4828,,"1030 S Susanna Ave, West Covina, CA 91790, United States",Baldwin Park,CA,P1 | Class A | only a Facebook/booking/directory page | https://www.instagram.com/rickydetailing/,,Car Detailers
Ride & Shine Auto Detail Supplies,,+1-626-672-0722,,"2229 Durfee Ave Ste i, El Monte, CA 91732, United States",Baldwin Park,CA,P1 | Class A | only a Facebook/booking/directory page | http://instagram.com/rideandshine_detailsupplies,,Car Detailers
Socals Finest Auto Detailing,,+1-323-406-4573,,,Baldwin Park,CA,P1 | Class A | only a Facebook/booking/directory page | https://calendly.com/socalsfinestautodetailing/appt,,Car Detailers
562mntautodetailing,,+1-714-931-6480,,,Bellflower,CA,P1 | Class A | only a Facebook/booking/directory page | https://linktr.ee/562mntautodetailing,,Car Detailers
Deluge Detailing Los Angeles,,+1-323-513-4957,,,Bellflower,CA,P1 | Class A | only a Facebook/booking/directory page | https://linktr.ee/delugedetailinglosangeles,,Car Detailers
Finesse Auto Car Detailing Lakewood,,+1-562-548-1255,,,Bellflower,CA,P1 | Class A | only a Facebook/booking/directory page | https://finesse-auto-detailing.square.site/,,Car Detailers
JxB Auto Detailing,,+1-562-283-4340,,,Bellflower,CA,P1 | Class A | only a Facebook/booking/directory page | https://instagram.com/jxb_autodetailing?utm_medium=copy_link,,Car Detailers
Suds and Buds Detailing,,+1-562-445-1930,,,Bellflower,CA,P1 | Class A | only a Facebook/booking/directory page | https://app.squareup.com/appointments/book/rb78h64pm0tesc/L2PM8XGJSR9XT/start,,Car Detailers
Top-Tier Auto Detailing OC,,+1-323-719-8621,,,Bellflower,CA,P1 | Class A | only a Facebook/booking/directory page | http://toptierautodetailingoc.booksy.com/a/,,Car Detailers
Velas Mobile Detailing,,+1-562-732-7506,,,Bellflower,CA,P1 | Class A | only a Facebook/booking/directory page | https://www.instagram.com/velas_mobiledetailing/,,Car Detailers
Genesis Mobile Detailing,,+1-818-743-6857,,,Burbank,CA,P1 | Class A | only a Facebook/booking/directory page | http://www.instagram.com/genesis_mobile_svc,,Car Detailers
JV Mobile Wash & Detailing,,+1-818-632-4214,,"11754 Roscoe Blvd, Sun Valley, CA 91352, United States",Burbank,CA,P1 | Class A | only a Facebook/booking/directory page | https://auto-detailing-service.square.site/,,Car Detailers
Los Angeles Immaculate Detailing | Ceramic Coating Specialist,,+1-626-206-1897,,"5225 Agnes Ave, Valley Village, CA 91607, United States",Burbank,CA,P1 | Class A | only a Facebook/booking/directory page | https://instagram.com/la.immaculatedetailing?utm_medium=copy_link,,Car Detailers
Maine’s Auto Spa,,+1-747-244-9500,,"10505 Victory Blvd, North Hollywood, CA 91606, United States",Burbank,CA,P1 | Class A | only a Facebook/booking/directory page | http://mainesautospa.booksy.com/,,Car Detailers
Mario's Mobile Wash,,+1-818-791-2831,,,Burbank,CA,P1 | Class A | only a Facebook/booking/directory page | https://marios-mobile-wash.square.site/,,Car Detailers
San Fernando Valley Mobile Auto Detailing L.L.C,,+1-818-390-3425,,"15252 Nordhoff St, North Hills, CA 91343, United States",Burbank,CA,P1 | Class A | only a Facebook/booking/directory page | https://sanfernando-valley-mobile-auto-detailing.square.site/,,Car Detailers
A1 Auto Spa,,+1-424-202-7300,,"1548 W 208th St apartment #3, Torrance, CA 90501, United States",Carson,CA,P1 | Class A | only a Facebook/booking/directory page | https://l.instagram.com/?u=https%3A%2F%2Fa1-auto-spa-100524.square.site%2F&e=AT2HNJC9LAYRKr1g860w7glCS6cDfKLCNeyCiFPfze35LfQpvWlNxtZBSjfo4GsGcboUO302B-zaP4A_cFIyNh3kfYS4PqY1dwDzfM-hRoDVLQ4l,,Car Detailers
All Touch Detailing,,+1-310-693-1386,,"419 W 224th St, Carson, CA 90745, United States",Carson,CA,P1 | Class A | only a Facebook/booking/directory page | https://all-touch-detailing.square.site/,,Car Detailers
Attention to Detail Mobile Wash,,+1-562-450-9450,,,Carson,CA,P1 | Class A | only a Facebook/booking/directory page | http://atdms.square.site/,,Car Detailers
Detail Land Detailing Products,,+1-310-933-8366,,"6743 Long Beach Blvd, Long Beach, CA 90805, United States",Carson,CA,P1 | Class A | only a Facebook/booking/directory page | https://www.instagram.com/detail_land_usa/,,Car Detailers
Ez Clean Car Mobile Detailing,,+1-424-224-6402,,,Carson,CA,P1 | Class A | only a Facebook/booking/directory page | https://www.instagram.com/ezcleancardetail/,,Car Detailers
HE-MO MOBILE CAR DETAILING,,+1-213-854-1560,,"2808 141st Pl, Gardena, CA 90249, United States",Carson,CA,P1 | Class A | only a Facebook/booking/directory page | http://linktr.ee/HE_MO_CAR_DETAILING,,Car Detailers
Lbc Mobile car detailing 🧼,,+1-562-375-1803,,,Carson,CA,P1 | Class A | only a Facebook/booking/directory page | https://www.instagram.com/lbc_detail_bros?igsh=NTc4MTIwNjQ2YQ==,,Car Detailers
Mikez Detailing,,+1-310-428-5424,,,Carson,CA,P1 | Class A | only a Facebook/booking/directory page | https://mikez-detailing.square.site/,,Car Detailers
Unique Detailing,,+1-424-297-9749,,,Carson,CA,P1 | Class A | only a Facebook/booking/directory page | https://unique-detailingllc.square.site/,,Car Detailers
Wax Junkies Detailing,,+1-424-394-5140,,"24410 Neece Ave, Torrance, CA 90505, United States",Carson,CA,P1 | Class A | only a Facebook/booking/directory page | https://square.site/book/CPNSQE0TVJDRS/wax-junkies-detailing-torrance-ca,,Car Detailers
After Hours Mobile Detailing,,+1-323-404-8584,,,Downey,CA,P1 | Class A | only a Facebook/booking/directory page | https://afterhours-mobile-detailing.square.site/,,Car Detailers
Alex Mobile wash and Shine,,+1-323-216-0507,,,Downey,CA,P1 | Class A | only a Facebook/booking/directory page | https://www.facebook.com/alexwash.andshine.1,,Car Detailers
"Crystal Clear Detailz - Mobile Detailing, Paint Corrections, Ceramic Coatings, Window Tinting & More",,+1-323-458-9487,,,Downey,CA,P1 | Class A | only a Facebook/booking/directory page | https://linktr.ee/crystalcleardetailz,,Car Detailers
Drew's mobile detailing,,+1-562-644-5504,,,Downey,CA,P1 | Class A | only a Facebook/booking/directory page | https://www.instagram.com/drews_mobilecarwashing,,Car Detailers
Exotic Mobile Detail LLC,,+1-760-594-0424,,"10517 La Reina Ave, Downey, CA 90241, United States",Downey,CA,P1 | Class A | only a Facebook/booking/directory page | https://www.instagram.com/exoticmobiledetail_ca?igsh=NTc4MTIwNjQ2YQ%3D%3D&utm_source=qr,,Car Detailers
Soft Touch Auto Spa Mobile Auto Detailing,,+1-818-321-6181,,,Downey,CA,P1 | Class A | only a Facebook/booking/directory page | https://www.facebook.com/softtouchautospa/,,Car Detailers
The CRWSH,,+1-562-457-0163,,"8509 Alburtis Ave, Whittier, CA 90606, United States",Downey,CA,P1 | Class A | only a Facebook/booking/directory page | https://the-crwsh.square.site/,,Car Detailers
The Glossfather,,+1-562-644-7525,,"Lakewood Blvd, Downey, CA 90241, United States",Downey,CA,P1 | Class A | only a Facebook/booking/directory page | https://www.instagram.com/the_glossfather_?igsh=NTc4MTIwNjQ2YQ==&utm_source=qr,,Car Detailers
Y&A Mobile Wash & Detail,,+1-323-594-7659,,"6500 Malabar St, Huntington Park, CA 90255, United States",Downey,CA,P1 | Class A | only a Facebook/booking/directory page | https://yamobilewashdetail.square.site/,,Car Detailers
DetailzbyNate,,+1-626-559-4603,,,El Monte,CA,P1 | Class A | only a Facebook/booking/directory page | https://detailzbynate.square.site/?utm_source=ig&utm_medium=social&utm_content=link_in_bio&fbclid=PAdGRleAPPnmNleHRuA2FlbQIxMQBzcnRjBmFwcF9pZA8xMjQwMjQ1NzQyODc0MTQAAaeuf9WQo3V-KBqTp02-myynOmoeJmzb9usaF25f4uR7FMb-i081T-WIONO_sw_aem_tkTgLGjv0Ahjzffn4VxHPg,,Car Detailers
JLSL MOBILE CAR WASH & DETAIL LLC,,+1-626-722-9050,,,El Monte,CA,P1 | Class A | only a Facebook/booking/directory page | http://www.facebook.com/jlsl27/,,Car Detailers
On The Go Detailing,,+1-626-817-3122,,,El Monte,CA,P1 | Class A | only a Facebook/booking/directory page | https://www.facebook.com/OnDGoDetailing/,,Car Detailers
Silvas mobile detailing,,+1-714-277-7003,,"1030 N Cypress St, La Habra, CA 90631, United States",Fullerton,CA,P1 | Class A | only a Facebook/booking/directory page | https://silvasmobiledetailing.square.site/,,Car Detailers
Bordey Auto Detailing,,+1-818-915-3382,,,Glendale,CA,P1 | Class A | only a Facebook/booking/directory page | http://bordey-auto-detailing.square.site/,,Car Detailers
JG Auto Detail,,+1-323-572-0314,,,Glendale,CA,P1 | Class A | only a Facebook/booking/directory page | https://book.squareup.com/appointments/2gkeemzhlik50r/location/LM5S51A58EJR5?fbclid=PAVERFWASwB2hleHRuA2FlbQIxMABzcnRjBmFwcF9pZA8xMjQwMjQ1NzQyODc0MTQAAadAGEltgFOnJL4WPM646WYABGZ1Opl9X7MBDO5F3SZ-Ce2T4RzRdhOo9koP_w_aem_RlbBKlkDDQnEJsT1WgNFVQ,,Car Detailers
vvs auto mobile shine,,+1-818-799-5348,,,Glendale,CA,P1 | Class A | only a Facebook/booking/directory page | https://vvs-shine.square.site/,,Car Detailers
Ceejays mobile detailing,,+1-310-435-8966,,"625 W 120th St, Los Angeles, CA 90044, United States",Inglewood,CA,P1 | Class A | only a Facebook/booking/directory page | http://instagram.com/ceejays_mobile_detailing,,Car Detailers
Chameleon Mobile Car Detailing,,+1-323-509-0543,,"1719 1/2 W Vernon Ave, Los Angeles, CA 90062, United States",Inglewood,CA,P1 | Class A | only a Facebook/booking/directory page | https://www.instagram.com/chameleon_car_detailing/,,Car Detailers
Eddie’s Mobile Detailing,,+1-323-590-5805,,"1535 W 59th Pl, Los Angeles, CA 90047, United States",Inglewood,CA,P1 | Class A | only a Facebook/booking/directory page | https://eddiesmobiledetailing.square.site/,,Car Detailers
Fluff's Mobile Detailing,,+1-323-348-2016,,,Inglewood,CA,P1 | Class A | only a Facebook/booking/directory page | https://www.instagram.com/fluffsdetail/?hl=en,,Car Detailers
Lilpichito's Mobile Auto Spa,,+1-213-964-3600,,"1511 1/2 Leighton Ave, Los Angeles, CA 90062, United States",Inglewood,CA,P1 | Class A | only a Facebook/booking/directory page | https://www.instagram.com/lilpichitomobileautospa,,Car Detailers
MGD Detailz,,+1-213-429-8734,,,Inglewood,CA,P1 | Class A | only a Facebook/booking/directory page | https://mgd-detailz.square.site/,,Car Detailers
Mario's Auto Detail,,+1-310-853-3194,,"12181 S Campus Center Dr Level P1, Playa Vista, CA 90094, United States",Inglewood,CA,P1 | Class A | only a Facebook/booking/directory page | https://marios-auto-detail.square.site/,,Car Detailers
Mighty Mobile Detail,,+1-323-481-8405,,,Inglewood,CA,P1 | Class A | only a Facebook/booking/directory page | https://square.site/book/14ERZTWBRTWC8/mighty-mobile-detail-los-angeles-ca,,Car Detailers
Nomad detailing - Mobile car detailing Los Angeles,,+1-603-866-0903,,"5872 Abernathy Dr, Los Angeles, CA 90045, United States",Inglewood,CA,P1 | Class A | only a Facebook/booking/directory page | https://www.instagram.com/nomad.detailing.la?igsh=MWxhcndvMHhhbmYxMw==,,Car Detailers
AV Mobile Detail And Wash,,+1-661-917-5202,,,Lancaster,CA,P1 | Class A | only a Facebook/booking/directory page | https://m.facebook.com/mobiledetailandwash/,,Car Detailers
Felix’s mobile wash and detail llc,,+1-661-583-4824,,,Lancaster,CA,P1 | Class A | only a Facebook/booking/directory page | https://instagram.com/felixs_mobilewashnddetail_llc?igshid=OGQ5ZDc2ODk2ZA==,,Car Detailers
Grace & Gloss Auto Spa,,+1-661-483-8181,,,Lancaster,CA,P1 | Class A | only a Facebook/booking/directory page | https://grace-and-gloss-detailing.square.site/,,Car Detailers
Mandos Detailing,,+1-661-965-8359,,"36542 Ramona Rd, Palmdale, CA 93550, United States",Lancaster,CA,P1 | Class A | only a Facebook/booking/directory page | http://mandosdetailing.square.site/,,Car Detailers
Palms Mobile Detailing Co,,+1-310-946-2575,,"4131 Lexington Ct, Palmdale, CA 93552, United States",Lancaster,CA,P1 | Class A | only a Facebook/booking/directory page | https://andys-inc.square.site/,,Car Detailers
Platinum Brothers Mobile Detailing,,+1-661-744-8703,,,Lancaster,CA,P1 | Class A | only a Facebook/booking/directory page | https://www.facebook.com/Platinumdetailing85,,Car Detailers
SPOTLESS AV MOBILE CAR WASH,,+1-661-604-5109,,,Lancaster,CA,P1 | Class A | only a Facebook/booking/directory page | https://www.instagram.com/spotless.av?igsh=NTc4MTIwNjQ2YQ%3D%3D&utm_source=qr,,Car Detailers
Ultra Slick Auto Detailing,,+1-818-856-6002,,,Lancaster,CA,P1 | Class A | only a Facebook/booking/directory page | https://www.instagram.com/ultra_slick_auto_detailing?igsh=NTc4MTIwNjQ2YQ%3D%3D&utm_source=qr,,Car Detailers
BR Auto Details,,+1-562-825-2933,,,Long Beach,CA,P1 | Class A | only a Facebook/booking/directory page | https://www.instagram.com/bxross562?igsh=MzRlODBiNWFlZA==,,Car Detailers
CarlosProDetailing,,+1-213-505-0201,,,Long Beach,CA,P1 | Class A | only a Facebook/booking/directory page | https://www.instagram.com/carlosprodetailing?igsh=MzRlODBiNWFlZA==,,Car Detailers
Jhezze Detailing Co.,,+1-562-277-1432,,"W Burnett St, Long Beach, CA 90810, United States",Long Beach,CA,P1 | Class A | only a Facebook/booking/directory page | https://www.instagram.com/jhezzedetailco/,,Car Detailers
AllSet Mobile Detailing,,+1-917-518-1444,,"700 W 9th St, Los Angeles, CA 90015, United States",Los Angeles,CA,P1 | Class A | only a Facebook/booking/directory page | https://book.squareup.com/appointments/j97oc0g7w3nbx0/location/LPB8DMNZHHFBN/services?utm_content=link_in_bio&utm_medium=social&utm_source=ig,,Car Detailers
Luxury Auto Detailing Spa(mobile),,+1-323-681-2977,,"7610 Beverly Blvd, Los Angeles, CA 90048, United States",Los Angeles,CA,P1 | Class A | only a Facebook/booking/directory page | https://www.instagram.com/luxury_autodetailingspa?igsh=NTc4MTIwNjQ2YQ%3D%3D&utm_source=qr,,Car Detailers
Ricardo's Mobile Detail,,+1-323-336-2391,,"300 Lincoln Blvd, Venice, CA 90291, United States",Los Angeles,CA,P1 | Class A | only a Facebook/booking/directory page | https://square.site/book/197WNXVV6AX8A/ricardo-s-mobile-detail,,Car Detailers
Immaculate Wet Detailing,,+1-424-744-6492,,"8314 Alondra Blvd, Paramount, CA 90723, United States",Norwalk,CA,P1 | Class A | only a Facebook/booking/directory page | https://www.instagram.com/invites/contact/?i=1bt0nh2gjqkdo&utm_content=oudkpbz,,Car Detailers
Flacos Mobile Detailing,,+1-909-325-5749,,"863 Asbury Ave, Pomona, CA 91767, United States",Ontario,CA,P1 | Class A | only a Facebook/booking/directory page | https://flaco-details.square.site/,,Car Detailers
Out The Trunk Mobile Detailing,,+1-909-288-3862,,,Ontario,CA,P1 | Class A | only a Facebook/booking/directory page | https://outthetrunk-mobile-detailing.square.site/,,Car Detailers
ARodsDetailing,,+1-323-768-8988,,,Palmdale,CA,P1 | Class A | only a Facebook/booking/directory page | http://arodsdetailing.square.site/,,Car Detailers
Guero’s Mobile Detailing,,+1-562-417-4772,,,Palmdale,CA,P1 | Class A | only a Facebook/booking/directory page | https://www.instagram.com/guer.osdetailing?igsh=NTc4MTIwNjQ2YQ==&utm_source=qr,,Car Detailers
Jacks Mobile Detail & Ceramic Coatings,,+1-661-433-5072,,"3559 Avocado Ln, Palmdale, CA 93550, United States",Palmdale,CA,P1 | Class A | only a Facebook/booking/directory page | https://instagram.com/jacksmobiledetail,,Car Detailers
Super Bright Auto Detailing,,+1-661-478-2630,,,Palmdale,CA,P1 | Class A | only a Facebook/booking/directory page | https://www.tiktok.com/@superbrightautodetailing?_t=8hRQhklmaLK&_r=1,,Car Detailers
Aura auto detail,,+1-818-579-0662,,"1 Harkness Ave, Pasadena, CA 91106, United States",Pasadena,CA,P1 | Class A | only a Facebook/booking/directory page | https://www.instagram.com/aura.auto.detail?igsh=NTc4MTIwNjQ2YQ%3D%3D&utm_source=qr,,Car Detailers
Raul’s Auto Works,,+1-626-409-3776,,,Pasadena,CA,P1 | Class A | only a Facebook/booking/directory page | https://www.instagram.com/raulsautoworks?igsh=NTc4MTIwNjQ2YQ==&utm_source=qr,,Car Detailers
EliteShine Mobile Detailing,,+1-909-568-3287,,"806 Indian Hill Blvd, Pomona, CA 91767, United States",Pomona,CA,P1 | Class A | only a Facebook/booking/directory page | https://www.instagram.com/eliteshine_mobiledetail?igsh=MTdmZXkwcjg3cXluNQ==&utm_source=qr,,Car Detailers
HDZ mobile car detailing,,+1-909-634-6459,,"2974 Battram St, Pomona, CA 91767, United States",Pomona,CA,P1 | Class A | only a Facebook/booking/directory page | https://www.facebook.com/profile.php?id=100068051741077&mibextid=ZbWKwL,,Car Detailers
Next Level Detailz,,+1-760-485-4073,,"351 N Gordon St #1911, Pomona, CA 91768, United States",Pomona,CA,P1 | Class A | only a Facebook/booking/directory page | https://m.facebook.com/Next-Level-Detailz-576384142546486/,,Car Detailers
JB Detailing Studio,,+1-909-677-9580,,,San Bernardino,CA,P1 | Class A | only a Facebook/booking/directory page | https://www.instagram.com/jb_detailing_studio_?igsh=NTc4MTIwNjQ2YQ==&utm_source=qr,,Car Detailers
Chicana Chrome Detailing,,+1-747-227-4146,,,Santa Clarita,CA,P1 | Class A | only a Facebook/booking/directory page | https://linktr.ee/chicanachromedetailing,,Car Detailers
JE Mobile Detailing,,+1-661-592-0291,,,Santa Clarita,CA,P1 | Class A | only a Facebook/booking/directory page | https://linktr.ee/je.mobile.detailing,,Car Detailers
SNG Mobile Detail,,+1-661-388-0661,,,Santa Clarita,CA,P1 | Class A | only a Facebook/booking/directory page | https://www.instagram.com/sngmobiledetail/,,Car Detailers
Slimeball mobile detailing,,+1-818-257-5879,,"18326 Oak Canyon Rd, Canyon Country, CA 91387, United States",Santa Clarita,CA,P1 | Class A | only a Facebook/booking/directory page | https://slimeball-detailing.square.site/,,Car Detailers
Velocity Auto Wash,,+1-661-621-8331,,"19326 Laroda Ln, Santa Clarita, CA 91350, United States",Santa Clarita,CA,P1 | Class A | only a Facebook/booking/directory page | https://linktr.ee/VelocityAutoWashSCV?utm_source=linktree_profile_share&ltsid=46ba7e71-9ab2-4737-a370-40635d6f04f0,,Car Detailers
Bonzai Auto Detailing,,+1-310-600-2278,,"1306 Arizona Ave, Santa Monica, CA 90404, United States",Santa Monica,CA,P1 | Class A | only a Facebook/booking/directory page | http://facebook.com/BonzaiAutoDetailing,,Car Detailers
Closest Detailing,,+1-424-272-1644,,"1616 Euclid St, Santa Monica, CA 90404, United States",Santa Monica,CA,P1 | Class A | only a Facebook/booking/directory page | https://closestdetailing.square.site/,,Car Detailers
Pacific Coast Mobile Detailing,,+1-310-363-2715,,,Santa Monica,CA,P1 | Class A | only a Facebook/booking/directory page | https://www.instagram.com/pacific.coast.mobile.detailing/reel/DFJyTOMJShw/,,Car Detailers
Panjab Mobile Detailing,,+1-323-744-1113,,,Santa Monica,CA,P1 | Class A | only a Facebook/booking/directory page | https://www.instagram.com/panjabmobiledetailing?igsh=NTc4MTIwNjQ2YQ%3D%3D&utm_source=qr,,Car Detailers
Superior Mobile Detail,,+1-747-494-7741,,,Simi Valley,CA,P1 | Class A | only a Facebook/booking/directory page | https://superiormobiledetail.square.site/,,Car Detailers
Jr Mobile Detailing,,+1-562-358-9455,,,South Gate,CA,P1 | Class A | only a Facebook/booking/directory page | https://instagram.com/j_rsmobiledetailing?igshid=MjEwN2IyYWYwYw==,,Car Detailers
Mr. Drips Mobile Detailing,,+1-323-677-3775,,,South Gate,CA,P1 | Class A | only a Facebook/booking/directory page | https://www.instagram.com/mr.drips_mobile_detailing?igsh=NTc4MTIwNjQ2YQ%3D%3D&utm_source=qr,,Car Detailers
Onthespotdetailing,,+1-323-330-3538,,"163w75th st, Los Angeles, CA 90003, United States",South Gate,CA,P1 | Class A | only a Facebook/booking/directory page | https://www.instagram.com/onthe.spotdetailing/,,Car Detailers
Rez Detailing,,+1-323-834-3517,,"1241 E 60th St, Los Angeles, CA 90001, United States",South Gate,CA,P1 | Class A | only a Facebook/booking/directory page | http://rezdetailing.booksy.com/,,Car Detailers
Total Precision Mobile Detailing,,+1-714-683-6089,,,South Gate,CA,P1 | Class A | only a Facebook/booking/directory page | https://www.instagram.com/totalprecisionmobiledetailing?igsh=MzRlODBiNWFlZA==,,Car Detailers
Darren Details Mobile Auto Spa,,+1-424-571-3420,,,Torrance,CA,P1 | Class A | only a Facebook/booking/directory page | https://darrendetails.square.site/,,Car Detailers
Detailing on Wheels,,+1-310-401-0846,,"3806 W 176th St, Torrance, CA 90504, United States",Torrance,CA,P1 | Class A | only a Facebook/booking/directory page | https://detailing-on-wheels.square.site/,,Car Detailers
Pacific Auto Cleaning,,+1-310-376-3965,,"1449 Aviation Blvd, Redondo Beach, CA 90278, United States",Torrance,CA,P1 | Class A | only a Facebook/booking/directory page | https://www.facebook.com/pages/Pacific-Auto-Cleaning/166370510056400,,Car Detailers
sb.autoshine,,+1-310-803-3001,,"25122 Oak St, Lomita, CA 90717, United States",Torrance,CA,P1 | Class A | only a Facebook/booking/directory page | https://www.instagram.com/sb.autoshine?igsh=NTc4MTIwNjQ2YQ==&utm_source=qr,,Car Detailers
BIG FREDS MOBILE DETAIL,,+1-714-676-6278,,,Victorville,CA,P1 | Class A | only a Facebook/booking/directory page | https://www.instagram.com/big_freds_mobile_detail?igsh=NGVhN2U2NjQ0Yg==,,Car Detailers
Royal Auto Detailing,,+1-626-591-7598,,,West Covina,CA,P1 | Class A | only a Facebook/booking/directory page | https://www.instagram.com/royaldetailin?igsh=NTc4MTIwNjQ2YQ==&utm_source=qr,,Car Detailers
Steven's Auto Detailing,,+1-626-558-0328,,,West Covina,CA,P1 | Class A | only a Facebook/booking/directory page | https://linktr.ee/stevensautodetailing?fbclid=PAZXh0bgNhZW0CMTEAAacjzwzDyBJG4uYePBegMEO--IqBnifDFbfG67siiC_ArG4ovsoUJ7dt2dQf_A_aem_r4fFBfjqQWRPu9OuQGrDsA,,Car Detailers
Opulence Detailing,,+1-626-224-6290,,"Whittier Blvd, Whittier, CA 90606, United States",Whittier,CA,P1 | Class A | only a Facebook/booking/directory page | https://opulence-detail.square.site/,,Car Detailers
RetroRinses,,+1-323-879-1935,,"12107 Howard St, Whittier, CA 90601, United States",Whittier,CA,P1 | Class A | only a Facebook/booking/directory page | https://www.instagram.com/retrorinses?igsh=NTc4MTIwNjQ2YQ%3D%3D&utm_source=qr,,Car Detailers
Crystal Clear Mobile Auto & Fleet Detailing,,+1-562-686-5628,,"10 W Bay State St #605, Alhambra, CA 91802, United States",Alhambra,CA,P2 | Class A | no website found on Google,,Car Detailers
Detail Alley,,+1-323-432-0607,,"2100 W Valley Blvd, Alhambra, CA 91803, United States",Alhambra,CA,P2 | Class A | no website found on Google,,Car Detailers
Forte Detail,,+1-626-949-7199,,"560 W Main St, Alhambra, CA 91801, United States",Alhambra,CA,P2 | Class A | no website found on Google,,Car Detailers
Garvey Auto Salon,,+1-626-571-7015,,"3017 Muscatel Ave, Rosemead, CA 91770, United States",Alhambra,CA,P2 | Class A | no website found on Google,,Car Detailers
Jay D's Auto Detailing,,+1-323-312-8423,,,Alhambra,CA,P2 | Class A | no website found on Google,,Car Detailers
Johnny detailing & car wash,,+1-323-899-3061,,,Alhambra,CA,P2 | Class A | no website found on Google,,Car Detailers
Lopez mobile auto detailing LLC,,+1-323-539-0906,,,Alhambra,CA,P2 | Class A | no website found on Google,,Car Detailers
Romans Auto Detailing,,+1-562-646-8151,,,Alhambra,CA,P2 | Class A | no website found on Google,,Car Detailers
Undefeated Mobile Detailing & Window Tinting,,+1-323-302-3458,,,Alhambra,CA,P2 | Class A | no website found on Google,,Car Detailers
Vital Detail Supplies (Auto Detail Supplies),,+1-626-703-4146,,"2219 W Valley Blvd, Alhambra, CA 91803, United States",Alhambra,CA,P2 | Class A | no website found on Google,,Car Detailers
rs Auto Detailing,,+1-562-821-3291,,,Alhambra,CA,P2 | Class A | no website found on Google,,Car Detailers
Apex F1 Auto,,+1-626-608-1118,,"United States, California, Baldwin Park, Arrow Hwy, Apex F1 Auto邮政编码: 91706",Baldwin Park,CA,P2 | Class A | no website found on Google,,Car Detailers
BoysDetails,,+1-626-523-7694,,"15114 Arrow Hwy, Baldwin Park, CA 91706, United States",Baldwin Park,CA,P2 | Class A | no website found on Google,,Car Detailers
Dolphin Auto Detail,,+1-626-408-7717,,,Baldwin Park,CA,P2 | Class A | no website found on Google,,Car Detailers
"Fleetz pro Mobile Truck Wash , Trailer Washouts ,semi detailing , Fleet Wash services city of Industry California",,+1-626-489-2892,,,Baldwin Park,CA,P2 | Class A | no website found on Google,,Car Detailers
Gloss Culture Garage,,+1-626-321-2161,,"4831 Fortin St, Baldwin Park, CA 91706, United States",Baldwin Park,CA,P2 | Class A | no website found on Google,,Car Detailers
JA'S Mobile Detail,,+1-626-826-4947,,"201 S 2nd Ave, La Puente, CA 91746, United States",Baldwin Park,CA,P2 | Class A | no website found on Google,,Car Detailers
Jay’s mobile detailing,,+1-818-845-3396,,,Baldwin Park,CA,P2 | Class A | no website found on Google,,Car Detailers
KP Pressure Wash & Auto Detailing,,+1-626-393-0438,,,Baldwin Park,CA,P2 | Class A | no website found on Google,,Car Detailers
Kaway’s auto detailing,,+1-626-814-7105,,"2010 W Pacific Ave, West Covina, CA 91790, United States",Baldwin Park,CA,P2 | Class A | no website found on Google,,Car Detailers
Laser Detailing,,+1-626-278-9875,,"1042 S Susanna Ave, West Covina, CA 91790, United States",Baldwin Park,CA,P2 | Class A | no website found on Google,,Car Detailers
MKE Mobile Detailing,,+1-323-377-1423,,,Baldwin Park,CA,P2 | Class A | no website found on Google,,Car Detailers
Ministry Auto Detail,,+1-562-282-6845,,,Baldwin Park,CA,P2 | Class A | no website found on Google,,Car Detailers
Mundos Mobile Detailing Services,,+1-626-684-7186,,,Baldwin Park,CA,P2 | Class A | no website found on Google,,Car Detailers
Peraltas detailing,,+1-909-489-2630,,,Baldwin Park,CA,P2 | Class A | no website found on Google,,Car Detailers
QCAUTODETAILING2019,,+1-626-316-8575,,,Baldwin Park,CA,P2 | Class A | no website found on Google,,Car Detailers
Reservedparkingdetail,,+1-626-290-7644,,"527 N Broadmoor Ave, West Covina, CA 91790, United States",Baldwin Park,CA,P2 | Class A | no website found on Google,,Car Detailers
SS Mobile Detailing,,+1-626-416-9381,,,Baldwin Park,CA,P2 | Class A | no website found on Google,,Car Detailers
Stunning Mobile Detail,,+1-626-632-1084,,,Baldwin Park,CA,P2 | Class A | no website found on Google,,Car Detailers
Unique wrapz and auto detail,,+1-626-665-8113,,"14312 Arrow Hwy, Baldwin Park, CA 91706, United States",Baldwin Park,CA,P2 | Class A | no website found on Google,,Car Detailers
precision1detailing,,+1-626-406-6581,,,Baldwin Park,CA,P2 | Class A | no website found on Google,,Car Detailers
562 mobile detailing,,+1-562-228-8067,,"9328 Ramona St, Bellflower, CA 90706, United States",Bellflower,CA,P2 | Class A | no website found on Google,,Car Detailers
Abel’s Classic touch,,+1-562-660-6792,,,Bellflower,CA,P2 | Class A | no website found on Google,,Car Detailers
Aim For Excellence Auto Detailing,,+1-562-330-7986,,,Bellflower,CA,P2 | Class A | no website found on Google,,Car Detailers
Auto Vision Mobile Detailing,,+1-562-208-1895,,,Bellflower,CA,P2 | Class A | no website found on Google,,Car Detailers
Dr Benjamin Auto Detaiil,,+1-562-925-9300,,"15506 Lakewood Blvd, Bellflower, CA 90706, United States",Bellflower,CA,P2 | Class A | no website found on Google,,Car Detailers
GamaAutoDetail,,+1-562-330-6426,,,Bellflower,CA,P2 | Class A | no website found on Google,,Car Detailers
Golden Legacy Auto Detailing LLC,,+1-213-479-7388,,,Bellflower,CA,P2 | Class A | no website found on Google,,Car Detailers
Joe's Auto Detailing,,+1-562-526-5295,,,Bellflower,CA,P2 | Class A | no website found on Google,,Car Detailers
LA Auto Detailers Paint correction specialist,,+1-562-242-9744,,,Bellflower,CA,P2 | Class A | no website found on Google,,Car Detailers
M & R Auto Detailing,,+1-562-804-2732,,"15804 Lakewood Blvd, Bellflower, CA 90706, United States",Bellflower,CA,P2 | Class A | no website found on Google,,Car Detailers
Mocha's Mobile Detail,,+1-562-446-3545,,,Bellflower,CA,P2 | Class A | no website found on Google,,Car Detailers
Odell's Luxury Mobile Detailing,,+1-323-713-6460,,,Bellflower,CA,P2 | Class A | no website found on Google,,Car Detailers
PS Mobile Auto Detail,,+1-562-215-9454,,"9343 Artesia Blvd, Bellflower, CA 90706, United States",Bellflower,CA,P2 | Class A | no website found on Google,,Car Detailers
Perceptive Auto Detailing,,+1-310-766-9403,,,Bellflower,CA,P2 | Class A | no website found on Google,,Car Detailers
Pros Auto Detailing,,+1-562-923-2415,,"11434 Downey Ave, Downey, CA 90241, United States",Bellflower,CA,P2 | Class A | no website found on Google,,Car Detailers
Speedy Automotive Detailing,,+1-424-286-0278,,,Bellflower,CA,P2 | Class A | no website found on Google,,Car Detailers
The Twins Deep Clean Mobile Auto Detail,,+1-323-915-8828,,,Bellflower,CA,P2 | Class A | no website found on Google,,Car Detailers
Tonys Auto Detailing Products Norwalk,,+1-714-350-9273,,"11831 Firestone Blvd, Norwalk, CA 90650, United States",Bellflower,CA,P2 | Class A | no website found on Google,,Car Detailers
classic touch mobile detail,,+1-909-242-6399,,"Lakewood Blvd, Bellflower, CA 90706, United States",Bellflower,CA,P2 | Class A | no website found on Google,,Car Detailers
Alpha 1 Detail,,+1-804-709-7227,,,Berkeley,CA,P2 | Class A | no website found on Google,,Car Detailers
All Star Auto Detailing,,+1-657-340-8109,,,Buena Park,CA,P2 | Class A | no website found on Google,,Car Detailers
BNA auto detailing,,+1-657-252-1764,,,Buena Park,CA,P2 | Class A | no website found on Google,,Car Detailers
Long Beach Car Detail - Los Angeles,,+1-714-423-4542,,,Buena Park,CA,P2 | Class A | no website found on Google,,Car Detailers
NuSkin Auto Detailing,,+1-714-396-7422,,"5172 Dumaine Dr, La Palma, CA 90623, United States",Buena Park,CA,P2 | Class A | no website found on Google,,Car Detailers
TurboShine Mobile Detailing,,+1-714-309-0844,,,Buena Park,CA,P2 | Class A | no website found on Google,,Car Detailers
818 Shine,,+1-818-434-2131,,,Burbank,CA,P2 | Class A | no website found on Google,,Car Detailers
AR Mobile Detailing,,+1-747-955-9645,,"12770 Herrick Ave, Sylmar, CA 91342, United States",Burbank,CA,P2 | Class A | no website found on Google,,Car Detailers
AcemobilewashLa,,+1-747-774-6222,,,Burbank,CA,P2 | Class A | no website found on Google,,Car Detailers
Autodetailing,,+1-818-941-5316,,"11681 Saticoy St, North Hollywood, CA 91605, United States",Burbank,CA,P2 | Class A | no website found on Google,,Car Detailers
Baker Auto Detailing,,+1-818-524-8127,,,Burbank,CA,P2 | Class A | no website found on Google,,Car Detailers
Burnettes spotless mobile detailing,,+1-818-631-1765,,,Burbank,CA,P2 | Class A | no website found on Google,,Car Detailers
Car washing mobile service,,+1-818-863-0608,,"11512 Oxnard St, North Hollywood, CA 91606, United States",Burbank,CA,P2 | Class A | no website found on Google,,Car Detailers
Carbs Auto Spa,,+1-818-749-9375,,"711 S Flower St, Burbank, CA 91502, United States",Burbank,CA,P2 | Class A | no website found on Google,,Car Detailers
City Car Detailing,,+1-747-946-5718,,"3964 Carpenter Ave, Studio City, CA 91604, United States",Burbank,CA,P2 | Class A | no website found on Google,,Car Detailers
Creative mobile Detaling,,+1-818-606-5663,,,Burbank,CA,P2 | Class A | no website found on Google,,Car Detailers
DMG auto detail,,+1-818-317-5725,,,Burbank,CA,P2 | Class A | no website found on Google,,Car Detailers
DP Auto Finish,,+1-818-617-6157,,,Burbank,CA,P2 | Class A | no website found on Google,,Car Detailers
Detail Cleanic - Mobile Detail & Car Wash,,+1-747-955-6550,,,Burbank,CA,P2 | Class A | no website found on Google,,Car Detailers
Detail Plus,,+1-818-972-1026,,"2612 N Hollywood Way, Burbank, CA 91505, United States",Burbank,CA,P2 | Class A | no website found on Google,,Car Detailers
Dope Auto Detailing,,+1-818-310-0962,,,Burbank,CA,P2 | Class A | no website found on Google,,Car Detailers
EverMint Auto Detail,,+1-818-641-3927,,,Burbank,CA,P2 | Class A | no website found on Google,,Car Detailers
Exquisite Mobile Detailing,,+1-562-445-0245,,,Burbank,CA,P2 | Class A | no website found on Google,,Car Detailers
Final Touch Pro,,+1-818-632-9274,,"1413 W Kenneth Rd, Glendale, CA 91201, United States",Burbank,CA,P2 | Class A | no website found on Google,,Car Detailers
Gloss Boss Mobile Detail,,+1-747-351-9666,,,Burbank,CA,P2 | Class A | no website found on Google,,Car Detailers
Limitless Auto Detail,,+1-818-946-9114,,,Burbank,CA,P2 | Class A | no website found on Google,,Car Detailers
LuxCoat Mobile Ceramic and Detailing,,+1-818-305-5791,,"10919 Ratner St, Sun Valley, CA 91353, United States",Burbank,CA,P2 | Class A | no website found on Google,,Car Detailers
Luxury Auto Detailing Inc.,,+1-818-856-8800,,"5745 Lankershim Blvd, North Hollywood, CA 91601, United States",Burbank,CA,P2 | Class A | no website found on Google,,Car Detailers
Mega Star Detailing services,,+1-747-466-6305,,,Burbank,CA,P2 | Class A | no website found on Google,,Car Detailers
Mikey’s Mobile Detailing,,+1-626-232-5153,,,Burbank,CA,P2 | Class A | no website found on Google,,Car Detailers
Mission Detail,,+1-818-216-2268,,"827 N Hollywood Way, Burbank, CA 91505, United States",Burbank,CA,P2 | Class A | no website found on Google,,Car Detailers
Mobile Car Detailing,,+1-747-285-7071,,"4715 N Eagle Rock Blvd, Los Angeles, CA 90041, United States",Burbank,CA,P2 | Class A | no website found on Google,,Car Detailers
Mobile Oasis Car Wash and detail,,+1-323-821-4444,,,Burbank,CA,P2 | Class A | no website found on Google,,Car Detailers
MobileWash,,+1-888-209-5585,,,Burbank,CA,P2 | Class A | no website found on Google,,Car Detailers
Noven Detailing,,+1-818-720-7123,,,Burbank,CA,P2 | Class A | no website found on Google,,Car Detailers
PacTown mobile car wash,,+1-818-853-3486,,"5614 Fulcher Ave, North Hollywood, CA 91601, United States",Burbank,CA,P2 | Class A | no website found on Google,,Car Detailers
Pick&Drop Auto Services,,+1-323-770-5877,,,Burbank,CA,P2 | Class A | no website found on Google,,Car Detailers
Primedetail_la,,+1-213-453-0573,,"132 S Adams St, Glendale, CA 91205, United States",Burbank,CA,P2 | Class A | no website found on Google,,Car Detailers
Resilient Mobile Detail And Wash,,+1-818-275-0641,,,Burbank,CA,P2 | Class A | no website found on Google,,Car Detailers
Straw Hat Mobile Auto Detailing,,+1-818-468-1585,,,Burbank,CA,P2 | Class A | no website found on Google,,Car Detailers
The Dream Auto Spa,,+1-818-940-7193,,,Burbank,CA,P2 | Class A | no website found on Google,,Car Detailers
The Purist Auto Detailing,,+1-818-439-0428,,,Burbank,CA,P2 | Class A | no website found on Google,,Car Detailers
True Heaven Mobile Detailing,,+1-818-339-1755,,"5660 Cahuenga Blvd, North Hollywood, CA 91601, United States",Burbank,CA,P2 | Class A | no website found on Google,,Car Detailers
Turtle Express Detailing and Ceramic,,+1-818-398-9274,,"1420 W Clark Ave, Burbank, CA 91506, United States",Burbank,CA,P2 | Class A | no website found on Google,,Car Detailers
VIP Mobile Auto Detailing,,+1-877-338-8856,,,Burbank,CA,P2 | Class A | no website found on Google,,Car Detailers
Vosh Mobile Detailing,,+1-800-506-8445,,,Burbank,CA,P2 | Class A | no website found on Google,,Car Detailers
WM mobile auto detailing,,+1-818-213-6882,,"10225 Hillhaven Ave Unit 113, Tujunga, CA 91042, United States",Burbank,CA,P2 | Class A | no website found on Google,,Car Detailers
WashbarLA,,+1-818-666-6060,,"2113 N Glenoaks Blvd, Burbank, CA 91504, United States",Burbank,CA,P2 | Class A | no website found on Google,,Car Detailers
joe's mobile detailing,,+1-818-644-7578,,"233 N Isabel St, Glendale, CA 91206, United States",Burbank,CA,P2 | Class A | no website found on Google,,Car Detailers
AUTO LUST MOBILE DETAILING,,+1-562-326-1021,,,Carson,CA,P2 | Class A | no website found on Google,,Car Detailers
Agua Suave Car Detailing Supplies,,+1-562-423-2482,,"5301 Cherry Ave, Long Beach, CA 90805, United States",Carson,CA,P2 | Class A | no website found on Google,,Car Detailers
Alvaro Auto Detail - Auto Detailing-Window Tinting- Heatlight Restoration,,+1-310-561-9511,,"22515 Vermont Ave, Torrance, CA 90502, United States",Carson,CA,P2 | Class A | no website found on Google,,Car Detailers
Andres mobile auto detailing,,+1-213-357-8566,,"1208 S Central Ave, Compton, CA 90220, United States",Carson,CA,P2 | Class A | no website found on Google,,Car Detailers
Best Cleaning - Car Detailing and Window Tint,,+1-310-901-3398,,"22641 Normandie Ave, Torrance, CA 90501, United States",Carson,CA,P2 | Class A | no website found on Google,,Car Detailers
Bridge’s Mobile Detailing,,+1-562-248-6136,,,Carson,CA,P2 | Class A | no website found on Google,,Car Detailers
Cisneros Mobile Detailing,,+1-310-594-1697,,,Carson,CA,P2 | Class A | no website found on Google,,Car Detailers
Corey's Mobile Detailing,,+1-909-345-3205,,"2122 W Willard St, Long Beach, CA 90810, United States",Carson,CA,P2 | Class A | no website found on Google,,Car Detailers
Crown Car Cleaning,,+1-213-563-6732,,,Carson,CA,P2 | Class A | no website found on Google,,Car Detailers
DaRocha Mobile Detail,,+1-310-200-8886,,,Carson,CA,P2 | Class A | no website found on Google,,Car Detailers
Detail Center,,+1-310-371-6301,,"15808 Inglewood Ave, Lawndale, CA 90260, United States",Carson,CA,P2 | Class A | no website found on Google,,Car Detailers
Detail Pioneers,,+1-310-738-6258,,,Carson,CA,P2 | Class A | no website found on Google,,Car Detailers
Doctor's Automotive,,+1-562-548-1188,,"22025 Avalon Blvd, Carson, CA 90745, United States",Carson,CA,P2 | Class A | no website found on Google,,Car Detailers
Dr. Detail mobile detailing,,+1-760-896-5018,,"1315 Magnolia Ave, Gardena, CA 90247, United States",Carson,CA,P2 | Class A | no website found on Google,,Car Detailers
Eddies Auto Detail,,+1-562-984-1974,,"711 E Market St, Long Beach, CA 90805, United States",Carson,CA,P2 | Class A | no website found on Google,,Car Detailers
El Kora Auto Detailing,,+1-562-786-0806,,"1150 E Salt Lake St, Long Beach, CA 90806, United States",Carson,CA,P2 | Class A | no website found on Google,,Car Detailers
Huero’s Mobile Detail & Supply,,+1-424-362-8457,,"25622 Narbonne Ave, Lomita, CA 90717, United States",Carson,CA,P2 | Class A | no website found on Google,,Car Detailers
Legacy Auto Detailing,,+1-424-210-8109,,,Carson,CA,P2 | Class A | no website found on Google,,Car Detailers
Martin M's Auto Detailing,,+1-562-257-6514,,,Carson,CA,P2 | Class A | no website found on Google,,Car Detailers
Mobile car wash and detailing,,+1-323-787-7675,,,Carson,CA,P2 | Class A | no website found on Google,,Car Detailers
My Detail Guy Mobile Detailing,,+1-210-972-3169,,"18827 Gerkin Ave, Torrance, CA 90504, United States",Carson,CA,P2 | Class A | no website found on Google,,Car Detailers
Onepercent auto detail,,+1-562-282-3471,,"6280 Long Beach Blvd, Long Beach, CA 90805, United States",Carson,CA,P2 | Class A | no website found on Google,,Car Detailers
R.S.MOBILE.DETAILING,,+1-424-222-2563,,,Carson,CA,P2 | Class A | no website found on Google,,Car Detailers
Red wagon detailing LLC,,+1-310-562-8670,,"15312 S Vermont Ave, Gardena, CA 90247, United States",Carson,CA,P2 | Class A | no website found on Google,,Car Detailers
Runz Mobile Detail,,+1-424-409-9548,,,Carson,CA,P2 | Class A | no website found on Google,,Car Detailers
SWIFT Auto Wash Solutions & Ceramic Coatings,,+1-310-346-4621,,"17007 Hawthorne Blvd, Lawndale, CA 90260, United States",Carson,CA,P2 | Class A | no website found on Google,,Car Detailers
Servin Mobile Auto Detail,,+1-323-472-0289,,"6925 Cherry Ave, Long Beach, CA 90805, United States",Carson,CA,P2 | Class A | no website found on Google,,Car Detailers
SoCal Shine Mobile Detailing,,+1-310-413-9128,,,Carson,CA,P2 | Class A | no website found on Google,,Car Detailers
Splashin Detailing,,+1-310-294-0943,,"20806 Orchard Ave, Torrance, CA 90502, United States",Carson,CA,P2 | Class A | no website found on Google,,Car Detailers
The Car Detail Guy,,+1-818-600-1891,,,Carson,CA,P2 | Class A | no website found on Google,,Car Detailers
Torrance 5Star Fresh Mobile Car Detailing,,+1-714-947-1009,,"2816 Columbia St, Torrance, CA 90503, United States",Carson,CA,P2 | Class A | no website found on Google,,Car Detailers
Westdrift Details - Mobile Detailing Service,,+1-424-324-9040,,,Carson,CA,P2 | Class A | no website found on Google,,Car Detailers
one touch mobile car detailing,,+1-323-335-6642,,"1029 Magnolia Ave, Gardena, CA 90247, United States",Carson,CA,P2 | Class A | no website found on Google,,Car Detailers
Campos Mobile Auto Detailing,,+1-562-418-9268,,,Chino,CA,P2 | Class A | no website found on Google,,Car Detailers
YG Auto Detailing,,+1-909-764-8262,,"1266 W 1st St Unit A, Pomona, CA 91766, United States",Chino,CA,P2 | Class A | no website found on Google,,Car Detailers
Clean Shield,,+1-951-437-0303,,,Corona,CA,P2 | Class A | no website found on Google,,Car Detailers
213 Luis Mobile Diteiling,,+1-213-449-0427,,,Downey,CA,P2 | Class A | no website found on Google,,Car Detailers
Aragon Auto Detailing,,+1-323-459-0214,,,Downey,CA,P2 | Class A | no website found on Google,,Car Detailers
Car Detailing Discounts,,+1-323-545-7304,,,Downey,CA,P2 | Class A | no website found on Google,,Car Detailers
Eduardo Mobile Detailing,,+1-323-557-7571,,,Downey,CA,P2 | Class A | no website found on Google,,Car Detailers
Expendables Mobile Detailing,,+1-310-722-3919,,,Downey,CA,P2 | Class A | no website found on Google,,Car Detailers
HEM Full Service,,+1-562-503-9971,,"9647 Pomering Rd, Downey, CA 90240, United States",Downey,CA,P2 | Class A | no website found on Google,,Car Detailers
Habibi Bros Mobile Detailing,,+1-562-481-4691,,,Downey,CA,P2 | Class A | no website found on Google,,Car Detailers
Hdez Mobile detailing,,+1-562-579-6320,,"11924 Leland Ave, Whittier, CA 90605, United States",Downey,CA,P2 | Class A | no website found on Google,,Car Detailers
J&G mobile detail,,+1-323-540-0517,,"9222 Bowman Ave, South Gate, CA 90280, United States",Downey,CA,P2 | Class A | no website found on Google,,Car Detailers
JAG Mobile Detailing LLC,,+1-323-470-3504,,,Downey,CA,P2 | Class A | no website found on Google,,Car Detailers
Junior's Auto Detail,,+1-562-862-7117,,"11400 Paramount Blvd, Downey, CA 90241, United States",Downey,CA,P2 | Class A | no website found on Google,,Car Detailers
Lightyear Detailing,,+1-562-250-5496,,,Downey,CA,P2 | Class A | no website found on Google,,Car Detailers
Lobo's Mobile Detailing,,+1-213-302-0637,,,Downey,CA,P2 | Class A | no website found on Google,,Car Detailers
Millan's Mobile Details,,+1-323-773-6010,,,Downey,CA,P2 | Class A | no website found on Google,,Car Detailers
Mr. Cleanvenience Mobile Detail,,+1-562-208-3432,,,Downey,CA,P2 | Class A | no website found on Google,,Car Detailers
Nanos Auto Detailing,,+1-562-632-2617,,"12102 Lowemont St, Norwalk, CA 90650, United States",Downey,CA,P2 | Class A | no website found on Google,,Car Detailers
One touch mobile detailing,,+1-562-521-6118,,"Cheshire St, Norwalk, CA 90650, United States",Downey,CA,P2 | Class A | no website found on Google,,Car Detailers
Premier Auto Detail Supplies,,+1-323-926-9535,,"3717 Tweedy Blvd, South Gate, CA 90280, United States",Downey,CA,P2 | Class A | no website found on Google,,Car Detailers
Prime Mobile Detailing,,+1-747-254-5352,,,Downey,CA,P2 | Class A | no website found on Google,,Car Detailers
RDL MOBILE WASH,,+1-323-513-3605,,"8957 Virginia Ave, South Gate, CA 90280, United States",Downey,CA,P2 | Class A | no website found on Google,,Car Detailers
RR auto detailing,,+1-562-362-9132,,,Downey,CA,P2 | Class A | no website found on Google,,Car Detailers
Rocky's Mobile Auto Detail INC.,,+1-323-500-9771,,,Downey,CA,P2 | Class A | no website found on Google,,Car Detailers
Roger Detailing,,+1-562-334-6342,,,Downey,CA,P2 | Class A | no website found on Google,,Car Detailers
Royal Wash & Detail,,+1-626-483-2122,,,Downey,CA,P2 | Class A | no website found on Google,,Car Detailers
Soto's Auto Detailing,,+1-323-326-5430,,,Downey,CA,P2 | Class A | no website found on Google,,Car Detailers
Statik Mobile Detailz,,+1-323-326-8494,,"5520 Lindbergh Ln, Bell Gardens, CA 90201, United States",Downey,CA,P2 | Class A | no website found on Google,,Car Detailers
Sunny Side Mobile Car Wash & Detail,,+1-714-419-9844,,,Downey,CA,P2 | Class A | no website found on Google,,Car Detailers
Super Detailing,,+1-562-644-9348,,"12333 Woodruff Ave, Downey, CA 90241, United States",Downey,CA,P2 | Class A | no website found on Google,,Car Detailers
Transcendent Mobile Auto Detail,,+1-714-818-4158,,"8930 Painter Ave #219, Whittier, CA 90602, United States",Downey,CA,P2 | Class A | no website found on Google,,Car Detailers
WDA mobile car detailing,,+1-424-547-6089,,,Downey,CA,P2 | Class A | no website found on Google,,Car Detailers
Wonders Auto Detailing LLC,,+1-323-694-1972,,,Downey,CA,P2 | Class A | no website found on Google,,Car Detailers
downeycardetail,,+1-562-302-7881,,"12816 Cornuta Ave, Downey, CA 90242, United States",Downey,CA,P2 | Class A | no website found on Google,,Car Detailers
joes mobile detailing services,,+1-323-351-5609,,"5616 Maywood Ave, Maywood, CA 90270, United States",Downey,CA,P2 | Class A | no website found on Google,,Car Detailers
Beyond The Detail,,+1-626-681-9896,,"12700 Elliott Ave, El Monte, CA 91732, United States",El Monte,CA,P2 | Class A | no website found on Google,,Car Detailers
Chatos mobile detailing,,+1-626-274-3982,,,El Monte,CA,P2 | Class A | no website found on Google,,Car Detailers
DPS AUTO DETAILING,,+1-626-315-4508,,,El Monte,CA,P2 | Class A | no website found on Google,,Car Detailers
Detailverse_la,,+1-626-329-6090,,"3925 Eunice Ave, El Monte, CA 91731, United States",El Monte,CA,P2 | Class A | no website found on Google,,Car Detailers
El Monte Auto Car Detail Wash,,+1-626-483-0423,,"11234 Oak St, El Monte, CA 91731, United States",El Monte,CA,P2 | Class A | no website found on Google,,Car Detailers
Elite mobile detail los angeles,,+1-626-534-8810,,,El Monte,CA,P2 | Class A | no website found on Google,,Car Detailers
Expo Auto Detailing,,+1-626-279-1900,,"4535 Baldwin Ave, El Monte, CA 91731, United States",El Monte,CA,P2 | Class A | no website found on Google,,Car Detailers
Fast lyfe mobile detailing,,+1-626-341-8961,,,El Monte,CA,P2 | Class A | no website found on Google,,Car Detailers
Frank 2000 Detail Center,,+1-626-564-2532,,"2655 E Colorado Blvd, Pasadena, CA 91107, United States",El Monte,CA,P2 | Class A | no website found on Google,,Car Detailers
Jey's Mobile Detailing,,+1-626-361-1647,,,El Monte,CA,P2 | Class A | no website found on Google,,Car Detailers
Keep It Dirty Detail,,+1-909-462-3154,,,El Monte,CA,P2 | Class A | no website found on Google,,Car Detailers
LVLUP Auto Detail,,+1-626-371-4825,,,El Monte,CA,P2 | Class A | no website found on Google,,Car Detailers
Lalo’s Auto Detailing,,+1-626-541-8832,,,El Monte,CA,P2 | Class A | no website found on Google,,Car Detailers
Low End Detailing,,+1-626-712-4221,,,El Monte,CA,P2 | Class A | no website found on Google,,Car Detailers
Magik Touch Mobile Detailing,,+1-626-652-2955,,"14120 Fairgrove Ave, La Puente, CA 91746, United States",El Monte,CA,P2 | Class A | no website found on Google,,Car Detailers
Mobile Detailing Los Angeles,,+1-832-453-3873,,,El Monte,CA,P2 | Class A | no website found on Google,,Car Detailers
New Generation Auto Detailing,,+1-626-758-2675,,"11202 Redberry St, El Monte, CA 91733, United States",El Monte,CA,P2 | Class A | no website found on Google,,Car Detailers
Reyes Mobile Wash,,+1-626-804-1121,,,El Monte,CA,P2 | Class A | no website found on Google,,Car Detailers
ShineTime Auto Care,,+1-626-923-7178,,"2366 Silverbay Ave, El Monte, CA 91732, United States",El Monte,CA,P2 | Class A | no website found on Google,,Car Detailers
Sho-time mobile detailing,,+1-562-844-6456,,,El Monte,CA,P2 | Class A | no website found on Google,,Car Detailers
Spotless Trio Mobile Detail,,+1-626-360-3598,,,El Monte,CA,P2 | Class A | no website found on Google,,Car Detailers
Three Point Auto Detailing,,+1-626-362-9332,,"9834 Alpaca St, South El Monte, CA 91733, United States",El Monte,CA,P2 | Class A | no website found on Google,,Car Detailers
VNR Mobile Auto Detail,,+1-626-235-2347,,,El Monte,CA,P2 | Class A | no website found on Google,,Car Detailers
el monte mobile car detail wash,,+1-626-483-0421,,,El Monte,CA,P2 | Class A | no website found on Google,,Car Detailers
magaña’s mobile auto detailing,,+1-626-265-1524,,,El Monte,CA,P2 | Class A | no website found on Google,,Car Detailers
Alvarez Auto Detail,,+1-909-346-8217,,,Fontana,CA,P2 | Class A | no website found on Google,,Car Detailers
A&R mobile auto detailing,,+1-562-524-5854,,"321 La Serna Dr, La Habra, CA 90631, United States",Fullerton,CA,P2 | Class A | no website found on Google,,Car Detailers
JP Auto Mobile Detailing,,+1-562-781-5985,,"309 Lois St, La Habra, CA 90631, United States",Fullerton,CA,P2 | Class A | no website found on Google,,Car Detailers
Mobile Wash and Detail,,+1-562-329-7946,,"15262 Goodhue St, Whittier, CA 90604, United States",Fullerton,CA,P2 | Class A | no website found on Google,,Car Detailers
Mobile car wash & auto detailing,,+1-760-886-3869,,"N Marian St, La Habra, CA 90631, United States",Fullerton,CA,P2 | Class A | no website found on Google,,Car Detailers
Street Rage Mobile Car Wash & Detailing,,+1-714-467-5396,,,Fullerton,CA,P2 | Class A | no website found on Google,,Car Detailers
EZ1 MOBILE DETAILING,,+1-714-818-3498,,,Garden Grove,CA,P2 | Class A | no website found on Google,,Car Detailers
Big Bruce Mobile Detailing,,+1-213-949-8210,,"3030 N Eagle Rock Blvd, Los Angeles, CA 90065, United States",Glendale,CA,P2 | Class A | no website found on Google,,Car Detailers
LA EMPIRE AUTO DETAIL,,+1-213-330-5040,,"1871 Colorado Blvd, Eagle Rock, CA 90041, United States",Glendale,CA,P2 | Class A | no website found on Google,,Car Detailers
Ocean Auto Detail,,+1-818-541-0066,,"3520 Ocean View Blvd, Glendale, CA 91208, United States",Glendale,CA,P2 | Class A | no website found on Google,,Car Detailers
Paradise 1 Mobile Car Wash & Detailing,,+1-213-279-6821,,,Glendale,CA,P2 | Class A | no website found on Google,,Car Detailers
Paul's Mobile Detailing,,+1-213-585-7861,,,Glendale,CA,P2 | Class A | no website found on Google,,Car Detailers
Pro Clean Auto Spa,,+1-213-933-9993,,,Glendale,CA,P2 | Class A | no website found on Google,,Car Detailers
Satin Detailing,,+1-805-727-3161,,"611 Orange Grove Ave, Glendale, CA 91205, United States",Glendale,CA,P2 | Class A | no website found on Google,,Car Detailers
Step Back Mobile Detail,,+1-818-860-6885,,,Glendale,CA,P2 | Class A | no website found on Google,,Car Detailers
Supreme Mobile Detail,,+1-323-388-9088,,,Glendale,CA,P2 | Class A | no website found on Google,,Car Detailers
System-J Detailing,,+1-818-590-5969,,"Glendale, CA 91204, United States",Glendale,CA,P2 | Class A | no website found on Google,,Car Detailers
Vechy's Mobile Car Detailing,,+1-818-928-9825,,,Glendale,CA,P2 | Class A | no website found on Google,,Car Detailers
KPalm Detailz,,+1-951-434-9779,,,Hemet,CA,P2 | Class A | no website found on Google,,Car Detailers
All In One Mobile Car Wash,,+1-323-977-0838,,,Inglewood,CA,P2 | Class A | no website found on Google,,Car Detailers
Arzate.mobile.detailing,,+1-562-291-5658,,,Inglewood,CA,P2 | Class A | no website found on Google,,Car Detailers
Auto Detail Spa,,+1-323-489-1909,,,Inglewood,CA,P2 | Class A | no website found on Google,,Car Detailers
BDD MOBILE AUTO DETAILING,,+1-424-375-0603,,,Inglewood,CA,P2 | Class A | no website found on Google,,Car Detailers
Before & After Detailing,,+1-310-912-1498,,"10308 S Burin Ave, Inglewood, CA 90304, United States",Inglewood,CA,P2 | Class A | no website found on Google,,Car Detailers
Champion Mobile Detailing,,+1-310-725-7470,,,Inglewood,CA,P2 | Class A | no website found on Google,,Car Detailers
Dirt Master Mobile Car Detailing,,+1-213-913-0901,,"8923 Menlo Ave, Los Angeles, CA 90044, United States",Inglewood,CA,P2 | Class A | no website found on Google,,Car Detailers
Dreaming Clean Mobile Wash,,+1-310-878-0973,,,Inglewood,CA,P2 | Class A | no website found on Google,,Car Detailers
Every Little Detail Auto Detailing of Hawthorne,,+1-805-621-9500,,"1590 Rosecrans Ave Suite D #164, Manhattan Beach, CA 90266, United States",Inglewood,CA,P2 | Class A | no website found on Google,,Car Detailers
"Evolved Destiny Mobile Detailing, Ceramic Coatings , Polishing , Paint Correction",,+1-424-393-7013,,"3675 W 113th St, Inglewood, CA 90303, United States",Inglewood,CA,P2 | Class A | no website found on Google,,Car Detailers
Family and friends mobile detailing,,+1-323-216-5272,,"725 W 46th St, Los Angeles, CA 90037, United States",Inglewood,CA,P2 | Class A | no website found on Google,,Car Detailers
Goldenwash mobiledetail,,+1-424-439-1622,,"10827 Larch Ave, Lennox, CA 90304, United States",Inglewood,CA,P2 | Class A | no website found on Google,,Car Detailers
Green Buddy Auto Detailing,,+1-213-294-9180,,,Inglewood,CA,P2 | Class A | no website found on Google,,Car Detailers
Jacob’s mobile detailing,,+1-424-610-6209,,,Inglewood,CA,P2 | Class A | no website found on Google,,Car Detailers
J’s Auto Mobile Detailing,,+1-213-676-6367,,"5817 Cimarron St, Los Angeles, CA 90047, United States",Inglewood,CA,P2 | Class A | no website found on Google,,Car Detailers
L.d mobile auto detail,,+1-323-302-6465,,"130 W 51st St, Los Angeles, CA 90011, United States",Inglewood,CA,P2 | Class A | no website found on Google,,Car Detailers
Lara Mobile Detailing,,+1-310-817-3111,,,Inglewood,CA,P2 | Class A | no website found on Google,,Car Detailers
Los Mojados auto detailing service,,+1-323-841-2691,,"11310 Main St, Los Angeles, CA 90061, United States",Inglewood,CA,P2 | Class A | no website found on Google,,Car Detailers
Majestic Detailing (Mobile Detailing),,+1-323-809-8327,,,Inglewood,CA,P2 | Class A | no website found on Google,,Car Detailers
Mar Vista Detail,,+1-424-216-0252,,"4524 S Slauson Ave, Culver City, CA 90230, United States",Inglewood,CA,P2 | Class A | no website found on Google,,Car Detailers
Menos Auto Detail,,+1-310-491-8620,,"12205 Prairie Ave, Hawthorne, CA 90250, United States",Inglewood,CA,P2 | Class A | no website found on Google,,Car Detailers
Pacific Detail Center,,+1-424-351-8138,,"6080 Center Dr, Los Angeles, CA 90045, United States",Inglewood,CA,P2 | Class A | no website found on Google,,Car Detailers
Procar sales mobile car detailing - Los Angeles,,+1-445-544-4280,,"3894 Crenshaw Blvd, Los Angeles, CA 90008, United States",Inglewood,CA,P2 | Class A | no website found on Google,,Car Detailers
Ramirez Auto Detailing,,+1-310-743-6245,,"3818 W 109th St, Inglewood, CA 90303, United States",Inglewood,CA,P2 | Class A | no website found on Google,,Car Detailers
South LA Detailing,,+1-323-695-8866,,"1431 W 70th St, Los Angeles, CA 90047, United States",Inglewood,CA,P2 | Class A | no website found on Google,,Car Detailers
The Magic Touch Auto Detailing,,+1-310-606-5595,,"870 S Nash St, El Segundo, CA 90245, United States",Inglewood,CA,P2 | Class A | no website found on Google,,Car Detailers
TopTier Mobile Detailing,,+1-213-399-7671,,,Inglewood,CA,P2 | Class A | no website found on Google,,Car Detailers
Unlimited Mobile Detail,,+1-323-388-7210,,"10239 Crenshaw Blvd, Inglewood, CA 90303, United States",Inglewood,CA,P2 | Class A | no website found on Google,,Car Detailers
Vincent Detailing,,+1-424-521-3111,,,Inglewood,CA,P2 | Class A | no website found on Google,,Car Detailers
mobile car bath auto detailing,,+1-213-369-3815,,,Inglewood,CA,P2 | Class A | no website found on Google,,Car Detailers
California Golden Detailers,,+1-571-982-2034,,"24391 Avenida De La Carlota, Laguna Hills, CA 92653, United States",Lake Forest,CA,P2 | Class A | no website found on Google,,Car Detailers
Acme Auto Details,,+1-562-324-1216,,"5218 Coke Ave, Lakewood, CA 90712, Lakewood, CA 90716, United States",Lakewood,CA,P2 | Class A | no website found on Google,,Car Detailers
Everylastdetail by TNL,,+1-562-443-1151,,"5025 1/2 Hayter Ave, Lakewood, CA 90712, United States",Lakewood,CA,P2 | Class A | no website found on Google,,Car Detailers
JJS&D Professional Auto Detailing,,+1-714-642-9323,,"2067 Volk Ave, Long Beach, CA 90815, United States",Lakewood,CA,P2 | Class A | no website found on Google,,Car Detailers
Showroom Detail Co.,,+1-562-724-4511,,"4961 Adenmoor Ave, Lakewood, CA 90713, United States",Lakewood,CA,P2 | Class A | no website found on Google,,Car Detailers
Tiny Auto Detailing,,+1-562-386-2434,,"2330 E 7th St, Long Beach, CA 90804, United States",Lakewood,CA,P2 | Class A | no website found on Google,,Car Detailers
steellabdetailing,,+1-562-618-5588,,,Lakewood,CA,P2 | Class A | no website found on Google,,Car Detailers
1 suave Mobile Auto Detailing,,+1-661-471-5469,,,Lancaster,CA,P2 | Class A | no website found on Google,,Car Detailers
365 SHINE & ENTERTAINMENT,,+1-661-743-4566,,,Lancaster,CA,P2 | Class A | no website found on Google,,Car Detailers
A to Z Mobile Detailing,,+1-702-600-9252,,,Lancaster,CA,P2 | Class A | no website found on Google,,Car Detailers
All American Detail Service,,+1-661-435-1939,,,Lancaster,CA,P2 | Class A | no website found on Google,,Car Detailers
Atlas Luxury Auto Care & Ceramic Coatings Palmdale,,+1-661-604-3688,,"39212 Harvard Ln, Palmdale, CA 93551, United States",Lancaster,CA,P2 | Class A | no website found on Google,,Car Detailers
Black sheep mobile detailing,,+1-661-598-4574,,,Lancaster,CA,P2 | Class A | no website found on Google,,Car Detailers
Blessed By The Best,,+1-661-547-7706,,"838 W Jackman St, Lancaster, CA 93534, United States",Lancaster,CA,P2 | Class A | no website found on Google,,Car Detailers
Car’s Car Care,,+1-661-802-3167,,,Lancaster,CA,P2 | Class A | no website found on Google,,Car Detailers
Devoted mobile detailing,,+1-661-916-1933,,,Lancaster,CA,P2 | Class A | no website found on Google,,Car Detailers
Diamond Mobile Detail,,+1-661-232-8700,,,Lancaster,CA,P2 | Class A | no website found on Google,,Car Detailers
Diamond Mobile Detail,,+1-661-492-8055,,,Lancaster,CA,P2 | Class A | no website found on Google,,Car Detailers
Evany Mobile Detail - AV,,+1-702-232-8695,,,Lancaster,CA,P2 | Class A | no website found on Google,,Car Detailers
Full auto detailing (mobile),,+1-323-439-3033,,"Sun Ct, Lancaster, CA 93535, United States",Lancaster,CA,P2 | Class A | no website found on Google,,Car Detailers
Ghost Works Detail,,+1-909-609-1617,,"2025 Westwood Ct, Lancaster, CA 93536, United States",Lancaster,CA,P2 | Class A | no website found on Google,,Car Detailers
Graves Detailing Club,,+1-818-296-8370,,,Lancaster,CA,P2 | Class A | no website found on Google,,Car Detailers
HP Mobile Detailing,,+1-661-233-2942,,,Lancaster,CA,P2 | Class A | no website found on Google,,Car Detailers
J & I Mobile Auto Detailing,,+1-661-388-8352,,"34232 Red Rover Mine Rd, Acton, CA 93510, United States",Lancaster,CA,P2 | Class A | no website found on Google,,Car Detailers
Johnny's Mobile Detailing LLC,,+1-661-434-5948,,"1008 W Ave M-14 Ste A, Palmdale, CA 93551, United States",Lancaster,CA,P2 | Class A | no website found on Google,,Car Detailers
Journey Mobile Detailing And Car Wash,,+1-818-401-5526,,"43506 Kirkland Ave, Lancaster, CA 93535, United States",Lancaster,CA,P2 | Class A | no website found on Google,,Car Detailers
Mad Mikes Detailing,,+1-661-492-4635,,"50st Ave L-14, Quartz Hill, CA 93536, United States",Lancaster,CA,P2 | Class A | no website found on Google,,Car Detailers
Master Clean Mobile Detail,,+1-661-483-8989,,,Lancaster,CA,P2 | Class A | no website found on Google,,Car Detailers
Peñas Auto Detailing,,+1-661-899-0553,,"44122 20th St E spc 49, Lancaster, CA 93535, United States",Lancaster,CA,P2 | Class A | no website found on Google,,Car Detailers
Prestige Automotive Salon,,+1-661-917-5050,,"2037 Ave J-6, Lancaster, CA 93536, United States",Lancaster,CA,P2 | Class A | no website found on Google,,Car Detailers
R and k mobile detail,,+1-661-886-2625,,"44508 Date Ave, Lancaster, CA 93534, United States",Lancaster,CA,P2 | Class A | no website found on Google,,Car Detailers
REDs Automotive detailing,,+1-661-571-4774,,"41521 47th St W, Lancaster, CA 93536, United States",Lancaster,CA,P2 | Class A | no website found on Google,,Car Detailers
Smoov detailing,,+1-661-547-5338,,"505 W Ave J-10, Lancaster, CA 93534, United States",Lancaster,CA,P2 | Class A | no website found on Google,,Car Detailers
Superfly Detail Bro's,,+1-602-583-9644,,,Lancaster,CA,P2 | Class A | no website found on Google,,Car Detailers
Wichis detailing,,+1-661-483-6562,,,Lancaster,CA,P2 | Class A | no website found on Google,,Car Detailers
360detailingco,,+1-805-717-3004,,,Lompoc,CA,P2 | Class A | no website found on Google,,Car Detailers
5 Stars Mobile Services,,+1-562-284-9478,,,Long Beach,CA,P2 | Class A | no website found on Google,,Car Detailers
Chris Auto Detailing,,+1-562-528-2396,,,Long Beach,CA,P2 | Class A | no website found on Google,,Car Detailers
Dive Works Bottom & Topside Service,,+1-949-759-0773,,"Long Beach, CA 90801, United States",Long Beach,CA,P2 | Class A | no website found on Google,,Car Detailers
Farrells mobile detailing,,+1-562-357-1503,,,Long Beach,CA,P2 | Class A | no website found on Google,,Car Detailers
L & E Eco Mobile Detailing,,+1-562-357-3989,,,Long Beach,CA,P2 | Class A | no website found on Google,,Car Detailers
Left Shining Auto Spa,,+1-562-786-7111,,,Long Beach,CA,P2 | Class A | no website found on Google,,Car Detailers
Local Mobile Wash & Detail,,+1-805-794-8894,,,Long Beach,CA,P2 | Class A | no website found on Google,,Car Detailers
PERFORMANCE DETAILING,,+1-562-618-2523,,"1430 E 28th St, Signal Hill, CA 90755, United States",Long Beach,CA,P2 | Class A | no website found on Google,,Car Detailers
Pristine Detailing LA,,+1-562-306-9557,,,Long Beach,CA,P2 | Class A | no website found on Google,,Car Detailers
Tito’s Auto Details,,+1-562-394-2043,,"1487 N Molino Ave, Long Beach, CA 90804, United States",Long Beach,CA,P2 | Class A | no website found on Google,,Car Detailers
Torres Auto Detail,,+1-562-225-5246,,"1806 Gaviota Ave, Long Beach, CA 90806, United States",Long Beach,CA,P2 | Class A | no website found on Google,,Car Detailers
Trujillo Mobile Detailing,,+1-562-471-1913,,,Long Beach,CA,P2 | Class A | no website found on Google,,Car Detailers
VIP Auto Detailing,,+1-626-321-3322,,,Long Beach,CA,P2 | Class A | no website found on Google,,Car Detailers
Aztec Auto Detailing,,+1-310-557-2277,,"2029 Century Pk E p3, Los Angeles, CA 90067, United States",Los Angeles,CA,P2 | Class A | no website found on Google,,Car Detailers
Detail Of One: Auto Shine,,+1-818-572-5589,,"3217 W 73rd St, Los Angeles, CA 90043, United States",Los Angeles,CA,P2 | Class A | no website found on Google,,Car Detailers
DiamondGloss Auto Spa,,+1-424-421-4210,,"535 S Curson Ave 4 L, Los Angeles, CA 90036, United States",Los Angeles,CA,P2 | Class A | no website found on Google,,Car Detailers
Galaxy Detailing,,+1-818-730-4949,,"5501 Venice Blvd., Los Angeles, CA 90019, United States",Los Angeles,CA,P2 | Class A | no website found on Google,,Car Detailers
George's Auto Detailing,,+1-310-231-1933,,"11771 W Pico Blvd, Los Angeles, CA 90064, United States",Los Angeles,CA,P2 | Class A | no website found on Google,,Car Detailers
International Detail,,+1-310-312-8989,,"11305 Santa Monica Blvd, Los Angeles, CA 90025, United States",Los Angeles,CA,P2 | Class A | no website found on Google,,Car Detailers
Jn Details Luxury Auto Services,,+1-310-591-9817,,"11152 Culver Blvd, Los Angeles, CA 90230, United States",Los Angeles,CA,P2 | Class A | no website found on Google,,Car Detailers
Lucerne Car Detailing,,+1-213-513-6391,,"347 S Lucerne Blvd, Los Angeles, CA 90020, United States",Los Angeles,CA,P2 | Class A | no website found on Google,,Car Detailers
MA-Auto Detailing,,+1-310-570-3810,,"4639 Coliseum St #5, Los Angeles, CA 90016, United States",Los Angeles,CA,P2 | Class A | no website found on Google,,Car Detailers
Marlex Mobile Car Wash,,+1-323-617-0799,,"320 S Ardmore Ave, Los Angeles, CA 90020, United States",Los Angeles,CA,P2 | Class A | no website found on Google,,Car Detailers
Mena Detail,,+1-323-301-2923,,"6175 Santa Monica Blvd, Los Angeles, CA 90038, United States",Los Angeles,CA,P2 | Class A | no website found on Google,,Car Detailers
Ohj Custom Detailing,,+1-310-923-8342,,"8017 W 3rd St, Los Angeles, CA 90048, United States",Los Angeles,CA,P2 | Class A | no website found on Google,,Car Detailers
Partow Detailing,,+1-310-849-7132,,"8513 1/2 Horner St, Los Angeles, CA 90035, United States",Los Angeles,CA,P2 | Class A | no website found on Google,,Car Detailers
Primos Detailing,,+1-213-292-3414,,"5004 S Van Ness Ave, Los Angeles, CA 90062, United States",Los Angeles,CA,P2 | Class A | no website found on Google,,Car Detailers
ProShine Mobile Detail,,+1-424-362-5047,,"1818 W 24th St, Los Angeles, CA 90018, United States",Los Angeles,CA,P2 | Class A | no website found on Google,,Car Detailers
Pure Intensions mobile car wash & detail,,+1-346-377-3170,,"550 N Figueroa St, Los Angeles, CA 90012, United States",Los Angeles,CA,P2 | Class A | no website found on Google,,Car Detailers
Renewal Mobile Car Detailing Los Angeles,,+1-213-875-3656,,"4320 Honduras St, Los Angeles, CA 90011, United States",Los Angeles,CA,P2 | Class A | no website found on Google,,Car Detailers
Renewal Mobile Car Detailing of Los Angeles,,+1-213-782-3965,,"2622 Pennsylvania Ave, Los Angeles, CA 90033, United States",Los Angeles,CA,P2 | Class A | no website found on Google,,Car Detailers
Rick's Auto Detailing Los Angeles,,+1-818-274-6256,,"10801 National Blvd, Los Angeles, CA 90064, United States",Los Angeles,CA,P2 | Class A | no website found on Google,,Car Detailers
Royal Gloss detailing,,+1-213-306-3163,,"4156 Tivoli Ave, Los Angeles, CA 90066, United States",Los Angeles,CA,P2 | Class A | no website found on Google,,Car Detailers
Ultimate Detailing,,+1-323-299-2886,,"5120 Goldleaf Cir, Los Angeles, CA 90056, United States",Los Angeles,CA,P2 | Class A | no website found on Google,,Car Detailers
ON TIME SHINE MOBILE ON SITE AUTO DETAILING,,+1-909-545-5352,,,Moreno Valley,CA,P2 | Class A | no website found on Google,,Car Detailers
4k Moblie Detailing,,+1-562-299-2082,,,Norwalk,CA,P2 | Class A | no website found on Google,,Car Detailers
5150 mobile detail,,+1-562-640-7010,,,Norwalk,CA,P2 | Class A | no website found on Google,,Car Detailers
A.L Mobile Detail,,+1-562-632-8218,,"9122 Bluford Ave, Whittier, CA 90602, United States",Norwalk,CA,P2 | Class A | no website found on Google,,Car Detailers
Advanced Mobile Diagnostic n Detailing,,+1-562-340-5070,,"13525 Ramsey Dr, La Mirada, CA 90638, United States",Norwalk,CA,P2 | Class A | no website found on Google,,Car Detailers
Broadshield Detailing Solutions,,+1-661-571-9380,,,Norwalk,CA,P2 | Class A | no website found on Google,,Car Detailers
Classic Touch Auto Detailing,,+1-562-946-1933,,"14209 Leffingwell Rd, Whittier, CA 90604, United States",Norwalk,CA,P2 | Class A | no website found on Google,,Car Detailers
DonVDetails,,+1-562-410-1757,,"11923 Highdale St, Norwalk, CA 90650, United States",Norwalk,CA,P2 | Class A | no website found on Google,,Car Detailers
Joseph’s Auto Detailing,,+1-562-250-4485,,,Norwalk,CA,P2 | Class A | no website found on Google,,Car Detailers
Norwalk Auto Detailing,,+1-562-210-0575,,,Norwalk,CA,P2 | Class A | no website found on Google,,Car Detailers
una lavadita car detailing,,+1-562-388-7419,,,Norwalk,CA,P2 | Class A | no website found on Google,,Car Detailers
Jrez Mobile Detailing,,+1-909-395-6955,,,Ontario,CA,P2 | Class A | no website found on Google,,Car Detailers
1STOPDETAIL,,+1-661-718-5969,,,Palmdale,CA,P2 | Class A | no website found on Google,,Car Detailers
3D Detailing Supplies AV,,+1-661-522-8794,,"525 E Palmdale Blvd, Palmdale, CA 93550, United States",Palmdale,CA,P2 | Class A | no website found on Google,,Car Detailers
Alex Mobile Auto & Detailing,,+1-213-357-6203,,,Palmdale,CA,P2 | Class A | no website found on Google,,Car Detailers
Blackdiamonds carwash auto detail mobile,,+1-323-621-2231,,"37632 13th St E, Palmdale, CA 93550, United States",Palmdale,CA,P2 | Class A | no website found on Google,,Car Detailers
CK Auto detailing & Ceramic Coating Mobile,,+1-661-736-6705,,"37914 29th St E, Palmdale, CA 93550, United States",Palmdale,CA,P2 | Class A | no website found on Google,,Car Detailers
Catarino Details,,+1-661-365-4019,,,Palmdale,CA,P2 | Class A | no website found on Google,,Car Detailers
DnS Ultra Detailing,,+1-661-537-3328,,,Palmdale,CA,P2 | Class A | no website found on Google,,Car Detailers
Dream Vehicle Auto Spa,,+1-661-523-8031,,"38408 2nd St E, Palmdale, CA 93550, United States",Palmdale,CA,P2 | Class A | no website found on Google,,Car Detailers
First Class Mobile Detailing,,+1-805-433-2332,,"Palmdale, CA 93550, United States",Palmdale,CA,P2 | Class A | no website found on Google,,Car Detailers
Frontline Detail,,+1-661-212-1554,,,Palmdale,CA,P2 | Class A | no website found on Google,,Car Detailers
Glens Mobile Detailing,,+1-661-941-0518,,,Palmdale,CA,P2 | Class A | no website found on Google,,Car Detailers
Homeboy’s mobile detail,,+1-747-252-9784,,,Palmdale,CA,P2 | Class A | no website found on Google,,Car Detailers
JW Mobile Detailing and Car Wash,,+1-661-934-2684,,,Palmdale,CA,P2 | Class A | no website found on Google,,Car Detailers
JesusFlawlessMobileDetailing,,+1-661-494-3253,,,Palmdale,CA,P2 | Class A | no website found on Google,,Car Detailers
LP Mobile Detailing,,+1-661-802-6636,,,Palmdale,CA,P2 | Class A | no website found on Google,,Car Detailers
Lugo's Master Mind Detailing,,+1-626-399-5271,,,Palmdale,CA,P2 | Class A | no website found on Google,,Car Detailers
Modified Mobile Detailing,,+1-661-860-6820,,,Palmdale,CA,P2 | Class A | no website found on Google,,Car Detailers
Only clean mobile detailing llc,,+1-661-916-6177,,,Palmdale,CA,P2 | Class A | no website found on Google,,Car Detailers
Pure Pressure Mobile Wash,,+1-661-916-4245,,,Palmdale,CA,P2 | Class A | no website found on Google,,Car Detailers
Relentless Mobile Detailing,,+1-661-675-7070,,,Palmdale,CA,P2 | Class A | no website found on Google,,Car Detailers
Rs Mobile Detailing Palmdale,,+1-818-697-3494,,,Palmdale,CA,P2 | Class A | no website found on Google,,Car Detailers
Samayoa's Professional Mobile Detailing,,+1-661-236-2152,,,Palmdale,CA,P2 | Class A | no website found on Google,,Car Detailers
Second Chance Shine Detailing Services,,+1-661-480-5688,,,Palmdale,CA,P2 | Class A | no website found on Google,,Car Detailers
Speckless detailing,,+1-661-486-2192,,"Technology Dr, Palmdale, CA 93550, United States",Palmdale,CA,P2 | Class A | no website found on Google,,Car Detailers
Supreme Detail By J,,+1-661-495-8479,,,Palmdale,CA,P2 | Class A | no website found on Google,,Car Detailers
Tony Premium Detailing,,+1-818-721-1813,,"36153 Sierra Hwy, Palmdale, CA 93550, United States",Palmdale,CA,P2 | Class A | no website found on Google,,Car Detailers
starlite mobile detailing,,+1-661-503-8455,,"37347 Populus Ave, Palmdale, CA 93552, United States",Palmdale,CA,P2 | Class A | no website found on Google,,Car Detailers
Auto Clean Pros,,+1-818-319-9525,,"2435 E Colorado Blvd, Pasadena, CA 91107, United States",Pasadena,CA,P2 | Class A | no website found on Google,,Car Detailers
Doug Wash Auto Detailing,,+1-626-254-3830,,"In Rear of Building, 2020 Lake Ave, Altadena, CA 91001, United States",Pasadena,CA,P2 | Class A | no website found on Google,,Car Detailers
Downtown Auto Detail,,+1-626-795-6094,,"2655 E Colorado Blvd # B, Pasadena, CA 91107, United States",Pasadena,CA,P2 | Class A | no website found on Google,,Car Detailers
"Eye for Detail, Inc",,+1-626-791-6283,,"1450 Whitefield Rd, Pasadena, CA 91104, United States",Pasadena,CA,P2 | Class A | no website found on Google,,Car Detailers
FES Auto Detailing,,+1-626-533-8523,,"680 E Colorado Blvd, Pasadena, CA 91101, United States",Pasadena,CA,P2 | Class A | no website found on Google,,Car Detailers
Foothill Detail Company,,+1-323-212-5897,,"2220 E Foothill Blvd, Pasadena, CA 91107, United States",Pasadena,CA,P2 | Class A | no website found on Google,,Car Detailers
Freddy fresh auto detail,,+1-626-216-8298,,"Temple City, CA 91780, United States",Pasadena,CA,P2 | Class A | no website found on Google,,Car Detailers
J&E Auto Glow LLC Mobile Detail,,+1-626-246-6025,,"122A E Foothill Blvd, Arcadia, CA 91006, United States",Pasadena,CA,P2 | Class A | no website found on Google,,Car Detailers
Loyalty autos LLC,,+1-310-290-0249,,"110 S Rosemead Blvd suite G, Pasadena, CA 91107, United States",Pasadena,CA,P2 | Class A | no website found on Google,,Car Detailers
Luxe Auto Detailing,,+1-626-517-7371,,,Pasadena,CA,P2 | Class A | no website found on Google,,Car Detailers
Mobile Car wash & Auto Detail services,,+1-901-455-9840,,,Pasadena,CA,P2 | Class A | no website found on Google,,Car Detailers
Nick Cuts Hair,,+1-323-679-4987,,"Hope St, South Pasadena, CA 91030, United States",Pasadena,CA,P2 | Class A | no website found on Google,,Car Detailers
Pasadena Go Detail,,+1-626-689-1655,,,Pasadena,CA,P2 | Class A | no website found on Google,,Car Detailers
S and L Mobile Detail,,+1-323-446-5165,,"680 E Colorado Blvd, Pasadena, CA 91101, United States",Pasadena,CA,P2 | Class A | no website found on Google,,Car Detailers
Sng Auto spa,,+1-323-400-8688,,"133 N Altadena Dr, Pasadena, CA 91107, United States",Pasadena,CA,P2 | Class A | no website found on Google,,Car Detailers
TimmyK Detailing,,+1-626-321-0160,,,Pasadena,CA,P2 | Class A | no website found on Google,,Car Detailers
Ceramic Auto Detail,,+1-909-859-5712,,"1190 E Holt Ave, Pomona, CA 91767, United States",Pomona,CA,P2 | Class A | no website found on Google,,Car Detailers
Divine Detailing,,+1-626-413-9138,,,Pomona,CA,P2 | Class A | no website found on Google,,Car Detailers
Dj Did It Automotive Detailing,,+1-909-345-4157,,,Pomona,CA,P2 | Class A | no website found on Google,,Car Detailers
Don’s Mobile Detailing,,+1-909-631-5140,,,Pomona,CA,P2 | Class A | no website found on Google,,Car Detailers
EC MOBILE/AUTO DETAILING,,+1-909-414-6272,,,Pomona,CA,P2 | Class A | no website found on Google,,Car Detailers
Guzmán’s auto details mobile services,,+1-909-643-9014,,"2193 S San Antonio Ave, Pomona, CA 91766, United States",Pomona,CA,P2 | Class A | no website found on Google,,Car Detailers
JC Mobile Detailing,,+1-909-569-8184,,,Pomona,CA,P2 | Class A | no website found on Google,,Car Detailers
Kempro Auto Detail Supplies,,+1-949-385-3565,,"1600 E Holt Ave R23, Pomona, CA 91767, United States",Pomona,CA,P2 | Class A | no website found on Google,,Car Detailers
OSOCLEAN MOBILE CARWASH N QUICK DETAIL,,+1-323-381-1513,,,Pomona,CA,P2 | Class A | no website found on Google,,Car Detailers
Overland Mobile Detailing,,+1-562-282-7647,,"981 E Arrow Hwy, San Dimas, CA 91773, United States",Pomona,CA,P2 | Class A | no website found on Google,,Car Detailers
Palencia Mobile Detailing,,+1-909-374-2974,,,Pomona,CA,P2 | Class A | no website found on Google,,Car Detailers
Pharaoh’s Mobile Detailing,,+1-626-689-0104,,,Pomona,CA,P2 | Class A | no website found on Google,,Car Detailers
Power Shine Auto Detailing,,+1-909-662-6311,,"747 E Franklin Ave, Pomona, CA 91766, United States",Pomona,CA,P2 | Class A | no website found on Google,,Car Detailers
Showroom Shine Car Detailing & Paint Correction,,+1-909-575-7337,,"250 W 1st St, Claremont, CA 91711, United States",Pomona,CA,P2 | Class A | no website found on Google,,Car Detailers
sobasclean llc,,+1-909-524-6446,,"669 Loranne Ave, Pomona, CA 91767, United States",Pomona,CA,P2 | Class A | no website found on Google,,Car Detailers
Protection Plus Mobile Auto Detailing,,+1-909-285-5291,,,Rancho Cucamonga,CA,P2 | Class A | no website found on Google,,Car Detailers
Sam's Auto Spa Mobile Detailing,,+1-909-952-2320,,,Riverside,CA,P2 | Class A | no website found on Google,,Car Detailers
FlowStreet Detailing,,+1-909-640-0361,,,San Bernardino,CA,P2 | Class A | no website found on Google,,Car Detailers
LuxuryFacReset Mobile Detailing,,+1-840-283-5740,,,San Bernardino,CA,P2 | Class A | no website found on Google,,Car Detailers
Crownline Auto Spa,,+1-669-364-4718,,,San Mateo,CA,P2 | Class A | no website found on Google,,Car Detailers
Abram’s Premium Detail,,+1-323-677-3185,,,Santa Clarita,CA,P2 | Class A | no website found on Google,,Car Detailers
Bead It Up Detailing,,+1-661-388-9711,,,Santa Clarita,CA,P2 | Class A | no website found on Google,,Car Detailers
Black Clover Investments LLC DBA ProClean Mobile Detail,,+1-661-312-0678,,,Santa Clarita,CA,P2 | Class A | no website found on Google,,Car Detailers
C&B Mobile Detailing,,+1-661-902-4448,,"15559 Sierra Hwy, Santa Clarita, CA 91390, United States",Santa Clarita,CA,P2 | Class A | no website found on Google,,Car Detailers
Ceramic Coating Pro's of Santa Clarita,,+1-661-666-2083,,"25345 Avenue Stanford, Santa Clarita, CA 91355, United States",Santa Clarita,CA,P2 | Class A | no website found on Google,,Car Detailers
Elite Detail and Pressure Washing,,+1-661-666-0006,,"25000 Avenue Stanford, Santa Clarita, CA 91355, United States",Santa Clarita,CA,P2 | Class A | no website found on Google,,Car Detailers
EliteMobileDetailing,,+1-661-403-8417,,,Santa Clarita,CA,P2 | Class A | no website found on Google,,Car Detailers
Everyday Auto Detailing,,+1-661-724-4747,,,Santa Clarita,CA,P2 | Class A | no website found on Google,,Car Detailers
HUGO’S CARPETS,,+1-661-246-6371,,,Santa Clarita,CA,P2 | Class A | no website found on Google,,Car Detailers
Ingenious Auto Solutions,,+1-818-792-3673,,"26845 Oak Ave #8, Santa Clarita, CA 91351, United States",Santa Clarita,CA,P2 | Class A | no website found on Google,,Car Detailers
KWA Auto Detail Supplies,,+1-661-200-8841,,"28220 Ave Crocker Unit 409, Valencia, CA 91355, United States",Santa Clarita,CA,P2 | Class A | no website found on Google,,Car Detailers
Luxury Mobile Car Detailing Services,,+1-661-621-1928,,,Santa Clarita,CA,P2 | Class A | no website found on Google,,Car Detailers
MaxShine Mobile Carwash,,+1-747-266-9743,,,Santa Clarita,CA,P2 | Class A | no website found on Google,,Car Detailers
Onyx Detail & Ceramic Coating,,+1-661-347-6050,,"28220 Ave Crocker Unit 409, Santa Clarita, CA 91355, United States",Santa Clarita,CA,P2 | Class A | no website found on Google,,Car Detailers
RS Automotive Mobile Detailing,,+1-818-390-1160,,,Santa Clarita,CA,P2 | Class A | no website found on Google,,Car Detailers
Reds absolute detail,,+1-818-256-6787,,,Santa Clarita,CA,P2 | Class A | no website found on Google,,Car Detailers
Ricky's Mobile Detailing & Car Wash,,+1-661-644-0975,,"24757 Chestnut St, Newhall, CA 91321, United States",Santa Clarita,CA,P2 | Class A | no website found on Google,,Car Detailers
SCV Car Wash & Detailing,,+1-661-755-3814,,,Santa Clarita,CA,P2 | Class A | no website found on Google,,Car Detailers
Sams Auto Detailing and mobile car wash,,+1-661-309-2912,,,Santa Clarita,CA,P2 | Class A | no website found on Google,,Car Detailers
Sands Mobile Detail,,+1-661-576-5565,,,Santa Clarita,CA,P2 | Class A | no website found on Google,,Car Detailers
Stanley,,+1-626-379-3549,,,Santa Clarita,CA,P2 | Class A | no website found on Google,,Car Detailers
Steady auto care and detail,,+1-661-542-3591,,,Santa Clarita,CA,P2 | Class A | no website found on Google,,Car Detailers
Sunset of California Movile Carwash delivery,,+1-747-296-5898,,"23450 Newhall Ave, Newhall, CA 91321, United States",Santa Clarita,CA,P2 | Class A | no website found on Google,,Car Detailers
Tony's Mobile Wash of Santa Clarita,,+1-661-709-9961,,,Santa Clarita,CA,P2 | Class A | no website found on Google,,Car Detailers
Top Line Detailing,,+1-310-331-0101,,,Santa Clarita,CA,P2 | Class A | no website found on Google,,Car Detailers
Valor Vehicle Studios,,+1-805-265-3026,,,Santa Clarita,CA,P2 | Class A | no website found on Google,,Car Detailers
Water Works Car Wash & Detailing,,+1-661-313-4945,,,Santa Clarita,CA,P2 | Class A | no website found on Google,,Car Detailers
Angel City Mobile Detailing,,+1-424-443-3474,,,Santa Monica,CA,P2 | Class A | no website found on Google,,Car Detailers
AquaShine Detailing,,+1-310-923-8464,,,Santa Monica,CA,P2 | Class A | no website found on Google,,Car Detailers
"Details Matter, LLC. Your Auto-Mobile Detailer",,+1-323-570-1106,,,Santa Monica,CA,P2 | Class A | no website found on Google,,Car Detailers
HRN Car Detailing,,+1-310-560-0509,,,Santa Monica,CA,P2 | Class A | no website found on Google,,Car Detailers
JS1 Auto Detailing,,+1-951-772-7815,,,Santa Monica,CA,P2 | Class A | no website found on Google,,Car Detailers
"Precision Mobile Car Detailing of Beverly Hills, CA",,+1-657-232-7606,,"9113 W Olympic Blvd, Beverly Hills, CA 90212, United States",Santa Monica,CA,P2 | Class A | no website found on Google,,Car Detailers
PrimeLux — Car Detailing,,+1-323-387-3124,,"8700 Pershing Dr, Playa Del Rey, CA 90293, United States",Santa Monica,CA,P2 | Class A | no website found on Google,,Car Detailers
S&S Mobile Detailing,,+1-909-909-9099,,,Santa Monica,CA,P2 | Class A | no website found on Google,,Car Detailers
Superior Car Care,,+1-310-664-9299,,,Santa Monica,CA,P2 | Class A | no website found on Google,,Car Detailers
Westcoast Mobile Detail,,+1-310-651-1038,,"14000 Palawan Way, Marina Del Rey, CA 90292, United States",Santa Monica,CA,P2 | Class A | no website found on Google,,Car Detailers
Los Angeles Luxury Detailers,,+1-805-328-1552,,,Simi Valley,CA,P2 | Class A | no website found on Google,,Car Detailers
Phenex Mobile Detailing,,+1-667-444-9222,,,Simi Valley,CA,P2 | Class A | no website found on Google,,Car Detailers
AMR Details,,+1-323-552-7997,,,South Gate,CA,P2 | Class A | no website found on Google,,Car Detailers
Avila mobile detailing,,+1-323-536-5168,,,South Gate,CA,P2 | Class A | no website found on Google,,Car Detailers
Chaparras Auto Detailing,,+1-323-828-1302,,,South Gate,CA,P2 | Class A | no website found on Google,,Car Detailers
Gomez Auto Detailing & Mobile,,+1-323-907-5089,,"135 E 70th St, Los Angeles, CA 90003, United States",South Gate,CA,P2 | Class A | no website found on Google,,Car Detailers
Great White Detail,,+1-562-474-7461,,,South Gate,CA,P2 | Class A | no website found on Google,,Car Detailers
Hitec Mobile Detail,,+1-323-916-1411,,"8989 Victoria Ave, South Gate, CA 90280, United States",South Gate,CA,P2 | Class A | no website found on Google,,Car Detailers
Lighteye Automotive care and detailing services,,+1-323-594-9282,,"2120 Firestone Blvd, Los Angeles, CA 90002, United States",South Gate,CA,P2 | Class A | no website found on Google,,Car Detailers
Los Amigos Mobile Detailing,,+1-323-492-3119,,,South Gate,CA,P2 | Class A | no website found on Google,,Car Detailers
MR.W DETAILING,,+1-323-830-1647,,"1958 E 110th St, Los Angeles, CA 90059, United States",South Gate,CA,P2 | Class A | no website found on Google,,Car Detailers
Neto's Auto Detail,,+1-323-228-3332,,"8651 Mountain View Ave, South Gate, CA 90280, United States",South Gate,CA,P2 | Class A | no website found on Google,,Car Detailers
Obsidian Detail Co.,,+1-443-771-3856,,"219 W 81st St, Los Angeles, CA 90003, United States",South Gate,CA,P2 | Class A | no website found on Google,,Car Detailers
Quality detail and tint,,+1-323-514-9567,,"10006 S Broadway, Los Angeles, CA 90003, United States",South Gate,CA,P2 | Class A | no website found on Google,,Car Detailers
Royal Mobile detailing,,+1-562-382-3304,,,South Gate,CA,P2 | Class A | no website found on Google,,Car Detailers
Spotless Shine Mobile Detailing,,+1-323-945-6510,,,South Gate,CA,P2 | Class A | no website found on Google,,Car Detailers
Sunshine Detail Service,,+1-818-220-7906,,"722 E 97th St, Los Angeles, CA 90002, United States",South Gate,CA,P2 | Class A | no website found on Google,,Car Detailers
Patriot water worx/ Ceramic coating/ mobile detail/ epoxy flooring,,+1-619-375-7343,,,Temecula,CA,P2 | Class A | no website found on Google,,Car Detailers
Sublime Mobile Detailing,,+1-951-760-6361,,,Temecula,CA,P2 | Class A | no website found on Google,,Car Detailers
Autoaddict,,+1-818-921-4451,,"31304 Via Colinas #102, Westlake Village, CA 91362, United States",Thousand Oaks,CA,P2 | Class A | no website found on Google,,Car Detailers
Odin's Elite Detailing LLC,,+1-714-213-6402,,"5370 Captains Pl, Agoura Hills, CA 91301, United States",Thousand Oaks,CA,P2 | Class A | no website found on Google,,Car Detailers
Rossete’s Mobile Carwash,,+1-818-429-0062,,,Thousand Oaks,CA,P2 | Class A | no website found on Google,,Car Detailers
Thousand oaks detailing,,+1-805-404-2825,,"31264 La Baya Dr, Westlake Village, CA 91362, United States",Thousand Oaks,CA,P2 | Class A | no website found on Google,,Car Detailers
Auto Detailing,,+1-310-363-3414,,"409 N Pacific Coast Hwy, Redondo Beach, CA 90277, United States",Torrance,CA,P2 | Class A | no website found on Google,,Car Detailers
Dave’s Mobile Auto Detailing Service,,+1-424-237-0495,,"407 N Pacific Coast Hwy, Redondo Beach, CA 90277, United States",Torrance,CA,P2 | Class A | no website found on Google,,Car Detailers
Done Rite Mobile Car Detailing plus more,,+1-310-662-3308,,,Torrance,CA,P2 | Class A | no website found on Google,,Car Detailers
Exclusive Auto Detail,,+1-310-544-2261,,"27301 Hawthorne Blvd, Rolling Hills Estates, CA 90274, United States",Torrance,CA,P2 | Class A | no website found on Google,,Car Detailers
Hermosa Auto Detail & Tint,,+1-310-937-1100,,"555 CA-1 unit B, Hermosa Beach, CA 90254, United States",Torrance,CA,P2 | Class A | no website found on Google,,Car Detailers
LUIS DETAIL,,+1-424-224-0996,,"1732 Aviation Blvd ste 116, Redondo Beach, CA 90278, United States",Torrance,CA,P2 | Class A | no website found on Google,,Car Detailers
Lenchos upholstery,,+1-310-748-4534,,"22641 Normandie Ave, Torrance, CA 90501, United States",Torrance,CA,P2 | Class A | no website found on Google,,Car Detailers
NiNu Mobile Detailing,,+1-213-320-6468,,,Torrance,CA,P2 | Class A | no website found on Google,,Car Detailers
PURCLEAN MOBILE AUTO WASH & DETAILING,,+1-323-835-7536,,"627 W Sepulveda St, San Pedro, CA 90731, United States",Torrance,CA,P2 | Class A | no website found on Google,,Car Detailers
South Bay shine mobile detailing,,+1-310-702-1789,,"15801 Hawthorne Blvd, Lawndale, CA 90260, United States",Torrance,CA,P2 | Class A | no website found on Google,,Car Detailers
Supreme Shine Mobile Detailing,,+1-310-806-2138,,,Torrance,CA,P2 | Class A | no website found on Google,,Car Detailers
Westside Group,,+1-310-328-9500,,"505 Van Ness Ave, Torrance, CA 90501, United States",Torrance,CA,P2 | Class A | no website found on Google,,Car Detailers
Chrome X Detailing mobile,,+1-760-301-1672,,,Victorville,CA,P2 | Class A | no website found on Google,,Car Detailers
3B auto detailing supplies,,+1-626-542-5471,,"13042 Valley Blvd, Bassett, CA 91746, United States",West Covina,CA,P2 | Class A | no website found on Google,,Car Detailers
Allstar Auto Prestige,,+1-626-626-3759,,,West Covina,CA,P2 | Class A | no website found on Google,,Car Detailers
Atlas Auto Detailing,,+1-626-755-1000,,"19058 Arrow Hwy, Covina, CA 91722, United States",West Covina,CA,P2 | Class A | no website found on Google,,Car Detailers
Black Label Auto Pros Detailing,,+1-626-419-5733,,,West Covina,CA,P2 | Class A | no website found on Google,,Car Detailers
CRUZ Mobile Carwash & Detailing,,+1-909-263-7596,,,West Covina,CA,P2 | Class A | no website found on Google,,Car Detailers
Detail Labs,,+1-626-434-6314,,"N Phillips Ave, West Covina, CA 91791, United States",West Covina,CA,P2 | Class A | no website found on Google,,Car Detailers
Detail and Tint Co.,,+1-626-915-0785,,"953 N Citrus Ave, Covina, CA 91722, United States",West Covina,CA,P2 | Class A | no website found on Google,,Car Detailers
Eddie's auto detailing,,+1-626-435-6918,,"1800 E Aroma Dr, West Covina, CA 91791, United States",West Covina,CA,P2 | Class A | no website found on Google,,Car Detailers
Elite Mobile Detailing,,+1-626-367-4643,,,West Covina,CA,P2 | Class A | no website found on Google,,Car Detailers
Flawless Mobile Detailing,,+1-626-808-7476,,,West Covina,CA,P2 | Class A | no website found on Google,,Car Detailers
Highend Mobile Detail,,+1-626-257-8045,,"1441 Pass and Covina Rd, La Puente, CA 91744, United States",West Covina,CA,P2 | Class A | no website found on Google,,Car Detailers
Marks Auto Detailing,,+1-917-341-6055,,,West Covina,CA,P2 | Class A | no website found on Google,,Car Detailers
Mobile Car Wash N Detailing,,+1-626-641-3615,,,West Covina,CA,P2 | Class A | no website found on Google,,Car Detailers
ODA Auto-Styling and Transportation,,+1-626-732-7338,,"1773 W San Bernardino Rd STE B30, West Covina, CA 91790, United States",West Covina,CA,P2 | Class A | no website found on Google,,Car Detailers
SGV Mobile Detail,,+1-626-949-0681,,"732 Lupin Ln, West Covina, CA 91791, United States",West Covina,CA,P2 | Class A | no website found on Google,,Car Detailers
SYA Mobile Detailing,,+1-626-733-3978,,,West Covina,CA,P2 | Class A | no website found on Google,,Car Detailers
Shiny Detailing Car Dealing,,+1-626-838-4973,,,West Covina,CA,P2 | Class A | no website found on Google,,Car Detailers
Xtreme Auto Detailing,,+1-626-533-4163,,,West Covina,CA,P2 | Class A | no website found on Google,,Car Detailers
Andres Auto Detailing,,+1-714-814-5852,,,Whittier,CA,P2 | Class A | no website found on Google,,Car Detailers
Cruz Mobile Auto Detail,,+1-562-641-1647,,,Whittier,CA,P2 | Class A | no website found on Google,,Car Detailers
DT Mobile Auto Detailing,,+1-626-295-9426,,,Whittier,CA,P2 | Class A | no website found on Google,,Car Detailers
Finest Care Auto Detailing,,+1-323-806-1056,,,Whittier,CA,P2 | Class A | no website found on Google,,Car Detailers
Jc Car Details,,+1-562-469-2051,,"7802 Chatfield Ave, Whittier, CA 90606, United States",Whittier,CA,P2 | Class A | no website found on Google,,Car Detailers
KDetails,,+1-562-686-9594,,"12923 Wilshire Dr, Whittier, CA 90602, United States",Whittier,CA,P2 | Class A | no website found on Google,,Car Detailers
MVUS Mobile Detailing,,+1-213-245-7026,,,Whittier,CA,P2 | Class A | no website found on Google,,Car Detailers
Mark's Mobile Detail,,+1-951-637-4400,,,Whittier,CA,P2 | Class A | no website found on Google,,Car Detailers
Max Auto Detailing,,+1-562-696-6395,,"7712 Greenleaf Ave, Whittier, CA 90602, United States",Whittier,CA,P2 | Class A | no website found on Google,,Car Detailers
N.S. AUTO DETAILING CO.,,+1-562-271-6300,,,Whittier,CA,P2 | Class A | no website found on Google,,Car Detailers
So-Cal Detail,,+1-888-479-5043,,"10820 Beverly Blvd # A5, Whittier, CA 90601, United States",Whittier,CA,P2 | Class A | no website found on Google,,Car Detailers
Top Tier Auto Detailing,,+1-626-271-3475,,,Whittier,CA,P2 | Class A | no website found on Google,,Car Detailers
Car Detailing,,+1-805-538-2774,,"300 S Marengo Ave, Alhambra, CA 91803, United States",Alhambra,CA,P3 | Class A | website broken or unreachable | http://cardetailinglosangeles.com/alhambra-ca.php,,Car Detailers
Castillo Auto Detailing,,+1-323-801-6463,,,Alhambra,CA,P3 | Class A | website broken or unreachable | https://www.castilloautodetail.com/,,Car Detailers
Ever Clean Auto Detailing,,+1-626-344-3815,,,Alhambra,CA,P3 | Class A | website broken or unreachable | https://www.evercleanautollc.com/,,Car Detailers
Steve's Detailing,,+1-626-712-8060,,,Alhambra,CA,P3 | Class A | website broken or unreachable | https://stevesdetailing.info/,,Car Detailers
Exquisite Auto Detailing,,+1-626-622-7288,,,Baldwin Park,CA,P3 | Class A | website broken or unreachable | http://www.exquisiteautodetailing.net/,,Car Detailers
Z9 Detailing LLC,,+1-833-675-7683,,,Baldwin Park,CA,P3 | Class A | website broken or unreachable | http://z9detailing.com/,,Car Detailers
Coast II Coast Automotive Detailing,,+1-562-280-2492,,,Bellflower,CA,P3 | Class A | website broken or unreachable | https://coast-2-coast-automotive-detail.webnode.page/,,Car Detailers
Everett's Klean Car Detail,,+1-562-869-5888,,"11519 Bellflower Blvd, Downey, CA 90241, United States",Bellflower,CA,P3 | Class A | website broken or unreachable | http://wffam.com/,,Car Detailers
Lethal Car Care,,+1-213-319-6147,,,Bellflower,CA,P3 | Class A | website broken or unreachable | http://lethalcarcare.xyz/,,Car Detailers
"Luxe City Mobile Detailing, LLC",,+1-401-867-0341,,,Bellflower,CA,P3 | Class A | website broken or unreachable | http://www.luxecitydetailing.simplybook.me/,,Car Detailers
TopClassDetail,,+1-562-455-3108,,"16609 Diane Ave, Bellflower, CA 90706, United States",Bellflower,CA,P3 | Class A | website broken or unreachable | https://www.topclassdetail.com/,,Car Detailers
C.M Autodetailing,,+1-818-689-8254,,,Burbank,CA,P3 | Class A | website broken or unreachable | https://cmautodetailings.com/,,Car Detailers
DP Shine Works,,+1-818-568-7039,,,Burbank,CA,P3 | Class A | website broken or unreachable | https://dpshineworks.net/,,Car Detailers
Flashy Car Detailing Finish,,+1-747-302-4382,,"11137 Tiara St, North Hollywood, CA 91601, United States",Burbank,CA,P3 | Class A | website broken or unreachable | https://flashycardetailingfinish.site/,,Car Detailers
Ls Mobile Car Wash & Detailing,,+1-747-466-2341,,"4804 Laurel Canyon Blvd, Valley Village, CA 91607, United States",Burbank,CA,P3 | Class A | website broken or unreachable | https://lsmobilewashca.com/,,Car Detailers
Nothing But Detailing,,+1-818-853-2288,,"5635 Fair Ave, North Hollywood, CA 91601, United States",Burbank,CA,P3 | Class A | website broken or unreachable | https://www.nothingbutdetailing.com/,,Car Detailers
Strictly Detailed | Mobile Detailing,,+1-818-274-7456,,"8760 Woodman Ave #4, Arleta, CA 91331, United States",Burbank,CA,P3 | Class A | website broken or unreachable | https://strictlydetailed.com/,,Car Detailers
Anaya Mobile detailing,,+1-562-961-0545,,"1500 E Wardlow Rd, Long Beach, CA 90807, United States",Carson,CA,P3 | Class A | website broken or unreachable | http://anayamobiledetail.site/,,Car Detailers
Anthony Mobile Detailing,,+1-323-241-2369,,"2334 W Lincoln St, Long Beach, CA 90810, United States",Carson,CA,P3 | Class A | website broken or unreachable | http://anthonymobiledetailing.com/,,Car Detailers
Auto X Detail,,+1-626-657-2376,,,Carson,CA,P3 | Class A | website broken or unreachable | https://autoxdetail.com/,,Car Detailers
Baldo's Mobile Car Wash,,+1-562-376-1990,,,Carson,CA,P3 | Class A | website broken or unreachable | https://baldosmobileautodetail.com/,,Car Detailers
Car Detailing,,+1-424-450-0019,,"20639 Belshaw Ave, Carson, CA 90746, United States",Carson,CA,P3 | Class A | website broken or unreachable | http://cardetailinglosangeles.com/carson-ca.php,,Car Detailers
Carson Park Car Detailing,,+1-213-652-9450,,"3716 Palo Verde Ave, Long Beach, CA 90808, United States",Carson,CA,P3 | Class A | website broken or unreachable | https://carsonparkcardetailing.site/,,Car Detailers
Chrome Detailing Car Detailing Orange County,,+1-562-612-6105,,,Carson,CA,P3 | Class A | website broken or unreachable | http://chromedetailing.co/,,Car Detailers
Elite Mobile Detailing,,+1-310-406-5529,,,Carson,CA,P3 | Class A | website broken or unreachable | https://elitemobiledetailing.info/,,Car Detailers
Excellence Mobile Detail LLC,,+1-323-314-8855,,"3117 Del Amo Blvd, Lakewood, CA 90712, United States",Carson,CA,P3 | Class A | website broken or unreachable | http://excellencemobiledetail.com/,,Car Detailers
Full Effect Detail,,+1-424-305-7145,,"25323 Normandie Ave, Harbor City, CA 90710, United States",Carson,CA,P3 | Class A | website broken or unreachable | https://www.fulleffectdetail.com/,,Car Detailers
Pay n Go Auto Detailing,,+1-310-365-2547,,"5533 Long Beach Blvd, Long Beach, CA 90805, United States",Carson,CA,P3 | Class A | website broken or unreachable | https://www.payngoautodetailing.org/home,,Car Detailers
"Right-Away Mobile Car Detailing of East Los Angeles, CA",,+1-951-310-1706,,"3205 Merrill Dr, Torrance, CA 90503, United States",Carson,CA,P3 | Class A | website broken or unreachable | https://rightawaymobilecardetailing.shop/,,Car Detailers
"Right-Away Mobile Car Detailing of Northwest Torrance, Los Angeles CA",,+1-310-987-4736,,"2301 W 205th St, Torrance, CA 90501, United States",Carson,CA,P3 | Class A | website broken or unreachable | https://rightawaymobilecardetailing.shop/,,Car Detailers
Rolland Mobile Detailing,,+1-310-242-7531,,"1326 W Carson St, Torrance, CA 90501, United States",Carson,CA,P3 | Class A | website broken or unreachable | https://rollandmobiledetailing.com/,,Car Detailers
Wrigley Mobile Detailing Long Beach,,+1-844-900-4673,,"118 W Willard St, Long Beach, CA 90806, United States",Carson,CA,P3 | Class A | website broken or unreachable | https://wrigleydetailing.com/,,Car Detailers
H2 Mobile Detailing,,+1-323-470-9647,,,Corona,CA,P3 | Class A | website broken or unreachable | https://www.h2mobiledetail.com/,,Car Detailers
Prime Deetz Mobile Detail,,+1-714-983-9379,,,Costa Mesa,CA,P3 | Class A | website broken or unreachable | http://www.primedeetz.com/,,Car Detailers
On The Rise Detailing,,+1-562-507-6810,,,Downey,CA,P3 | Class A | website broken or unreachable | https://ontherisedetailing.com/,,Car Detailers
Rob’s Luxury Mobile Detailing,,+1-702-854-8556,,,Downey,CA,P3 | Class A | website broken or unreachable | https://robs-luxury-mobile-detailing.com/,,Car Detailers
Super Slick Auto Detail,,+1-562-395-2193,,"11721 Whittier Blvd Ste 654, Whittier, CA 90601, United States",Downey,CA,P3 | Class A | website broken or unreachable | http://superslickautodetail.com/,,Car Detailers
AUTO TINT&WRAP STUDlO,,+1-213-373-6688,,"91733, United States, California, South El Monte, Lee Ave, AUTO TINT&WRAP STUDlO",El Monte,CA,P3 | Class A | website broken or unreachable | http://www.tintmaster1.com/,,Car Detailers
Ducky's Auto Spa,,+1-626-656-0647,,,El Monte,CA,P3 | Class A | website broken or unreachable | https://duckysautospa.com/,,Car Detailers
Shine X Dash Mobile Detailing,,+1-626-353-6948,,,El Monte,CA,P3 | Class A | website broken or unreachable | https://shinexdashdetail.base44.app/,,Car Detailers
West Coast Clear Bra,,+1-562-682-3868,,"2642 Durfee Ave, El Monte, CA 91732, United States",El Monte,CA,P3 | Class A | website broken or unreachable | https://www.westcoastclearbra.com/,,Car Detailers
duckfeet mobile detail - Los Angeles,,+1-626-607-5463,,,El Monte,CA,P3 | Class A | website broken or unreachable | http://duckfeetmobiledetail.wordpress.com/,,Car Detailers
Just Do It Auto Detailers,,+1-562-665-0980,,"711 Orchard Pl, La Habra, CA 90631, United States",Fullerton,CA,P3 | Class A | website broken or unreachable | https://justdoitautodetailers.com/,,Car Detailers
Department of Detailing,,+1-424-468-6494,,,Glendale,CA,P3 | Class A | website broken or unreachable | http://deptofdetailing.com/,,Car Detailers
Mobile auto detailing ed,,+1-323-636-1014,,"125E Walnut St, Pasadena, CA 91103, United States",Glendale,CA,P3 | Class A | parked/expired domain | https://davalos-mobile-auto-detail.com/,,Car Detailers
Naz Mobile Detailing LA,,+1-213-800-1254,,"424 S Ardmore Ave apt 132, Los Angeles, CA 90020, United States",Glendale,CA,P3 | Class A | website broken or unreachable | https://www.nazmobiledetailingla.com/home,,Car Detailers
Aline Auto Detailing Mobile,,+1-323-448-6406,,"1524 E 82nd Pl, Los Angeles, CA 90001, United States",Inglewood,CA,P3 | Class A | website broken or unreachable | http://alineautodetailing.com/?utm_source=gmb&utm_medium=referral,,Car Detailers
Bada Bing! Auto Mobile Detailing,,+1-323-799-6020,,"5633 Main St, Los Angeles, CA 90037, United States",Inglewood,CA,P3 | Class A | website broken or unreachable | https://www.badabingmobile.com/,,Car Detailers
Exclusive Auto Touch Detailing Company,,+1-310-933-4557,,"150 W Ivy Ave, Inglewood, CA 90302, United States",Inglewood,CA,P3 | Class A | website broken or unreachable | https://www.eatdetailing.com/contact,,Car Detailers
J Witz Mobile paint correction and auto detailing,,+1-310-261-3124,,,Inglewood,CA,P3 | Class A | website broken or unreachable | http://jwitzautodetail.com/,,Car Detailers
RichDetailsLA,,+1-310-918-8116,,"1420 N La Brea Ave, Inglewood, CA 90302, United States",Inglewood,CA,P3 | Class A | website broken or unreachable | https://richdetailsla.com/,,Car Detailers
Royal1 Mobile Detailing Los Angeles,,+1-323-310-3954,,"3325 Castle Heights Ave #106, Los Angeles, CA 90034, United States",Inglewood,CA,P3 | Class A | website broken or unreachable | https://royal1mobiledetailing.com/car-detailing-los-angeles/,,Car Detailers
Time II Shine Mobile Detail,,+1-310-606-9171,,,Inglewood,CA,P3 | Class A | website broken or unreachable | http://www.time2shinemobile.com/,,Car Detailers
orphé detailing mobile car wash,,+1-310-729-7572,,"10302 S Doty Ave, Inglewood, CA 90303, United States",Inglewood,CA,P3 | Class A | website broken or unreachable | https://www.xn--orphdetailing-ehb.com/,,Car Detailers
Utmost Care Car Detailing,,+1-747-298-7136,,"20605 Arline Ave, Lakewood, CA 90715, United States",Lakewood,CA,P3 | Class A | website broken or unreachable | https://utmostcarecardetailing.site/,,Car Detailers
Anytime auto care and detailing specialist,,+1-661-433-3404,,,Lancaster,CA,P3 | Class A | website broken or unreachable | http://anytimeautodetailing.wixsite.com/my-site-2,,Car Detailers
WOLFMAN’S DETAILING LLC,,+1-661-350-7486,,"44709 Gingham Ave, Lancaster, CA 93535, United States",Lancaster,CA,P3 | Class A | website broken or unreachable | http://wolfmansdetailing.net/?utm_source=gmb&utm_medium=referral,,Car Detailers
Worley Mobile Detailing,,+1-661-547-4493,,,Lancaster,CA,P3 | Class A | parked/expired domain | https://worleymobiledetailing.com/,,Car Detailers
Hi - Line Auto Detail,,+1-424-438-4046,,"200 Pine Ave Ste 502, Long Beach, CA 90802, United States",Long Beach,CA,P3 | Class A | website broken or unreachable | https://hi-lineautodetail.com/locations/,,Car Detailers
Azure Coast Mobile Car Detailing,,+1-323-435-3020,,"1445 Reeves St, Los Angeles, CA 90035, United States",Los Angeles,CA,P3 | Class A | website broken or unreachable | https://azurecoastmobiledetailing.site/,,Car Detailers
High End Detail,,+1-213-519-2577,,"1100 Glendon Ave, Los Angeles, CA 90024, United States",Los Angeles,CA,P3 | Class A | parked/expired domain | http://www.highenddetails.com/,,Car Detailers
Mid City Car Detailing,,+1-213-654-5659,,"2433 S Dunsmuir Ave, Los Angeles, CA 90016, United States",Los Angeles,CA,P3 | Class A | website broken or unreachable | https://midcitycardetailing.site/,,Car Detailers
"Right-Away Mobile Car Detailing of East Los Angeles, CA",,+1-213-664-2131,,"213 S Boyle Ave, Los Angeles, CA 90033, United States",Los Angeles,CA,P3 | Class A | website broken or unreachable | https://rightawaymobilecardetailing.shop/,,Car Detailers
Dream Cars Detailing,,+1-909-522-1950,,,Moreno Valley,CA,P3 | Class A | website broken or unreachable | http://dreamcarsdetailing.com/,,Car Detailers
Aurora Detailing LAC,,+1-562-712-9857,,,Norwalk,CA,P3 | Class A | website broken or unreachable | https://auroradetailinglac.com/,,Car Detailers
Shine Your Ride Car Detailing,,+1-818-722-6827,,"11306 Painter Ave, Whittier, CA 90605, United States",Norwalk,CA,P3 | Class A | website broken or unreachable | https://shineyourridecardetailing.site/,,Car Detailers
Sol Bright Car Detailing,,+1-562-573-5780,,"13601 La Mirada Blvd, La Mirada, CA 90638, United States",Norwalk,CA,P3 | Class A | website broken or unreachable | https://solbrightcardetailing.site/,,Car Detailers
Transhine | Paint Protection Film (PPF) | Ceramic Coating,,+1-562-693-5619,,"15130 Whittier Blvd, Whittier, CA 90603, United States",Norwalk,CA,P3 | Class A | website broken or unreachable | https://transhine.com/,,Car Detailers
Prime Shine Mobile Auto Detailing,,+1-909-240-6493,,,Ontario,CA,P3 | Class A | website broken or unreachable | http://primeshinemobileautodetailing.com/,,Car Detailers
2damaxcarcare LLC,,+1-661-674-0292,,"550 W Rancho Vista Blvd Ste D #5009, Palmdale, CA 93551, United States",Palmdale,CA,P3 | Class A | website broken or unreachable | http://2damaxcarcare.com/,,Car Detailers
Magnitude Mobile Auto Spa,,+1-661-718-5364,,"Palmdale, CA 93550, United States",Palmdale,CA,P3 | Class A | website broken or unreachable | https://magnitudemobile-auto-spa.com/,,Car Detailers
T Shine Detailing AV,,+1-747-474-6895,,"3241 Lennox Ct, Palmdale, CA 93551, United States",Palmdale,CA,P3 | Class A | website broken or unreachable | https://www.tshinedetailing.com/?utm_source=google&utm_medium=wix_google_business_profile&utm_campaign=10599604087732653076,,Car Detailers
Ajandek Detailing,,+1-626-637-8643,,,Pasadena,CA,P3 | Class A | website broken or unreachable | http://www.ajandekdetailing.com/,,Car Detailers
CarWin Auto Detailing,,+1-818-213-6865,,"25 S San Marino Ave, Pasadena, CA 91107, United States",Pasadena,CA,P3 | Class A | website broken or unreachable | https://carwindetailing.com/,,Car Detailers
Classy Car Detailing Zone,,+1-747-588-7392,,"5616 Hub St, Highland Park, CA 90042, United States",Pasadena,CA,P3 | Class A | website broken or unreachable | https://classycardetailing.shop/,,Car Detailers
Only Suds detailing,,+1-323-501-7322,,,Pasadena,CA,P3 | Class A | website broken or unreachable | http://onlysudsdetailing.com/,,Car Detailers
Zip Mobile Car Detailing Pasadena,,+1-213-855-0883,,"281 E Colorado Blvd, Pasadena, CA 91101, United States",Pasadena,CA,P3 | Class A | website broken or unreachable | http://www.zipmobile.zip/,,Car Detailers
Cornerstone Car Detailing,,+1-503-309-6355,,,Pomona,CA,P3 | Class A | website broken or unreachable | https://www.cornerstonecardetailing.com/,,Car Detailers
IE MOBILE DETAILER,,+1-626-423-9516,,,San Bernardino,CA,P3 | Class A | website broken or unreachable | https://iemobiledetailing.com/,,Car Detailers
Avant Auto Care,,+1-661-417-1222,,,Santa Clarita,CA,P3 | Class A | website broken or unreachable | https://avantautocare.com/,,Car Detailers
Best SCV Mobile Detail,,+1-661-593-3742,,"23022 Las Mananitas Dr, Santa Clarita, CA 91354, United States",Santa Clarita,CA,P3 | Class A | website broken or unreachable | https://www.bestscvmobiledetail.com/contact,,Car Detailers
BrightHub Car Detailing,,+1-747-922-4513,,"25453 Vía Jardin, Santa Clarita, CA 91355, United States",Santa Clarita,CA,P3 | Class A | website broken or unreachable | https://brighthubcardetailing.site/,,Car Detailers
Onyx Auto Detailing LLC,,+1-661-605-5576,,"27943 Seco Canyon Rd #1121, Santa Clarita, CA 91350, United States",Santa Clarita,CA,P3 | Class A | website broken or unreachable | https://onyxautodetailing.co/,,Car Detailers
Magic Auto Detail,,+1-424-877-2892,,"4105 Via Marina, Marina Del Rey, CA 90292, United States",Santa Monica,CA,P3 | Class A | website broken or unreachable | http://www.magicdetailwash.com/,,Car Detailers
Mobile car wash SheenyCars,,+1-310-422-2788,,"Beverly Blvd, Beverly Hills, CA 90212, United States",Santa Monica,CA,P3 | Class A | website broken or unreachable | http://sheenycarsllc.com/,,Car Detailers
Playa Detailing,,+1-323-406-8391,,,Santa Monica,CA,P3 | Class A | website broken or unreachable | http://www.playadetailing.com/?utm_source=google&utm_medium=wix_google_business_profile&utm_campaign=2830503745656656003,,Car Detailers
Westgate Car Detailing,,+1-213-587-7418,,"936 Harvard St, Santa Monica, CA 90403, United States",Santa Monica,CA,P3 | Class A | website broken or unreachable | https://westgatecardetailing.site/,,Car Detailers
Bumper2Bumper Motorsports,,+1-818-889-6587,,"31143 Via Colinas Ste 505, Westlake Village, CA 91362, United States",Simi Valley,CA,P3 | Class A | website broken or unreachable | http://bumper2bumper.com/,,Car Detailers
DETAILS - Mobile Auto Spa,,+1-818-743-4143,,,Simi Valley,CA,P3 | Class A | website broken or unreachable | http://www.detailsmobilespa.com/,,Car Detailers
Zero Defects Aircraft Detailing LLC,,+1-747-777-9869,,,Simi Valley,CA,P3 | Class A | website broken or unreachable | https://zerodefectsdetailing.com/,,Car Detailers
Avenue South Car Detailing,,+1-213-583-4196,,"8614 S Gate Ave, South Gate, CA 90280, United States",South Gate,CA,P3 | Class A | website broken or unreachable | https://gatesouthcardetailing.site/,,Car Detailers
Brightsun Auto Car Detailing,,+1-747-758-5260,,"1241 E 90th St, Los Angeles, CA 90002, United States",South Gate,CA,P3 | Class A | website broken or unreachable | https://brightsunautocardetailing.site/,,Car Detailers
Grafon Mobile Detailing,,+1-323-781-8628,,"#2200, Walnut Park, CA 90255, United States",South Gate,CA,P3 | Class A | website broken or unreachable | http://grafondetailing.com/?utm_source=gmb&utm_medium=referral,,Car Detailers
Huntington Park Car Detailing,,+1-213-516-5044,,"6353 Arbutus Ave, Huntington Park, CA 90255, United States",South Gate,CA,P3 | Class A | website broken or unreachable | https://huntingtonparkcardetailing.site/,,Car Detailers
Relevant Mobile Detailing,,+1-323-570-2228,,,South Gate,CA,P3 | Class A | website broken or unreachable | http://relevantmobiledetailing.com/?utm_source=gmb&utm_medium=referral,,Car Detailers
True Gold Auto Spa | Mobile Detailing in Los Angeles/South Bay,,+1-310-819-0354,,,South Gate,CA,P3 | Class A | website broken or unreachable | https://truegoldautospa.com/,,Car Detailers
GT Elite Auto Lounge,,+1-818-532-7377,,"31304 Via Colinas #102, Westlake Village, CA 91362, United States",Thousand Oaks,CA,P3 | Class A | website broken or unreachable | http://www.gteliteauto.com/,,Car Detailers
Spotless Shine Auto Car Detailing,,+1-747-285-7214,,"5768 Ridgebrook Dr, Agoura Hills, CA 91301, United States",Thousand Oaks,CA,P3 | Class A | website broken or unreachable | https://spotlesscleanautocardetailing.site/,,Car Detailers
Vanta Shine Detailing,,+1-661-227-8440,,"31293 Via Colinas, Westlake Village, CA 91362, United States",Thousand Oaks,CA,P3 | Class A | website broken or unreachable | https://www.vantashine.com/,,Car Detailers
AUTOHAUS Detail & Tint,,+1-424-492-2458,,"1800 Lomita Blvd, Lomita, CA 90717, United States",Torrance,CA,P3 | Class A | website broken or unreachable | http://autohausdetailandtint.com/,,Car Detailers
Guardian Angel Car Detailing,,+1-747-237-4742,,"5515 Sunnyview St, Torrance, CA 90505, United States",Torrance,CA,P3 | Class A | website broken or unreachable | https://guardianangelcardetailing.site/,,Car Detailers
Peter Rabbits Mobile Detailing,,+1-626-268-3638,,"2447 Pacific Coast Hwy Ste 228, Hermosa Beach, CA 90254, United States",Torrance,CA,P3 | Class A | website broken or unreachable | https://cardetailforyou.com/,,Car Detailers
TRY OUR DETAIL,,+1-310-308-5590,,,Torrance,CA,P3 | Class A | website broken or unreachable | http://www.tryourdetail.com/,,Car Detailers
UC Mobile Detailing,,+1-424-677-0267,,,Torrance,CA,P3 | Class A | website broken or unreachable | https://ucdetailers.com/,,Car Detailers
Jarelle Details,,+1-626-646-8340,,"1113 E Harvest Moon St, West Covina, CA 91792, United States",West Covina,CA,P3 | Class A | website broken or unreachable | https://www.jarelleintl.com/home,,Car Detailers
D.A. Detailing,,+1-562-332-4921,,"16307 Lambert Rd, Whittier, CA 90604, United States",Whittier,CA,P3 | Class A | website broken or unreachable | http://www.d.a.detailing.com/,,Car Detailers
Miller Auto Detailing,,+1-714-759-4330,,,Whittier,CA,P3 | Class A | website broken or unreachable | https://madwash.shop/,,Car Detailers
Apex Luxe Detailing,,+1-657-310-6775,,,Carson,CA,V1 | P1 | Class A | only a Facebook/booking/directory page | https://www.instagram.com/apexluxedetailing?igsh=NTc4MTIwNjQ2YQ%3D%3D&utm_source=qr,,Car Detailers
New Life Auto Detail,,+1-626-820-3526,,,Duarte,CA,V1 | P1 | Class A | only a Facebook/booking/directory page | https://www.instagram.com/newlifeautodetail_?igsh=OGQ5ZDc2ODk2ZA==&utm_source=qr,,Car Detailers
CBX Detailing,,+1-747-231-9367,,,Glendale,CA,V1 | P1 | Class A | only a Facebook/booking/directory page | http://linktr.ee/cbxdetailing,,Car Detailers
Ross Auto Mobile Detailing,,+1-424-219-4378,,,Inglewood,CA,V1 | P1 | Class A | only a Facebook/booking/directory page | https://www.instagram.com/rossautodetails,,Car Detailers
Brothers Automotive Proper Care | Car Wash |Auto Detailing | Ceramic Coating | Wax South El Monte l San Gabriel Valley,,+1-626-769-8128,,,La Puente,CA,V1 | P1 | Class A | only a Facebook/booking/directory page | http://brothersautomotive.square.site/,,Car Detailers
Royal Detailing LA,,+1-424-542-2910,,,Los Angeles,CA,V1 | P1 | Class A | only a Facebook/booking/directory page | http://royaldetailingla.booksy.com/a/,,Car Detailers
Top level detailz,,+1-562-955-8841,,,Norwalk,CA,V1 | P1 | Class A | only a Facebook/booking/directory page | https://top-level-detailz.square.site/,,Car Detailers
GreenStreet Auto Spa & Detail Center,,+1-310-379-8898,,,Redondo Beach,CA,V1 | P1 | Class A | only a Facebook/booking/directory page | https://www.facebook.com/greenstreetautospa,,Car Detailers
Black Diamond Auto Delicacy,,+1-323-945-6428,,,South Gate,CA,V1 | P1 | Class A | only a Facebook/booking/directory page | https://blackdiamondservices.square.site/,,Car Detailers
Detail Manila,,+1-917-533-8637,,,South Gate,CA,V1 | P1 | Class A | only a Facebook/booking/directory page | https://www.facebook.com/DetailManilaOfficial/,,Car Detailers
Transcendent detail,,+1-562-447-5257,,,West Covina,CA,V1 | P1 | Class A | only a Facebook/booking/directory page | https://transcendentdetailing.square.site/,,Car Detailers
ROOSTER MOBILE DETAILING,,+1-714-678-7341,,,Alhambra,CA,V1 | P2 | Class A | no website found,,Car Detailers
Del Real mobile auto detail,,+1-626-409-6676,,,Baldwin Park,CA,V1 | P2 | Class A | no website found,,Car Detailers
Stay Wavy Mobile Detailing,,+1-626-709-8365,,,Baldwin Park,CA,V1 | P2 | Class A | no website found,,Car Detailers
A1A Detail,,+1-909-441-9862,,,Bellflower,CA,V1 | P2 | Class A | no website found,,Car Detailers
Auto's Car Detailing Los Angeles,,+1-562-385-4676,,,Bellflower,CA,V1 | P2 | Class A | no website found,,Car Detailers
Ernie Mobile Auto Detail,,+1-562-313-4980,,,Bellflower,CA,V1 | P2 | Class A | no website found,,Car Detailers
Essential Detailing,,+1-310-595-5850,,,Bellflower,CA,V1 | P2 | Class A | no website found,,Car Detailers
JMV Detailing,,+1-562-412-2036,,,Bellflower,CA,V1 | P2 | Class A | no website found,,Car Detailers
"Simple car detailing , Mobile Car Wash And Auto Detailing, for hand wash and wax , interior, and ceramic coating",,+1-562-719-3203,,,Bellflower,CA,V1 | P2 | Class A | no website found,,Car Detailers
The Way Wash Works LLC,,+1-562-740-3687,,,Bellflower,CA,V1 | P2 | Class A | no website found,,Car Detailers
spotlessmobiledetailing,,+1-562-416-7008,,,Bellflower,CA,V1 | P2 | Class A | no website found,,Car Detailers
GN Mobile Car Detailing,,+1-213-982-0906,,,Burbank,CA,V1 | P2 | Class A | no website found,,Car Detailers
Glenoaks Car Wash,,+1-818-841-5000,,,Burbank,CA,V1 | P2 | Class A | no website found,,Car Detailers
Motorsport Detailing,,+1-323-794-3680,,,Burbank,CA,V1 | P2 | Class A | no website found,,Car Detailers
Panda Hub,,+1-213-372-0110,,,Burbank,CA,V1 | P2 | Class A | no website found,,Car Detailers
Precision Detailing,,+1-747-363-6270,,,Burbank,CA,V1 | P2 | Class A | no website found,,Car Detailers
Munoz' Elite Mobile Detailing,,+1-775-671-2509,,,Carson,CA,V1 | P2 | Class A | no website found,,Car Detailers
Top 1 Mobile Detailing,,+1-562-682-9886,,,Carson,CA,V1 | P2 | Class A | no website found,,Car Detailers
Vantage Auto Detailing,,+1-213-700-9404,,,Carson,CA,V1 | P2 | Class A | no website found,,Car Detailers
Unique Auto Spa Oil & Lube,,+1-562-923-2500,,,Downey,CA,V1 | P2 | Class A | no website found,,Car Detailers
Super Auto Body Shop,,+1-818-244-2423,,,Glendale,CA,V1 | P2 | Class A | no website found,,Car Detailers
Hawaiian Gardens Car Wash & Detail,,+1-562-429-7646,,,Hawaiian Gardens,CA,V1 | P2 | Class A | no website found,,Car Detailers
TWnW car wash & detailing,,+1-424-653-7758,,,Hollywood,CA,V1 | P2 | Class A | no website found,,Car Detailers
AI Auto Detailing,,+1-310-498-8066,,,Inglewood,CA,V1 | P2 | Class A | no website found,,Car Detailers
BruceBDetailing,,+1-424-567-9714,,,Inglewood,CA,V1 | P2 | Class A | no website found,,Car Detailers
OC Car Care,,+1-657-758-9202,,,Lakewood,CA,V1 | P2 | Class A | no website found,,Car Detailers
Plutos Car Wash Supply,,+1-661-886-8389,,,Lancaster,CA,V1 | P2 | Class A | no website found,,Car Detailers
Andres Car Wash,,+1-562-989-1237,,,Long Beach,CA,V1 | P2 | Class A | no website found,,Car Detailers
Daniel's Detail's LLC,,+1-833-208-4541,,,Long Beach,CA,V1 | P2 | Class A | no website found,,Car Detailers
Auto Detail,,+1-323-378-4094,,,Los Angeles,CA,V1 | P2 | Class A | no website found,,Car Detailers
Black Label Care,,+1-323-492-5086,,,Los Angeles,CA,V1 | P2 | Class A | no website found,,Car Detailers
The Look Detail: At Home Auto Detailing Service,,+1-323-333-0692,,,Los Angeles,CA,V1 | P2 | Class A | no website found,,Car Detailers
Clean Carwash,,+1-562-881-5067,,,Lynwood,CA,V1 | P2 | Class A | no website found,,Car Detailers
Antelope Valley Detailing,,+1-818-626-2182,,,Palmdale,CA,V1 | P2 | Class A | no website found,,Car Detailers
GLI Car Detailing Services,,+1-661-566-9302,,,Palmdale,CA,V1 | P2 | Class A | no website found,,Car Detailers
It’s all in the detailz,,+1-661-878-5675,,,Palmdale,CA,V1 | P2 | Class A | no website found,,Car Detailers
Robinson's Professional Car Detailing Unlimited,,+1-661-227-8809,,,Palmdale,CA,V1 | P2 | Class A | no website found,,Car Detailers
Pasadena Hand Wash,,+1-626-365-1153,,,Pasadena,CA,V1 | P2 | Class A | no website found,,Car Detailers
Db_autowrks,,+1-909-538-2201,,,Pomona,CA,V1 | P2 | Class A | no website found,,Car Detailers
Detail Empire,,+1-909-568-5606,,,Pomona,CA,V1 | P2 | Class A | no website found,,Car Detailers
Detailing Classy Auto,,+1-909-588-8557,,,Pomona,CA,V1 | P2 | Class A | no website found,,Car Detailers
Detail lab Mobile detailing,,+1-661-755-3560,,,Santa Clarita,CA,V1 | P2 | Class A | no website found,,Car Detailers
So So clean autocare,,+1-323-919-1963,,,Santa Clarita,CA,V1 | P2 | Class A | no website found,,Car Detailers
Bonus Hand Wash & Auto Spa,,+1-310-399-5773,,,Santa Monica,CA,V1 | P2 | Class A | no website found,,Car Detailers
Advanced Touch Auto Detailing,,+1-323-422-1431,,,South Gate,CA,V1 | P2 | Class A | no website found,,Car Detailers
Atomic Cruiser Auto Detailing,,+1-310-704-9151,,,South Gate,CA,V1 | P2 | Class A | no website found,,Car Detailers
G27 Details,,+1-323-613-4526,,,South Gate,CA,V1 | P2 | Class A | no website found,,Car Detailers
Moreno.mobiledetailing,,+1-323-796-9656,,,South Gate,CA,V1 | P2 | Class A | no website found,,Car Detailers
Palenque detailing,,+1-323-977-0361,,,South Gate,CA,V1 | P2 | Class A | no website found,,Car Detailers
Salapare Auto Care,,+1-962-698-9906,,,South Gate,CA,V1 | P2 | Class A | no website found,,Car Detailers
Sunshine Tint Studio,,+1-323-358-0999,,,South Gate,CA,V1 | P2 | Class A | no website found,,Car Detailers
Xen Auto Detailing,,+1-323-772-4517,,,South Gate,CA,V1 | P2 | Class A | no website found,,Car Detailers
Car Detailing & Solutions,,+1-213-515-2257,,,Torrance,CA,V1 | P2 | Class A | no website found,,Car Detailers
One Way Auto Detailing,,+1-310-953-6404,,,Torrance,CA,V1 | P2 | Class A | no website found,,Car Detailers
Mobile Detail Express,,+1-702-389-9060,,,West Covina,CA,V1 | P2 | Class A | no website found,,Car Detailers
Mpire Auto Detailing,,+1-626-503-6188,,,West Covina,CA,V1 | P2 | Class A | no website found,,Car Detailers
LA autoshine mobile detailing,,+1-562-504-8018,,,Whittier,CA,V1 | P2 | Class A | no website found,,Car Detailers
Ben's Detailing,,+1-424-234-6939,,,Burbank,CA,V1 | P3 | Class A | website broken or unreachable | http://www.benjamincontreras.com/,,Car Detailers
Best Mobile Wash - Private Jet Detailing,,+1-818-697-1551,,,Burbank,CA,V1 | P3 | Class A | website broken or unreachable | https://bestmobilewashjetsdetailing.com/,,Car Detailers
Glossybear Detailing LLC,,+1-775-720-1795,,,Carson,CA,V1 | P3 | Class A | website broken or unreachable | http://www.glossybeardetailing.com/,,Car Detailers
Worth It Car Detailing,,+1-747-269-6515,,,Compton,CA,V1 | P3 | Class A | website broken or unreachable | https://worthitcardetailing.site/,,Car Detailers
The Detail Man,,+1-562-292-4895,,,Downey,CA,V1 | P3 | Class A | website broken or unreachable | https://thedetailsman.com/,,Car Detailers
Dzor Mobile Detailing,,+1-424-537-7101,,,Inglewood,CA,V1 | P3 | Class A | website broken or unreachable | https://www.dzorluxuryrentals.com/mobiledetailing,,Car Detailers
Matt's Mobile Detailing and Ceramic Coating,,+1-717-327-7992,,,Lancaster,CA,V1 | P3 | Class A | website broken or unreachable | https://mattsdetailing.com/,,Car Detailers
Monkey's Auto Spa,,+1-213-440-2897,,,Los Angeles,CA,V1 | P3 | Class A | website broken or unreachable | http://monkeysautospa.com/,,Car Detailers
Nick’s Auto Detail,,+1-323-213-0182,,,Los Angeles,CA,V1 | P3 | Class A | website broken or unreachable | http://www.nickdetails.com/,,Car Detailers
Green Line Body Shop,,+1-747-257-8324,,,Pasadena,CA,V1 | P3 | Class A | website broken or unreachable | https://www.greenlinebodyshop.com/,,Car Detailers
Ezbreezy Auto Detailing,,+1-310-753-2295,,,Torrance,CA,V1 | P3 | Class A | website broken or unreachable | http://ezbreezyautodetailing.com/,,Car Detailers
Brunson Mobile Detailing,,+1-562-473-5525,,,Whittier,CA,V1 | P3 | Class A | website broken or unreachable | https://www.bmdetailing.net/,,Car Detailers
No Limitz Details,,+1-714-278-5531,,,Whittier,CA,V1 | P3 | Class A | website broken or unreachable | http://nolimitzdetails.com/,,Car Detailers
