Business Name,Contact / First & Last Name,Phone,Email,Address,City,State / Province,Notes,Birthday,Industry
Hard 2 Top Mobile Detail,,+1-510-755-4738,,"4100 Redwood Rd 20A- 706, Oakland, CA 94619, United States",Alameda,CA,P4 | Class B | website has issues | http://www.hard2topdetail.com/,,Car Detailers
MIS Mobile Auto Detailing,,+1-628-224-8000,,"764 Kingston Ave, Oakland, CA 94611, United States",Alameda,CA,P4 | Class B | website has issues | https://misautodetail.com/,,Car Detailers
Markato Hand Carwash And Detail,,+1-415-889-9108,,"1901 Park Blvd, Oakland, CA 94606, United States",Alameda,CA,P4 | Class B | website has issues | https://markatodetailing.com/,,Car Detailers
Mike's Craftline Detailing,,+1-510-205-9819,,,Alameda,CA,P4 | Class B | website has issues | https://www.mikescraftlinedetailing.com/,,Car Detailers
NorthStar Mobile Detailing,,+1-510-560-3487,,"1192 71st Ave, Oakland, CA 94621, United States",Alameda,CA,P4 | Class B | website has issues | https://northstardetailingmn.com/,,Car Detailers
Prime Shiners Mobile Auto Detailing,,+1-415-990-2900,,"1823 Sixth St #2, Berkeley, CA 94710, United States",Alameda,CA,P4 | Class B | website has issues | http://www.primeshiners.com/,,Car Detailers
3-G Lux Auto Spa,,+1-323-274-4564,,"7320 N Figueroa St, Los Angeles, CA 90041, United States",Alhambra,CA,P4 | Class B | website has issues | http://3gluxauto.com/,,Car Detailers
A & N Mobile Wash Services,,+1-323-712-3289,,,Alhambra,CA,P4 | Class B | website has issues | https://anmobilewashservice.com/,,Car Detailers
Precision Finish Auto Detail,,+1-626-710-7796,,,Alhambra,CA,P4 | Class B | website has issues | https://pfautodetail.com/,,Car Detailers
Red Diamond Auto Spa- Luxury Mobile Detailing and Car Wash,,+1-323-275-7574,,,Alhambra,CA,P4 | Class B | website has issues | https://sites.google.com/view/mmmdetailing/home,,Car Detailers
Adam's Polishes California,,+1-866-965-0400,,"725 N Shepard St, Anaheim, CA 92806, United States",Anaheim,CA,P4 | Class B | website has issues | http://adamspolishes.com/,,Car Detailers
American Mobile Truck & Car Wash Inc.,,+1-714-396-1967,,"2681 N Orange Olive Rd, Orange, CA 92865, United States",Anaheim,CA,P4 | Class B | website has issues | https://www.americanmobiletruckandcarwash.com/,,Car Detailers
Auto Detail Supplies Outlet,,+1-714-855-4776,,"325 N State College Blvd, Anaheim, CA 92806, United States",Anaheim,CA,P4 | Class B | website has issues | https://autodetailsuppliesoutletanaheim.com/?utm_source=gbp,,Car Detailers
Aventa Car Detailing Anaheim,,+1-714-386-1688,,"235 W Orangewood Ave, Anaheim, CA 92802, United States",Anaheim,CA,P4 | Class B | website has issues | https://aventacardetailinganaheim.site/,,Car Detailers
Black Label Car Detailing Yorba Linda,,+1-714-844-0217,,"5303 Stonehaven Dr, Yorba Linda, CA 92887, United States",Anaheim,CA,P4 | Class B | website has issues | https://blacklabelcardetailingyorbalinda.com/,,Car Detailers
CC's Mobile Detailing,,+1-714-390-9997,,,Anaheim,CA,P4 | Class B | website has issues | https://poplme.co/hash/G5amgRX7/1/s,,Car Detailers
Costa Mobile Detailing,,+1-714-904-2702,,"12913 Harbor Blvd Ste Q-3, Garden Grove, CA 92840, United States",Anaheim,CA,P4 | Class B | website has issues | http://costamobiledetailing.com/,,Car Detailers
Detailer stop Inc,,+1-657-258-0210,,"3325 E Miraloma Ave #121, Anaheim, CA 92806, United States",Anaheim,CA,P4 | Class B | website has issues | https://detailerstop.com/,,Car Detailers
Diamond Coat Mobile Car Detailing Anaheim,,+1-714-970-4966,,"1021 E Lacy Ave, Anaheim, CA 92805, United States",Anaheim,CA,P4 | Class B | website has issues | http://diamomdcoatmobilecardetailing.shop/,,Car Detailers
Double A Detail,,+1-714-478-0556,,"316 W Hampshire Ave, Anaheim, CA 92805, United States",Anaheim,CA,P4 | Class B | website has issues | http://doubleacarwash.wixsite.com/doublea,,Car Detailers
GC's Auto Detailing,,+1-714-726-5161,,"706 E Wilson Ave, Orange, CA 92867, United States",Anaheim,CA,P4 | Class B | website has issues | https://www.gcsautodetailing.com/,,Car Detailers
Glam Dash Auto Detailing,,+1-714-492-8467,,"2060 N Park Ln, Orange, CA 92865, United States",Anaheim,CA,P4 | Class B | website has issues | https://glamdashautodetailing.site/,,Car Detailers
Great Shine Mobile Car Detailing,,+1-714-947-4072,,"1537 W Beacon Ave, Anaheim, CA 92802, United States",Anaheim,CA,P4 | Class B | website has issues | http://greatshinemobiledetailing.shop/,,Car Detailers
Hard Coat Car Detailing,,+1-657-239-3423,,"18251 Sharon Ln, Villa Park, CA 92861, United States",Anaheim,CA,P4 | Class B | website has issues | https://hardcoatcardetailing.site/,,Car Detailers
Legit Coat Car Detailing,,+1-714-455-3053,,"6635 Moselle Cir, Yorba Linda, CA 92886, United States",Anaheim,CA,P4 | Class B | website has issues | https://legitcoatcardetailing.site/,,Car Detailers
Luna Glow Auto Detailing Anaheim,,+1-714-844-4178,,"1725 Auburn Way, Anaheim, CA 92805, United States",Anaheim,CA,P4 | Class B | website has issues | https://lunaglowautodetailinganaheim.com/,,Car Detailers
Luxorade Car Detailing,,+1-714-577-2834,,"140 S Highland Ave, Placentia, CA 92870, United States",Anaheim,CA,P4 | Class B | website has issues | https://luxoradecardetailing.site/,,Car Detailers
Mint Glitz Auto Detailing,,+1-714-515-7991,,"400 W Orangethorpe Ave, Fullerton, CA 92832, United States",Anaheim,CA,P4 | Class B | website has issues | https://mintglitzautodetailing.site/,,Car Detailers
Mirror Touch Auto Detailing,,+1-657-695-0902,,"3030 E Jackson Ave, Anaheim, CA 92806, United States",Anaheim,CA,P4 | Class B | website has issues | https://mirrortouchautodetailing.site/,,Car Detailers
Mobile Express Detailing,,+1-714-609-5065,,"375 W Birch St, Brea, CA 92821, United States",Anaheim,CA,P4 | Class B | website has issues | http://orangecountyautodetailing.biz/,,Car Detailers
Mr. Glossed,,+1-952-228-4495,,"4171 Denver Ave, Yorba Linda, CA 92886, United States",Anaheim,CA,P4 | Class B | website has issues | https://mrglossed.com/,,Car Detailers
Newport Beach Car Detailer,,+1-714-310-4412,,"221 S Camino De Paz, Anaheim, CA 92807, United States",Anaheim,CA,P4 | Class B | website has issues | http://www.newportbeachcardetailer.com/,,Car Detailers
Precision Coat Car Detailing,,+1-657-567-4428,,"435 S Chatham Cir, Anaheim, CA 92806, United States",Anaheim,CA,P4 | Class B | website has issues | https://precisioncoatcardetailing.site/,,Car Detailers
ProSmart Mobile Detailing,,+1-714-471-9772,,"2535 E Sandalwood Ct, Anaheim, CA 92806, United States",Anaheim,CA,P4 | Class B | website has issues | http://www.prosmartdetailing.com/,,Car Detailers
Quality Coat Car Detailing,,+1-714-276-6707,,"1525 S Euclid St, Anaheim, CA 92804, United States",Anaheim,CA,P4 | Class B | website has issues | https://qualitycoatcardetailing.site/,,Car Detailers
Royal Mobile Detailing,,+1-714-787-9635,,"20 City Blvd W, Orange, CA 92868, United States",Anaheim,CA,P4 | Class B | website has issues | https://royalmobilecardetailing.com/?utm_source=ig&utm_medium=social&utm_content=link_in_bio&fbclid=PAdGRleAS6hJtwZG9mAmV4dG4DYWVtAjExAHNydGMGYXBwX2lkDzEyNDAyNDU3NDI4NzQxNAABpykK8dj0y2csWlwQBalln9eG1ePjnWpxwH-Sa0D3cowcvvUmK65roo2NFP80_aem_U2mLp55vefgOfPUYKB01eQ,,Car Detailers
ShinyFleet Mobile Car Detailing Anaheim,,+1-714-613-8610,,"771 S Mosaic St, Anaheim, CA 92805, United States",Anaheim,CA,P4 | Class B | website has issues | https://shinyfleetmobiledetailing.shop/,,Car Detailers
Socal eternaldetail,,+1-714-747-2407,,,Anaheim,CA,P4 | Class B | website has issues | http://www.socaleternaldetail.com/,,Car Detailers
Top Auto Shine Mobile Detailing,,+1-714-357-2817,,,Anaheim,CA,P4 | Class B | website has issues | https://topautoshinedetailing.com/,,Car Detailers
Vetra Car Detailing Garden Grove,,+1-714-589-8778,,"12151 Bayport St, Garden Grove, CA 92840, United States",Anaheim,CA,P4 | Class B | website has issues | https://vetracardetailinggardengrove.site/,,Car Detailers
W.O.W Detailing LLC,,+1-657-340-7957,,"2400 E Katella Ave, Anaheim, CA 92806, United States",Anaheim,CA,P4 | Class B | website has issues | http://www.wowdetailingllc.com/,,Car Detailers
Yorba Linda Elite Auto Detailing,,+1-714-468-8585,,"22911 Savi Ranch Pkwy, Yorba Linda, CA 92887, United States",Anaheim,CA,P4 | Class B | website has issues | http://www.yorbalindaeliteautodetailing.com/,,Car Detailers
All The Little Details,,+1-209-896-8062,,"307 Fairway Village Dr, Murphys, CA 95247, United States",Angels Camp,CA,P4 | Class B | website has issues | https://www.alllittledetails.com/,,Car Detailers
Boosted Auto Salon,,+1-209-352-9465,,,Angels Camp,CA,P4 | Class B | website has issues | https://cguidry891.wixsite.com/boostedautosalon-1,,Car Detailers
A70 Detailing,,+1-925-587-4895,,"2529 Mammoth Way, Antioch, CA 94531, United States",Antioch,CA,P4 | Class B | website has issues | https://www.a70detailing.com/,,Car Detailers
AC QuickShine Mobile Detail,,+1-925-383-7852,,"W 10th St, Antioch, CA 94509, United States",Antioch,CA,P4 | Class B | website has issues | https://www.acquickshine.com/,,Car Detailers
Brayan’s Mobile Auto Detailing,,+1-925-726-8867,,,Antioch,CA,P4 | Class B | website has issues | https://brayansmobileautodetailing.com/,,Car Detailers
Diamond Detailing,,+1-925-428-0182,,,Antioch,CA,P4 | Class B | website has issues | https://diamonddetailing66.godaddysites.com/?utm_source=ig&utm_medium=social&utm_content=link_in_bio,,Car Detailers
Driven2Detail,,+1-707-564-7099,,,Antioch,CA,P4 | Class B | website has issues | http://driven2detailca.com/,,Car Detailers
JDI Detailing – Auto Detailing,,+1-925-409-0127,,"792 Peachwillow Dr, Brentwood, CA 94513, United States",Antioch,CA,P4 | Class B | website has issues | https://www.jdidetailing.com/,,Car Detailers
JJ's Elite Details - Premium PPF & Ceramic Coatings,,+1-707-470-7175,,"1806 Verne Roberts Cir, Antioch, CA 94509, United States",Antioch,CA,P4 | Class B | website has issues | https://www.jjselitedetails.com/,,Car Detailers
Just unique auto Detailing,,+1-925-206-8288,,"2201 W 10th St Ste E, Antioch, CA 94509, United States",Antioch,CA,P4 | Class B | website has issues | http://justuniquedetailing.com/,,Car Detailers
NC DETAIL- MOBILE DETAILING SERVICE,,+1-925-954-4939,,,Antioch,CA,P4 | Class B | website has issues | https://www.ncmobiledetail.com/,,Car Detailers
WASHED,,+1-925-308-3916,,"2243 Hemet Ct, Brentwood, CA 94513, United States",Antioch,CA,P4 | Class B | website has issues | http://www.washedmobiledetailing.com/,,Car Detailers
Humboldt Mobile Detailing,,+1-707-382-8374,,,Arcata,CA,P4 | Class B | website has issues | http://humboldtmobiledetailing.com/,,Car Detailers
Lost Coast Motorsports,,+1-707-376-8863,,"4665 West End Rd, Arcata, CA 95521, United States",Arcata,CA,P4 | Class B | website has issues | https://lostcoastoutpost.com/lowdown/venues/lost-coast-motorsports/,,Car Detailers
Pristine Auto Detail,,+1-707-828-7454,,"76 S G St, Arcata, CA 95521, United States",Arcata,CA,P4 | Class B | website has issues | https://pristine-auto-detail.com/,,Car Detailers
West Coast Auto Detailing,,+1-707-825-1241,,"437 G St Unit B, Arcata, CA 95521, United States",Arcata,CA,P4 | Class B | website has issues | http://www.westcoastautodetailing.net/,,Car Detailers
Absolute Detailing Bako,,+1-661-516-5054,,,Bakersfield,CA,P4 | Class B | website has issues | https://absolutedetailingbako.com/,,Car Detailers
Boosted Detailing,,+1-661-689-6662,,,Bakersfield,CA,P4 | Class B | website has issues | https://www.boosted-detailing.com/,,Car Detailers
DLG Auto Detail,,+1-661-477-2082,,"6013 Fair Oaks Dr, Bakersfield, CA 93306, United States",Bakersfield,CA,P4 | Class B | website has issues | http://www.dlgautodetail.com/,,Car Detailers
Detailed Detailers,,+1-661-800-8469,,"9800 Cimarron Trails Dr, Bakersfield, CA 93311, United States",Bakersfield,CA,P4 | Class B | website has issues | http://www.ceramicprobakersfield.com/,,Car Detailers
EXODUS AUTO DETAILING LLC,,+1-661-788-9692,,,Bakersfield,CA,P4 | Class B | website has issues | https://exodusautodetailing.com/,,Car Detailers
Exclusive Auto Detailing LLC,,+1-661-717-3637,,,Bakersfield,CA,P4 | Class B | website has issues | http://www.exclusiveautodetailing.org/,,Car Detailers
Hernandez Mobile Car Wash & Detail,,+1-661-912-9134,,,Bakersfield,CA,P4 | Class B | website has issues | https://hernandezmobilecar.wixsite.com/hernandez-mobile,,Car Detailers
J's Detail Center,,+1-661-619-5264,,"3400 Bowman Ct, Bakersfield, CA 93308, United States",Bakersfield,CA,P4 | Class B | website has issues | http://jsmobilewash.com/,,Car Detailers
Mr. Clean Auto Detailing,,+1-805-336-3738,,"1435 S Union Ave, Bakersfield, CA 93307, United States",Bakersfield,CA,P4 | Class B | website has issues | https://www.mrcleanautodetailing661.com/,,Car Detailers
Proto car detailing,,+1-661-451-7543,,"9900 Lightner Way, Bakersfield, CA 93311, United States",Bakersfield,CA,P4 | Class B | website has issues | http://mobiledetailing.site/,,Car Detailers
Royal Detailing,,+1-661-497-8795,,"Shaver Dr, Bakersfield, CA 93313, United States",Bakersfield,CA,P4 | Class B | website has issues | http://royaldetailingbako.com/,,Car Detailers
Smooth Sail Mobile Detail,,+1-661-421-9009,,"4512 Barry St, Bakersfield, CA 93307, United States",Bakersfield,CA,P4 | Class B | website has issues | https://sites.google.com/view/smooth-sail-auto-detail/home,,Car Detailers
Unique Auto Spa,,+1-661-717-9808,,"3740 Sillect Ave #2c, Bakersfield, CA 93308, United States",Bakersfield,CA,P4 | Class B | website has issues | http://uniqueautospaca.com/,,Car Detailers
White Glove Mobile Car Wash & Detail,,+1-661-602-4666,,,Bakersfield,CA,P4 | Class B | website has issues | https://alliancegandp.wixsite.com/white-glove-mobile-c,,Car Detailers
Aesthetic Auto Detailing LLC,,+1-626-893-6810,,"1020 Eclipse Way, West Covina, CA 91792, United States",Baldwin Park,CA,P4 | Class B | website has issues | https://www.aestheticautodetailing.com/,,Car Detailers
BR Mobile Detailing,,+1-984-528-2296,,,Baldwin Park,CA,P4 | Class B | website has issues | http://brdetailing.lovable.app/,,Car Detailers
Car Bath Mobile Detailing,,+1-626-470-7359,,,Baldwin Park,CA,P4 | Class B | website has issues | https://www.carbathmobiledetailing.com/,,Car Detailers
Car detailing / Mobile Detailing & Co.,,+1-626-848-6344,,,Baldwin Park,CA,P4 | Class B | website has issues | https://sites.google.com/view/mobiledetailnco/home,,Car Detailers
Headlight Restoration Shark - Mobile Service,,+1-626-522-5002,,"13429 Tracy St, Baldwin Park, CA 91706, United States",Baldwin Park,CA,P4 | Class B | website has issues | https://docs.google.com/forms/d/e/1FAIpQLSf1Vy1jnzjN6V8myjoFfuhDv4QQt3PraSD0VYL-xvk6WR_Hfg/viewform?usp=publish-editor,,Car Detailers
Magician Pro Detailing,,+1-626-324-8368,,,Baldwin Park,CA,P4 | Class B | website has issues | https://magicianprodetailing.net/,,Car Detailers
Mr. Lai's Mobile Detailing Services,,+1-323-558-2652,,,Baldwin Park,CA,P4 | Class B | website has issues | http://mrlaidetailing.com/,,Car Detailers
Plan A Auto Spa,,+1-626-224-6127,,"222 N Dalton Ave, Azusa, CA 91702, United States",Baldwin Park,CA,P4 | Class B | website has issues | https://www.planaautospa.net/,,Car Detailers
RYNO Classics,,+1-626-873-4410,,,Baldwin Park,CA,P4 | Class B | website has issues | https://rynoclassics.com/,,Car Detailers
SGV Luxurious Detail,,+1-626-423-6964,,"2516 Troy Ave, South El Monte, CA 91733, United States",Baldwin Park,CA,P4 | Class B | website has issues | http://sgvluxuriousdetail.com/,,Car Detailers
Squeegee Mobile Detailing,,+1-323-542-3857,,,Baldwin Park,CA,P4 | Class B | website has issues | https://wcueto93.wixsite.com/my-site,,Car Detailers
The Detail Truck,,+1-626-343-2893,,"710 S Myrtle Ave PMB 631, Monrovia, CA 91016, United States",Baldwin Park,CA,P4 | Class B | website has issues | http://www.thedetailtruck.com/,,Car Detailers
Ultra Auto Detailing LLC,,+1-626-678-3624,,,Baldwin Park,CA,P4 | Class B | website has issues | https://book.heygoldie.com/Ultra-Auto-Detailing-Llc,,Car Detailers
Unrated Mobile Detail,,+1-626-232-0430,,,Baldwin Park,CA,P4 | Class B | website has issues | https://web.detailconnect.app/u=unrated-mobile-detailing--4NG8XC,,Car Detailers
Garcia's Mobile Wash and Detail,,+1-562-326-6584,,,Bellflower,CA,P4 | Class B | website has issues | https://www.garciasmobilewashca.com/,,Car Detailers
Neat Touch Mobile Detailing,,+1-562-612-9660,,,Bellflower,CA,P4 | Class B | website has issues | https://book.heygoldie.com/neat-touch,,Car Detailers
Omni Detailing,,+1-562-737-5925,,"2892 N Bellflower Blvd, Long Beach, CA 90815, United States",Bellflower,CA,P4 | Class B | website has issues | http://omni-detailing.com/,,Car Detailers
Pioneer Mobile Detailing,,+1-562-965-0813,,,Bellflower,CA,P4 | Class B | website has issues | https://pioneermobiledetail.com/,,Car Detailers
Shine & Protect Mobile Detailing,,+1-562-740-8659,,"20919 Bloomfield Ave, Lakewood, CA 90715, United States",Bellflower,CA,P4 | Class B | website has issues | https://shineandprotectdetailing.com/,,Car Detailers
Xtreme Detail LLC (Mobile Detailing),,+1-510-927-1390,,,Benicia,CA,P4 | Class B | website has issues | https://www.xtremedetail.co/,,Car Detailers
510 Mobile Detail,,+1-510-939-1594,,"1024 Avocet Dr, Hercules, CA 94547, United States",Berkeley,CA,P4 | Class B | website has issues | http://www.510mobiledetail.com/,,Car Detailers
Auto Presentation Details,,+1-415-374-4848,,"2821 Shattuck Ave., Berkeley, CA 94705, United States",Berkeley,CA,P4 | Class B | website has issues | http://autopresentationservices.com/,,Car Detailers
Cassius Mobile Car Detailing of North Beach,,+1-510-890-7568,,"1232 Pacific Ave, San Francisco, CA 94109, United States",Berkeley,CA,P4 | Class B | website has issues | https://cassiusmobilecardetailingsf.site/,,Car Detailers
Lux Mobile Car Wash,,+1-510-304-8457,,"792 Old County Rd, Belmont, CA 94002, United States",Berkeley,CA,P4 | Class B | website has issues | https://lux-auto-spa.base44.app/,,Car Detailers
Peoples Car Wash - Mobile Detailing Services,,+1-510-978-7603,,"1894 University Ave, Berkeley, CA 94703, United States",Berkeley,CA,P4 | Class B | website has issues | http://www.peoplescarwash.com/,,Car Detailers
Taj's Car Wash,,+1-510-365-5023,,,Berkeley,CA,P4 | Class B | website has issues | http://www.berkeleycarwash.com/#!contact/c1cv0,,Car Detailers
Supreme Glow Auto Detailing,,+1-650-586-0012,,,Brentwood,CA,P4 | Class B | website has issues | https://www.supremeglowdetailing.com/,,Car Detailers
9 Zeroh Mobile Detailing,,+1-424-264-6654,,,Buena Park,CA,P4 | Class B | website has issues | https://www.9zerohdetailing.autos/?book=1,,Car Detailers
AP Details Car Detailing,,+1-562-708-1735,,,Buena Park,CA,P4 | Class B | website has issues | https://www.apprecisiondetailing.com/home,,Car Detailers
Blacktop Auto Detailing,,+1-714-559-3882,,"7000 La Palma Ave, Buena Park, CA 90620, United States",Buena Park,CA,P4 | Class B | website has issues | https://blacktopautodetailing.site/,,Car Detailers
Bonnie car detailing Buena Park,,+1-657-701-3431,,"7591 Knott Ave, Buena Park, CA 90620, United States",Buena Park,CA,P4 | Class B | website has issues | https://bonniecardetailingbuenapark.site/,,Car Detailers
Clarity Automotive Detailing,,+1-757-477-7006,,,Buena Park,CA,P4 | Class B | website has issues | https://clarity-auto-detailing.my.canva.site/,,Car Detailers
Detailing on Demand,,+1-833-355-6912,,,Buena Park,CA,P4 | Class B | website has issues | http://www.dodmobiledetail.com/,,Car Detailers
Dr Detail,,+1-714-870-8555,,"1115 W Orangethorpe Ave, Fullerton, CA 92833, United States",Buena Park,CA,P4 | Class B | website has issues | https://drdetailfullerton.wixsite.com/detail,,Car Detailers
Elite Custom Detailing,,+1-714-452-7376,,,Buena Park,CA,P4 | Class B | website has issues | https://web.detailconnect.app/u=elite-custom-detailing-J6LC1L,,Car Detailers
Ice Cold Car Detailing Cypress,,+1-714-551-9097,,"Alice Cir, Cypress, CA 90630, United States",Buena Park,CA,P4 | Class B | website has issues | http://icecoldcardetailingcypress.site/,,Car Detailers
Jules Elite Films,,+1-714-699-3516,,"5870 Dale St, Buena Park, CA 90621, United States",Buena Park,CA,P4 | Class B | website has issues | http://juleselitefilms.com/,,Car Detailers
MRod's Paint Correction & Ceramic Coating,,+1-714-330-7615,,"5188 Sowma Way, Cypress, CA 90630, United States",Buena Park,CA,P4 | Class B | website has issues | https://mrodsgarage.com/,,Car Detailers
MYLA Car Detailing Stanton,,+1-657-567-4341,,"7961 Orangewood Ave, Stanton, CA 90680, United States",Buena Park,CA,P4 | Class B | website has issues | https://mylacardetalingstanton.site/,,Car Detailers
Mo's Essentials Auto Detailing,,+1-657-255-8597,,,Buena Park,CA,P4 | Class B | website has issues | http://mosessentials.com/,,Car Detailers
the auto detail guys garage,,+1-562-661-3408,,"1040 S Cypress St Ste B, La Habra, CA 90631, United States",Buena Park,CA,P4 | Class B | website has issues | https://theautodetailguys.com/,,Car Detailers
Astro Mobile Detailing,,+1-424-279-0802,,,Burbank,CA,P4 | Class B | website has issues | https://astro-mobile-detailing.com/,,Car Detailers
Auto Detail Supplies Outlet,,+1-818-452-1955,,"12840 Victory Blvd, Valley Glen, CA 91606, United States",Burbank,CA,P4 | Class B | website has issues | https://autodetailsuppliesoutletnoho.com/?utm_source=gmb&utm_medium=referral,,Car Detailers
California Detail Shop,,+1-818-500-0445,,"453 Colorado Blvd, Glendale, CA 91204, United States",Burbank,CA,P4 | Class B | website has issues | http://www.california-detail.com/,,Car Detailers
Cayman's Auto Spa,,+1-747-228-9668,,,Burbank,CA,P4 | Class B | website has issues | https://caymansautospa.com/,,Car Detailers
Ceramic Pro Burbank,,+1-818-925-0735,,"2800 N San Fernando Blvd, Burbank, CA 91504, United States",Burbank,CA,P4 | Class B | website has issues | http://www.ceramicproburbank.com/,,Car Detailers
ECO Mobile Detailing,,+1-323-371-4273,,"Parking Garage, 8000 Sunset Blvd Level P1, Los Angeles, CA 90046, United States",Burbank,CA,P4 | Class B | website has issues | http://www.ecomobiledetailing.com/,,Car Detailers
Elite Mobile Auto Detailers,,+1-818-281-2004,,,Burbank,CA,P4 | Class B | website has issues | https://elitemobileautodetailers.com/,,Car Detailers
Glendale 5Star Fresh Mobile Detailing,,+1-714-831-5436,,"522 S Everett St, Glendale, CA 91205, United States",Burbank,CA,P4 | Class B | website has issues | https://5starfreshdetailing.com/,,Car Detailers
Honest Mobile Detailing,,+1-401-632-1631,,,Burbank,CA,P4 | Class B | website has issues | https://www.honestdetailing.com/,,Car Detailers
Impressive Detailing,,+1-747-310-6790,,"11784 Sheldon St unit 2, Sun Valley, CA 91352, United States",Burbank,CA,P4 | Class B | website has issues | http://www.impressivedetailing.com/,,Car Detailers
L&J Mobile Detailing LLC,,+1-626-838-7005,,"100 W Broadway, Glendale, CA 91210, United States",Burbank,CA,P4 | Class B | website has issues | https://lnjmobiledetail.com/,,Car Detailers
Mobile Hand Wash LA,,+1-310-678-5683,,,Burbank,CA,P4 | Class B | website has issues | https://www.mobilehandwashla.com/,,Car Detailers
ProShine Mobile Car Wash Glendale,,+1-818-934-9542,,"201 E Chestnut St, Glendale, CA 91205, United States",Burbank,CA,P4 | Class B | website has issues | https://web.detailconnect.app/u=proshine-QM2Y08,,Car Detailers
ShinePros Wash & Detail,,+1-818-875-0444,,"6405 Wilkinson Ave, North Hollywood, CA 91606, United States",Burbank,CA,P4 | Class B | website has issues | https://shineprosnh.com/,,Car Detailers
Supreme Sunshine Mobile Detailing,,+1-323-943-5559,,,Burbank,CA,P4 | Class B | website has issues | https://www.supremesunshinemd.com/,,Car Detailers
Angelo's Auto Detailing,,+1-805-329-3649,,,Camarillo,CA,P4 | Class B | website has issues | https://pocketsuite.io/link/angelos-auto-detailing,,Car Detailers
DD’s Car Detailing,,+1-833-829-2680,,"3321 Madera Pl, Oxnard, CA 93033, United States",Camarillo,CA,P4 | Class B | website has issues | http://ddscardetailing.com/,,Car Detailers
DK Mobile Wash - Camarillo,,+1-805-833-0167,,"5227 Mission Oaks Blvd, Camarillo, CA 93012, United States",Camarillo,CA,P4 | Class B | website has issues | https://dkmobilewashventura.com/,,Car Detailers
Detail Chicks Mobile Detailing Services,,+1-805-394-8833,,"3851 Harbour Island Ln, Oxnard, CA 93035, United States",Camarillo,CA,P4 | Class B | website has issues | http://detailchicks.com/,,Car Detailers
Exotic Auto Mobile Detailing,,+1-805-794-2948,,,Camarillo,CA,P4 | Class B | website has issues | https://jesus212222.wixsite.com/exotic-auto-detailin,,Car Detailers
Lustra Detail Company,,+1-805-626-0540,,,Camarillo,CA,P4 | Class B | website has issues | https://lustradetail.co/,,Car Detailers
Melgoza Mobile Detailing - Camarillo,,+1-805-814-5691,,"2249 Pickwick Dr, Camarillo, CA 93010, United States",Camarillo,CA,P4 | Class B | website has issues | https://melgozadetailing.com/,,Car Detailers
Mike's Pro Detail,,+1-818-381-9905,,,Camarillo,CA,P4 | Class B | website has issues | https://www.fulldetailpro.com/,,Car Detailers
New Millennium Mobile Car Wash & Auto Detail,,+1-805-276-7171,,"Oxnard, CA 93030, United States",Camarillo,CA,P4 | Class B | website has issues | https://www.nmautodetail.com/,,Car Detailers
Supreme Auto Detail,,+1-805-444-7630,,"1180 Newbury Rd, Newbury Park, CA 91320, United States",Camarillo,CA,P4 | Class B | website has issues | http://supremedetailca.com/,,Car Detailers
TLC Auto Interior Detailing,,+1-805-407-3594,,"4023 Camino Ranchero # I, Camarillo, CA 93012, United States",Camarillo,CA,P4 | Class B | website has issues | http://www.tlc4auto.com/,,Car Detailers
Teel Premium Auto Detailing Inc.,,+1-805-504-7933,,"601 N Del Norte Blvd Unit F, Oxnard, CA 93030, United States",Camarillo,CA,P4 | Class B | website has issues | https://teelmobiledetailing.com/,,Car Detailers
All In Mobile Detail,,+1-760-583-7217,,,Carlsbad,CA,P4 | Class B | website has issues | https://allinmobiledetail.com/,,Car Detailers
Autoluxx Car Detailing,,+1-760-983-7644,,"1206 Camino Lorado, San Marcos, CA 92078, United States",Carlsbad,CA,P4 | Class B | website has issues | https://autoluxxcardetailing.shop/,,Car Detailers
Ben & Jared's CAD,,+1-442-232-9631,,,Carlsbad,CA,P4 | Class B | website has issues | http://benandjaredscad.com/,,Car Detailers
Carlsbad Auto Restoration Detailing Service,,+1-760-239-7871,,"5857 Owens Ave #300, Carlsbad, CA 92008, United States",Carlsbad,CA,P4 | Class B | website has issues | https://carlsbadautodetailing.com/,,Car Detailers
Coastal Glow Car Detailing,,+1-206-963-2311,,"847 Laguna Dr, Carlsbad, CA 92008, United States",Carlsbad,CA,P4 | Class B | website has issues | http://coastalglowcardetailing.shop/,,Car Detailers
Dunphys Mobile Detailing & Ceramic Coating La Costa Ca,,+1-760-607-8259,,"3498 Corte Fortuna, Carlsbad, CA 92009, United States",Carlsbad,CA,P4 | Class B | website has issues | https://dunphysmobiledetailing.com/,,Car Detailers
EcoLux Detailing,,+1-760-216-2026,,,Carlsbad,CA,P4 | Class B | website has issues | https://ecoluxdetailing.com/,,Car Detailers
Fierce Mobile Detailing,,+1-760-712-5983,,,Carlsbad,CA,P4 | Class B | website has issues | http://fiercemobiledetailing.com/,,Car Detailers
LAVAR Mobile Detailing,,+1-760-277-4979,,"4847 Tacayme Dr, Oceanside, CA 92057, United States",Carlsbad,CA,P4 | Class B | website has issues | https://www.lavarmobiledetail.com/,,Car Detailers
Louie’s Mobile Detailing,,+1-760-580-2509,,"2017 Oceanside Blvd Suite 115, Oceanside, CA 92054, United States",Carlsbad,CA,P4 | Class B | website has issues | http://www.louiesmobiledetailing.com/,,Car Detailers
Mach 1 Auto Detail and Tint,,+1-760-309-3737,,"3145 Tiger Run Ct Ste. 107, Carlsbad, CA 92010, United States",Carlsbad,CA,P4 | Class B | website has issues | http://mach1autodetail.com/,,Car Detailers
North County Mobile Detail,,+1-760-514-7254,,"1334 E Indian Rock Rd, Vista, CA 92084, United States",Carlsbad,CA,P4 | Class B | website has issues | http://northcountymobiledetail.com/,,Car Detailers
Ocampo Mobile Detail,,+1-760-622-6734,,"4700 N River Rd, Oceanside, CA 92057, United States",Carlsbad,CA,P4 | Class B | website has issues | http://ocampomobiledetail.com/,,Car Detailers
Ozone mobile detailing,,+1-442-273-6903,,,Carlsbad,CA,P4 | Class B | website has issues | https://pocketsuite.io/book/anthony-h-orange,,Car Detailers
PDT Detail Products,,+1-442-224-7788,,"2470 S Santa Fe Ave, Vista, CA 92084, United States",Carlsbad,CA,P4 | Class B | website has issues | https://pdt-detail-products.myshopify.com/,,Car Detailers
PWR Detail,,+1-760-889-1498,,"1495 Poinsettia Ave #147, Vista, CA 92081, United States",Carlsbad,CA,P4 | Class B | website has issues | http://www.pwrdetail.com/,,Car Detailers
Quick Gloss Mobile Car Detailing Oceanside,,+1-760-635-5343,,"3520 Seagate Way, Oceanside, CA 92056, United States",Carlsbad,CA,P4 | Class B | website has issues | https://quickglossmobilecardetailing.online/,,Car Detailers
RN1 Mobile Auto Detailing & Ceramic Coating,,+1-858-330-5371,,"1626 Calle Bienvenido, Vista, CA 92084, United States",Carlsbad,CA,P4 | Class B | website has issues | http://rn1autodetailing.com/,,Car Detailers
Rad Ryder Autospa,,+1-760-889-9768,,,Carlsbad,CA,P4 | Class B | website has issues | https://2brc4rgbrn.wixsite.com/radryderautospa,,Car Detailers
Rodriguez's Mobile Detailing,,+1-760-909-9738,,"4603 Calle Del Palo, Oceanside, CA 92057, United States",Carlsbad,CA,P4 | Class B | website has issues | https://rodriguezsmobiledetailing.com/,,Car Detailers
ScMobileDetailing,,+1-814-621-5303,,"250 North City Dr, San Marcos, CA 92078, United States",Carlsbad,CA,P4 | Class B | website has issues | https://scautosdetailing.com/home-page,,Car Detailers
Shine Society Car Detailing,,+1-760-388-0923,,"3603 Kingston St, Carlsbad, CA 92010, United States",Carlsbad,CA,P4 | Class B | website has issues | https://shinesocietycardetailing.shop/,,Car Detailers
Stammhaus Autowerekes Inc,,+1-760-473-0059,,"7668 El Camino Real, Carlsbad, CA 92009, United States",Carlsbad,CA,P4 | Class B | website has issues | http://stammhausautowerkes.com/,,Car Detailers
Super Mario Mobile Detailing,,+1-619-892-2077,,"1499 Fulton Rd, San Marcos, CA 92069, United States",Carlsbad,CA,P4 | Class B | website has issues | http://www.supermariodetail.com/,,Car Detailers
Vasquez Mobile Detail,,+1-760-547-4230,,"2013 Pamela Ln, Escondido, CA 92026, United States",Carlsbad,CA,P4 | Class B | website has issues | https://vasquezmobiledetail.com/,,Car Detailers
AquaGloss Car Detailing,,+1-916-566-5745,,"5873 Esrig Way, Sacramento, CA 95841, United States",Carmichael,CA,P4 | Class B | website has issues | https://aquaglosscardetailing.site/,,Car Detailers
Auto Pro's Mobile Detailing,,+1-916-390-1044,,"3935 Wayside Ln, Carmichael, CA 95608, United States",Carmichael,CA,P4 | Class B | website has issues | http://autoprosdetailingsac.com/,,Car Detailers
Crystal Ride Mobile Detailing,,+1-916-990-2976,,"101 Tryon Ct, Sacramento, CA 95864, United States",Carmichael,CA,P4 | Class B | website has issues | https://crystalrideautodetailing.com/,,Car Detailers
Elite Car Detailing of Sacramento,,+1-916-675-9845,,"4237 Glascow Dr, North Highlands, CA 95660, United States",Carmichael,CA,P4 | Class B | website has issues | https://elitecardetailings.site/,,Car Detailers
Elite Mobile Details,,+1-916-562-4449,,,Carmichael,CA,P4 | Class B | website has issues | https://elitemobiledetails.com/,,Car Detailers
Green Leaf Detailing,,+1-916-249-4546,,,Carmichael,CA,P4 | Class B | website has issues | https://api.leadconnectorhq.com/widget/bookings/schedule-a-detail-gld,,Car Detailers
Imperial Auto Detailing,,+1-916-279-5822,,,Carmichael,CA,P4 | Class B | website has issues | http://www.imperialautodetailing.com/,,Car Detailers
JCE Mobile Detailing,,+1-916-246-8460,,,Carmichael,CA,P4 | Class B | website has issues | http://jcemobiledetailing.com/,,Car Detailers
Luxe Mobile Auto Detailing,,+1-916-273-3005,,,Carmichael,CA,P4 | Class B | website has issues | https://www.luxedetailingsac.com/,,Car Detailers
Persuasiv3 Mobile Detailing,,+1-910-975-9493,,,Carmichael,CA,P4 | Class B | website has issues | https://persuasiv3detailing.as.me/,,Car Detailers
Platinum Detailing and Coatings,,+1-916-907-1005,,"7520-2 Fair Oaks Blvd, Carmichael, CA 95608, United States",Carmichael,CA,P4 | Class B | website has issues | https://platinumdncsac.com/,,Car Detailers
PrettyFly Detail,,+1-916-224-0337,,,Carmichael,CA,P4 | Class B | website has issues | http://www.prettyflydetail.com/,,Car Detailers
Rodriguez's Mobile Detailing,,+1-916-239-5321,,,Carmichael,CA,P4 | Class B | website has issues | https://rodriguezsmobiledetailing.godaddysites.com/,,Car Detailers
Shine N Drive Mobile Car Detailing,,+1-916-633-6252,,"6099 San Juan Ave, Citrus Heights, CA 95610, United States",Carmichael,CA,P4 | Class B | website has issues | https://shinendrive.site/,,Car Detailers
Shine N Drive Mobile Car Detailing of Sacramento,,+1-916-823-8524,,"3544-3552 Auburn Blvd, Sacramento, CA 95821, United States",Carmichael,CA,P4 | Class B | website has issues | https://shinendrivesacramento.site/,,Car Detailers
Sultani mobile Detailing,,+1-916-544-8848,,"3535 Marconi Ave #133, Sacramento, CA 95821, United States",Carmichael,CA,P4 | Class B | website has issues | https://sultanimobiledetailing.com/,,Car Detailers
The Polished Pit Auto Detailing,,+1-916-738-9212,,,Carmichael,CA,P4 | Class B | website has issues | https://www.thepolishedpit.com/,,Car Detailers
Toly's Detailing & Auto Glass,,+1-916-519-4891,,"5800 Auburn Blvd #6, Sacramento, CA 95841, United States",Carmichael,CA,P4 | Class B | website has issues | http://www.tolysdetailing.com/,,Car Detailers
4 Star Mobile Detailing,,+1-213-798-4787,,"338 W Magnolia St #3, Compton, CA 90220, United States",Carson,CA,P4 | Class B | website has issues | http://4starmobiledetailing.net/,,Car Detailers
Alchemy Paint Protection,,+1-310-400-4741,,"1647 Sepulveda Blvd unit 6, Torrance, CA 90501, United States",Carson,CA,P4 | Class B | website has issues | https://alchemypaintprotection.com/,,Car Detailers
All By Hand Detailing and Coatings,,+1-310-989-9274,,,Carson,CA,P4 | Class B | website has issues | https://allbyhand.net/,,Car Detailers
Autocare Details562,,+1-562-323-9821,,"2675 E 21st St, Signal Hill, CA 90755, United States",Carson,CA,P4 | Class B | website has issues | https://sites.google.com/view/autocaredetails562/home,,Car Detailers
Chemical Guys Auto Detailing Supplies Store,,+1-310-678-2838,,"3501 Sepulveda Blvd, Torrance, CA 90505, United States",Carson,CA,P4 | Class B | website has issues | http://www.chemicalguys.com/,,Car Detailers
DC's Mobile Car Wash and Detailing,,+1-310-562-7129,,"2213 Rockefeller Ln #1, Redondo Beach, CA 90278, United States",Carson,CA,P4 | Class B | website has issues | https://dcmobilecarwashand.wixsite.com/website,,Car Detailers
Drip N Shine Mobile Detailing,,+1-424-279-8892,,,Carson,CA,P4 | Class B | website has issues | http://dripnshine.biz/,,Car Detailers
Immaculate Auto Detail,,+1-310-480-8470,,"22636 Normandie Ave D, Torrance, CA 90502, United States",Carson,CA,P4 | Class B | website has issues | http://www.immaculateautodetail.com/,,Car Detailers
JPR Mobile Detailing,,+1-562-726-5473,,"1178 E 21st St, Long Beach, CA 90806, United States",Carson,CA,P4 | Class B | website has issues | https://www.jprmobiledetailing.com/,,Car Detailers
Kings Detailing Mobile Service,,+1-562-292-2328,,"11214 Atlantic Ave, Lynwood, CA 90262, United States",Carson,CA,P4 | Class B | website has issues | http://kingsdetailing.services/,,Car Detailers
Legendary Mobile Detailing,,+1-562-751-3094,,"1422 E 33rd St, Signal Hill, CA 90755, United States",Carson,CA,P4 | Class B | website has issues | https://www.legendarymobile.biz/,,Car Detailers
Louie's Mobile Detailing,,+1-310-467-9060,,,Carson,CA,P4 | Class B | website has issues | https://book.heygoldie.com/Louie-Details,,Car Detailers
Makai Detailers,,+1-424-262-2667,,,Carson,CA,P4 | Class B | website has issues | http://makaidetailers.com/,,Car Detailers
Maldonado Auto Detail,,+1-562-241-6386,,"2731 W Lantana St, Compton, CA 90220, United States",Carson,CA,P4 | Class B | website has issues | https://maldonadosautodetail.com/,,Car Detailers
Nerio's Auto Detailing,,+1-323-408-4686,,"2620 W Bennett St, Compton, CA 90220, United States",Carson,CA,P4 | Class B | website has issues | https://neriosautodetailing.glossgenius.com/,,Car Detailers
Prime Shine Mobile Detailing Lomita,,+1-626-635-2368,,"24001 Pennsylvania Ave, Lomita, CA 90717, United States",Carson,CA,P4 | Class B | website has issues | https://primeshinemobiledetailinglomita.site/,,Car Detailers
Rb Auto Detailing,,+1-562-326-8405,,,Carson,CA,P4 | Class B | website has issues | https://sites.google.com/view/rbautodetailing/home,,Car Detailers
Royal Auto Detail,,+1-310-293-6225,,,Carson,CA,P4 | Class B | website has issues | http://www.royalautodetailca.com/,,Car Detailers
Veil Shine Auto Detailing,,+1-562-262-8682,,"2201 E 21st St, Signal Hill, CA 90755, United States",Carson,CA,P4 | Class B | website has issues | https://veilshineautodetailing.site/,,Car Detailers
Ahmad_Detailings,,+1-209-272-6065,,,Ceres,CA,P4 | Class B | website has issues | https://ahmad-detailings-copy-cc70e5e5.base44.app/,,Car Detailers
BBN Detailing - Mobile,,+1-209-737-3596,,,Ceres,CA,P4 | Class B | website has issues | https://bbndetailing-mobile.com/,,Car Detailers
GORDOS MOBILE DETAILING,,+1-209-872-5871,,,Ceres,CA,P4 | Class B | website has issues | https://gordosgarage.com/,,Car Detailers
K1 AutoDetailing,,+1-209-765-7550,,"Mitchell Rd, Ceres, CA 95307, United States",Ceres,CA,P4 | Class B | website has issues | https://k1autodetailing.com/,,Car Detailers
Phenomenal Auto Detailing,,+1-209-416-2600,,"2221 Trina Ln, Ceres, CA 95307, United States",Ceres,CA,P4 | Class B | website has issues | https://phenomenaldetailing209.vercel.app/,,Car Detailers
Skylab Ceramic Details,,+1-209-871-7060,,"1503 Lone Palm Ave, Modesto, CA 95351, United States",Ceres,CA,P4 | Class B | website has issues | https://skylabceramicdetails.com/,,Car Detailers
So Fresh & So Clean Auto Detailing,,+1-209-492-9606,,"830 Kansas Ave # C5, Modesto, CA 95351, United States",Ceres,CA,P4 | Class B | website has issues | https://so-fresh-so-clean-auto-detailing.website.spoton.com/,,Car Detailers
The Optimum Auto Detail,,+1-209-404-0084,,"1121 Doker Dr #1, Modesto, CA 95351, United States",Ceres,CA,P4 | Class B | website has issues | http://www.theoptimumautodetail.com/,,Car Detailers
Veras Auto Detail,,+1-209-272-2089,,"112 N Santa Cruz Ave, Modesto, CA 95354, United States",Ceres,CA,P4 | Class B | website has issues | https://www.verasautodetail.com/,,Car Detailers
ar.auto.detailings,,+1-209-596-2841,,,Ceres,CA,P4 | Class B | website has issues | https://arautodetailings.godaddysites.com/about,,Car Detailers
Full Attack Motorsports Detailing,,+1-530-624-7110,,"1377 E 9th St, Chico, CA 95928, United States",Chico,CA,P4 | Class B | website has issues | http://fullattackmotorsports.com/,,Car Detailers
Henri's Auto Detailing,,+1-530-828-8133,,"13303 Cabin Hollow Ct, Chico, CA 95973, United States",Chico,CA,P4 | Class B | website has issues | http://henrisautodetailing.com/,,Car Detailers
Masters Auto Detail,,+1-530-321-2936,,"636 Nord Ave Ste A, Chico, CA 95928, United States",Chico,CA,P4 | Class B | website has issues | https://www.mastersautoexcellence.com/#home,,Car Detailers
Nick's Mobile Detailing,,+1-530-433-4230,,,Chico,CA,P4 | Class B | website has issues | http://www.nicksmobiledetailing.com/,,Car Detailers
Proper Mobile Detailing,,+1-530-227-2770,,,Chico,CA,P4 | Class B | website has issues | https://forms.gle/gf2BP4wDauuQtJRB8,,Car Detailers
Rivera's Exotics Detailing,,+1-530-774-2333,,"Suite #45 Bldg, #3, 629 Entler Ave, Chico, CA 95928, United States",Chico,CA,P4 | Class B | website has issues | http://www.riverasexoticsdetailing.com/,,Car Detailers
autoaesthetics,,+1-530-591-4719,,,Chico,CA,P4 | Class B | website has issues | https://www.autoaestheticschico.com/,,Car Detailers
A&A Detailing,,+1-909-413-9021,,,Chino,CA,P4 | Class B | website has issues | https://anadetailing.com/,,Car Detailers
Aurora Automotive Detailing,,+1-760-575-4383,,"8227 Traveller St, Chino, CA 91708, United States",Chino,CA,P4 | Class B | website has issues | https://www.auroraautomotivedetailing.com/,,Car Detailers
Chino hills detailing,,+1-310-765-0739,,"6020 Notre Dame Ave, Chino, CA 91710, United States",Chino,CA,P4 | Class B | website has issues | https://6a14d809ffd7399af8b63d52.blocks-app.diy/,,Car Detailers
Deluxe Detailing,,+1-626-228-8235,,,Chino,CA,P4 | Class B | website has issues | http://deluxedetailoc.com/,,Car Detailers
"Detailer's Choice, Inc. - Auto Detailing Supplies",,+1-909-497-1774,,"5500 Schaefer Ave Ste F, Chino, CA 91710, United States",Chino,CA,P4 | Class B | website has issues | https://www.detailerschoice.com/,,Car Detailers
Elc Mobile Detailing,,+1-760-514-7011,,,Chino,CA,P4 | Class B | website has issues | https://drive.google.com/file/d/1KH-74Thrl15Fu-2XIHcEtsTySJkuvzDn/view,,Car Detailers
FG Detailing,,+1-909-966-7131,,,Chino,CA,P4 | Class B | website has issues | https://fg-detailing.company.site/,,Car Detailers
Finish-Line Car Detailing Ontario,,+1-323-788-1799,,"2346 S Cucamonga Ave, Ontario, CA 91761, United States",Chino,CA,P4 | Class B | website has issues | https://finishlinedetails.com/,,Car Detailers
HYPERSHINE AUTO SPA & CERAMIC COATINGS,,+1-562-351-6345,,,Chino,CA,P4 | Class B | website has issues | https://hypershineautospa.co/,,Car Detailers
Nexa Auto Detail,,+1-626-549-5034,,,Chino,CA,P4 | Class B | website has issues | https://www.nexaautomotive.com/,,Car Detailers
Obi Mobile Detailing LLC,,+1-909-925-9561,,"4586 Fairway Blvd, Chino Hills, CA 91709, United States",Chino,CA,P4 | Class B | website has issues | http://obimobiledetailing.org/,,Car Detailers
Shine Forever,,+1-909-993-7503,,,Chino,CA,P4 | Class B | website has issues | http://shineforeverdetail.com/,,Car Detailers
Sunshine Auto Detail,,+1-909-643-9060,,"14132 San Antonio Ave, Chino, CA 91710, United States",Chino,CA,P4 | Class B | website has issues | https://www.pomonaautodetailer.com/,,Car Detailers
AMD Detailing & Pressure Washing,,+1-619-398-7060,,"1342 Costa Ave, Chula Vista, CA 91911, United States",Chula Vista,CA,P4 | Class B | website has issues | http://www.mobiledetailsandiego.com/,,Car Detailers
Abels Mobile Detail,,+1-619-564-1571,,,Chula Vista,CA,P4 | Class B | website has issues | https://enavarrosd.wixsite.com/abelsdetail,,Car Detailers
BayClean Mobile Car Detailing Chula Vista,,+1-619-724-4074,,"1548 Jayken Way, Chula Vista, CA 91911, United States",Chula Vista,CA,P4 | Class B | website has issues | https://baycleancardetailingchulavista.site/,,Car Detailers
Buddy's Mobile Detailing,,+1-619-538-6101,,,Chula Vista,CA,P4 | Class B | website has issues | https://pocketsuite.io/book/buddys-mobile-detailing?channel=suitelink,,Car Detailers
CarTek Mobile Detailing Chula Vista,,+1-619-986-8336,,"3487 Main St suite w, Chula Vista, CA 91911, United States",Chula Vista,CA,P4 | Class B | website has issues | https://cartekmobiledetailing.com/mobile-detailing-chula-vista,,Car Detailers
Couple's Car Care ( Mobile Detailing ),,+1-619-274-0631,,"2142 I Ave, National City, CA 91950, United States",Chula Vista,CA,P4 | Class B | website has issues | http://couplescarcare.com/,,Car Detailers
DC Detail Auto Spa SD,,+1-619-777-0721,,"33 Woodlawn Ave, Chula Vista, CA 91910, United States",Chula Vista,CA,P4 | Class B | website has issues | https://dcdetailautospasd.com/,,Car Detailers
Dexter’s Shiny Auto Detailing San Diego,,+1-858-707-7672,,"4th Ave, Chula Vista, CA 91910, United States",Chula Vista,CA,P4 | Class B | website has issues | https://dextersoapy.shop/,,Car Detailers
Doubletake Auto Spa,,+1-619-507-0270,,"421 Date Ave, Imperial Beach, CA 91932, United States",Chula Vista,CA,P4 | Class B | website has issues | http://www.dtautodetail.com/,,Car Detailers
Hands-On Detailing,,+1-619-879-2187,,"1022 Oaklawn Ave, Chula Vista, CA 91911, United States",Chula Vista,CA,P4 | Class B | website has issues | https://hands-onautodetail.com/,,Car Detailers
OceanView Mobile Car Detailing Chula Vista,,+1-619-558-2447,,"110 3rd Ave, Chula Vista, CA 91910, United States",Chula Vista,CA,P4 | Class B | website has issues | https://oceanviewmobiledetailchulavista.com/,,Car Detailers
Pittman And Sons Mobile Auto Detailing,,+1-619-850-8376,,"11051 Paseo Castanada, La Mesa, CA 91941, United States",Chula Vista,CA,P4 | Class B | website has issues | http://www.pittmanandsons.com/,,Car Detailers
S&S Labs LLC,,+1-619-796-6406,,,Chula Vista,CA,P4 | Class B | website has issues | https://sslabsdetailing.com/,,Car Detailers
Simple2Wash Mobile Detailing San Diego,,+1-619-913-3244,,,Chula Vista,CA,P4 | Class B | website has issues | https://simple2wash.com/,,Car Detailers
Soapy Serg | Mobile Detailing San Diego,,+1-619-253-4745,,"2472 Golfcrest Loop, Chula Vista, CA 91915, United States",Chula Vista,CA,P4 | Class B | website has issues | https://www.appointfix.com/book/Soapyserg,,Car Detailers
TurboShine Detailing On-Demand | Mobile Auto Detailing San Diego,,+1-866-528-6805,,,Chula Vista,CA,P4 | Class B | website has issues | https://turboshinedetail.com/,,Car Detailers
"What A Wash, Wash and Detailing",,+1-619-844-1360,,"1529a Apache Dr, Chula Vista, CA 91910, United States",Chula Vista,CA,P4 | Class B | website has issues | https://www.whatawashdetail.com/,,Car Detailers
Xact Auto Detailing | Mobile Detailing & Ceramic Coatings San Diego,,+1-619-246-2923,,"5808 Greycourt Ave, San Diego, CA 92114, United States",Chula Vista,CA,P4 | Class B | website has issues | http://xactautodetailingsd.com/,,Car Detailers
Boss Mobile Detailing Pros Roseville,,+1-916-299-3189,,,Citrus Heights,CA,P4 | Class B | website has issues | https://bossdetailingpros.com/,,Car Detailers
CleanCruise Mobile Car Detailing,,+1-916-313-0754,,"8017 Dana Butte Way, Citrus Heights, CA 95610, United States",Citrus Heights,CA,P4 | Class B | website has issues | https://cleancruisedetail.site/,,Car Detailers
Datski Detail,,+1-916-886-3752,,,Citrus Heights,CA,P4 | Class B | website has issues | https://datskidetailing.com/,,Car Detailers
Elite Shine Detailing,,+1-916-807-5231,,,Citrus Heights,CA,P4 | Class B | website has issues | https://tristanhoff07.github.io/elite-shine-details/,,Car Detailers
Exclusive Luxury Detailing,,+1-916-582-4421,,,Citrus Heights,CA,P4 | Class B | website has issues | https://exluxdetail.com/,,Car Detailers
Fine Edge Detailing,,+1-916-225-1211,,,Citrus Heights,CA,P4 | Class B | website has issues | http://www.fineedgedetailing.com/,,Car Detailers
Intel Mobile Detailing,,+1-916-342-9744,,"Baseline Road, Roseville, CA 95678, United States",Citrus Heights,CA,P4 | Class B | website has issues | https://inteldetailingsacramento.com/,,Car Detailers
JS Auto Mobile Detailing,,+1-916-365-7467,,"2281 Lava Ridge Ct Ste. 200, Roseville, CA 95661, United States",Citrus Heights,CA,P4 | Class B | website has issues | http://916jsautodetailing.com/,,Car Detailers
"Moro Auto Spa - Paint Protection Film, Ceramic Coating & Window Tinting",,+1-916-848-5966,,"9521 Greenback Ln #400, Folsom, CA 95630, United States",Citrus Heights,CA,P4 | Class B | website has issues | https://moroautospa.com/?utm_source=Google&utm_medium=GBP,,Car Detailers
New Day Detailing Sacramento,,+1-707-616-9155,,"6548 Outlook Dr, Citrus Heights, CA 95621, United States",Citrus Heights,CA,P4 | Class B | website has issues | http://newdaydetailing.com/,,Car Detailers
Phantom Mobile Car Detailing of Sacramento,,+1-916-713-7821,,"7344 Cotillion Way, Citrus Heights, CA 95621, United States",Citrus Heights,CA,P4 | Class B | website has issues | https://phantomobilecardetailing.site/,,Car Detailers
Prestige Mobile Car Detailing,,+1-916-848-6614,,"6237 Green Eyes Way, Orangevale, CA 95662, United States",Citrus Heights,CA,P4 | Class B | website has issues | https://prestigemobilecardetail.site/,,Car Detailers
Shine N Drive Mobile Car detailing of Antelope,,+1-916-249-8011,,"7926 Firestone Way, Antelope, CA 95843, United States",Citrus Heights,CA,P4 | Class B | website has issues | https://shinendriveantelope.site/,,Car Detailers
Yellow Blue Bus,,+1-916-776-6443,,"8350 Villaview Dr, Citrus Heights, CA 95621, United States",Citrus Heights,CA,P4 | Class B | website has issues | https://yellowbbus.com/,,Car Detailers
BKG Detail & Ceramic Coating,,+1-415-375-1684,,"6965 Old Hwy 53, Clearlake, CA 95422, United States",Clearlake,CA,P4 | Class B | website has issues | https://sites.google.com/view/bkgdetail/home,,Car Detailers
Gloss Boss Mobile Detailing,,+1-707-307-8361,,,Clearlake,CA,P4 | Class B | website has issues | https://glossboss-detailing.com/,,Car Detailers
559 Diamond Details,,+1-559-701-5597,,"3856 Bellaire Ave, Clovis, CA 93619, United States",Clovis,CA,P4 | Class B | website has issues | http://559diamonddetails.co/,,Car Detailers
AJs Car Detail,,+1-559-207-0142,,"3189 Rialto Ave, Clovis, CA 93619, United States",Clovis,CA,P4 | Class B | website has issues | https://www.ajscardetails.com/,,Car Detailers
Bespoke Coatings LLC,,+1-559-421-9005,,,Clovis,CA,P4 | Class B | website has issues | http://www.bespokecoatings.com/,,Car Detailers
Clear Views Detailing,,+1-559-492-6005,,,Clovis,CA,P4 | Class B | website has issues | https://clearviewsdetailing.com/,,Car Detailers
Curbside Detail,,+1-559-328-4564,,,Clovis,CA,P4 | Class B | website has issues | https://www.curbsidedetail.co/,,Car Detailers
Daniel’s Detailing,,+1-805-664-1338,,,Clovis,CA,P4 | Class B | website has issues | https://sites.google.com/view/danielsdetailingfresno/home,,Car Detailers
Danny Spotless Touch Auto Detailing,,+1-559-550-6721,,"4622 N 3rd St, Fresno, CA 93726, United States",Clovis,CA,P4 | Class B | website has issues | https://dannyspotlesstouch.com/,,Car Detailers
Elite Mobile Detailing,,+1-520-440-4608,,,Clovis,CA,P4 | Class B | website has issues | https://widget.zenbooker.com/book/elitemobiledetailing,,Car Detailers
Exotic Mobile Auto Detailing,,+1-559-818-3320,,"5090 Primitivo Way Apt 240, Fresno, CA 93710, United States",Clovis,CA,P4 | Class B | website has issues | https://exoticmobileautodetailing.com/,,Car Detailers
Guard Auto Detailing,,+1-559-258-2021,,,Clovis,CA,P4 | Class B | website has issues | http://www.guardautodetailing.com/,,Car Detailers
Oxotic Mobile Wash & Detail,,+1-559-345-9274,,"706 W Herndon Ave, Fresno, CA 93650, United States",Clovis,CA,P4 | Class B | website has issues | https://www.oxoticmobilewash.com/,,Car Detailers
Piedra’s Mobile Auto Detailing of Fresno,,+1-559-326-4547,,"1788 N Helm Ave, Fresno, CA 93727, United States",Clovis,CA,P4 | Class B | website has issues | https://piedraautodetails.com/,,Car Detailers
Romero Detailing Force,,+1-559-720-4666,,,Clovis,CA,P4 | Class B | website has issues | https://romerodetailingforce.com/,,Car Detailers
Ryan's Mobile Detailing and Restoration,,+1-559-575-6253,,,Clovis,CA,P4 | Class B | website has issues | https://dot.cards/ryans_detailing?utm_source=nfc&e=ZGV2aWNlLXhJcnJYcVFvdnNELXcyLXc,,Car Detailers
Tailored Whips Mobile Detailing,,+1-559-813-4152,,,Clovis,CA,P4 | Class B | website has issues | https://eiekfo.my.canva.site/tailoredwhipsmd,,Car Detailers
Z’s Prestige Mobile Detailing,,+1-559-770-0318,,,Clovis,CA,P4 | Class B | website has issues | https://booking.detailermade.com/3f6558ba-17e9-4508-89b0-de6e8be264f1,,Car Detailers
RRK AUTO MOBILE DETAILING,,+1-530-713-9154,,,Colusa,CA,P4 | Class B | website has issues | http://rrkautomobiledetailing.com/,,Car Detailers
Ryan's Mobile Detailing,,+1-916-628-6257,,,Colusa,CA,P4 | Class B | website has issues | https://ryansmobiledetailing.com/,,Car Detailers
The Sud Stud,,+1-530-788-3671,,,Colusa,CA,P4 | Class B | website has issues | http://thesudstud.net/,,Car Detailers
1032 Mobile Detailing,,+1-925-435-7522,,"1990 Olivera Rd, Concord, CA 94520, United States",Concord,CA,P4 | Class B | website has issues | https://sites.google.com/view/detailme1032/home?authuser=0&utm_source=ig&utm_medium=social&utm_content=link_in_bio&fbclid=PAZXh0bgNhZW0CMTEAc3J0YwZhcHBfaWQMMjU2MjgxMDQwNTU4AAGnW69eXm90OIM4Lncr0BCgYQWon9I20rFMwQ-rmY6wYLelJiaeVlfBueCfS-o_aem_AFDoPStcfnF_5L0V_vIysA,,Car Detailers
Clear Auto Spa,,+1-925-289-8582,,"Parking Level P2, 2121 N California Blvd level p2, Walnut Creek, CA 94596, United States",Concord,CA,P4 | Class B | website has issues | https://clearautospa.com/,,Car Detailers
Crystal Clear Protection Wraps,,+1-925-448-1457,,"2314 Bates Ave Unit C, Concord, CA 94520, United States",Concord,CA,P4 | Class B | website has issues | http://www.crystalclearwraps.com/,,Car Detailers
Devil Mountain Auto Detail,,+1-925-609-9274,,"108 Medburn St, Concord, CA 94520, United States",Concord,CA,P4 | Class B | website has issues | http://www.devilmountainautodetail.com/,,Car Detailers
Fresh N Clean Auto Detailing,,+1-925-255-5525,,"2655 Cloverdale Ave Ste L, Concord, CA 94518, United States",Concord,CA,P4 | Class B | website has issues | http://freshncleanexpress.com/,,Car Detailers
Geronimo's Professional Auto Detailing,,+1-925-360-7495,,"2105 N Broadway, Walnut Creek, CA 94596, United States",Concord,CA,P4 | Class B | website has issues | https://www.geronimosautodetail.com/,,Car Detailers
GoDetailX Fully Mobile (We come to you!),,+1-415-596-8518,,"101 Fountainhead Ct, Martinez, CA 94553, United States",Concord,CA,P4 | Class B | website has issues | https://godetailx.com/east-bay,,Car Detailers
Kaizo Mobile Car Detailing,,+1-510-831-6002,,"5511 Nebraska Dr, Concord, CA 94521, United States",Concord,CA,P4 | Class B | website has issues | https://kaizocleaning.com/,,Car Detailers
MIS Mobile Concord,,+1-925-639-5013,,"5000 Pacheco Blvd, Pacheco, CA 94553, United States",Concord,CA,P4 | Class B | website has issues | https://www.misautodetail.com/concord,,Car Detailers
On The Spot mobile Detailing,,+1-510-330-3812,,,Concord,CA,P4 | Class B | website has issues | https://onthespotautos.com/,,Car Detailers
Ottati Car Detailing,,+1-925-766-5373,,"1410 Concord Ave Ste d, Concord, CA 94520, United States",Concord,CA,P4 | Class B | website has issues | https://ottaticardetailing.com/,,Car Detailers
Pristine Details,,+1-530-407-9134,,,Concord,CA,P4 | Class B | website has issues | http://www.bayareapristinedetails.com/,,Car Detailers
Vision Detailing,,+1-925-665-9436,,"Concord, CA 94520, United States",Concord,CA,P4 | Class B | website has issues | https://visiondetailingco.wixsite.com/autodetailing,,Car Detailers
fast lane detailing 925,,+1-925-378-8083,,"1434 La Vista Ave, Concord, CA 94521, United States",Concord,CA,P4 | Class B | website has issues | https://fld925.xyz/,,Car Detailers
125 Detailing,,+1-951-751-6962,,,Corona,CA,P4 | Class B | website has issues | https://125detailing.com/,,Car Detailers
American Auto Detailing Response,,+1-951-258-5161,,"12001 Pike St, Riverside, CA 92505, United States",Corona,CA,P4 | Class B | website has issues | https://www.americanautodetailingresponse.com/,,Car Detailers
Aquashield Technologies,,+1-514-430-4761,,"1223 Sherborn St, Corona, CA 92879, United States",Corona,CA,P4 | Class B | website has issues | http://aquashield.net/index.php?route=information/information&information_id=21,,Car Detailers
CLTDetailing,,+1-951-530-0701,,"410 River Rd C, Corona, CA 92878, United States",Corona,CA,P4 | Class B | website has issues | https://sites.google.com/view/clt-detailing,,Car Detailers
Caleb's Auto Detailing & Ceramic Coating,,+1-951-542-8590,,"7002 Magnolia Ave, Riverside, CA 92506, United States",Corona,CA,P4 | Class B | website has issues | https://calebsautodetail.com/?utm_source=google&utm_medium=organic&utm_campaign=gbp_website,,Car Detailers
Ceramix Mobile Detailing- corona,,+1-909-297-0118,,"1665 Hamner Ave, Norco, CA 92860, United States",Corona,CA,P4 | Class B | website has issues | https://ceramixmobileranchocucamonga.com/,,Car Detailers
Crown Details Mobile Detailing,,+1-714-612-2996,,,Corona,CA,P4 | Class B | website has issues | http://crowndetailsmobile.com/,,Car Detailers
Danny's Mobile Detailing Services,,+1-951-217-9129,,"3663 Buchanan St, Riverside, CA 92503, United States",Corona,CA,P4 | Class B | website has issues | http://dannysmobiledetailingservices.org/,,Car Detailers
Gomes Elite Auto Spa Mobile Car Wash and Detail,,+1-213-925-3311,,,Corona,CA,P4 | Class B | website has issues | https://www.gomeseliteautospa.com/,,Car Detailers
Ideal Detail,,+1-951-741-1608,,"1 S Main St, Corona, CA 92879, United States",Corona,CA,P4 | Class B | website has issues | https://www.idealdetailco.com/,,Car Detailers
Impeccable Ceramic Coatings,,+1-800-538-8715,,,Corona,CA,P4 | Class B | website has issues | http://impeccableceramiccoatings.com/,,Car Detailers
Luna Mobile Detailing,,+1-951-432-8820,,,Corona,CA,P4 | Class B | website has issues | http://lunamobiledetailing.com/,,Car Detailers
Rebels of Shine,,+1-714-351-1187,,"50 W Grand Blvd, Corona, CA 92882, United States",Corona,CA,P4 | Class B | website has issues | https://rebelsofshine.com/,,Car Detailers
So Cal Ceramic Coating,,+1-951-667-8506,,"2045 California Ave Ste 107, Corona, CA 92881, United States",Corona,CA,P4 | Class B | website has issues | https://socalceramic.com/request-a-quote-now-google/,,Car Detailers
2nd Look Detailing & Ceramic Coating,,+1-714-655-6180,,,Costa Mesa,CA,P4 | Class B | website has issues | http://www.2ndlookdetail.com/,,Car Detailers
Beachside Detail LLC,,+1-949-525-5601,,"1908 Pomona Ave b, Costa Mesa, CA 92627, United States",Costa Mesa,CA,P4 | Class B | website has issues | http://www.beachsidedetail.com/,,Car Detailers
Beam Auto Detailing,,+1-949-400-4239,,,Costa Mesa,CA,P4 | Class B | website has issues | https://sites.google.com/view/beamdetailing/home,,Car Detailers
Blue Line Mobile Detail,,+1-562-719-3386,,,Costa Mesa,CA,P4 | Class B | website has issues | http://www.bluelinedetail.com/,,Car Detailers
CA Coast Mobile Detailing,,+1-949-929-4596,,,Costa Mesa,CA,P4 | Class B | website has issues | http://cacoastdetail.com/,,Car Detailers
CJ DETAILZ,,+1-330-285-3346,,"2837 Harbor Blvd Unit B, Costa Mesa, CA 92626, United States",Costa Mesa,CA,P4 | Class B | website has issues | https://cjdetailz.com/,,Car Detailers
Classy Cars Auto Detailing,,+1-949-873-5119,,"775W17, th # M, Costa Mesa, CA 92627, United States",Costa Mesa,CA,P4 | Class B | website has issues | http://classycarsdetailing.com/,,Car Detailers
Clevra Car Detailing,,+1-949-787-6062,,"Costa Mesa, CA 92627, United States",Costa Mesa,CA,P4 | Class B | website has issues | https://clevracardetailingcostamesa.site/,,Car Detailers
Echo Elite Detail,,+1-714-833-7360,,,Costa Mesa,CA,P4 | Class B | website has issues | https://sites.google.com/view/echo-elite-detail/home,,Car Detailers
Ed's Pro Car Care,,+1-714-458-7660,,"1974 Charle St, Costa Mesa, CA 92627, United States",Costa Mesa,CA,P4 | Class B | website has issues | http://edsprocarcare.com/,,Car Detailers
Glistening Perfection,,+1-888-459-7130,,"761 W 16th St, Costa Mesa, CA 92627, United States",Costa Mesa,CA,P4 | Class B | website has issues | http://www.glisteningperfection.com/,,Car Detailers
Huntington Beach 5Star Fresh Mobile Detailing,,+1-714-681-1407,,"334 Portland Cir, Huntington Beach, CA 92648, United States",Costa Mesa,CA,P4 | Class B | website has issues | https://5starfreshdetailing.com/,,Car Detailers
Hyper Coat Car Detailing,,+1-949-894-4618,,"Costa Mesa, CA 92627, United States",Costa Mesa,CA,P4 | Class B | website has issues | https://hypercoatcardetailing.site/,,Car Detailers
I Am Detailing,,+1-949-333-3861,,"1970 Placentia Ave, Costa Mesa, CA 92627, United States",Costa Mesa,CA,P4 | Class B | website has issues | https://iamdetailing.com/,,Car Detailers
Innovative Detailing,,+1-714-715-9397,,"2650 Walnut Ave M, Tustin, CA 92780, United States",Costa Mesa,CA,P4 | Class B | website has issues | http://www.innovativedetailing.com/,,Car Detailers
Lustrous Detail,,+1-949-689-8251,,"Costa Mesa, CA 92627, United States",Costa Mesa,CA,P4 | Class B | website has issues | https://www.lustrousdetail.com/,,Car Detailers
OC Express Detailing,,+1-800-953-3391,,"1820 E Garry Ave Ste 208, Santa Ana, CA 92705, United States",Costa Mesa,CA,P4 | Class B | website has issues | http://ocexpressdetailing.com/,,Car Detailers
Orange County Auto Detailing,,+1-888-622-8863,,"16371 Gothard St, Huntington Beach, CA 92647, United States",Costa Mesa,CA,P4 | Class B | website has issues | http://ocautodetailing.com/,,Car Detailers
Phantom Finish Auto Detailing,,+1-714-786-5049,,"10300 La Hacienda Ave, Fountain Valley, CA 92708, United States",Costa Mesa,CA,P4 | Class B | website has issues | https://phantomfinishautodetailing.site/,,Car Detailers
Refined Mobile Auto Detailing - Orange County,,+1-714-944-3816,,"3710 S Van Ness Ave, Santa Ana, CA 92707, United States",Costa Mesa,CA,P4 | Class B | website has issues | https://www.refined-detailing.com/,,Car Detailers
SIDS Mobile car Wash And Detailing Newport Beach,,+1-949-205-3104,,"1600 Jamboree Rd, Newport Beach, CA 92660, United States",Costa Mesa,CA,P4 | Class B | website has issues | https://www.sidsmobilewashdetailing.com/,,Car Detailers
Shine Pro Detail Supplies,,+1-949-612-8301,,"807 W 19th St, Costa Mesa, CA 92627, United States",Costa Mesa,CA,P4 | Class B | website has issues | http://shineprodetailsupplies.com/,,Car Detailers
Sweet Detailing OC,,+1-818-448-6745,,"222 Santa Maria, Irvine, CA 92606, United States",Costa Mesa,CA,P4 | Class B | website has issues | http://www.sweetdetailingoc.com/,,Car Detailers
Ultimate Detailing,,+1-714-850-1800,,"611 Anton Blvd, Costa Mesa, CA 92626, United States",Costa Mesa,CA,P4 | Class B | website has issues | https://www.ultimatedetailing.net/,,Car Detailers
Wash Me Now Mobile Car Detailing,,+1-714-815-7948,,,Costa Mesa,CA,P4 | Class B | website has issues | http://www.washmenowoc.com/,,Car Detailers
professional mobile detailing,,+1-714-561-1951,,"3106 S Main St, Santa Ana, CA 92707, United States",Costa Mesa,CA,P4 | Class B | website has issues | https://theprofessionalmobiledetailing.com/,,Car Detailers
ATLAS AUTO SALON,,+1-415-812-3404,,"407 S Mayfair Ave, Daly City, CA 94015, United States",Daly City,CA,P4 | Class B | website has issues | https://www.atlasautosalon.com/?utm_source=GBP-KP&utm_medium=Organic,,Car Detailers
Apex Car Detailing San Francisco,,+1-415-870-7515,,"509 Taraval St, San Francisco, CA 94116, United States",Daly City,CA,P4 | Class B | website has issues | https://darkgreen-seahorse-118170.hostingersite.com/,,Car Detailers
Bright Mobile Auto Detailing,,+1-415-524-3660,,"3090 Vicente St, San Francisco, CA 94116, United States",Daly City,CA,P4 | Class B | website has issues | https://www.brightmobileautodetailing.com/,,Car Detailers
Ceeday Detailing,,+1-415-632-6472,,,Daly City,CA,P4 | Class B | website has issues | http://ceedaydetailing.com/,,Car Detailers
DetailedByPrecision,,+1-415-601-4291,,"318 Paris St, San Francisco, CA 94112, United States",Daly City,CA,P4 | Class B | website has issues | https://detailedbyprecision.com/,,Car Detailers
Eco Car Detail & Tint • Ceramic • Wraps,,+1-415-627-7428,,"7361 Mission St, Daly City, CA 94014, United States",Daly City,CA,P4 | Class B | website has issues | http://ecocardetail.com/,,Car Detailers
Elite Car Detailing San Francisco,,+1-415-322-5286,,"2331 39th Ave, San Francisco, CA 94116, United States",Daly City,CA,P4 | Class B | website has issues | https://palegreen-ostrich-304283.hostingersite.com/,,Car Detailers
Final Touch Mobile Auto Detailing,,+1-650-660-5927,,"1236 Mission Rd, South San Francisco, CA 94080, United States",Daly City,CA,P4 | Class B | website has issues | https://finaltouchdetails.com/,,Car Detailers
Pacifica Car Detailing,,+1-650-789-1307,,,Daly City,CA,P4 | Class B | website has issues | https://www.pacificacardetailing.com/,,Car Detailers
Pinnacle Car Detailing San Francisco,,+1-415-707-8552,,"918 Castro St, San Francisco, CA 94114, United States",Daly City,CA,P4 | Class B | website has issues | http://pinnaclecardetailingsanfrancisco.com/,,Car Detailers
Precision Car Detailing San Francisco,,+1-415-326-8153,,"735 Mangels Ave, San Francisco, CA 94127, United States",Daly City,CA,P4 | Class B | website has issues | http://precisioncardetailingsanfrancisco.com/,,Car Detailers
Pure Car Detailing San Francisco,,+1-415-965-5742,,"8246 Oceanview Terrace, San Francisco, CA 94132, United States",Daly City,CA,P4 | Class B | website has issues | https://yellowgreen-dog-755835.hostingersite.com/,,Car Detailers
SF Auto Detail,,+1-415-776-1844,,"611 S Van Ness Ave, San Francisco, CA 94110, United States",Daly City,CA,P4 | Class B | website has issues | https://sites.google.com/view/san-francisco-auto-detail/home?fce_id=6767ffe2-71e5-4fb1-ae69-37e2218f1a78%20https://sites.google.com/view/san-francisco-auto-detail/home?fce_id=6767ffe2-71e5-4fb1-ae69-37e2218f1a78,,Car Detailers
Sterling Car Detailing San Francisco,,+1-415-792-4309,,"81 Pueblo St, San Francisco, CA 94134, United States",Daly City,CA,P4 | Class B | website has issues | https://gray-alligator-454119.hostingersite.com/,,Car Detailers
The Detail Freak Mobile Detailing & Car Wash of Redwood City,,+1-650-774-3231,,"2000 Broadway, Redwood City, CA 94063, United States",Daly City,CA,P4 | Class B | website has issues | https://www.thedetailfreak.com/,,Car Detailers
Vertex Car Detailing San Francisco,,+1-415-877-3822,,"992 Peralta Ave, San Francisco, CA 94110, United States",Daly City,CA,P4 | Class B | website has issues | https://darksalmon-frog-472852.hostingersite.com/,,Car Detailers
Zenith Car Detailing San Francisco,,+1-415-367-0543,,"1100 Revere Ave, San Francisco, CA 94124, United States",Daly City,CA,P4 | Class B | website has issues | https://whitesmoke-kangaroo-114032.hostingersite.com/,,Car Detailers
Coop’s Mobile Detailing,,+1-530-204-7157,,,Davis,CA,P4 | Class B | website has issues | https://coopsmobiledetailing.wuaze.com/,,Car Detailers
Ivan's Mobile detailing and wash,,+1-530-379-5405,,,Davis,CA,P4 | Class B | website has issues | http://ivansmobiledetailing.com/,,Car Detailers
M&R Detailing,,+1-530-564-9745,,,Davis,CA,P4 | Class B | website has issues | https://mrdetailca.wixsite.com/m-detailing,,Car Detailers
Manolitos Auto Detailing (Mobile),,+1-530-750-9687,,,Davis,CA,P4 | Class B | website has issues | http://manolitosautodetailing.com/,,Car Detailers
Royal Auto Detailing,,+1-530-908-2379,,"2799 Ortiz Pl, Woodland, CA 95776, United States",Davis,CA,P4 | Class B | website has issues | https://www.royalautodetailin.com/,,Car Detailers
5 Star Car Wash & Detail Center,,+1-707-448-9274,,"520 Orange Dr, Vacaville, CA 95687, United States",Dixon,CA,P4 | Class B | website has issues | https://www.5starwash.com/,,Car Detailers
Exlusive Detailing,,+1-707-564-8658,,,Dixon,CA,P4 | Class B | website has issues | https://exlusivedetailing.com/,,Car Detailers
ProlineDetails,,+1-707-640-2718,,,Dixon,CA,P4 | Class B | website has issues | https://www.prolinedetails.com/,,Car Detailers
Auto Detail Supplies Outlet,,+1-323-767-7212,,"4115 Florence Ave, Bell, CA 90201, United States",Downey,CA,P4 | Class B | website has issues | https://3rdmillenniumdetailproducts.com/,,Car Detailers
Calle Detalle,,+1-323-447-6947,,"Old River School Rd, Downey, CA 90241, United States",Downey,CA,P4 | Class B | website has issues | https://calledetalle.squarespace.com/,,Car Detailers
Cozz Mobile Detail,,+1-562-645-0471,,,Downey,CA,P4 | Class B | website has issues | https://www.cozzmobiledetail.com/,,Car Detailers
Downey Auto Detailing,,+1-562-414-5323,,,Downey,CA,P4 | Class B | website has issues | https://www.downeyautodetailingco.com/,,Car Detailers
Keith Thompson Professional Detailing,,+1-562-869-8059,,"8706 Cleta St, Downey, CA 90241, United States",Downey,CA,P4 | Class B | website has issues | http://ktprofessionaldetailing.net/,,Car Detailers
Mixco’s Auto Spa,,+1-562-794-0556,,,Downey,CA,P4 | Class B | website has issues | https://mixcosautospa.squarespace.com/config/mixcosautospa.squarespace.com/homepage,,Car Detailers
Mr Solution Mobile Wash & Detailing,,+1-833-792-7448,,"9817 Painter Ave, Whittier, CA 90605, United States",Downey,CA,P4 | Class B | website has issues | http://www.mrsolutionmobiledetailing.com/,,Car Detailers
Proteam Mobile Detailers,,+1-310-308-2140,,,Downey,CA,P4 | Class B | website has issues | https://noearias.setmore.com/,,Car Detailers
"Signature Mobile Detailing, LLC.",,+1-424-268-0586,,,Downey,CA,P4 | Class B | website has issues | https://signaturemdllc.com/,,Car Detailers
Splash Mobile Detailing LA,,+1-562-380-2974,,,Downey,CA,P4 | Class B | website has issues | https://www.splashmobiledetailla.com/,,Car Detailers
Thrive Detail USA - Car Detailing,,+1-562-656-6114,,"12218 Howard St, Whittier, CA 90601, United States",Downey,CA,P4 | Class B | website has issues | https://www.thrivedetailusa.com/,,Car Detailers
True Shine Mobile Car Detailing of Downey,,+1-714-443-1505,,"5951 Firestone Blvd, South Gate, CA 90280, United States",Downey,CA,P4 | Class B | website has issues | https://web.detailconnect.app/u=true-shine-mobile-car-detailing-GRLGWQ,,Car Detailers
Vernon's Mobile Car Wash & Detailing Service,,+1-323-204-6728,,,Downey,CA,P4 | Class B | website has issues | http://www.vernonsmobiledetail.com/,,Car Detailers
"Clean Masheen, Premium Auto Detailing LLC",,+1-844-564-1475,,,Dublin,CA,P4 | Class B | website has issues | https://www.cleanmasheen.com/,,Car Detailers
EcoCleanXpressLLC,,+1-925-588-8431,,,Dublin,CA,P4 | Class B | website has issues | http://ecocleanxpress.com/,,Car Detailers
EliteAutoDetailingLlc,,+1-925-895-2781,,,Dublin,CA,P4 | Class B | website has issues | https://elitedetailingcalifornia.com/,,Car Detailers
Fresh Mobile Detailing,,+1-925-200-3000,,,Dublin,CA,P4 | Class B | website has issues | https://www.fresh1mobiledetailing.com/,,Car Detailers
MDS Mobile Detail Specialist,,+1-925-803-9421,,"2043 San Ramon Valley Blvd, San Ramon, CA 94583, United States",Dublin,CA,P4 | Class B | website has issues | https://www.mdsspecialistbayarea.net/,,Car Detailers
Rise n Shine Detailing,,+1-510-449-6060,,,Dublin,CA,P4 | Class B | website has issues | http://risenshineautodetail.com/,,Car Detailers
619 Auto Detailing,,+1-619-791-9784,,,El Cajon,CA,P4 | Class B | website has issues | http://619autodetailing.com/,,Car Detailers
AJ Auto Detail,,+1-619-548-5227,,,El Cajon,CA,P4 | Class B | website has issues | http://ajautodetail.online/,,Car Detailers
AX Auto Detailing,,+1-619-820-2628,,,El Cajon,CA,P4 | Class B | website has issues | http://axdetails.com/,,Car Detailers
Altuzar Mobile Detail,,+1-619-755-5010,,,El Cajon,CA,P4 | Class B | website has issues | http://altuzarmobiledetail.com/,,Car Detailers
Best Impressions Mobile Detail,,+1-619-985-8641,,"9150 Emerald Grove Ave, Lakeside, CA 92040, United States",El Cajon,CA,P4 | Class B | website has issues | https://bestimpressionsdetail.com/,,Car Detailers
Cheola Mobile Oil Change & Auto Detailing San Diego,,+1-619-663-8380,,,El Cajon,CA,P4 | Class B | website has issues | https://cheolaoilanddetail.com/,,Car Detailers
D&A Mobile Auto Detailing,,+1-619-343-9804,,"1549 Enfield St, Spring Valley, CA 91977, United States",El Cajon,CA,P4 | Class B | website has issues | https://www.damobileautodetailing.com/,,Car Detailers
Dapper Pros Mobile Auto Detailing,,+1-619-928-5553,,"3111 Camino Del Rio N, San Diego, CA 92108, United States",El Cajon,CA,P4 | Class B | website has issues | https://dapperpros.com/san-diego,,Car Detailers
Foxtrot Mobile Detail,,+1-619-728-5234,,,El Cajon,CA,P4 | Class B | website has issues | https://sites.google.com/view/foxtrotmobiledetail/home?authuser=0,,Car Detailers
High Roller Mobile Auto Detailing (Ceramic Coatings),,+1-619-775-1605,,,El Cajon,CA,P4 | Class B | website has issues | https://pocketsuite.io/book/highrollerautodetailing,,Car Detailers
Lg Mobile Detailing,,+1-909-279-4021,,"2681 Windmill View Rd, El Cajon, CA 92020, United States",El Cajon,CA,P4 | Class B | website has issues | https://www.lg-mobile-detailing.com/,,Car Detailers
Mobile Auto Detail San Diego,,+1-619-777-5949,,,El Cajon,CA,P4 | Class B | website has issues | https://supersonicdetailingllc.com/,,Car Detailers
Mobile Detailing San Diego,,+1-619-335-5356,,,El Cajon,CA,P4 | Class B | website has issues | http://www.mobiledetailingsandiego.com/,,Car Detailers
Rich Cleans It,,+1-619-776-7253,,"4935 New Ranch Rd, El Cajon, CA 92020, United States",El Cajon,CA,P4 | Class B | website has issues | https://www.richcleansit.com/,,Car Detailers
Ryan's Mobile Detailing,,+1-619-866-3119,,"5820 La Morada Ct, San Diego, CA 92124, United States",El Cajon,CA,P4 | Class B | website has issues | https://ryansmobiledetailsd.com/,,Car Detailers
SD LUX AUTO DETAIL,,+1-619-891-4909,,,El Cajon,CA,P4 | Class B | website has issues | https://www.sdluxdetail.com/,,Car Detailers
SoCal Mobile Auto Detail & Wash,,+1-619-906-6598,,,El Cajon,CA,P4 | Class B | website has issues | https://thesocalway.com/,,Car Detailers
Splash Bros Mobile Detailing,,+1-619-851-8407,,,El Cajon,CA,P4 | Class B | website has issues | https://splashbrosmd.com/,,Car Detailers
Walker's Mobile Detailing,,+1-619-760-6064,,"7668 El Cajon Blvd, La Mesa, CA 91942, United States",El Cajon,CA,P4 | Class B | website has issues | https://walkersmobiledetailingsd.com/,,Car Detailers
Desert Shine,,+1-619-379-0354,,"1945 Vine St, El Centro, CA 92243, United States",El Centro,CA,P4 | Class B | website has issues | https://desertshinebookings.setmore.com/kaden,,Car Detailers
"Detail Xpress Mobile, Inc.",,+1-442-283-6167,,,El Centro,CA,P4 | Class B | website has issues | http://www.detailxpressmobile.com/,,Car Detailers
Next Generation Mobile Detailing,,+1-442-258-6142,,,El Centro,CA,P4 | Class B | website has issues | http://www.ngmobiledetailing.com/,,Car Detailers
AquaShine Auto Spa,,+1-916-836-9788,,,El Dorado Hills,CA,P4 | Class B | website has issues | https://autospa.base44.app/,,Car Detailers
Diamond Club Detail,,+1-209-204-1961,,"1550 Broadstone Pkwy, Folsom, CA 95630, United States",El Dorado Hills,CA,P4 | Class B | website has issues | https://diamondclubdetaili.wixsite.com/BOOKNOW,,Car Detailers
EZ Details,,+1-916-693-0393,,"315 Summerfield Ct, El Dorado Hills, CA 95762, United States",El Dorado Hills,CA,P4 | Class B | website has issues | http://ezdetails.org/?utm_source=gmb&utm_medium=referral,,Car Detailers
Elements Detail,,+1-530-350-5117,,"4020 Durock Rd #4, Shingle Springs, CA 95682, United States",El Dorado Hills,CA,P4 | Class B | website has issues | http://www.elementsdetail.com/,,Car Detailers
Folsom Wrap & Detail,,+1-916-999-5940,,"14851 Sun Peak Dr, Folsom, CA 95630, United States",El Dorado Hills,CA,P4 | Class B | website has issues | https://www.folsomwrapdetail.com/?utm_source=gmb,,Car Detailers
Foothill Shine,,+1-916-500-9102,,,El Dorado Hills,CA,P4 | Class B | website has issues | https://foothillshine.com/,,Car Detailers
Freedle Cleans | Folsom Mobile Detailing |,,+1-916-899-2146,,"3308 Gopher Ridge Dr, Folsom, CA 95630, United States",El Dorado Hills,CA,P4 | Class B | website has issues | https://freedlecleans.com/,,Car Detailers
Full Throttle Mobile Detailing,,+1-916-222-6226,,,El Dorado Hills,CA,P4 | Class B | website has issues | http://www.ftdetailers.com/,,Car Detailers
Noah's Auto Detailing,,+1-916-203-6565,,"330 Green Valley Rd suite b, El Dorado Hills, CA 95762, United States",El Dorado Hills,CA,P4 | Class B | website has issues | https://noahsmobileautodetailing.com/,,Car Detailers
Premium Auto Detail,,+1-530-622-5151,,"523 Placerville Dr, Placerville, CA 95667, United States",El Dorado Hills,CA,P4 | Class B | website has issues | https://premiumautodetailllc.com/,,Car Detailers
Car Detailing-Avinas auto detailing,,+1-626-217-5449,,"15234 Hartsville St, La Puente, CA 91744, United States",El Monte,CA,P4 | Class B | website has issues | https://fabianavina360fa.wixsite.com/mysite-1?fbclid=PAAaY9uTVw_yc0xS4ei9TWY0rPPsz3XqH75NShnUtAR8EOITv458iPj6xkLTo,,Car Detailers
On The Go Detailing,,+1-626-324-1924,,"1253 Lerma Rd, South El Monte, CA 91733, United States",El Monte,CA,P4 | Class B | website has issues | https://www.onthegodetailing.biz/,,Car Detailers
Pinnacle Auto Care,,+1-714-805-8770,,,El Monte,CA,P4 | Class B | website has issues | http://pinnacleautocare.com/,,Car Detailers
Purified Mobile Detailing,,+1-626-362-1099,,"14357 Flynn St, La Puente, CA 91744, United States",El Monte,CA,P4 | Class B | website has issues | https://purifiedmobiledetail.wixsite.com/purified-mobile-deta,,Car Detailers
Szeto's Spa & Shine: Luxury Mobile Detailing,,+1-626-429-5399,,,El Monte,CA,P4 | Class B | website has issues | https://szetospaandshine.com/,,Car Detailers
Venomous Detailing,,+1-626-206-3312,,"3707 Tyler Ave, El Monte, CA 91731, United States",El Monte,CA,P4 | Class B | website has issues | http://venomousdetailing.com/,,Car Detailers
Apex Detail Mobile,,+1-916-807-6923,,"5281 Del Norte Blvd, Sacramento, CA 95820, United States",Elk Grove,CA,P4 | Class B | website has issues | https://apexdetailingmobile.com/,,Car Detailers
B.I.M.ProDetailing,,+1-209-469-1738,,,Elk Grove,CA,P4 | Class B | website has issues | https://www.bimprodetailing.com/,,Car Detailers
CatCarCare • Mobile Auto Detailing Sacramento,,+1-310-853-2304,,,Elk Grove,CA,P4 | Class B | website has issues | http://catcarcare.com/,,Car Detailers
Cristian’s Mobile Auto Detailing,,+1-916-524-6148,,,Elk Grove,CA,P4 | Class B | website has issues | https://cristiansmobileautodetailing.com/booking?utm_source=ig&utm_medium=social&utm_content=link_in_bio,,Car Detailers
Eco Process Mobile Detailing,,+1-916-616-9501,,,Elk Grove,CA,P4 | Class B | website has issues | https://www.ecoprocessmobiledetailing.com/,,Car Detailers
Honest Mobile Car Detailing of Elk Grove,,+1-916-309-5940,,"2340 Maritime Dr, Elk Grove, CA 95758, United States",Elk Grove,CA,P4 | Class B | website has issues | https://honestcardetailingca.com/,,Car Detailers
Jody’s Mobile Detailing,,+1-916-885-7893,,,Elk Grove,CA,P4 | Class B | website has issues | http://jodysmobiledetailing.com/,,Car Detailers
Kouz Ceramic Coatings,,+1-916-530-0835,,"9118 Mooney Rd, Elk Grove, CA 95624, United States",Elk Grove,CA,P4 | Class B | website has issues | http://kouzceramiccoatings.com/,,Car Detailers
McQueens Mobile Detailing,,+1-916-217-9053,,,Elk Grove,CA,P4 | Class B | website has issues | http://www.mcqueensdetailing.com/,,Car Detailers
Meridian Mobile Detailing,,+1-279-444-7798,,,Elk Grove,CA,P4 | Class B | website has issues | https://book.sproutcoapp.com/b39u61?utm_source=ig&utm_medium=social&utm_content=link_in_bio&fbclid=PAZXh0bgNhZW0CMTEAc3J0YwZhcHBfaWQPOTM2NjE5NzQzMzkyNDU5AAGnaEUkFquVH5dneJpF5jf5jnomc2jZetV6sIjb-2j67fQFoxTMlv83i4AusUY_aem_0vgXs3GIkFg35-GdJDnWfQ,,Car Detailers
NBVAuto Detailing,,+1-916-670-2457,,,Elk Grove,CA,P4 | Class B | website has issues | https://nbvautodetailing.wixsite.com/elkgrove,,Car Detailers
One X Mobile Detail,,+1-408-750-6367,,"Elk Grove Blvd &, Bruceville Rd, Elk Grove, CA 95757, United States",Elk Grove,CA,P4 | Class B | website has issues | http://onexmobiledetail.com/,,Car Detailers
Rakeem’s Detailing,,+1-916-400-9817,,"6401 Contente Way, Elk Grove, CA 95758, United States",Elk Grove,CA,P4 | Class B | website has issues | https://rakeemsdetailing.shop/,,Car Detailers
Reliable Mobile Car Detailing Sacramento,,+1-916-460-3923,,"5051 Perry Ave, Sacramento, CA 95820, United States",Elk Grove,CA,P4 | Class B | website has issues | https://reliablecardetailingca.com/,,Car Detailers
Revive Mobile Car Detailing Elk Grove,,+1-916-796-1372,,"9128 Brinkman Ct, Elk Grove, CA 95624, United States",Elk Grove,CA,P4 | Class B | website has issues | https://revivecardetailingca.com/,,Car Detailers
Urban Car Spa Mobile Detailing and Car Wash,,+1-916-583-3403,,,Elk Grove,CA,P4 | Class B | website has issues | https://www.urbancarspa916.com/,,Car Detailers
Vanta Autohaus,,+1-916-420-2684,,,Elk Grove,CA,P4 | Class B | website has issues | https://www.vantaautohaus.com/,,Car Detailers
"Victoria’s 5 Star Services and Mobile Detailing, LLC.",,+1-628-249-0080,,"5125 Summerbrook Way, Sacramento, CA 95823, United States",Elk Grove,CA,P4 | Class B | website has issues | https://www.v5ss.com/,,Car Detailers
Ziggy Detailing,,+1-916-601-0344,,"8407 Carlin Ave, Sacramento, CA 95823, United States",Elk Grove,CA,P4 | Class B | website has issues | http://www.ziggydetailing.com/,,Car Detailers
Angel's Mobile Auto Detailing,,+1-760-532-7230,,,Escondido,CA,P4 | Class B | website has issues | http://www.angelsmobileautodetailing.com/,,Car Detailers
BIZ Auto-Detailing,,+1-619-971-0323,,,Escondido,CA,P4 | Class B | website has issues | https://bizautodetailing.com/,,Car Detailers
DetailsByKyle | Mobile Detailing & Ceramic Coatings,,+1-858-382-4784,,,Escondido,CA,P4 | Class B | website has issues | http://detailsbykyle.com/,,Car Detailers
Hand Upon Detailing and Ceramic Coatings,,+1-760-443-8276,,"1991 Don Lee Pl Unit m, Escondido, CA 92029, United States",Escondido,CA,P4 | Class B | website has issues | http://handupondetailing.com/,,Car Detailers
High Grade Auto detail,,+1-760-855-0319,,"330 S Fig St, Escondido, CA 92025, United States",Escondido,CA,P4 | Class B | website has issues | https://highgradeautodetail.com/,,Car Detailers
OQ Detailing & Ceramic Coating,,+1-619-791-5280,,,Escondido,CA,P4 | Class B | website has issues | http://oqdetailing.com/,,Car Detailers
PRK auto mobile detailing,,+1-619-253-7664,,"17151 W Bernardo Dr Unit 105, San Diego, CA 92127, United States",Escondido,CA,P4 | Class B | website has issues | http://free-5588748.webadorsite.com/,,Car Detailers
Pro Detailing and Ceramic Coatings By Luis,,+1-760-613-0298,,,Escondido,CA,P4 | Class B | website has issues | https://book.heygoldie.com/detailingbyluis,,Car Detailers
RevItClean Auto Spa • Ceramic Coating & Detail Service,,+1-760-444-0327,,"1331 Simpson Way, Escondido, CA 92026, United States",Escondido,CA,P4 | Class B | website has issues | http://www.revitclean.com/,,Car Detailers
Rivera Auto Detail,,+1-760-410-7901,,"506 N Fig St, Escondido, CA 92025, United States",Escondido,CA,P4 | Class B | website has issues | https://joserivera9124.wixsite.com/website,,Car Detailers
Smart Car Care - Detailing Supplies,,+1-760-871-8000,,"1217 Simpson Way, Escondido, CA 92029, United States",Escondido,CA,P4 | Class B | website has issues | https://smartcarcareproducts.com/,,Car Detailers
The Detail Shop,,+1-760-420-4325,,"320 N Andreasen Dr, Escondido, CA 92029, United States",Escondido,CA,P4 | Class B | website has issues | https://the1detailshop.com/,,Car Detailers
The Detailing Gentlemen,,+1-858-382-9854,,,Escondido,CA,P4 | Class B | website has issues | https://thedetailinggentlemen.com/,,Car Detailers
True Care Mobile Detailing LLC.,,+1-760-212-8616,,,Escondido,CA,P4 | Class B | website has issues | https://www.truecaremobiledetailing.com/,,Car Detailers
Visual Protection Specialists,,+1-760-708-2002,,"2180 Meyers Ave A, Escondido, CA 92029, United States",Escondido,CA,P4 | Class B | website has issues | http://www.visualprotectionspecialists.com/,,Car Detailers
Sequoia Mobile Detail,,+1-516-444-9639,,,Eureka,CA,P4 | Class B | website has issues | https://sequoiadetail.com/,,Car Detailers
5 Star Car Wash & Detail Center,,+1-707-425-9274,,"900 E Travis Blvd, Fairfield, CA 94533, United States",Fairfield,CA,P4 | Class B | website has issues | https://www.5starwash.com/,,Car Detailers
Alex The Detailer - Mobile Auto Detailing,,+1-707-404-8033,,,Fairfield,CA,P4 | Class B | website has issues | https://sites.google.com/view/alex-the-detailer/home,,Car Detailers
BrotherHood Mobile Detailing,,+1-707-999-7248,,,Fairfield,CA,P4 | Class B | website has issues | http://www.brotherhoodmobiledetailing.com/,,Car Detailers
"Carspa Mobile Car Detailing, Sonoma, Ca",,+1-707-933-6010,,"19173 Railroad Ave, Sonoma, CA 95476, United States",Fairfield,CA,P4 | Class B | website has issues | http://www.cardetailingsonoma.com/,,Car Detailers
Cosmic Clean Auto Detailing LLC,,+1-707-372-6507,,,Fairfield,CA,P4 | Class B | website has issues | https://orbisx.ca/app/booknow/VSnYd,,Car Detailers
Fresh Outlook Auto Detailing,,+1-707-285-7771,,,Fairfield,CA,P4 | Class B | website has issues | http://www.freshoutlookautodetailing.com/,,Car Detailers
No Limit Details,,+1-435-619-9967,,,Fairfield,CA,P4 | Class B | website has issues | https://www.nolimitdetails.com/?utm_source=google&utm_medium=wix_google_business_profile&utm_campaign=4252497641257807147,,Car Detailers
On The Spot Mobile Detail,,+1-510-592-8229,,,Fairfield,CA,P4 | Class B | website has issues | https://www.yocale.com/widget/onthespotmobiledetail,,Car Detailers
Robust Paint Protection & Auto Detailing,,+1-707-681-5944,,"927 Enterprise Way A, Napa, CA 94559, United States",Fairfield,CA,P4 | Class B | website has issues | http://www.robustd.com/,,Car Detailers
Shiny Auto Detail,,+1-707-803-3342,,"1320 N Texas St, Fairfield, CA 94533, United States",Fairfield,CA,P4 | Class B | website has issues | https://fairfielddetailing.com/,,Car Detailers
Step Above Auto Detailing LLC.,,+1-707-470-9943,,"2210 Cordelia Rd, Fairfield, CA 94534, United States",Fairfield,CA,P4 | Class B | website has issues | https://stepaboveautodetailing.com/,,Car Detailers
Superior Tint and Detailing,,+1-707-422-4547,,"1295 Horizon Dr, Fairfield, CA 94534, United States",Fairfield,CA,P4 | Class B | website has issues | http://www.superiortintanddetail.com/,,Car Detailers
Detail Specialists,,+1-916-272-5272,,"317 Montrose Dr, Folsom, CA 95630, United States",Folsom,CA,P4 | Class B | website has issues | http://www.detailsac.com/,,Car Detailers
SudsNShines,,+1-203-424-0516,,,Folsom,CA,P4 | Class B | website has issues | https://sudsnshines.online/,,Car Detailers
3D Fontana Car Care Products,,+1-909-822-3330,,"10550 Sierra Ave. #D, Fontana, CA 92337, United States",Fontana,CA,P4 | Class B | website has issues | http://www.3dproducts.com/,,Car Detailers
Burnley’s Detail Lab,,+1-909-257-8870,,,Fontana,CA,P4 | Class B | website has issues | https://burnleysdetaillab.com/,,Car Detailers
CHAIREZ MOBILE DETAILING,,+1-909-454-2102,,"8861 Grace St, Fontana, CA 92335, United States",Fontana,CA,P4 | Class B | website has issues | https://chairezmobiledetailing.godaddysites.com/,,Car Detailers
Cali Auto Mobile Wash,,+1-840-800-1517,,"11799 Sebastian Way Ste 103, Rancho Cucamonga, CA 91730, United States",Fontana,CA,P4 | Class B | website has issues | https://caliauto.co/,,Car Detailers
Clear Paint Protection Film Fontana,,+1-909-298-0320,,"8982 Sierra Ave., Fontana, CA 92335, United States",Fontana,CA,P4 | Class B | website has issues | https://alsmobilewraps.com/,,Car Detailers
Crisluxe.details,,+1-909-414-9834,,"4948 Agave Ave, Fontana, CA 92336, United States",Fontana,CA,P4 | Class B | website has issues | https://crisluxedetails.setmore.com/cristianjakeg01,,Car Detailers
Done Better Detailing,,+1-909-846-1554,,,Fontana,CA,P4 | Class B | website has issues | http://donebetterdetailing.com/,,Car Detailers
Double E mobile detailing,,+1-909-582-5894,,,Fontana,CA,P4 | Class B | website has issues | https://double-e-detailing.my.canva.site/?utm_source=ig&utm_medium=social&utm_content=link_in_bio&fbclid=PAdGRleASVFrNleHRuA2FlbQIxMQBzcnRjBmFwcF9pZA8xMjQwMjQ1NzQyODc0MTQAAaeIZIXBjlLHQBlupMUmcKLlI8n5QyEFZCxgh_eRK-kY5U5bnsLc6R1uYnGkEA_aem_M2xtMuC5CE9vPGFQ_DQR2g,,Car Detailers
Drippy’s Mobile Detailing,,+1-909-200-8341,,,Fontana,CA,P4 | Class B | website has issues | https://pocketsuite.io/book/drippys-mobile-detail,,Car Detailers
Khadour Mobile Detailing,,+1-909-970-2385,,"4971 Millbrook Way, Fontana, CA 92336, United States",Fontana,CA,P4 | Class B | website has issues | http://www.khadourdetailing.com/,,Car Detailers
Little Sister's Detail Center,,+1-760-731-3170,,"14264 Valley Blvd unit b, Fontana, CA 92335, United States",Fontana,CA,P4 | Class B | website has issues | http://lstruckwash.com/,,Car Detailers
Love Yourz Mobile Detail Service,,+1-909-270-9725,,,Fontana,CA,P4 | Class B | website has issues | https://www.appointfix.com/Love-Yourz-Mobile-Detailing-Service,,Car Detailers
Mobile Auto Detailing,,+1-909-490-3565,,"mobile ave, Rialto, CA 92376, United States",Fontana,CA,P4 | Class B | website has issues | https://eplatinumautodetailing.glossgenius.com/,,Car Detailers
Spyder Detailing,,+1-840-239-1123,,,Fontana,CA,P4 | Class B | website has issues | https://book.heygoldie.com/SpyderDetailingLLC,,Car Detailers
Stay wet car wash,,+1-909-838-9647,,"940 N Sage Ave, Rialto, CA 92376, United States",Fontana,CA,P4 | Class B | website has issues | https://www.staywetcarwash.com/,,Car Detailers
The Wave Mobile Detailing,,+1-909-683-1119,,,Fontana,CA,P4 | Class B | website has issues | http://www.thewavecardetailing.com/,,Car Detailers
Ace Detail,,+1-510-518-5009,,,Fremont,CA,P4 | Class B | website has issues | http://www.protekshinestudio.com/,,Car Detailers
Apex Tint,,+1-408-827-5839,,"SF Bay Area (Mobile, San Jose, CA 95134, United States",Fremont,CA,P4 | Class B | website has issues | https://xhslink.com/m/5nzKoAvr7QF,,Car Detailers
Black Sheep Auto Detailing,,+1-408-915-1488,,"1155 Reed Ave STE D, Sunnyvale, CA 94086, United States",Fremont,CA,P4 | Class B | website has issues | https://www.blacksheepautodetailing.com/,,Car Detailers
"Detailershine, Inc.",,+1-510-472-4181,,"43126 Christy St, Fremont, CA 94538, United States",Fremont,CA,P4 | Class B | website has issues | https://detailershine.com/,,Car Detailers
Detailing Boyz,,+1-415-609-3786,,"4546 Peralta Blvd Ste 19, Fremont, CA 94536, United States",Fremont,CA,P4 | Class B | website has issues | http://detailingboyz.com/,,Car Detailers
GC Mobile Auto Detail (Fremont),,+1-408-661-5450,,"45333 Fremont Blvd #4, Fremont, CA 94538, United States",Fremont,CA,P4 | Class B | website has issues | https://gcmobileautodetail.com/,,Car Detailers
Go Mobile Auto Detailing,,+1-408-595-1823,,,Fremont,CA,P4 | Class B | website has issues | https://www.gomobileautodetailing.com/,,Car Detailers
JJ Mobile Auto Detailing,,+1-408-415-9783,,"1198-B Norman Ave, Santa Clara, CA 95054, United States",Fremont,CA,P4 | Class B | website has issues | http://jjmobiledetailing.com/,,Car Detailers
MAR Quality Protection,,+1-510-427-1952,,"35325 Fircrest St STE G, Newark, CA 94560, United States",Fremont,CA,P4 | Class B | website has issues | http://www.marqp.com/,,Car Detailers
Marez Detailing,,+1-510-303-0544,,"8331 Mayhews Landing Rd, Newark, CA 94560, United States",Fremont,CA,P4 | Class B | website has issues | https://marezdetailing.com/,,Car Detailers
OCD Mobile,,+1-510-378-7914,,,Fremont,CA,P4 | Class B | website has issues | https://owenchavezdetailing.com/,,Car Detailers
Premier Protective Films International,,+1-510-623-1308,,"42630 Christy St, Fremont, CA 94538, United States",Fremont,CA,P4 | Class B | website has issues | http://www.premiermobilegroup.com/,,Car Detailers
Prolific Auto Spa,,+1-907-521-8384,,,Fremont,CA,P4 | Class B | website has issues | https://www.prolificautospa.com/,,Car Detailers
Royal rides detailing,,+1-510-591-1313,,"34864 Mission Blvd, Union City, CA 94587, United States",Fremont,CA,P4 | Class B | website has issues | https://royalridesdetailing.net/,,Car Detailers
Tin's Garage,,+1-530-863-7975,,"5543 Civic Terrace Ave, Newark, CA 94560, United States",Fremont,CA,P4 | Class B | website has issues | https://tins-garage.com/,,Car Detailers
Titans Auto Detailing,,+1-408-431-8723,,"31685 Hayman St, Hayward, CA 94544, United States",Fremont,CA,P4 | Class B | website has issues | https://titansautodetailing.com/,,Car Detailers
Ultra Detailz,,+1-669-294-0268,,,Fremont,CA,P4 | Class B | website has issues | http://ultradetailz.com/,,Car Detailers
10X Mobile Detailing,,+1-559-493-0907,,,Fresno,CA,P4 | Class B | website has issues | https://tenxmobiledetailing.lovable.app/,,Car Detailers
Can't Stop Won't Stop mobile Detailer Fresno Detailer,,+1-773-968-3251,,,Fresno,CA,P4 | Class B | website has issues | https://book.heygoldie.com/Cantstopwontstopmobiledetailing2022,,Car Detailers
Elite Radiance,,+1-559-210-1109,,"682 E Keats Ave, Fresno, CA 93710, United States",Fresno,CA,P4 | Class B | website has issues | http://www.eliteradiance.com/,,Car Detailers
Fleek Detailing,,+1-559-539-7136,,,Fresno,CA,P4 | Class B | website has issues | http://fleekdetailing.com/,,Car Detailers
Fresno Mobile Wash,,+1-559-500-3586,,"366 W Lexington Ave, Fresno, CA 93711, United States",Fresno,CA,P4 | Class B | website has issues | http://www.fresnomobilewash.com/,,Car Detailers
Quickdipp559,,+1-559-202-5719,,,Fresno,CA,P4 | Class B | website has issues | http://www.quickdipp559.com/,,Car Detailers
RC Auto Detailing,,+1-559-265-2490,,"417 S Minnewawa Ave, Fresno, CA 93727, United States",Fresno,CA,P4 | Class B | website has issues | https://cadenheadrickey.wixsite.com/autodetailing,,Car Detailers
VC DETAILING,,+1-559-668-8509,,,Fresno,CA,P4 | Class B | website has issues | https://vcdetailing.org/,,Car Detailers
mobiledetailkrew,,+1-559-832-0963,,"2304 N Vista Ave, Fresno, CA 93722, United States",Fresno,CA,P4 | Class B | website has issues | https://mobiledetailkrew559.my.canva.site/mdk22,,Car Detailers
Aestheticar Detailing,,+1-714-329-8053,,,Fullerton,CA,P4 | Class B | website has issues | http://www.aestheticardetailing.com/,,Car Detailers
Fullerton 5Star Fresh Mobile Detailing,,+1-714-464-7940,,"339 W Whiting Ave, Fullerton, CA 92832, United States",Fullerton,CA,P4 | Class B | website has issues | https://5starfreshdetailing.com/,,Car Detailers
Legacy Luxury Car Detailing,,+1-657-286-7609,,"600 N Harbor Blvd, La Habra, CA 90631, United States",Fullerton,CA,P4 | Class B | website has issues | http://legacyluxurycardetailing.site/,,Car Detailers
Luminous,,+1-949-274-9963,,,Fullerton,CA,P4 | Class B | website has issues | https://www.luminousmobiledetailing.com/,,Car Detailers
MaxShine - All For Detailing Shop,,+1-949-418-9161,,"1470 W Moonstone St, Brea, CA 92821, United States",Fullerton,CA,P4 | Class B | website has issues | https://www.maxshineusa.com/,,Car Detailers
On Point Detailing,,+1-714-920-2745,,,Fullerton,CA,P4 | Class B | website has issues | http://www.onpointautoservices.com/,,Car Detailers
Premium Mobile Detailing OC,,+1-714-904-1596,,,Fullerton,CA,P4 | Class B | website has issues | https://premiumdetailingoc.com/,,Car Detailers
Prestige Mobile Detailing LLC,,+1-661-800-9668,,,Fullerton,CA,P4 | Class B | website has issues | https://prestigemobiledetailing.setmore.com/angel,,Car Detailers
Rise And Shine Mobile Detail,,+1-714-584-3874,,,Fullerton,CA,P4 | Class B | website has issues | https://riseandshinemobiledetail.godaddysites.com/,,Car Detailers
Royal Flush Auto Detailing,,+1-562-324-3308,,,Fullerton,CA,P4 | Class B | website has issues | http://www.royalflushautodetailing.com/,,Car Detailers
Wax Coat Car Detailing,,+1-714-582-1312,,"760 Merrywood Ct, Brea, CA 92821, United States",Fullerton,CA,P4 | Class B | website has issues | https://waxcoatcardetailingbrea.site/,,Car Detailers
NorCal Auto Detailing,,+1-916-619-2974,,,Galt,CA,P4 | Class B | website has issues | https://norcalautodetailing.com/,,Car Detailers
Proline Mobile Wash & Detailing,,+1-209-426-6932,,,Galt,CA,P4 | Class B | website has issues | https://www.prolinemobiledetail.com/,,Car Detailers
Apex Car Detailing Westminster,,+1-714-276-1658,,"7941 13th St, Westminster, CA 92683, United States",Garden Grove,CA,P4 | Class B | website has issues | https://apexcardetailinwestminster.site/,,Car Detailers
AutoReviveOC,,+1-714-209-5723,,"13417 Jasmine Way, Garden Grove, CA 92843, United States",Garden Grove,CA,P4 | Class B | website has issues | http://autoreviveoc.org/,,Car Detailers
Brad new mobile hands car wash detailing,,+1-630-641-3268,,"15123 Brookhurst St, Westminster, CA 92683, United States",Garden Grove,CA,P4 | Class B | website has issues | http://bradnewmobilehandscarwashdetailing.com/,,Car Detailers
Detail My Car and films,,+1-714-561-6304,,"15071 Sevilla Cir, Huntington Beach, CA 92647, United States",Garden Grove,CA,P4 | Class B | website has issues | http://www.detailmycarandfilms.com/,,Car Detailers
Dr. Gloss Mobile Detail,,+1-714-702-2761,,,Garden Grove,CA,P4 | Class B | website has issues | https://www.drglossmd.com/,,Car Detailers
ESP Detailing,,+1-714-749-8600,,,Garden Grove,CA,P4 | Class B | website has issues | https://espautodetailing.com/,,Car Detailers
Golden League Car Detailing,,+1-714-408-1269,,"11850 Beach Blvd, Stanton, CA 90680, United States",Garden Grove,CA,P4 | Class B | website has issues | http://goldenleaguecardetailing.site/,,Car Detailers
JC’s Auto Mobile Detail,,+1-949-401-3335,,,Garden Grove,CA,P4 | Class B | website has issues | http://www.jcautomobiledetail.com/,,Car Detailers
"Lightning Auto, Boat & RV Detail",,+1-714-530-5996,,,Garden Grove,CA,P4 | Class B | website has issues | https://lightningdetail.com/,,Car Detailers
MT Professional Car Detailing,,+1-714-586-2125,,"7121 21st St, Westminster, CA 92683, United States",Garden Grove,CA,P4 | Class B | website has issues | https://mtprofessionaldetail.com/Services,,Car Detailers
Mobile Polish Car Detailing,,+1-657-255-5583,,"8342 Westminster Blvd., Westminster, CA 92683, United States",Garden Grove,CA,P4 | Class B | website has issues | https://mobilepolishcardetailing.site/,,Car Detailers
OC Detail Kings LLC (Mobile Detailing),,+1-714-483-3566,,,Garden Grove,CA,P4 | Class B | website has issues | http://ocdetailkings.com/,,Car Detailers
OTW Detailing,,+1-657-204-0874,,,Garden Grove,CA,P4 | Class B | website has issues | https://otwdetailingoc.com/,,Car Detailers
Sunset Detailing,,+1-657-532-2979,,,Garden Grove,CA,P4 | Class B | website has issues | https://sunsetdetailing.my.canva.site/,,Car Detailers
URBAN AUTO DETAILING & WINDOW TINT,,+1-714-975-1076,,,Garden Grove,CA,P4 | Class B | website has issues | https://urbanautodetailingllc.com/,,Car Detailers
Bokal Garage LLC,,+1-925-775-8632,,,Gilroy,CA,P4 | Class B | website has issues | https://bokalgaragellc.com/,,Car Detailers
Branditon Auto details,,+1-650-454-0851,,,Gilroy,CA,P4 | Class B | website has issues | https://pocketsuite.io/link/branditon-auto-details,,Car Detailers
California Detail Center,,+1-408-778-7971,,"16375 Monterey Hwy A2, Morgan Hill, CA 95037, United States",Gilroy,CA,P4 | Class B | website has issues | http://californiadetailcenter.com/,,Car Detailers
Frits Detail Shop | #1 Ceramic Coating Shop in Morgan Hill,,+1-408-763-3808,,"16890 Church St Bldg 15, Unit B, Morgan Hill, CA 95037, United States",Gilroy,CA,P4 | Class B | website has issues | https://www.fritsautodetail.com/,,Car Detailers
Shine Coat Auto Detailing,,+1-408-609-9741,,"8885 Forest St Ste E, Gilroy, CA 95020, United States",Gilroy,CA,P4 | Class B | website has issues | http://www.shinecoatautodetailing.com/,,Car Detailers
Supreme Shine Mobile Detailing,,+1-408-332-7308,,,Gilroy,CA,P4 | Class B | website has issues | http://www.supremeshinemobile.com/,,Car Detailers
Xtreme Kustom Details,,+1-408-776-9094,,"Bldg C2, 16840 Joleen Way # D1, Morgan Hill, CA 95037, United States",Gilroy,CA,P4 | Class B | website has issues | http://xtremekustomdetail.com/,,Car Detailers
Above All Detailing,,+1-213-878-4041,,,Glendale,CA,P4 | Class B | website has issues | https://forms.gle/yAbN1FuXKMD3t2x49,,Car Detailers
Androse Carwash,,+1-818-524-0144,,"2421 Montrose Ave, Montrose, CA 91020, United States",Glendale,CA,P4 | Class B | website has issues | https://www.androsecarwash.com/,,Car Detailers
Cortes Detailing,,+1-626-323-9240,,,Glendale,CA,P4 | Class B | website has issues | https://booking.detailermade.com/386952cd-5946-48c7-a3d3-a1f102d92e2f,,Car Detailers
Detail Society,,+1-818-331-4773,,"7417 Hillrose St, Tujunga, CA 91042, United States",Glendale,CA,P4 | Class B | website has issues | https://www.detail-society.com/,,Car Detailers
Glendale Detail Shop,,+1-818-299-7985,,"1124 S Brand Blvd, Glendale, CA 91204, United States",Glendale,CA,P4 | Class B | website has issues | http://www.alternatives5.com/glendale-detail-shop/,,Car Detailers
J Auto Care,,+1-213-801-4100,,"5380 Hillmont Ave, Los Angeles, CA 90041, United States",Glendale,CA,P4 | Class B | website has issues | https://msha.ke/jautocare.com,,Car Detailers
Luxury Mobile Detail,,+1-323-440-6040,,"6030 Cadillac Ave Apt 9, Los Angeles, CA 90034, United States",Glendale,CA,P4 | Class B | website has issues | http://luxurymobiledetail.com/,,Car Detailers
VI's mobile detailing,,+1-323-556-1622,,"3677 Jasmine Ave, Los Angeles, CA 90034, United States",Glendale,CA,P4 | Class B | website has issues | http://vismobileautodetailing.com/,,Car Detailers
cleanedbykyle mobile car detailing,,+1-626-262-0520,,"155 N Lake Ave #891, Pasadena, CA 91101, United States",Glendale,CA,P4 | Class B | website has issues | https://cleanedbykyle.com/,,Car Detailers
It's All In The Details,,+1-530-623-7457,,,Grass Valley,CA,P4 | Class B | website has issues | https://www.itsallinthedetails.net/,,Car Detailers
Kaizen Auto Detailing,,+1-530-863-9791,,,Grass Valley,CA,P4 | Class B | website has issues | https://pocketsuite.io/book/kaizen-auto-detailing,,Car Detailers
Sierra Sleek Details,,+1-530-562-4632,,"646 Sutton Way #1001, Grass Valley, CA 95945, United States",Grass Valley,CA,P4 | Class B | website has issues | https://sierrasleekdetails.com/,,Car Detailers
Star Wash Express - Mobile Detailing,,+1-530-821-1259,,,Grass Valley,CA,P4 | Class B | website has issues | https://starwashexpress.com/,,Car Detailers
CHOKO CLEAN INC Detailing & supplies,,+1-559-380-4303,,"416 E 6th St, Hanford, CA 93230, United States",Hanford,CA,P4 | Class B | website has issues | http://www.chokoclean.com/,,Car Detailers
Cruising Clean Mobile Detailing,,+1-559-836-7926,,,Hanford,CA,P4 | Class B | website has issues | https://cruisingcleanmobiledetailing.godaddysites.com/,,Car Detailers
Draper Detailing,,+1-559-451-1034,,,Hanford,CA,P4 | Class B | website has issues | https://draperdetailing.godaddysites.com/,,Car Detailers
Dugger Detailing,,+1-559-423-0323,,,Hanford,CA,P4 | Class B | website has issues | https://form.jotform.com/250391889691169,,Car Detailers
Fernando Detailing,,+1-559-736-4799,,,Hanford,CA,P4 | Class B | website has issues | https://form.jotform.com/261131017674147?utm_source=ig&utm_medium=social&utm_content=link_in_bio&fbclid=PAZXh0bgNhZW0CMTEAc3J0YwZhcHBfaWQPOTM2NjE5NzQzMzkyNDU5AAGnJXCNMEaImnKdjU0EXaYLRsnyKZypPcx3qe-DLjXPe41uTqUaUwUFjKohGwo_aem_QW3MDYAihO472Ua61waf-w&utm_id=97760_v0_s00_e0_tv3,,Car Detailers
Prestige Auto Care 559,,+1-559-880-6595,,,Hanford,CA,P4 | Class B | website has issues | https://book.sproutcoapp.com/ad5v8d,,Car Detailers
spotless legend,,+1-559-212-8408,,"416 E 6th St, Hanford, CA 93230, United States",Hanford,CA,P4 | Class B | website has issues | https://www.spotlesslegend.com/,,Car Detailers
Bay Area Mobile Auto Detailing,,+1-510-314-6399,,"355 Carson Dr, Hayward, CA 94544, United States",Hayward,CA,P4 | Class B | website has issues | http://90mo.wordpress.com/,,Car Detailers
Garcia’s Mobile Car Detail LLC,,+1-510-646-3818,,,Hayward,CA,P4 | Class B | website has issues | https://www.garciasmobilecardetail.com/,,Car Detailers
Glorious Mobile Detailing,,+1-408-816-4681,,"23782 Connecticut St, Hayward, CA 94545, United States",Hayward,CA,P4 | Class B | website has issues | https://gloriousmobiledetailing.com/,,Car Detailers
Revibe Auto Detailing Center & Lounge,,+1-347-552-6238,,"1240 Pacific St, Union City, CA 94587, United States",Hayward,CA,P4 | Class B | website has issues | https://www.revibeautodetail.com/,,Car Detailers
Vanguard Mobile Detailing,,+1-925-307-9447,,,Hayward,CA,P4 | Class B | website has issues | https://sites.google.com/view/vanguard-mobile-detailing/home,,Car Detailers
Xpel PPF Authorized Installer & Dealer-ShieldTec,,+1-510-258-8888,,"2700 Northern Cross Rd, Hayward, CA 94545, United States",Hayward,CA,P4 | Class B | website has issues | http://www.shieldtecppf.com/,,Car Detailers
Alvarez Detailing,,+1-951-503-2494,,"416 W Mayberry Ave, Hemet, CA 92543, United States",Hemet,CA,P4 | Class B | website has issues | https://business.google.com/create/new?hl=en&gmbsrc=us-en-ha-se-z-gmb-s-221-h~z-gbken-u,,Car Detailers
"Diakonos, LLC",,+1-951-513-6625,,,Hemet,CA,P4 | Class B | website has issues | https://www.mobilediakonos.com/,,Car Detailers
Jimenez Mobile Detailing,,+1-951-391-3455,,,Hemet,CA,P4 | Class B | website has issues | http://brand.page/jimenezdetailing,,Car Detailers
Mad Pro Detailing,,+1-626-428-6932,,"235 S Lyon Ave space 122, Hemet, CA 92543, United States",Hemet,CA,P4 | Class B | website has issues | https://madprodetailingservice.godaddysites.com/,,Car Detailers
A & A Auto Styling,,+1-909-676-2103,,,Hesperia,CA,P4 | Class B | website has issues | https://aaautostyling.com/,,Car Detailers
PRO DTL AUTOSPA | Paint Correction & Ceramic Coating,,+1-951-823-3277,,"15420 Tamarack Dr Unit 108, Victorville, CA 92392, United States",Hesperia,CA,P4 | Class B | website has issues | https://prodtl.com/,,Car Detailers
Elite Auto Wrap - Xpel - Xpel Fusion PPF - Xpel XR Plus - Xpel Ultimate Plus PPF,,+1-714-951-8300,,"15481 Electronic Ln # D, Huntington Beach, CA 92649, United States",Huntington Beach,CA,P4 | Class B | website has issues | http://eliteautowrap.com/,,Car Detailers
Polished Detail Products,,+1-310-944-4456,,"15422 Electronic Ln, Huntington Beach, CA 92649, United States",Huntington Beach,CA,P4 | Class B | website has issues | https://www.polisheddetail.com/,,Car Detailers
Polished Protection - Ceramic Pro Elite Huntington Beach,,+1-714-984-6555,,"15422 Electronic Ln, Huntington Beach, CA 92649, United States",Huntington Beach,CA,P4 | Class B | website has issues | https://polishedprotection.com/,,Car Detailers
Power Glow Auto Detailing,,+1-657-300-5914,,"6762 Warner Ave, Huntington Beach, CA 92647, United States",Huntington Beach,CA,P4 | Class B | website has issues | https://powerglowautodetailing.site/,,Car Detailers
Slick Look Auto Detailing,,+1-714-356-8537,,"123 Main St, Huntington Beach, CA 92647, United States",Huntington Beach,CA,P4 | Class B | website has issues | http://slicklookautodetailing.com/,,Car Detailers
Spark Finish Auto Detailing,,+1-714-477-7895,,"401 Atlanta Ave, Huntington Beach, CA 92648, United States",Huntington Beach,CA,P4 | Class B | website has issues | https://sparkfinishautodetailng.site/,,Car Detailers
VMD Auto Care,,+1-909-226-3007,,,Huntington Beach,CA,P4 | Class B | website has issues | https://www.vanderwalkermobiledetail.com/,,Car Detailers
8 Shades Auto Detailing,,+1-760-984-6706,,"43615 Faye St, Indio, CA 92201, United States",Indio,CA,P4 | Class B | website has issues | https://8shadesautodetailing.com/,,Car Detailers
Detail Seed,,+1-760-984-3333,,,Indio,CA,P4 | Class B | website has issues | https://detailseed.com/,,Car Detailers
Ian’s Mobile Detailing,,+1-760-895-7746,,,Indio,CA,P4 | Class B | website has issues | http://iansmobiledetailing.com/,,Car Detailers
Master Works Mobile Car Wash & Detail,,+1-760-702-5929,,,Indio,CA,P4 | Class B | website has issues | https://www.masterworksca.com/,,Car Detailers
Watmex,,+1-760-567-4117,,"84540 Ed Mitchell Dr, Coachella, CA 92236, United States",Indio,CA,P4 | Class B | website has issues | http://www.watmex.com/,,Car Detailers
110 Detail Boyz,,+1-323-518-8338,,"Mobile street, Los Angeles, CA 90043, United States",Inglewood,CA,P4 | Class B | website has issues | http://110-detail-boyz.com/,,Car Detailers
Anwar's Mobile Detailing,,+1-323-901-5094,,"7039 1/2 S La Cienega Blvd South, Los Angeles, CA 90045, United States",Inglewood,CA,P4 | Class B | website has issues | https://anwarsmobiledetailing.com/contact-us,,Car Detailers
Cali luxury detailing (Mobile Service),,+1-323-907-9773,,"7602 S Hobart Blvd, Los Angeles, CA 90047, United States",Inglewood,CA,P4 | Class B | website has issues | http://cali-detailing.com/,,Car Detailers
Car Detailing in Los Angeles - Magic Mike's Detail LLC,,+1-424-393-7346,,"10135 S Burl Ave, Inglewood, CA 90304, United States",Inglewood,CA,P4 | Class B | website has issues | http://magicmikesdetail.com/,,Car Detailers
Clean and shine mobile car wash & detail,,+1-310-627-7717,,,Inglewood,CA,P4 | Class B | website has issues | http://cleanandshinemobilecarwashanddetail.com/,,Car Detailers
Flash Detailing,,+1-424-400-9244,,,Inglewood,CA,P4 | Class B | website has issues | https://flashxdetailing.com/?utm_source=omg-gbp&utm_medium=webclick,,Car Detailers
Gorilla Buff Automotive Service,,+1-310-650-6855,,"4865 W 132nd St, Hawthorne, CA 90250, United States",Inglewood,CA,P4 | Class B | website has issues | http://gorillabuff.com/,,Car Detailers
Klean Car Auto Detailing Supplies,,+1-424-243-0229,,"Store front entrance on La, 979 S La Brea Ave, Brea Ave Unit A, Inglewood, CA 90301, United States",Inglewood,CA,P4 | Class B | website has issues | https://sites.google.com/view/kleancarautodetailingsupplies/home,,Car Detailers
KnG Mobile Detailing,,+1-424-301-1946,,,Inglewood,CA,P4 | Class B | website has issues | https://www.kngmobiledetailing.com/,,Car Detailers
LAN Auto Detailing services,,+1-310-678-7746,,"6081 Center Dr, Los Angeles, CA 90045, United States",Inglewood,CA,P4 | Class B | website has issues | http://www.lanautodetailing.com/,,Car Detailers
Leading Mobile Detailing,,+1-310-321-8639,,"1750 E Holly Ave Ste A, El Segundo, CA 90245, United States",Inglewood,CA,P4 | Class B | website has issues | http://www.leadingdetailing.com/,,Car Detailers
Ray's Auto Paint Supply,,+1-310-398-7532,,"4734 Inglewood Blvd, Culver City, CA 90230, United States",Inglewood,CA,P4 | Class B | website has issues | http://www.raysautopaintsupply.com/,,Car Detailers
Royal Treatment Detailing LLC,,+1-424-262-7863,,"8820 Belford Ave, Los Angeles, CA 90045, United States",Inglewood,CA,P4 | Class B | website has issues | http://royaltreatmentmd.com/,,Car Detailers
The Simple Detail,,+1-213-723-8433,,,Inglewood,CA,P4 | Class B | website has issues | https://pocketsuite.io/book/the-simple-detail,,Car Detailers
30 Min. or Less - Mobile Detailing,,+1-714-852-0763,,,Irvine,CA,P4 | Class B | website has issues | http://www.30minorless.com/,,Car Detailers
Ark Mobile Detail,,+1-949-685-9010,,"25422 Trabuco Rd, Lake Forest, CA 92630, United States",Irvine,CA,P4 | Class B | website has issues | http://www.arkmobiledetail.com/,,Car Detailers
Aurum Auto Detailing,,+1-714-942-4780,,"2480 Irvine Blvd, Tustin, CA 92782, United States",Irvine,CA,P4 | Class B | website has issues | https://aurumautodetailing.site/,,Car Detailers
Bluepine Car Detailing,,+1-213-556-8278,,"12 Sparrowhawk, Irvine, CA 92604, United States",Irvine,CA,P4 | Class B | website has issues | https://bluepinedetailingandcleaning.replit.app/,,Car Detailers
Boldbat Detailing,,+1-832-680-8187,,"Spectrum #400, Irvine, CA 92618, United States",Irvine,CA,P4 | Class B | website has issues | http://www.boldbatdetailing.com/,,Car Detailers
Davids Car Detailing Lake Forest,,+1-949-519-4689,,"25441 Old Trabuco Rd, Lake Forest, CA 92630, United States",Irvine,CA,P4 | Class B | website has issues | https://davidscardetailinglakeforest.site/,,Car Detailers
Dialed Mobile,,+1-661-249-9711,,"24811 Magic Mountain Pkwy #1613, Santa Clarita, CA 91355, United States",Irvine,CA,P4 | Class B | website has issues | http://www.dialeddetail.com/,,Car Detailers
Executive One,,+1-949-474-2250,,"3151 Michelson Dr, Irvine, CA 92612, United States",Irvine,CA,P4 | Class B | website has issues | http://www.execonehome.com/,,Car Detailers
Hardy's Mobile Detailing,,+1-949-313-2721,,,Irvine,CA,P4 | Class B | website has issues | https://www.hardyswashnwax.com/orange-county,,Car Detailers
Hazys Mobile Car Detailing,,+1-949-422-1196,,"24206 Elrond Ln, Lake Forest, CA 92630, United States",Irvine,CA,P4 | Class B | website has issues | https://dot.cards/chazlett33?e=ZGV2aWNILWtjbG56Y25mZW5rbm56aXRmOGs1ZWw4N2MtYy1iZw,,Car Detailers
Irvine Pristine Mobile Car Detailing,,+1-714-855-8161,,,Irvine,CA,P4 | Class B | website has issues | https://pristinedetailing.lovable.app/,,Car Detailers
Kuya Mobile Detailing,,+1-949-501-3167,,"bake, Lake Forest, CA 92610, United States",Irvine,CA,P4 | Class B | website has issues | https://sites.google.com/view/kuyamobiledetailing/about-us?authuser=0,,Car Detailers
Legend 7 Motorsports - Irvine,,+1-626-379-7712,,"2493 Du Bridge Ave, Irvine, CA 92606, United States",Irvine,CA,P4 | Class B | website has issues | https://legend7motorsports.net/,,Car Detailers
Mission Viejo 5Star Fresh Mobile Detailing,,+1-714-581-9101,,"26182 Avenida Calidad, Mission Viejo, CA 92691, United States",Irvine,CA,P4 | Class B | website has issues | https://5starfreshdetailing.com/,,Car Detailers
NXT Level Auto Protection,,+1-714-274-6540,,"1542 Edinger Ave Unit 9E, Tustin, CA 92780, United States",Irvine,CA,P4 | Class B | website has issues | http://www.nxtlevelprotection.com/,,Car Detailers
OC MADS-Mobile Auto Detailing Services,,+1-949-771-5330,,"Dispatch Center, 23131 Orange Ave # F, Lake Forest, CA 92630, United States",Irvine,CA,P4 | Class B | website has issues | http://www.ocmads.com/,,Car Detailers
One Detail,,+1-323-427-0400,,,Irvine,CA,P4 | Class B | website has issues | http://one-detail.com/,,Car Detailers
Over The Top Car Care,,+1-949-309-7525,,"22365 El Toro Rd #156, Lake Forest, CA 92630, United States",Irvine,CA,P4 | Class B | website has issues | https://ottcarcare.com/,,Car Detailers
Premier Car Detailing irvine,,+1-949-881-5037,,"130 Progress, Irvine, CA 92618, United States",Irvine,CA,P4 | Class B | website has issues | http://premiercardetailingirvine.site/,,Car Detailers
Pure Auto Collective,,+1-949-573-8453,,"2091 Business Center Dr #209, Irvine, CA 92612, United States",Irvine,CA,P4 | Class B | website has issues | https://www.pureautocollective.com/,,Car Detailers
Refined finish car detailing,,+1-949-822-7643,,"159 Overbrook, Irvine, CA 92620, United States",Irvine,CA,P4 | Class B | website has issues | http://refinedfinishcardetailing.site/,,Car Detailers
Resurrected & Protected,,+1-626-660-8533,,"23131 Orange Ave suite a, Lake Forest, CA 92630, United States",Irvine,CA,P4 | Class B | website has issues | http://resurrectedandprotected.com/,,Car Detailers
Shine Pro Detail Supplies,,+1-877-855-8342,,"23132 La Cadena Dr H, Laguna Hills, CA 92653, United States",Irvine,CA,P4 | Class B | website has issues | https://shineprodetailsupplies.com/,,Car Detailers
Shine Society Auto Detailing,,+1-657-282-4254,,"3100 Park Ave, Tustin, CA 92782, United States",Irvine,CA,P4 | Class B | website has issues | http://shinesocietyautodetailing.site/,,Car Detailers
Sleek Finish Auto Detailing,,+1-949-881-4279,,"4201 Jamboree Rd, Newport Beach, CA 92660, United States",Irvine,CA,P4 | Class B | website has issues | https://sleekfinishautodetailing.com/,,Car Detailers
Soap Detailing,,+1-714-308-1809,,"19550 Jamboree Rd, Irvine, CA 92612, United States",Irvine,CA,P4 | Class B | website has issues | https://www.soapdetailing.com/,,Car Detailers
Ultimate Detailing,,+1-949-757-0367,,"19900 MacArthur Blvd, Irvine, CA 92612, United States",Irvine,CA,P4 | Class B | website has issues | https://www.ultimatedetailing.net/,,Car Detailers
Benedetto Auto Detail,,+1-949-201-9253,,"Ladera Ranch, CA 92694, United States",Lake Forest,CA,P4 | Class B | website has issues | https://ebdetailingllc.com/,,Car Detailers
Bright Shine Car Detailing,,+1-949-828-0030,,"23472 Caminito Juanico, Laguna Hills, CA 92653, United States",Lake Forest,CA,P4 | Class B | website has issues | https://brightshinecardetailing.site/,,Car Detailers
GlossHaus Car Detailing,,+1-949-710-3075,,"28401 Los Alisos Blvd, Mission Viejo, CA 92692, United States",Lake Forest,CA,P4 | Class B | website has issues | https://glosshauscardetailing.site/,,Car Detailers
KC Mobile Detail,,+1-951-946-8115,,,Lake Forest,CA,P4 | Class B | website has issues | https://kcmobiledetail.com/,,Car Detailers
Kyle's Mobile Suds N' Shine,,+1-949-234-7218,,,Lake Forest,CA,P4 | Class B | website has issues | https://sites.google.com/view/kylemobileclean/home,,Car Detailers
Montek Auto Detailing,,+1-949-807-1227,,"2 Via Amistosa, Rancho Santa Margarita, CA 92688, United States",Lake Forest,CA,P4 | Class B | website has issues | https://montekautodetailingranchosantamargarita.com/,,Car Detailers
Motivex Car Detailing,,+1-949-503-9856,,"31872 Joshua Dr, Trabuco Canyon, CA 92679, United States",Lake Forest,CA,P4 | Class B | website has issues | https://motivexcardetailing.site/,,Car Detailers
SCRUBZ OC Mobile Car Detailing,,+1-208-860-4997,,,Lake Forest,CA,P4 | Class B | website has issues | https://scrubzoc.com/,,Car Detailers
Sapphire Mobile Detailing,,+1-949-767-6373,,,Lake Forest,CA,P4 | Class B | website has issues | https://thesapphiredetailing.com/,,Car Detailers
Shynex Auto Detailing,,+1-949-625-8175,,"Rancho Santa Margarita, CA 92688, United States",Lake Forest,CA,P4 | Class B | website has issues | https://shynexautodetailing.site/,,Car Detailers
Smiths Detailing LLC,,+1-657-556-6600,,,Lake Forest,CA,P4 | Class B | website has issues | https://smithsdetailing.com/,,Car Detailers
Triple Seven Mobile Car Wash & Auto Detail,,+1-949-615-2275,,,Lake Forest,CA,P4 | Class B | website has issues | https://carwash.redtripleseven.com/,,Car Detailers
V Spec Detailing,,+1-949-545-8988,,"21775 Jinetes, Mission Viejo, CA 92691, United States",Lake Forest,CA,P4 | Class B | website has issues | https://www.vspecdetailing.com/,,Car Detailers
Vega's Auto Detail (Santa Clarita Area Only),,+1-661-476-8965,,"Cinema Dr, Valencia, CA 91355, United States",Lake Forest,CA,P4 | Class B | website has issues | http://vegasautodetailers.org/,,Car Detailers
Ventura's Auto Detail,,+1-949-310-6035,,,Lake Forest,CA,P4 | Class B | website has issues | http://venturasautodetail.com/,,Car Detailers
AFTERGLOW Mobile Auto Detailing Long Beach,,+1-562-234-3566,,"1349 Granada Ave, Long Beach, CA 90804, United States",Lakewood,CA,P4 | Class B | website has issues | https://afterglowautodetailing.com/,,Car Detailers
All Pro Mobile Detailing,,+1-562-497-1457,,,Lakewood,CA,P4 | Class B | website has issues | http://www.allpromobiledetailing.com/,,Car Detailers
Andrew's Auto Detail & Car Wash,,+1-562-310-1075,,"3538 Del Amo Blvd, Lakewood, CA 90712, United States",Lakewood,CA,P4 | Class B | website has issues | http://andrewsdetail.com/,,Car Detailers
Golden Mobile Detailing,,+1-562-541-4169,,,Lakewood,CA,P4 | Class B | website has issues | https://www.goldencardetails.com/,,Car Detailers
Hard Hitters Car Detailing,,+1-562-526-0958,,"4395 Casa Grande Cir, Cypress, CA 90630, United States",Lakewood,CA,P4 | Class B | website has issues | https://hardhitterscardetailingcypress.site/,,Car Detailers
Signature Finish Car Detailing,,+1-657-213-3524,,"5120 Lincoln Ave, Cypress, CA 90630, United States",Lakewood,CA,P4 | Class B | website has issues | http://signaturefinishcardetailing.site/,,Car Detailers
Beam Bright Mobile Auto Detailing,,+1-661-609-9646,,,Lancaster,CA,P4 | Class B | website has issues | https://poplme.co/xx1AUIFI/share,,Car Detailers
Encore Auto Detailing,,+1-661-435-9427,,"45101 Yucca Ave, Lancaster, CA 93534, United States",Lancaster,CA,P4 | Class B | website has issues | http://www.encoreautodetailing.com/,,Car Detailers
High Desert Shine Mobile Detail,,+1-661-718-5638,,"2330 E Ave J 8, Lancaster, CA 93535, United States",Lancaster,CA,P4 | Class B | website has issues | https://web.detailconnect.app/u=high-desert-shine-OPBOW2,,Car Detailers
JNR Mobile Detailing,,+1-661-429-1342,,"43823 Amy Ct, Lancaster, CA 93535, United States",Lancaster,CA,P4 | Class B | website has issues | http://jnrmobiledetailing.com/,,Car Detailers
Luxury Suds Mobile Detailing,,+1-661-236-1161,,"44041 47th St W, Lancaster, CA 93536, United States",Lancaster,CA,P4 | Class B | website has issues | http://luxurysuds.net/,,Car Detailers
Mobile Car Wash and Detailing Palmdale,,+1-626-922-0866,,"538 Spruce Ct, Palmdale, CA 93550, United States",Lancaster,CA,P4 | Class B | website has issues | https://sites.google.com/view/palmdale-mobile-detail/home,,Car Detailers
Pure Dynamic Detailing,,+1-661-917-2118,,,Lancaster,CA,P4 | Class B | website has issues | https://www.puredynamicdetailing.com/,,Car Detailers
So Fresh N So Clean Mobile Car Wash Detailing,,+1-661-220-9459,,,Lancaster,CA,P4 | Class B | website has issues | https://sofreshnsocleanmobilecarwashdetailing.com/,,Car Detailers
The Auto Wiz Mobile Detail LLC,,+1-818-669-2390,,"38615 31st St E, Palmdale, CA 93550, United States",Lancaster,CA,P4 | Class B | website has issues | https://www.theautowiz.net/,,Car Detailers
TwinsDetailing,,+1-626-353-7038,,"3743 W Ave K 4, Lancaster, CA 93536, United States",Lancaster,CA,P4 | Class B | website has issues | https://twinsdetailing.godaddysites.com/,,Car Detailers
VX Mobile Detail & Paint Protection Co.,,+1-424-437-9902,,,Lancaster,CA,P4 | Class B | website has issues | https://vxpaintprotection.godaddysites.com/,,Car Detailers
Ballistic Detailing,,+1-916-580-9738,,"1490 Grass Valley Hwy, Auburn, CA 95603, United States",Lincoln,CA,P4 | Class B | website has issues | http://ballisticdetailing.com/,,Car Detailers
C&M car detailing,,+1-916-755-8299,,,Lincoln,CA,P4 | Class B | website has issues | https://c-and-m-detailing.my.canva.site/,,Car Detailers
Dixon Detailing,,+1-916-398-6921,,,Lincoln,CA,P4 | Class B | website has issues | https://dixondetailing.lovable.app/,,Car Detailers
Premier Auto Detail,,+1-916-659-0616,,,Lincoln,CA,P4 | Class B | website has issues | http://premierautodetailca.weebly.com/,,Car Detailers
Revix Details,,+1-530-301-0308,,,Lincoln,CA,P4 | Class B | website has issues | https://revix-gloss-lab.base44.app/,,Car Detailers
Sierra Detailing Co.,,+1-916-655-5642,,,Lincoln,CA,P4 | Class B | website has issues | http://sierradetailing.com/,,Car Detailers
Weekend Boys,,+1-916-839-9111,,,Lincoln,CA,P4 | Class B | website has issues | https://dot.cards/brysonmcgraw,,Car Detailers
Diablo Auto Detailing - Mobile Car Detailing,,+1-510-631-1230,,,Livermore,CA,P4 | Class B | website has issues | http://diabloautodetailing.com/,,Car Detailers
Sudzwrks Auto Detail,,+1-925-565-8195,,"2286 Walnut St, Livermore, CA 94551, United States",Livermore,CA,P4 | Class B | website has issues | https://www.sudzwrks.com/home,,Car Detailers
Jeffrey’s Mobile Detailing,,+1-818-419-1469,,"292 Rinconcito, Lompoc, CA 93436, United States",Lompoc,CA,P4 | Class B | website has issues | https://jeffreysmobiledetail.com/,,Car Detailers
Beach City Detail,,+1-562-743-1729,,"32 Glendora Ave, Long Beach, CA 90803, United States",Long Beach,CA,P4 | Class B | website has issues | http://beachcitydetail.com/,,Car Detailers
Belmont Mobile Auto Detailing,,+1-562-786-1310,,,Long Beach,CA,P4 | Class B | website has issues | http://belmontautodetailing.com/,,Car Detailers
Black Royal Detailing,,+1-213-973-2455,,,Long Beach,CA,P4 | Class B | website has issues | http://blackroyaldetailing.com/,,Car Detailers
Coastal Mobile Detailing,,+1-424-533-9377,,,Long Beach,CA,P4 | Class B | website has issues | https://coastaldetailing.setmore.com/maxwell,,Car Detailers
Polished Car Detailing,,+1-562-534-5295,,"350 Marina Dr, Seal Beach, CA 90740, United States",Long Beach,CA,P4 | Class B | website has issues | https://polishedcardetailing.site/,,Car Detailers
Road One Auto Care,,+1-562-999-1597,,,Long Beach,CA,P4 | Class B | website has issues | http://roadoneautocare.com/,,Car Detailers
Rudy's Auto Detailing LB,,+1-562-508-6690,,,Long Beach,CA,P4 | Class B | website has issues | http://www.rudysautodetailing.com/contact-us,,Car Detailers
The Detail Company Mobile Detailing,,+1-323-994-3604,,,Long Beach,CA,P4 | Class B | website has issues | http://thedetailcompany.setmore.com/,,Car Detailers
Zen Detail,,+1-562-548-5777,,"1399 E Burnett St, Signal Hill, CA 90755, United States",Long Beach,CA,P4 | Class B | website has issues | https://zendetail.com/,,Car Detailers
A1 Supreme Details | Paint correction and Ceramic Coating Specialist,,+1-310-895-3008,,"5011 Washington Blvd, Los Angeles, CA 90016, United States",Los Angeles,CA,P4 | Class B | website has issues | https://www.a1supremedetails.com/,,Car Detailers
Auto Detailers Pros,,+1-323-369-0607,,"1131 S Victoria Ave, Los Angeles, CA 90019, United States",Los Angeles,CA,P4 | Class B | website has issues | http://autodetailerspros.com/,,Car Detailers
Ceramic Coating Los Angeles | Auto Detailing Service,,+1-213-205-1455,,"1965 S Sherbourne Dr Ste 4, Los Angeles, CA 90034, United States",Los Angeles,CA,P4 | Class B | website has issues | https://ceramiccoatingcar.la/,,Car Detailers
Clarence Mobile Car Spa ( Mobile Car Wash ),,+1-323-836-3880,,,Los Angeles,CA,P4 | Class B | website has issues | http://www.clarencemobilecarspa.com/,,Car Detailers
Clear Vision Detailing,,+1-424-550-1118,,"1080 S La Cienega Blvd STE, Los Angeles, CA 90035, United States",Los Angeles,CA,P4 | Class B | website has issues | https://clearvisiondetail.simplybook.me/v2/,,Car Detailers
DetailOnDemand Los Angeles,,+1-310-694-0558,,"1725 Ocean Ave, Santa Monica, CA 90401, United States",Los Angeles,CA,P4 | Class B | website has issues | https://detailondemandla.com/,,Car Detailers
Dot Detailing,,+1-323-842-0653,,"13163 Fountain Park Dr, Los Angeles, CA 90094, United States",Los Angeles,CA,P4 | Class B | website has issues | https://dotdetailing.com/,,Car Detailers
Eco Detailing,,+1-562-736-6391,,"338 S Western Ave, Los Angeles, CA 90020, United States",Los Angeles,CA,P4 | Class B | website has issues | https://ecodetailing.carrd.co/?fbclid=PAdGRjcAMSAw5leHRuA2FlbQIxMQABp0Gn5DMXuEf72fFcsUUQAYV0FTzi665S_MtSwlYHjDhgGIDN3Let7XQTqqTr_aem_TfkTJ7bs6AZ_-8aPfX_qaA,,Car Detailers
H⁺ Precision Auto Care/ Mobile Car detailing and coatings,,+1-213-500-4130,,"600 N Coronado St, Los Angeles, CA 90026, United States",Los Angeles,CA,P4 | Class B | website has issues | https://hprecisionautocare.lovable.app/,,Car Detailers
Mobile Detailing Master,,+1-571-618-0825,,"5550 Hollywood Blvd, Los Angeles, CA 90028, United States",Los Angeles,CA,P4 | Class B | website has issues | https://masterdetailingm.com/,,Car Detailers
Robert's Automotive Detailing Los Angeles,,+1-323-392-3494,,"1100 S Hill St, Los Angeles, CA 90015, United States",Los Angeles,CA,P4 | Class B | website has issues | https://robertsautodetailing.com/mobile-detailing-los-angeles/,,Car Detailers
Sam's Steam Auto Detail,,+1-562-296-7848,,"First level of the parking structure, 1518 Federal Ave, Los Angeles, CA 90025, United States",Los Angeles,CA,P4 | Class B | website has issues | https://www.samssteam.com/,,Car Detailers
Santa Monica Detailers,,+1-309-262-9545,,"1948 20th St, Santa Monica, CA 90404, United States",Los Angeles,CA,P4 | Class B | website has issues | http://www.santamonicadetailers.com/,,Car Detailers
Superior Mobile Detailing,,+1-647-568-7383,,"330 N Crescent Dr, Beverly Hills, CA 90210, United States",Los Angeles,CA,P4 | Class B | website has issues | https://www.superiormobiledetails.com/?fbclid=IwY2xjawLxJmlleHRuA2FlbQIxMABicmlkETBWSEJiRmdUMnR3VEVTeDRsAR7L_S9HU1QeM-rWUl8ZYRaIqf-TPeqmcztSyRvUiQMzEES6idbrU-kJtF6Dkw_aem_kacROUmeU7q-dbYCEw-nNA,,Car Detailers
Tlacolulo Mobile Car Wash & Detail | Premium Mobile Detailing in Santa Monica,,+1-310-974-1595,,"2209 Main St, Santa Monica, CA 90405, United States",Los Angeles,CA,P4 | Class B | website has issues | http://tlacolulocardetailing.com/,,Car Detailers
True Shine Mobile Car Detailing of Beverly Hills,,+1-323-859-6526,,"407 N Maple Dr, Beverly Hills, CA 90210, United States",Los Angeles,CA,P4 | Class B | website has issues | https://web.detailconnect.app/u=true-shine-mobile-car-detailing-GRLGWQ,,Car Detailers
True Shine Mobile Car Detailing of Westwood,,+1-817-262-9344,,"11820 W Olympic Blvd, Los Angeles, CA 90064, United States",Los Angeles,CA,P4 | Class B | website has issues | https://web.detailconnect.app/u=true-shine-mobile-car-detailing-GRLGWQ,,Car Detailers
V & D Mobile Car Wash & Detailing,,+1-323-507-7063,,,Los Angeles,CA,P4 | Class B | website has issues | https://la-detail.com/,,Car Detailers
Westside Mobile Car Detailing of LA,,+1-424-384-3242,,"12301 Wilshire Blvd, Los Angeles, CA 90025, United States",Los Angeles,CA,P4 | Class B | website has issues | https://westsidedetail.site/,,Car Detailers
Essential detailing,,+1-831-596-4974,,,Madera,CA,P4 | Class B | website has issues | https://essential-detailing.netlify.app/,,Car Detailers
First Pro Auto Detail,,+1-559-718-6815,,,Madera,CA,P4 | Class B | website has issues | http://firstproautodetail.com/,,Car Detailers
Noble Mobile Auto Detailing & Ceramic Coating’s,,+1-559-880-1818,,"W6F4+7CR Noble Mobile Auto Detailing & Ceramic Coating’s, Madera, CA 93636, United States",Madera,CA,P4 | Class B | website has issues | https://nobledetail.ing/,,Car Detailers
Pristine Auto Detail,,+1-559-716-2476,,"36522 Fender Ave, Madera, CA 93636, United States",Madera,CA,P4 | Class B | website has issues | http://pristinedetailfresno.com/,,Car Detailers
The Shine Shop 559,,+1-559-871-1225,,"2600 Cherry Tree Dr, Madera, CA 93637, United States",Madera,CA,P4 | Class B | website has issues | http://theshineshop559.com/,,Car Detailers
1 Up Details – Mobile Car Detailing Merced,,+1-209-777-4739,,,Mariposa,CA,P4 | Class B | website has issues | http://1updetails.com/,,Car Detailers
Diamond Mobile Detailing,,+1-559-355-7735,,,Mariposa,CA,P4 | Class B | website has issues | https://diamondmobiledetailing0.godaddysites.com/,,Car Detailers
Mobile Detailing & Ceramic Coating,,+1-805-400-7439,,"50051 Deer Meadow Way, Oakhurst, CA 93644, United States",Mariposa,CA,P4 | Class B | website has issues | https://prcarwash.com/,,Car Detailers
Aviation Pro Detailing,,+1-510-290-2169,,,Martinez,CA,P4 | Class B | website has issues | https://aviationprodetailing.com/,,Car Detailers
Bike-werks Motorcycle detailing & Ceramic Coatings,,+1-925-567-3834,,,Martinez,CA,P4 | Class B | website has issues | https://bike-werks.com/,,Car Detailers
5 Rivers Detail LLC - Ceramic Coating- Detailing (Paint Protection)- Window Tint,,+1-530-441-8643,,"Yuba City, CA 95993, United States",Marysville,CA,P4 | Class B | website has issues | https://dot.cards/5riversdetail,,Car Detailers
Detail Pros,,+1-530-301-5300,,"584 Franklin Ave Ste b, Yuba City, CA 95991, United States",Marysville,CA,P4 | Class B | website has issues | http://www.yubacitydetailing.com/,,Car Detailers
NextGen Auto Detailing,,+1-530-933-1104,,"1171 Railroad Ave, Yuba City, CA 95991, United States",Marysville,CA,P4 | Class B | website has issues | http://www.nextgenautodetailing.org/contact-nextgen-auto-detailing/,,Car Detailers
REYES DETAIL LLC,,+1-530-415-3386,,"605 E 17th St, Marysville, CA 95901, United States",Marysville,CA,P4 | Class B | website has issues | https://www.reyesdetailllc.com/,,Car Detailers
Angelo’s Mobile Detailing Service,,+1-949-601-4088,,"Old, Newport Rd, Menifee, CA 92584, United States",Menifee,CA,P4 | Class B | website has issues | http://angelosmobiledetailingservice.com/,,Car Detailers
Candy Car Care,,+1-951-634-6848,,,Menifee,CA,P4 | Class B | website has issues | https://candycarcare.com/?utm_source=ig&utm_medium=social&utm_content=link_in_bio,,Car Detailers
Delucco’s Mobile Detailing & Ceramic Coating,,+1-562-296-7341,,,Menifee,CA,P4 | Class B | website has issues | http://deluccosmobileautospa.com/,,Car Detailers
Dominick's Mobile Detailing,,+1-951-290-1433,,,Menifee,CA,P4 | Class B | website has issues | https://dominicksmobiledetailing.com/,,Car Detailers
Douse Pros,,+1-951-570-1580,,,Menifee,CA,P4 | Class B | website has issues | https://dousepros.com/,,Car Detailers
El Gato Loco Auto Detail,,+1-951-606-3758,,,Menifee,CA,P4 | Class B | website has issues | https://elgatolocoautodetail.godaddysites.com/,,Car Detailers
Empire Auto Detailing,,+1-951-623-1023,,,Menifee,CA,P4 | Class B | website has issues | https://empireadetailing.com/,,Car Detailers
Granum's Garage | ECO-FRIENDLY Mobile Detailing & Auto Restoration,,+1-951-226-5223,,,Menifee,CA,P4 | Class B | website has issues | https://www.granumsgarage.com/,,Car Detailers
Jmorrdetailing,,+1-951-973-1063,,,Menifee,CA,P4 | Class B | website has issues | https://jtmorrison2006.wixsite.com/jmorrdetailing,,Car Detailers
Ken's Exotic Detail,,+1-951-319-5986,,"Menifee Rd, Nuevo, CA 92567, United States",Menifee,CA,P4 | Class B | website has issues | https://kensexoticdetail.com/,,Car Detailers
Macias Mobile Detail Menifee,,+1-562-309-7687,,,Menifee,CA,P4 | Class B | website has issues | https://www.macias-mobile-detail.com/,,Car Detailers
Nifty Noah’s Detailing,,+1-661-917-8430,,,Menifee,CA,P4 | Class B | website has issues | https://niftynoahs.com/,,Car Detailers
Pristine Detailing,,+1-951-551-8410,,"32390 Shrimp Ln, Winchester, CA 92596, United States",Menifee,CA,P4 | Class B | website has issues | https://pristinemdetailing.com/#,,Car Detailers
West Coast Precision Auto Detailing LLC,,+1-951-285-2153,,"21392 Palomar St unit 201, Wildomar, CA 92595, United States",Menifee,CA,P4 | Class B | website has issues | https://wcpautodetailing.com/,,Car Detailers
AG’s Mobile Auto Detailing,,+1-209-355-3850,,,Merced,CA,P4 | Class B | website has issues | http://www.agsdetailandcoatings.com/,,Car Detailers
Above and beyond detailing,,+1-408-770-7521,,"239 Grand Vw Ct, Merced, CA 95341, United States",Merced,CA,P4 | Class B | website has issues | https://aboveandbeyonddetailing209.com/,,Car Detailers
Adventure Auto Detailing LLC,,+1-855-919-5004,,,Merced,CA,P4 | Class B | website has issues | https://pocketsuite.io/book/adventure-auto-detailing,,Car Detailers
Amaros Wash & Detail,,+1-209-587-4182,,"335 Grogan Ave F, Merced, CA 95341, United States",Merced,CA,P4 | Class B | website has issues | https://www.amaroswashanddetail.com/,,Car Detailers
Ceramic Coating Specialists,,+1-209-652-9632,,"2331 R St, Merced, CA 95340, United States",Merced,CA,P4 | Class B | website has issues | https://ceramicoatingspecialists.com/contact-us/,,Car Detailers
Dirty details merced,,+1-209-906-4849,,"697 Chandon Dr, Merced, CA 95348, United States",Merced,CA,P4 | Class B | website has issues | https://dirty-detail-lab.base44.app/,,Car Detailers
Harrell's Mobile Detailing,,+1-408-509-2131,,"1005 W Rumble Rd, Modesto, CA 95350, United States",Merced,CA,P4 | Class B | website has issues | https://harrellsmobiledetail.my.canva.site/,,Car Detailers
Refined Mobile Detailing,,+1-559-451-5605,,,Merced,CA,P4 | Class B | website has issues | http://refinedmobiledetailing.co/,,Car Detailers
Sleek Detailing,,+1-209-930-0477,,,Merced,CA,P4 | Class B | website has issues | http://detailsleek.com/,,Car Detailers
Speedys Mobile Detailing,,+1-209-202-6353,,"1649 McCormick St, Turlock, CA 95380, United States",Merced,CA,P4 | Class B | website has issues | http://www.speedysmobiledetailing.net/,,Car Detailers
Ultra Car Care,,+1-209-446-8478,,"1275 Wildcat Dr, Merced, CA 95348, United States",Merced,CA,P4 | Class B | website has issues | https://ultraca.co/,,Car Detailers
AJ Professional Detailing,,+1-408-947-1111,,"702 Coleman Ave, San Jose, CA 95110, United States",Milpitas,CA,P4 | Class B | website has issues | https://www.ajautodetail.com/,,Car Detailers
AURENX Car Detailing,,+1-408-886-9576,,"2004 Sierra Rd, San Jose, CA 95131, United States",Milpitas,CA,P4 | Class B | website has issues | https://aurenxdetail.site/,,Car Detailers
Canova Brothers Auto Detail,,+1-408-432-7324,,,Milpitas,CA,P4 | Class B | website has issues | https://canovabrosautodetailing.com/,,Car Detailers
Coating Kings Studio,,+1-650-430-9144,,"3340 Bassett St, Santa Clara, CA 95054, United States",Milpitas,CA,P4 | Class B | website has issues | https://coatingkingstudio.com/,,Car Detailers
K.N.K Detailing,,+1-408-726-3495,,"Flickinger Ave, San Jose, CA 95131, United States",Milpitas,CA,P4 | Class B | website has issues | http://knkdetailing.com/,,Car Detailers
Manuel's Auto Detail,,+1-408-605-8034,,"701 Kings Row STE. 23B, San Jose, CA 95112, United States",Milpitas,CA,P4 | Class B | website has issues | https://manuelautodetails.com/,,Car Detailers
Sharp Auto Detailing Service,,+1-408-816-9030,,"531 Bellwood Dr, Santa Clara, CA 95054, United States",Milpitas,CA,P4 | Class B | website has issues | http://sharpautodetail.com/,,Car Detailers
SparkleGo Mobile Detailing & Services,,+1-415-828-5000,,,Milpitas,CA,P4 | Class B | website has issues | https://sparklego.com/,,Car Detailers
Supreme Detailworks,,+1-408-621-3161,,"527 Charcot Ave #329, San Jose, CA 95131, United States",Milpitas,CA,P4 | Class B | website has issues | http://www.supremedetailworks.com/,,Car Detailers
Wavvy Detailing,,+1-408-393-4430,,,Milpitas,CA,P4 | Class B | website has issues | http://wavvydetailing.com/,,Car Detailers
890CityShine,,+1-949-866-2003,,,Mission Viejo,CA,P4 | Class B | website has issues | https://890cityshine.my.canva.site/,,Car Detailers
ANP Auto Detailing,,+1-949-647-4433,,,Mission Viejo,CA,P4 | Class B | website has issues | https://anpautodetailing.com/,,Car Detailers
All American Detailing,,+1-757-837-6359,,"Mission Viejo, CA 92691, United States",Mission Viejo,CA,P4 | Class B | website has issues | https://aamericandetailingllc.com/,,Car Detailers
Apex Mobile Auto Detailing,,+1-858-256-1998,,,Mission Viejo,CA,P4 | Class B | website has issues | https://apexdetails.com/,,Car Detailers
Autova Car Detailing,,+1-949-628-6362,,"27082 O'Neill Dr, Mission Viejo, CA 92694, United States",Mission Viejo,CA,P4 | Class B | website has issues | https://autovacardetailing.site/,,Car Detailers
Browne’s Mobile Detailing,,+1-949-680-5141,,,Mission Viejo,CA,P4 | Class B | website has issues | https://brownes-mobiledetailing.com/,,Car Detailers
HIGH DETAIL CAR DETAILING,,+1-949-832-6858,,"44 Coventry Ln, Aliso Viejo, CA 92656, United States",Mission Viejo,CA,P4 | Class B | website has issues | https://highdetailcardetailing.site/,,Car Detailers
Ladera Detail Mobile Car Detailing and Paint Correction Service,,+1-949-844-5867,,,Mission Viejo,CA,P4 | Class B | website has issues | https://laderadetail.com/,,Car Detailers
The Detail Haus OC,,+1-949-987-1337,,"136 Jaripol Cir, Rancho Mission Viejo, CA 92694, United States",Mission Viejo,CA,P4 | Class B | website has issues | http://www.detailhausoc.com/,,Car Detailers
VS Detailing - Professional Detailing Services,,+1-445-888-2133,,,Mission Viejo,CA,P4 | Class B | website has issues | http://www.vsdetailingusa.com/,,Car Detailers
CAL Auto Care,,+1-510-512-4484,,,Modesto,CA,P4 | Class B | website has issues | https://calautocare.shop/,,Car Detailers
Car Pretty,,+1-209-526-8688,,"4207 McHenry Ave, Modesto, CA 95356, United States",Modesto,CA,P4 | Class B | website has issues | http://carpretty.us/,,Car Detailers
Premier Werkz Auto Salon,,+1-408-981-2902,,"4629 Spyres Way F, Modesto, CA 95356, United States",Modesto,CA,P4 | Class B | website has issues | https://www.premierwerkz.com/,,Car Detailers
Valley Detail Co,,+1-209-312-1268,,,Modesto,CA,P4 | Class B | website has issues | https://valleydetailco.site/,,Car Detailers
Coastal Lux Auto Spa,,+1-831-264-3353,,"1390 Hillsdale St, Seaside, CA 93955, United States",Monterey,CA,P4 | Class B | website has issues | https://goldencoastdetails.com/,,Car Detailers
Coastal Shine Auto Detailing,,+1-831-346-0098,,,Monterey,CA,P4 | Class B | website has issues | https://coastalshineautodetailing.com/,,Car Detailers
Deep Detailing,,+1-831-277-3792,,,Monterey,CA,P4 | Class B | website has issues | https://brand.site/deepdetailing/contact,,Car Detailers
Detailers by the Sea,,+1-831-620-9125,,,Monterey,CA,P4 | Class B | website has issues | https://www.detailersbythesea.com/,,Car Detailers
Essence pro auto,,+1-831-601-5393,,,Monterey,CA,P4 | Class B | website has issues | https://brand.site/essenceproauto/contact?fbclid=PAQ0xDSwMJwsRleHRuA2FlbQIxMQABp9n4EkmV2ZnL-441TVA3TKfrOpQXjuB5djS37CrHSnbz0yfmhRB2XqTT5oVw_aem_Ri0a7QICWYxrewfng26IeA,,Car Detailers
Jim's Detailing & Auto Stereo,,+1-831-375-5733,,"2230 Del Monte Ave building 5, Monterey, CA 93940, United States",Monterey,CA,P4 | Class B | website has issues | http://jimsdetailing.com/,,Car Detailers
Monterey Bay Auto Spa|Auto Detailing|Mobile Detailing,,+1-831-643-5333,,,Monterey,CA,P4 | Class B | website has issues | http://www.montereybayautospa.com/,,Car Detailers
Pacific Auto Detail,,+1-831-801-8324,,"2969 Monterey - Salinas Hwy Unit C-21, Monterey, CA 93940, United States",Monterey,CA,P4 | Class B | website has issues | http://pacificdetail.com/,,Car Detailers
RestorFx AutoSpa,,+1-831-236-9694,,"224 Reindollar Ave Ste 4114, Marina, CA 93933, United States",Monterey,CA,P4 | Class B | website has issues | http://restorfx.imagedigital10g.com/?fbclid=PAAaaDEefy-1potxDdvIJWlbFTmUoEViCqpVIMgvWm-HVsK3xIOu2DuVqR2XA,,Car Detailers
StayPolishedUSA,,+1-831-915-3706,,,Monterey,CA,P4 | Class B | website has issues | http://www.staypolishedusa.com/,,Car Detailers
brothers auto detail,,+1-831-402-2403,,"1187 Del Monte Ave, Monterey, CA 93940, United States",Monterey,CA,P4 | Class B | website has issues | https://brothersautodetails.web.app/,,Car Detailers
shinydetailzz,,+1-831-224-3959,,,Monterey,CA,P4 | Class B | website has issues | https://dot.cards/shinydetailzz,,Car Detailers
DTAILS,,+1-844-619-5448,,,Moreno Valley,CA,P4 | Class B | website has issues | https://pocketsuite.io/book/dtails,,Car Detailers
Daybreak Mobile Detailing,,+1-951-560-0637,,"640 Massachusetts Ave, Riverside, CA 92507, United States",Moreno Valley,CA,P4 | Class B | website has issues | https://booking.detailermade.com/db9f7411-e6f9-41d2-9ea1-70d76110e10b,,Car Detailers
Detail Origins Auto Detailing LLC,,+1-951-379-6958,,,Moreno Valley,CA,P4 | Class B | website has issues | https://detailorigins.my.canva.site/we-know-auto-detailing,,Car Detailers
Divine Innovations mobile detailing,,+1-909-769-7472,,,Moreno Valley,CA,P4 | Class B | website has issues | https://di-detailing.com/,,Car Detailers
Duenas Bros Auto Detail,,+1-951-213-9063,,,Moreno Valley,CA,P4 | Class B | website has issues | https://duenasbrosautodetail.com/,,Car Detailers
Elite Detailing,,+1-909-235-9291,,"446 Tennessee St, Redlands, CA 92373, United States",Moreno Valley,CA,P4 | Class B | website has issues | http://elitedetailingredlands.com/,,Car Detailers
Gray’s Mobile Detailing,,+1-951-772-1909,,,Moreno Valley,CA,P4 | Class B | website has issues | http://www.graysmobiledetail.com/,,Car Detailers
JAX Auto Detailers,,+1-951-251-4162,,,Moreno Valley,CA,P4 | Class B | website has issues | https://sites.google.com/view/jaxautodetailers/home,,Car Detailers
Kobeeno’s Mobile Wash,,+1-951-531-3292,,,Moreno Valley,CA,P4 | Class B | website has issues | https://detail-delivers-site.lovable.app/,,Car Detailers
Mel - X Mobile Detailing,,+1-909-588-4428,,,Moreno Valley,CA,P4 | Class B | website has issues | http://melxdetailing.com/,,Car Detailers
NSL Details Car Detailing Riverside,,+1-951-840-8420,,"16440 Havenwood Rd, Moreno Valley, CA 92551, United States",Moreno Valley,CA,P4 | Class B | website has issues | https://nsldetails.com/contact,,Car Detailers
Redemption Detail,,+1-909-528-5890,,,Moreno Valley,CA,P4 | Class B | website has issues | https://redemptiondetail.com/,,Car Detailers
Ruelas Auto Detailing,,+1-951-292-3174,,"26470 Mapleridge Way, Moreno Valley, CA 92555, United States",Moreno Valley,CA,P4 | Class B | website has issues | https://ruelasautodetail.wixsite.com/mysite,,Car Detailers
Shine Pro Mobile Detail,,+1-951-992-0004,,,Moreno Valley,CA,P4 | Class B | website has issues | http://shinepromobiledetail.net/,,Car Detailers
Xclusive Auto Tint & Detailing,,+1-909-685-7445,,"21875 Eucalyptus Ave, Moreno Valley, CA 92553, United States",Moreno Valley,CA,P4 | Class B | website has issues | http://www.xclusiveautocare.com/,,Car Detailers
Auto Bay Detailing,,+1-669-251-4657,,,Morgan Hill,CA,P4 | Class B | website has issues | http://autobaydetailing.com/,,Car Detailers
Golden Crown Detailing | & Headlight Restorations in Morgan Hill,,+1-408-762-8335,,,Morgan Hill,CA,P4 | Class B | website has issues | https://goldencrowndetailing.com/,,Car Detailers
Monkey's Car Detail and Shine,,+1-408-691-1839,,,Morgan Hill,CA,P4 | Class B | website has issues | https://monkeys-shine-morganhill.lovable.app/,,Car Detailers
Shine Theory Mobile Detailing,,+1-605-669-5417,,,Morgan Hill,CA,P4 | Class B | website has issues | https://shinetheorydetailing.com/#about,,Car Detailers
Five Star Auto Detailing,,+1-650-280-5597,,,Mountain View,CA,P4 | Class B | website has issues | http://fivestarautodetailing.com/,,Car Detailers
Isac's mobile detailing,,+1-650-716-7715,,,Mountain View,CA,P4 | Class B | website has issues | https://book.heygoldie.com/Isacs-mobile-detailing,,Car Detailers
Nick's Detail,,+1-650-963-6167,,,Mountain View,CA,P4 | Class B | website has issues | http://www.nicksdetail.co/,,Car Detailers
Panda Auto Detail,,+1-669-305-8081,,,Mountain View,CA,P4 | Class B | website has issues | https://www.pandaautodetail.com/,,Car Detailers
Peanuts auto detailing,,+1-408-234-5401,,"Iris Ave, Sunnyvale, CA 94086, United States",Mountain View,CA,P4 | Class B | website has issues | http://peanutsautodetailing.com/,,Car Detailers
Perfection Auto Detail,,+1-650-968-7555,,"1905 Old Middlefield Way Ste c, Mountain View, CA 94043, United States",Mountain View,CA,P4 | Class B | website has issues | http://perfectionautodetail.com/,,Car Detailers
Rem Detailing,,+1-408-940-1092,,,Mountain View,CA,P4 | Class B | website has issues | https://remdetailing.com/,,Car Detailers
Slick Mobile Detailing,,+1-650-716-8933,,"Slick mobile detailing, Palo Alto, CA 94301, United States",Mountain View,CA,P4 | Class B | website has issues | https://slick-mobiledetailing.com/,,Car Detailers
We Care Wash Mobile Auto Detailing,,+1-424-542-2741,,,Mountain View,CA,P4 | Class B | website has issues | https://www.we-care-wash.com/,,Car Detailers
BTR Detailing LLC,,+1-951-526-1754,,"42225 Remington Ave A17, Temecula, CA 92590, United States",Murrieta,CA,P4 | Class B | website has issues | http://btrdetailingllc.com/,,Car Detailers
Blue Drop Auto Detailing,,+1-858-305-7770,,"Harveston Dr, Temecula, CA 92591, United States",Murrieta,CA,P4 | Class B | website has issues | https://www.bluedropautodetailing.com/,,Car Detailers
DBR Auto Detail - Ceramic Coating - Paint Correction - Dry Ice Detailing,,+1-951-401-7303,,"41581 Date St, Murrieta, CA 92562, United States",Murrieta,CA,P4 | Class B | website has issues | https://www.dbrautodetail.com/,,Car Detailers
Dre's Mobile Detail,,+1-951-404-6307,,"44575 Brentwood Pl, Temecula, CA 92592, United States",Murrieta,CA,P4 | Class B | website has issues | https://www.dresautodetails.com/#/,,Car Detailers
HP-Detailing,,+1-951-579-0250,,,Murrieta,CA,P4 | Class B | website has issues | https://hp-detail.com/,,Car Detailers
Johnny Q Auto Detailing,,+1-951-805-4257,,,Murrieta,CA,P4 | Class B | website has issues | https://johnnyqmobiledetailing.com/,,Car Detailers
Lynch and Son's Mobile Detailing and ceramic,,+1-951-741-6632,,,Murrieta,CA,P4 | Class B | website has issues | http://lynchandsonmobile.com/,,Car Detailers
Mobile Turtle Fleet & Auto Detailing,,+1-909-809-2155,,"40764 Winchester Rd Ste 590, Temecula, CA 92591, United States",Murrieta,CA,P4 | Class B | website has issues | http://www.themobileturtle.com/,,Car Detailers
Podium Protection Film,,+1-951-234-0622,,"26900 Jefferson Ave #120, Murrieta, CA 92562, United States",Murrieta,CA,P4 | Class B | website has issues | https://www.podiumprotectionfilm.com/,,Car Detailers
Precision Mobile Detailing,,+1-951-387-4893,,,Murrieta,CA,P4 | Class B | website has issues | https://pocketsuite.io/link/G1Gj,,Car Detailers
Redeemer Mobile Detailing,,+1-714-457-7331,,,Murrieta,CA,P4 | Class B | website has issues | http://www.redeemermobile.com/,,Car Detailers
Signature Detail & Tint,,+1-951-484-0980,,"42066 Avenida Alvarado Ste K, Temecula, CA 92590, United States",Murrieta,CA,P4 | Class B | website has issues | http://smdtemecula.com/,,Car Detailers
Suds Auto Detailing,,+1-951-523-7837,,"42108 Roick Dr B, Temecula, CA 92590, United States",Murrieta,CA,P4 | Class B | website has issues | http://sudsmobiledetail.com/,,Car Detailers
Super Shine Mobile Auto Detailing,,+1-619-552-5291,,,Murrieta,CA,P4 | Class B | website has issues | http://www.supershinead.com/,,Car Detailers
TNC Mobile Detailing,,+1-858-239-0993,,,Murrieta,CA,P4 | Class B | website has issues | https://tnccardetailing.com/,,Car Detailers
Yancey’s auto detailing,,+1-760-828-2314,,"41746 Gilwood Ct, Temecula, CA 92591, United States",Murrieta,CA,P4 | Class B | website has issues | https://www.yaddetailing.com/?utm_source=google&utm_medium=organic&utm_campaign=gbp,,Car Detailers
ATTN2DETAIL | Paint Protection Film • Vinyl Wraps • Window Tint • Fleet Graphics,,+1-707-812-8703,,"1760 Industrial Way Ste 3, Napa, CA 94558, United States",Napa,CA,P4 | Class B | website has issues | http://www.attn2detail.co/,,Car Detailers
Azex Mobile Auto Detailing,,+1-760-605-8561,,,Napa,CA,P4 | Class B | website has issues | https://azexautodetailing.com/,,Car Detailers
Blue sapphire detailing,,+1-707-363-7003,,,Napa,CA,P4 | Class B | website has issues | https://web.detailconnect.app/u=blue-sapphire-detailing--LA5QW6,,Car Detailers
Grit To Gloss Co.,,+1-707-512-0415,,,Napa,CA,P4 | Class B | website has issues | https://www.grittoglossco.com/,,Car Detailers
Mobile Pro Detail,,+1-702-389-0763,,,Napa,CA,P4 | Class B | website has issues | https://mobileprodetail.com/,,Car Detailers
Ozzie's Mobile Auto Detailing,,+1-707-260-9839,,,Napa,CA,P4 | Class B | website has issues | http://www.ozziesmobileautodetailing.com/,,Car Detailers
Platinum Mobile Detailing,,+1-707-299-7471,,,Napa,CA,P4 | Class B | website has issues | https://platinummobiledetailingnapa.com/,,Car Detailers
Prime Auto Detailing And Automotive Services,,+1-707-307-5430,,,Napa,CA,P4 | Class B | website has issues | http://www.pad707.com/,,Car Detailers
Roadsters Auto Detailing Napa,,+1-707-353-4946,,"1760 Industrial Way Ste 3, Napa, CA 94558, United States",Napa,CA,P4 | Class B | website has issues | http://roadstersdetailing.com/,,Car Detailers
Roadsters Detailing,,+1-510-443-4430,,,Napa,CA,P4 | Class B | website has issues | https://roadstersdetailing.com/,,Car Detailers
Smith Standard & Co Luxury Mobile Detailing,,+1-707-337-9568,,,Napa,CA,P4 | Class B | website has issues | http://smith-standard-co.com/,,Car Detailers
Zz Best Driven Mobile Detail,,+1-707-309-4694,,,Napa,CA,P4 | Class B | website has issues | https://mobileprodetail.com/,,Car Detailers
24KT Auto Detail,,+1-562-650-2608,,,Norwalk,CA,P4 | Class B | website has issues | https://24ktautocare.jobbersites.com/,,Car Detailers
De la Riva Detailing,,+1-562-688-0359,,,Norwalk,CA,P4 | Class B | website has issues | https://brand.site/DeLaRivaDetailing,,Car Detailers
Duda’s Detailing,,+1-562-322-0063,,,Norwalk,CA,P4 | Class B | website has issues | https://dudasdetailing.net/,,Car Detailers
Reflections Auto Detailing,,+1-323-538-4088,,,Norwalk,CA,P4 | Class B | website has issues | https://reflections-auto-detailing.reservio.com/booking,,Car Detailers
Auto Shine Mobile Detailing,,+1-415-876-9072,,,Novato,CA,P4 | Class B | website has issues | https://pocketsuite.io/book/auto-shine-mobile-detailing?channel=suitelink,,Car Detailers
Hudson's Mobile Detailing Of Novato,,+1-415-911-3048,,"212 Vintage Way, Novato, CA 94945, United States",Novato,CA,P4 | Class B | website has issues | https://hudsonmobiledetail.com/packages,,Car Detailers
Marin Detailing Company,,+1-415-763-9411,,"55 Galli Dr H, Novato, CA 94949, United States",Novato,CA,P4 | Class B | website has issues | http://marindetailingco.com/,,Car Detailers
Marin Mobile Detailing,,+1-415-761-0270,,,Novato,CA,P4 | Class B | website has issues | https://www.marinmobiledetailing.com/,,Car Detailers
North Bay Auto Care,,+1-415-496-9117,,,Novato,CA,P4 | Class B | website has issues | https://northbayautocare.com/,,Car Detailers
Sam’s Detailing | Auto Detail,,+1-415-622-6966,,,Novato,CA,P4 | Class B | website has issues | https://samsdetailingca.wixsite.com/sams-detailing,,Car Detailers
Exotic Appearance,,+1-209-630-1003,,,Oakdale,CA,P4 | Class B | website has issues | https://www.exoticappearance.com/,,Car Detailers
JTs Oakdale Mobile Detailing,,+1-209-596-1373,,,Oakdale,CA,P4 | Class B | website has issues | http://jtsautomotivedetailing.com/,,Car Detailers
R&D Detailing And Collision,,+1-209-273-0733,,,Oakdale,CA,P4 | Class B | website has issues | https://lidiaquiroz93.wixsite.com/rdcollisiondetail,,Car Detailers
Showtime Detail Service,,+1-209-923-0962,,"607 Hedburg Way Suite #1, Oakdale, CA 95361, United States",Oakdale,CA,P4 | Class B | website has issues | https://showtimedetailingservice.com/,,Car Detailers
Sparkle Shine Detailing,,+1-209-840-7940,,,Oakdale,CA,P4 | Class B | website has issues | https://booking.detailermade.com/7bced0e9-fb24-45e2-8861-7bae6ec450ee,,Car Detailers
Crystal Bay Car Detailing,,+1-760-621-7542,,"405 N Clementine St, Oceanside, CA 92054, United States",Oceanside,CA,P4 | Class B | website has issues | https://crystalbaycardetailing.shop/,,Car Detailers
DnA Auto Detailing,,+1-760-575-0782,,,Oceanside,CA,P4 | Class B | website has issues | https://sites.google.com/view/dnaautodetailing/home,,Car Detailers
Fresh Drive Car Detailing,,+1-760-230-0518,,"2725 Thunder Dr, Oceanside, CA 92056, United States",Oceanside,CA,P4 | Class B | website has issues | https://freshdrivecardetailing.shop/,,Car Detailers
GDNZ Auto Detail,,+1-442-271-9352,,,Oceanside,CA,P4 | Class B | website has issues | https://gdnzautodetailing.replit.app/,,Car Detailers
JC Mobile Detailing,,+1-760-385-5955,,,Oceanside,CA,P4 | Class B | website has issues | https://book.heygoldie.com/JC-Mobile-Detailing,,Car Detailers
Luis Mobile Detailing,,+1-760-846-9367,,,Oceanside,CA,P4 | Class B | website has issues | https://luismobiledetailin.wixsite.com/luismobiledetailing,,Car Detailers
Pacific Pearl car detailing,,+1-206-818-6201,,"4700 N River Rd, Oceanside, CA 92057, United States",Oceanside,CA,P4 | Class B | website has issues | https://pacificpearlcardetailing.site/,,Car Detailers
Surf and Shine Auto Detailing,,+1-760-334-9440,,,Oceanside,CA,P4 | Class B | website has issues | https://surfandshinedetail.com/,,Car Detailers
Tide Line Car Detailing,,+1-760-456-8698,,"5568 Thoroughbred St, Oceanside, CA 92057, United States",Oceanside,CA,P4 | Class B | website has issues | https://tidelinecardetailing.shop/,,Car Detailers
Arnold's Detailing,,+1-909-472-1768,,,Ontario,CA,P4 | Class B | website has issues | https://arnoldsdetailing1.wixsite.com/arnoldsdetailing?fbclid=PAAabiUvx8ylA1CEFmtnHT8HKIkxMlAA0H7f6kqN8Iem0JX32CbQrPFcjJgnM,,Car Detailers
Car Care Mobile Detailing Upland,,+1-909-536-1941,,,Ontario,CA,P4 | Class B | website has issues | http://cycdetailing.com/,,Car Detailers
Detail By KC,,+1-909-395-6932,,"8026 Lion St, Rancho Cucamonga, CA 91730, United States",Ontario,CA,P4 | Class B | website has issues | http://detailbykc.com/contact/,,Car Detailers
Dirty & Clean Mobile Detailing,,+1-909-260-5283,,"4138 Mission Blvd, Montclair, CA 91763, United States",Ontario,CA,P4 | Class B | website has issues | http://dirtycleanmobiledetailing.com/,,Car Detailers
Foamed Auto Spa,,+1-213-308-1239,,"1805 N Amador Ave, Ontario, CA 91764, United States",Ontario,CA,P4 | Class B | website has issues | http://www.foamedautospa.com/,,Car Detailers
Happy Bubbles Detailing,,+1-909-948-3440,,"1050 Ontario Mills Dr, Ontario, CA 91764, United States",Ontario,CA,P4 | Class B | website has issues | https://www.happybubblescarwash.com/,,Car Detailers
JH AUTO DETAILING,,+1-323-839-9634,,"9593 Brook Dr, Rancho Cucamonga, CA 91730, United States",Ontario,CA,P4 | Class B | website has issues | https://jh-autodetailing.com/,,Car Detailers
Ontario Auto Detailing,,+1-909-637-3732,,,Ontario,CA,P4 | Class B | website has issues | https://www.ontarioautodetailing.com/,,Car Detailers
Perfect Shine Mobile Auto Detailing,,+1-909-358-8057,,,Ontario,CA,P4 | Class B | website has issues | https://myperfectshine.com/,,Car Detailers
Prime Auto Detailing and Ceramic Coatings,,+1-909-815-1393,,"9380 7th St Unit G, Rancho Cucamonga, CA 91730, United States",Ontario,CA,P4 | Class B | website has issues | https://primeautodetailingcc.com/,,Car Detailers
Spotless Auto Detailing,,+1-909-910-0473,,,Ontario,CA,P4 | Class B | website has issues | https://www.spotlessautodetaild.com/,,Car Detailers
h2o Auto Detail Supply ontario,,+1-909-333-0963,,"1640 E Francis St, Ontario, CA 91761, United States",Ontario,CA,P4 | Class B | website has issues | http://www.h2oautodetailsupply.com/,,Car Detailers
BLACKSHIELD AUTODETAIL BY ENRIQUE TORRES,,+1-714-955-2000,,"818 W Katella Ave, Orange, CA 92867, United States",Orange,CA,P4 | Class B | website has issues | http://www.blackshieldautodetail.com/,,Car Detailers
Detail Pro TD,,+1-714-910-5960,,"1535 E 1st St, Santa Ana, CA 92701, United States",Orange,CA,P4 | Class B | website has issues | https://www.detailprotd.com/,,Car Detailers
Dom Auto Detail,,+1-949-510-8122,,"726 N Parkcenter Dr, Santa Ana, CA 92705, United States",Orange,CA,P4 | Class B | website has issues | https://domautodetail.gosite.com/,,Car Detailers
OC Professional Detailing,,+1-714-713-3755,,"1638 Palm St, Santa Ana, CA 92701, United States",Orange,CA,P4 | Class B | website has issues | https://ocprofessionaldetailing.com/,,Car Detailers
OC Team Carwash Mobile Detailing,,+1-805-332-7562,,,Orange,CA,P4 | Class B | website has issues | https://octeamcarwashdetailing.com/,,Car Detailers
Optima Auto Detailing,,+1-714-280-7088,,"8502 E Chapman Ave, Orange, CA 92869, United States",Orange,CA,P4 | Class B | website has issues | https://www.optimadetailing.com/,,Car Detailers
Quinto Sol Auto Detailing,,+1-951-258-2924,,"1730 S Marine St, Santa Ana, CA 92704, United States",Orange,CA,P4 | Class B | website has issues | https://mobileautodetailingquintosol.com/,,Car Detailers
Santa Ana Mobile Detailing,,+1-714-930-2181,,,Orange,CA,P4 | Class B | website has issues | http://www.santaanamobiledetailing.com/,,Car Detailers
Vasquez car wash and detail mobile,,+1-714-336-8545,,,Orange,CA,P4 | Class B | website has issues | https://vasquezcarwashanddetail.com/menu,,Car Detailers
Mike's Express Detailing,,+1-530-353-8003,,"2610 Olive Hwy Suite 2, Oroville, CA 95966, United States",Oroville,CA,P4 | Class B | website has issues | https://www.orovilledetail.com/,,Car Detailers
Crystal Clear Premium Auto Detailing & ceramic coatings,,+1-805-415-6146,,"2400 E Pleasant Valley Rd, Oxnard, CA 93033, United States",Oxnard,CA,P4 | Class B | website has issues | https://my.mobiledetailing.app/vehicle.php?c=crystalclearauto,,Car Detailers
Eight O Five Detail Shop,,+1-805-746-9885,,"2747 Sherwin Ave # B-13, Ventura, CA 93003, United States",Oxnard,CA,P4 | Class B | website has issues | https://eightofivedetailshop.com/,,Car Detailers
Go Green Detailing,,+1-805-538-6057,,"2715 E Vineyard Ave, Oxnard, CA 93036, United States",Oxnard,CA,P4 | Class B | website has issues | https://gogreendtl-qa5fsgx5.manus.space/#dealerships,,Car Detailers
M2M AUTO SPA,,+1-805-673-0967,,"2646 Palma Dr Unit 330, Ventura, CA 93003, United States",Oxnard,CA,P4 | Class B | website has issues | http://m2mautospa.com/,,Car Detailers
Rivera's Mobile,,+1-805-994-6681,,,Oxnard,CA,P4 | Class B | website has issues | https://sites.google.com/view/riverasmobile/home-page,,Car Detailers
Shine Supply,,+1-805-535-4332,,"1343 Callens Rd, Ventura, CA 93003, United States",Oxnard,CA,P4 | Class B | website has issues | http://www.shinesupply.com/,,Car Detailers
The Detailshop Inc,,+1-805-485-9700,,"2550 E Vineyard Ave #100, Oxnard, CA 93036, United States",Oxnard,CA,P4 | Class B | website has issues | https://thedetailshops.com/,,Car Detailers
The Detailshop Inc.,,+1-805-247-1400,,"201 S Oxnard Blvd, Oxnard, CA 93030, United States",Oxnard,CA,P4 | Class B | website has issues | https://thedetailshops.com/,,Car Detailers
VIP Mobile Detailing,,+1-661-250-0927,,,Oxnard,CA,P4 | Class B | website has issues | http://www.vipmobiledetailing.com/,,Car Detailers
Anderson Mobile Detailing - Certified Ceramic Coat Installer,,+1-760-699-4092,,,Palm Desert,CA,P4 | Class B | website has issues | http://www.andersonmobiledetailing.com/,,Car Detailers
Aparicio’s Mobile Car Wash & Detailing,,+1-760-851-8778,,"73285 Santa Rosa Way, Palm Desert, CA 92260, United States",Palm Desert,CA,P4 | Class B | website has issues | http://aparicioscarwash.com/,,Car Detailers
KMH Headlights LLC,,+1-760-851-3940,,,Palm Desert,CA,P4 | Class B | website has issues | https://kmh-headlights-llc.merlin.site/,,Car Detailers
Loyalty Detail Services Certified Ceramic Installer,,+1-760-610-4049,,"hwy111, Palm Desert, CA 92260, United States",Palm Desert,CA,P4 | Class B | website has issues | http://loyaltydetailservices.com/,,Car Detailers
Melgar's Auto Detail Supplies,,+1-760-464-0406,,"32150 Candlewood Dr #4, Cathedral City, CA 92234, United States",Palm Desert,CA,P4 | Class B | website has issues | https://melgarautodetailsupplies.com/,,Car Detailers
Monster Mobile Detailing Services /Ceramic coating/ Palm Springs,,+1-866-843-5836,,,Palm Desert,CA,P4 | Class B | website has issues | https://www.monstermobiledetailingca.com/,,Car Detailers
CleanAndReady Mobile Auto Detailing,,+1-760-812-3929,,,Palm Springs,CA,P4 | Class B | website has issues | http://www.cleannready.com/,,Car Detailers
CleanRidez Mobile Detailing,,+1-760-534-4359,,,Palm Springs,CA,P4 | Class B | website has issues | https://cleanridezdetailing.wixsite.com/cleanridez,,Car Detailers
Desert Luxe Detailing,,+1-760-567-5553,,,Palm Springs,CA,P4 | Class B | website has issues | https://desertluxedetailing.com/,,Car Detailers
Lopez Detailing,,+1-760-902-3479,,"1243 N Gene Autry Trail Ste 103, Palm Springs, CA 92262, United States",Palm Springs,CA,P4 | Class B | website has issues | https://lopezdetailing.net/,,Car Detailers
Palm Springs Car Detailing,,+1-760-840-5440,,,Palm Springs,CA,P4 | Class B | website has issues | http://palmspringscardetailing.com/,,Car Detailers
ProShine Mobile Car Wash-N-Detailing,,+1-760-428-8201,,"3111 E Tahquitz Canyon Way Suite 131, Palm Springs, CA 92262, United States",Palm Springs,CA,P4 | Class B | website has issues | https://timetoshineautodetailing.com/,,Car Detailers
Time to Shine Mobile Car Wash & Detailing,,+1-628-468-3022,,"10633 Aurora Pl Unit 1, Desert Hot Springs, CA 92240, United States",Palm Springs,CA,P4 | Class B | website has issues | https://timetoshineautodetailing.com/,,Car Detailers
Blu Owls Mobile Detailing,,+1-661-429-5817,,,Palmdale,CA,P4 | Class B | website has issues | https://youtube.com/channel/UCaWFwYNIBgeRLJOZUaCVeIA,,Car Detailers
Blvdnights detailing,,+1-747-477-9490,,"40059 Tilbury Dr, Palmdale, CA 93551, United States",Palmdale,CA,P4 | Class B | website has issues | http://blvdnightsdetailing.com/,,Car Detailers
Castro’s Detail,,+1-661-540-3869,,,Palmdale,CA,P4 | Class B | website has issues | http://castrosdetail.com/,,Car Detailers
D's Exquisite Detailing,,+1-661-899-0448,,,Palmdale,CA,P4 | Class B | website has issues | https://daveesp2025.wixsite.com/s-exquisite-detail-2,,Car Detailers
Impressive Detail Inc,,+1-818-470-7233,,,Palmdale,CA,P4 | Class B | website has issues | http://www.impressive-detail.com/,,Car Detailers
Kodiak Details,,+1-818-518-7503,,,Palmdale,CA,P4 | Class B | website has issues | http://www.kodiakdetails.com/,,Car Detailers
Lugo’s Mastermind Detailing | Ceramic Coating | Paint Correction | Car Wraps,,+1-626-495-5983,,,Palmdale,CA,P4 | Class B | website has issues | https://www.masterminddetailing.com/,,Car Detailers
Monroy Mobile Detail,,+1-661-916-4916,,,Palmdale,CA,P4 | Class B | website has issues | https://sites.google.com/view/monroymobiledetail/main,,Car Detailers
ATDetail,,+1-818-851-2107,,,Palo Alto,CA,P4 | Class B | website has issues | https://atdetail.shop/,,Car Detailers
Borelli's Detailing,,+1-650-619-0507,,,Palo Alto,CA,P4 | Class B | website has issues | https://borellisdetailing.com/,,Car Detailers
J & J Auto Detailing,,+1-650-368-6171,,"2824 Middlefield Rd, Redwood City, CA 94063, United States",Palo Alto,CA,P4 | Class B | website has issues | https://www.jandjautodetailing.com/,,Car Detailers
AUX Mobile Car Care,,+1-818-850-8242,,,Pasadena,CA,P4 | Class B | website has issues | http://www.auxmobilecarcare.com/,,Car Detailers
Best mobile car wash,,+1-626-239-5274,,,Pasadena,CA,P4 | Class B | website has issues | https://bestmobilecarwash.net/,,Car Detailers
Eco Auto Care Park & Wash Detail Service,,+1-626-789-0209,,"33 E Green St, Pasadena, CA 91105, United States",Pasadena,CA,P4 | Class B | website has issues | http://ecoautocarepw.com/,,Car Detailers
Hustle Bubble Express,,+1-323-577-6755,,,Pasadena,CA,P4 | Class B | website has issues | https://www.hustlebubbleexpress.com/,,Car Detailers
J&A’S Auto Detailing,,+1-626-404-5179,,"2160 N Marengo Ave, Altadena, CA 91001, United States",Pasadena,CA,P4 | Class B | website has issues | https://l.ead.me/JandADetailing,,Car Detailers
PROTECHT Detailing,,+1-626-463-3937,,,Pasadena,CA,P4 | Class B | website has issues | https://protechtdetailing.com/,,Car Detailers
Pasadena Car Detailing Co.,,+1-626-761-0667,,"441 N Los Robles Ave, Pasadena, CA 91101, United States",Pasadena,CA,P4 | Class B | website has issues | https://pasadenadetail.shop/,,Car Detailers
Wash At One Colorado,,+1-626-946-8110,,"30 Union St, Pasadena, CA 91103, United States",Pasadena,CA,P4 | Class B | website has issues | https://www.washatonecolorado.com/,,Car Detailers
Carlos Mobile Detailing,,+1-805-503-9779,,"570 Martin Rd, Templeton, CA 93465, United States",Paso Robles,CA,P4 | Class B | website has issues | http://carlosmobiledetailing805.com/,,Car Detailers
Flawless Touch Detailing llc,,+1-820-206-7149,,"3341 Spring St, Paso Robles, CA 93446, United States",Paso Robles,CA,P4 | Class B | website has issues | http://820flawlesstouchdetailingllc.com/,,Car Detailers
Mobile Detailing & Ceramic Coatings,,+1-805-975-9856,,"545 Fein Ave, Paso Robles, CA 93446, United States",Paso Robles,CA,P4 | Class B | website has issues | http://prcarwash.com/,,Car Detailers
Paso Robles Detail,,+1-805-238-2099,,"1438 Vine St, Paso Robles, CA 93446, United States",Paso Robles,CA,P4 | Class B | website has issues | http://www.pasoroblesdetail.com/,,Car Detailers
Lucentautocare,,+1-559-667-6492,,,Patterson,CA,P4 | Class B | website has issues | https://www.google.com/search?q=LucentAutocare&stick=H4sIAAAAAAAA_-NgU1IxqLAwM041NTaxNDI1tDQ0NU6xMqgwMzEwM01OM0gDihgaGC5i5fMpTU7NK3EsLclPTixKBQDuFRIhOQAAAA&hl=en&mat=CffuWWV1SYiJElcBTVDHnoH__wvyiliVi-Vdw3yyURUPqSQpHPObp-OyJ0u8Gf8TCIFGdISCRxNQPwHXvnejNsbpnQIX8EElpCJ7XT6QpADtDVE-PE7giRUVroGWqrdXaEQ&authuser=0,,Car Detailers
Upper Echelon Detailing,,+1-209-695-9885,,"69 S 1st St, Patterson, CA 95363, United States",Patterson,CA,P4 | Class B | website has issues | https://www.upperechelondetailing.net/,,Car Detailers
Blue Chip Auto Detailing,,+1-415-310-4465,,,Petaluma,CA,P4 | Class B | website has issues | https://bluechipautodetailers.com/,,Car Detailers
Bright Works Detailing,,+1-415-827-0774,,,Petaluma,CA,P4 | Class B | website has issues | http://brightworksdetailing.com/,,Car Detailers
DoubleWave Mobile Detailing,,+1-707-331-3169,,,Petaluma,CA,P4 | Class B | website has issues | http://www.doublewavedetailing.com/,,Car Detailers
Kizer NorthBay Detailing,,+1-707-309-8564,,"18185 Happy Lane, 255 W Railroad Ave, Cotati, CA 94931, United States",Petaluma,CA,P4 | Class B | website has issues | https://kizerdetail.com/,,Car Detailers
LV Auto Detail,,+1-707-981-6414,,"711 G St, Petaluma, CA 94952, United States",Petaluma,CA,P4 | Class B | website has issues | https://lvautodetail.simplybook.me/v2/#show-on-map/yes,,Car Detailers
Lozano’s Auto Detail: In Petaluma,,+1-415-985-5614,,,Petaluma,CA,P4 | Class B | website has issues | http://lad.llc/,,Car Detailers
REGENIX DETAILING | Petaluma,,+1-707-490-7795,,"1321 Commerce St Suite N, Petaluma, CA 94954, United States",Petaluma,CA,P4 | Class B | website has issues | http://www.regenixdetailing.com/,,Car Detailers
Steez Auto Detailing,,+1-707-857-6396,,,Petaluma,CA,P4 | Class B | website has issues | https://steezautodetailing.com/,,Car Detailers
Fuego Precision Cleaning Services LLC,,+1-925-597-8533,,,Pittsburg,CA,P4 | Class B | website has issues | https://fuegodetailing.org/,,Car Detailers
BZ Auto Detailing,,+1-909-635-9877,,,Pomona,CA,P4 | Class B | website has issues | https://bzautodetailing.com/,,Car Detailers
Brad's Auto Detailing,,+1-626-297-8131,,"1124 W Juanita Ave, San Dimas, CA 91773, United States",Pomona,CA,P4 | Class B | website has issues | http://www.bradsmobiledetailing.com/About-Us.html,,Car Detailers
Finish-Line Car Detailing Diamond Bar,,+1-909-302-0296,,"1317 S Diamond Bar Blvd, Diamond Bar, CA 91765, United States",Pomona,CA,P4 | Class B | website has issues | http://finishlinedetails.com/,,Car Detailers
LKS Proper Mobile Detailing,,+1-626-506-0275,,"20772 E Crest Ln, Walnut, CA 91789, United States",Pomona,CA,P4 | Class B | website has issues | https://www.propermobiledetailing.com/why-detail,,Car Detailers
Mick's Paint,,+1-310-947-6727,,"1359 E Grand Ave, Pomona, CA 91766, United States",Pomona,CA,P4 | Class B | website has issues | http://mickspaint.com/,,Car Detailers
Pinpoint Mobile Detailing La Verne,,+1-909-323-7598,,"4749 Hale Ave, La Verne, CA 91750, United States",Pomona,CA,P4 | Class B | website has issues | https://joshp1928.wixsite.com/pinpoint-detailing,,Car Detailers
Reyes Automotive,,+1-626-862-9658,,"590 E Arrow Hwy, San Dimas, CA 91773, United States",Pomona,CA,P4 | Class B | website has issues | http://reyesautomotivedetailing.com/,,Car Detailers
Splash Bros. Mobile Detailing,,+1-909-928-3578,,,Pomona,CA,P4 | Class B | website has issues | http://splashbrosmobiledetailing.com/,,Car Detailers
Ventura Autodetailing,,+1-909-973-6687,,"1432 S Park Ave, Pomona, CA 91766, United States",Pomona,CA,P4 | Class B | website has issues | http://www.venturaautodetailing.com/,,Car Detailers
Diamond Auto Detailing,,+1-559-270-3508,,,Porterville,CA,P4 | Class B | website has issues | https://web.detailconnect.app/u=diamond-auto-detailing--RPAK3W,,Car Detailers
Mobile Shine Club,,+1-559-258-2158,,,Porterville,CA,P4 | Class B | website has issues | https://themobileshineclub.com/,,Car Detailers
Precision Auto Details,,+1-559-544-7697,,,Porterville,CA,P4 | Class B | website has issues | https://dot.cards/precisionautodetails,,Car Detailers
GB Mobile Detailing,,+1-916-365-7679,,,Rancho Cordova,CA,P4 | Class B | website has issues | https://gbmobiledetailing.com/,,Car Detailers
Nick's Dragon Detail,,+1-916-717-8960,,"4349 Grafton Cir, Mather, CA 95655, United States",Rancho Cordova,CA,P4 | Class B | website has issues | https://nicksdragondetail.com/,,Car Detailers
Refine AutoHaus,,+1-916-801-5373,,"3233 Luyung Dr, Rancho Cordova, CA 95742, United States",Rancho Cordova,CA,P4 | Class B | website has issues | https://refineautohaus.net/,,Car Detailers
Auto Treatment Solutions Inc.,,+1-909-333-5027,,"9605 Arrow Route # P, Rancho Cucamonga, CA 91730, United States",Rancho Cucamonga,CA,P4 | Class B | website has issues | https://atsdetails.com/,,Car Detailers
Axiom Detailing,,+1-737-260-2371,,,Rancho Cucamonga,CA,P4 | Class B | website has issues | https://detailappointments.com/,,Car Detailers
Chrome Splash Mobile Detailing,,+1-909-710-5909,,,Rancho Cucamonga,CA,P4 | Class B | website has issues | https://sites.google.com/view/csplashdetailing/home,,Car Detailers
Obsessive Compulsive Detailing,,+1-951-218-0839,,,Rancho Cucamonga,CA,P4 | Class B | website has issues | https://www.obsessivedetailingco.com/index.html,,Car Detailers
Rakan's Mobile Detailing & Ceramic Coating,,+1-840-256-0080,,,Rancho Cucamonga,CA,P4 | Class B | website has issues | https://detailbyrakan.com/,,Car Detailers
Rancho car detailing,,+1-951-209-9629,,,Rancho Cucamonga,CA,P4 | Class B | website has issues | https://dot.cards/ranchocardetailing,,Car Detailers
A's Mobile Car Wash and Detailing,,+1-530-560-1414,,"646 Mission De Oro Dr, Redding, CA 96003, United States",Redding,CA,P4 | Class B | website has issues | http://asdetailing.biz/,,Car Detailers
Annie's Mobile Detailing,,+1-530-262-0604,,,Redding,CA,P4 | Class B | website has issues | https://www.anniesmobiledetailing.com/,,Car Detailers
Ant's mobile auto detail,,+1-530-524-7861,,"Tierra oaks dr, Redding, CA 96003, United States",Redding,CA,P4 | Class B | website has issues | https://twanquads.wixsite.com/antsmobileautodeta-1,,Car Detailers
CL Concepts Mobile Automotive Detailing,,+1-530-638-2829,,,Redding,CA,P4 | Class B | website has issues | https://reddingdetail.com/,,Car Detailers
Clean Detailing Co - Mobile Detailing - Redding CA,,+1-530-339-5877,,,Redding,CA,P4 | Class B | website has issues | https://cleandetailing.org/,,Car Detailers
Haywards Auto Garage,,+1-530-338-5882,,"2704 Hartnell Ave A, Redding, CA 96002, United States",Redding,CA,P4 | Class B | website has issues | https://brand.site/HaywardsAutoGarage/contact,,Car Detailers
Luster Mobile Detailing,,+1-530-201-8081,,,Redding,CA,P4 | Class B | website has issues | https://lustermobiledetailing.com/,,Car Detailers
Platinum Detailing,,+1-530-221-8384,,"2251 Hartnell Ave #4, Redding, CA 96002, United States",Redding,CA,P4 | Class B | website has issues | http://cardetailingredding.com/,,Car Detailers
Royal Elite Detail,,+1-530-588-7237,,"1417 Benton Dr, Redding, CA 96003, United States",Redding,CA,P4 | Class B | website has issues | https://www.royalelitedetail.com/,,Car Detailers
Shine On Mobile Detail,,+1-530-420-7474,,,Redding,CA,P4 | Class B | website has issues | http://mobiledetailredding.com/,,Car Detailers
Zenith Details,,+1-530-524-3701,,,Redding,CA,P4 | Class B | website has issues | https://instabio.cc/zenithdetails,,Car Detailers
Atomic Details,,+1-909-310-4045,,,Redlands,CA,P4 | Class B | website has issues | https://www.atomicdetailsllc.com/,,Car Detailers
AutoBliss: Auto Dealership Aftermarket & Vehicle Detailing Solutions,,+1-909-614-9335,,"500 W Redlands Blvd, Redlands, CA 92373, United States",Redlands,CA,P4 | Class B | website has issues | https://www.autoblissdetail.com/,,Car Detailers
Endline Auto Spa,,+1-909-312-7037,,,Redlands,CA,P4 | Class B | website has issues | http://www.endlineautospa.com/,,Car Detailers
Fresh Finish Mobile Car Detailing Redlands,,+1-909-858-5095,,"1526 Bellevue Ave, Redlands, CA 92373, United States",Redlands,CA,P4 | Class B | website has issues | https://freshfinishautodetail.site/,,Car Detailers
Gk Details,,+1-909-530-5790,,,Redlands,CA,P4 | Class B | website has issues | https://gkdetail.com/,,Car Detailers
GlossRun Mobile Car Detailing Redlands,,+1-909-404-9957,,"700 E Redlands Blvd, Redlands, CA 92373, United States",Redlands,CA,P4 | Class B | website has issues | https://glossrundetailing.site/,,Car Detailers
JMR Auto Detailing,,+1-909-642-9548,,"24215 Ward St B, San Bernardino, CA 92410, United States",Redlands,CA,P4 | Class B | website has issues | http://jmrdetailingservices.com/,,Car Detailers
Lui Lou Autocare,,+1-909-362-1644,,,Redlands,CA,P4 | Class B | website has issues | http://luilouautocare.com/,,Car Detailers
Nooks and Crannies DETAIL,,+1-909-850-0343,,,Redlands,CA,P4 | Class B | website has issues | https://nooksandcranniesdetail.lovable.app/,,Car Detailers
RICO Details,,+1-626-264-0859,,,Redlands,CA,P4 | Class B | website has issues | https://web.detailconnect.app/u=rico-details-WYIOI8,,Car Detailers
Auto Salon Works,,+1-408-365-4378,,,Redwood City,CA,P4 | Class B | website has issues | http://www.autosalonworks.com/,,Car Detailers
BROT Auto Detailing,,+1-650-454-4583,,,Redwood City,CA,P4 | Class B | website has issues | http://brotdetailing.com/,,Car Detailers
Bay Area Detail | Ceramic Coatings and Paint Protection Film,,+1-415-420-4434,,"1134 N Humboldt St, San Mateo, CA 94401, United States",Redwood City,CA,P4 | Class B | website has issues | https://www.sfbayareadetail.com/,,Car Detailers
Clean and Simple Mobile Detailing,,+1-650-504-5855,,,Redwood City,CA,P4 | Class B | website has issues | http://cleanandsimpledetailing.com/,,Car Detailers
GC Mobile Auto Detail (Redwood City),,+1-408-985-3709,,"380 Convention Way, Redwood City, CA 94063, United States",Redwood City,CA,P4 | Class B | website has issues | https://gcmobileautodetail.com/,,Car Detailers
Luxury Detail Inc,,+1-650-642-4952,,"951 S Claremont St, San Mateo, CA 94402, United States",Redwood City,CA,P4 | Class B | website has issues | https://www.iloveluxurydetail.com/,,Car Detailers
Mobile Car wash detailing Smart Eagle LLC,,+1-415-725-3121,,,Redwood City,CA,P4 | Class B | website has issues | https://carwashbelmont.com/,,Car Detailers
Kings of Detailing,,+1-909-666-0213,,,Rialto,CA,P4 | Class B | website has issues | http://kingsofdetailing.com/,,Car Detailers
Stateside Equipment Sales,,+1-909-546-2620,,"1240 N Fitzgerald Ave Ste 120, Rialto, CA 92376, United States",Rialto,CA,P4 | Class B | website has issues | http://statesidesalesusa.com/,,Car Detailers
Water on wheels (WOW) Mobile Detailing,,+1-760-863-9599,,,Rialto,CA,P4 | Class B | website has issues | http://wowdetailing.biz/,,Car Detailers
Cassius moblie car detailing of pacific heights,,+1-415-358-3821,,"2058 Union St, San Francisco, CA 94123, United States",Richmond,CA,P4 | Class B | website has issues | http://cassiusmobilecardetailingsf.site/,,Car Detailers
East Bay Premium Detailing,,+1-510-529-5312,,,Richmond,CA,P4 | Class B | website has issues | http://eastbaypremiumdetailing.com/,,Car Detailers
Mob Detailing,,+1-510-662-0704,,,Richmond,CA,P4 | Class B | website has issues | https://mobdetailing.com/,,Car Detailers
Mobile Bay Area Auto Detailing,,+1-415-913-9488,,"Broderick St, San Francisco, CA 94115, United States",Richmond,CA,P4 | Class B | website has issues | https://mobilebaautodetailing.com/,,Car Detailers
Reckless Auto Detailing-Tint,,+1-510-367-7848,,"2600 Giant Hwy Apt 20, San Pablo, CA 94806, United States",Richmond,CA,P4 | Class B | website has issues | http://mariojimenez340.wixsite.com/recklessdetailcom,,Car Detailers
CicadaDetailing,,+1-415-841-1343,,,Riverside,CA,P4 | Class B | website has issues | https://www.cicadadetailing.com/,,Car Detailers
Fine Tune Detailing and PPF/Tint | Riverside,,+1-951-289-1427,,"6421 Central Ave STE 107G, Riverside, CA 92504, United States",Riverside,CA,P4 | Class B | website has issues | http://finetunedetailing.com/,,Car Detailers
Gonzalez Details,,+1-951-786-8298,,"5437 Agnes Pl, Riverside, CA 92504, United States",Riverside,CA,P4 | Class B | website has issues | https://booking.detailermade.com/462f4a0d-ef42-42c8-93d1-ada5a97f64d5,,Car Detailers
Imperium Auto Spa,,+1-951-224-7392,,,Riverside,CA,P4 | Class B | website has issues | http://imperiumautospa.com/,,Car Detailers
JJ Mobile RV Wash,,+1-562-318-7178,,,Riverside,CA,P4 | Class B | website has issues | https://jjrvwash.com/,,Car Detailers
Jordan's Mobile Shine,,+1-951-233-3170,,,Riverside,CA,P4 | Class B | website has issues | https://jordansmobileshine.godaddysites.com/,,Car Detailers
LUMA Auto Studio,,+1-951-772-8457,,,Riverside,CA,P4 | Class B | website has issues | https://lumaautostudio.com/,,Car Detailers
Majics Detailing,,+1-714-783-6902,,"11233 Cadbury Dr, Riverside, CA 92505, United States",Riverside,CA,P4 | Class B | website has issues | http://www.majicsdetailing.com/,,Car Detailers
NSL Details Riverside,,+1-951-261-8733,,"3457 Arlington Ave Ste 104, Riverside, CA 92506, United States",Riverside,CA,P4 | Class B | website has issues | http://nsldetails.com/,,Car Detailers
OBSYDIAN PREMIUM AUTO CARE,,+1-951-594-8706,,"7121 Magnolia Ave Ste N, Riverside, CA 92504, United States",Riverside,CA,P4 | Class B | website has issues | https://opacdetailing.as.me/,,Car Detailers
Pristine Orbit Mobile Car Detailing Riverside,,+1-951-584-1796,,,Riverside,CA,P4 | Class B | website has issues | http://pomobilecardetailing.shop/,,Car Detailers
Quezada Detailing LLC,,+1-909-521-5648,,,Riverside,CA,P4 | Class B | website has issues | https://www.quezadadetailingllc.com/,,Car Detailers
West Side Detailing,,+1-840-215-9561,,,Riverside,CA,P4 | Class B | website has issues | http://westsidedetailingit.com/,,Car Detailers
Klotz Mobile Detail,,+1-530-315-3272,,,Rocklin,CA,P4 | Class B | website has issues | http://www.klotzmobiledetail.com/,,Car Detailers
Shaka Waves Auto,,+1-916-459-8479,,,Rocklin,CA,P4 | Class B | website has issues | https://shakawavesauto.com/,,Car Detailers
Thrashers Mobile Detailing & Ceramic Coating,,+1-916-695-8376,,,Rocklin,CA,P4 | Class B | website has issues | https://thrashersautodetailing.godaddysites.com/,,Car Detailers
Vinny T's Mobile Detailing,,+1-916-407-8622,,,Rocklin,CA,P4 | Class B | website has issues | http://vinnytautodetailng.com/,,Car Detailers
Auto Sport Detailing,,+1-707-579-3710,,"1945 Cleveland Ave, Santa Rosa, CA 95401, United States",Rohnert Park,CA,P4 | Class B | website has issues | http://www.autosportdetailing.com/,,Car Detailers
Drake Mobile Detailing,,+1-707-490-8165,,,Rohnert Park,CA,P4 | Class B | website has issues | http://drakesautospa.com/,,Car Detailers
Nook and Cranny Mobile Detailing,,+1-707-582-1098,,"2700 Westberry Dr, Santa Rosa, CA 95403, United States",Rohnert Park,CA,P4 | Class B | website has issues | http://santarosadetailing.com/,,Car Detailers
On The Spot Mobile Detailing,,+1-707-780-7048,,,Rohnert Park,CA,P4 | Class B | website has issues | https://www.onthespotdetailing707.com/,,Car Detailers
Titan Auto Detail,,+1-707-791-8847,,"5620 Country Club Dr, Rohnert Park, CA 94928, United States",Rohnert Park,CA,P4 | Class B | website has issues | https://titanautodetail.com/,,Car Detailers
dynamic cleaning,,+1-707-696-7962,,"7062 Avenida Cala, Rohnert Park, CA 94928, United States",Rohnert Park,CA,P4 | Class B | website has issues | https://www.dynamic-cleaning.net/,,Car Detailers
Crystal Mobile Detailing,,+1-916-813-9878,,,Roseville,CA,P4 | Class B | website has issues | https://www.crystalmobiledetail.com/,,Car Detailers
Suds N Moore,,+1-916-316-6380,,,Roseville,CA,P4 | Class B | website has issues | http://sudsnmoore.com/,,Car Detailers
ASTRUM Mobile Detailing,,+1-916-846-8089,,"1603 Juliesse Ave, Sacramento, CA 95815, United States",Sacramento,CA,P4 | Class B | website has issues | https://astrumdetailing.com/,,Car Detailers
Cali Mobile Car Detailing Sacramento,,+1-916-426-7435,,"2214 21st Street, Sacramento, CA 95818, United States",Sacramento,CA,P4 | Class B | website has issues | https://calimobilecardetailing.com/,,Car Detailers
Cap City Detailers,,+1-916-237-7453,,,Sacramento,CA,P4 | Class B | website has issues | https://www.capcitydetailers.com/,,Car Detailers
Chosen1 Detailing,,+1-279-266-1904,,"715 Glide Ave Phase #14, West Sacramento, CA 95691, United States",Sacramento,CA,P4 | Class B | website has issues | http://cacardetailing.com/,,Car Detailers
FreshiClean car detailing,,+1-408-549-2421,,"2040 suds way, Sacramento, CA 95825, United States",Sacramento,CA,P4 | Class B | website has issues | https://aurenxdetail.site/,,Car Detailers
Hayes Detail,,+1-916-719-7759,,"1520 X St, Sacramento, CA 95818, United States",Sacramento,CA,P4 | Class B | website has issues | https://hayesdetail.co/,,Car Detailers
Lion Solutions Mobile Detailing,,+1-916-802-8618,,,Sacramento,CA,P4 | Class B | website has issues | http://www.lionsolutions.net/,,Car Detailers
MKI Motors Window Tint & Auto Detailing Sacramento,,+1-279-254-6244,,"2529 Connie Dr, Sacramento, CA 95815, United States",Sacramento,CA,P4 | Class B | website has issues | https://www.mkimotors.net/,,Car Detailers
"NU LOOK Auto Appearance, Ceramic Pro Certified Installers",,+1-916-428-7717,,"Parking Garage Lower Level, 555 Capitol Mall, Sacramento, CA 95814, United States",Sacramento,CA,P4 | Class B | website has issues | https://www.nulookautoappearance.com/,,Car Detailers
Performance Mobile Detailing,,+1-916-955-2197,,,Sacramento,CA,P4 | Class B | website has issues | https://www.performancemobiledetailing.com/,,Car Detailers
Premier Finish Mobile Car Detailing Sacramento,,+1-916-823-8332,,"3933 Shankar Aly, Sacramento, CA 95817, United States",Sacramento,CA,P4 | Class B | website has issues | http://premierfinishsacramento.com/,,Car Detailers
Prime diamond auto care,,+1-313-695-5252,,"3362 Kittiwake Dr, Sacramento, CA 95833, United States",Sacramento,CA,P4 | Class B | website has issues | https://primediamondautocare.com/,,Car Detailers
Pristine Polish Mobile Detailing,,+1-916-214-1164,,,Sacramento,CA,P4 | Class B | website has issues | https://book.sproutcoapp.com/qhgtie,,Car Detailers
The Detailing Pros Sacramento,,+1-916-761-7196,,"824 L St, Sacramento, CA 95814, United States",Sacramento,CA,P4 | Class B | website has issues | https://thedetailprossac.com/,,Car Detailers
VIP MOBILE DETAILING,,+1-562-964-0620,,"3400 Cottage Way Ste G2 10943, Sacramento, CA 95825, United States",Sacramento,CA,P4 | Class B | website has issues | https://vipmobiledetailingllc.com/,,Car Detailers
Vortex Detailing,,+1-213-469-7672,,,Sacramento,CA,P4 | Class B | website has issues | https://vortailing.tilda.ws/,,Car Detailers
2077Chem,,+1-831-400-9600,,"221 Prader St Space B, Salinas, CA 93901, United States",Salinas,CA,P4 | Class B | website has issues | http://2077chem.com/,,Car Detailers
Back to Life Details - Mobile Detailing,,+1-831-210-0444,,,Salinas,CA,P4 | Class B | website has issues | http://www.backtolifedetails.com/,,Car Detailers
Basix Mobile Detailing,,+1-831-444-1447,,,Salinas,CA,P4 | Class B | website has issues | http://basixmobiledetailing.com/,,Car Detailers
Exotic Mobile Auto Spa,,+1-831-348-1798,,,Salinas,CA,P4 | Class B | website has issues | https://www.exoticmobileautospa.com/,,Car Detailers
Mark's V.I.P Auto Detailing.,,+1-831-597-1787,,"1612 El Dorado Dr, Salinas, CA 93906, United States",Salinas,CA,P4 | Class B | website has issues | https://marksvipautodetailing.com/,,Car Detailers
Optimized Detailing,,+1-831-235-6073,,"1103 Madison Ln Suite H, Salinas, CA 93907, United States",Salinas,CA,P4 | Class B | website has issues | https://optimizeddetailing.com/,,Car Detailers
Akg detailing,,+1-909-957-2240,,,San Bernardino,CA,P4 | Class B | website has issues | https://www.akgdetailing.com/,,Car Detailers
Bubble Racers,,+1-909-678-8182,,,San Bernardino,CA,P4 | Class B | website has issues | https://web.detailconnect.app/u=bubble-racers-OH3W1F,,Car Detailers
Precision Mobile Detailing,,+1-909-654-4475,,,San Bernardino,CA,P4 | Class B | website has issues | http://precisiondetailingie.com/,,Car Detailers
Spotless details,,+1-909-495-7953,,,San Bernardino,CA,P4 | Class B | website has issues | https://dot.cards/spotlessdetailing,,Car Detailers
The Detailing Triad,,+1-951-393-8238,,,San Bernardino,CA,P4 | Class B | website has issues | https://sites.google.com/view/thedetailingtraid/home?authuser=3,,Car Detailers
Uncle Donnie's Detailing,,+1-909-494-3971,,"124 S Arrowhead Ave, San Bernardino, CA 92408, United States",San Bernardino,CA,P4 | Class B | website has issues | https://uncledonniesdetailing.com/,,Car Detailers
Moda Auto Studio,,+1-415-948-5088,,"52 S Linden Ave STE 2, South San Francisco, CA 94080, United States",San Bruno,CA,P4 | Class B | website has issues | https://modaautostudiosf.com/,,Car Detailers
N3 Auto Detailing,,+1-650-297-8165,,"United States, California, San Bruno, Beech Ave, N3 Auto Detailing邮政编码: 94066",San Bruno,CA,P4 | Class B | website has issues | https://n3autodetailing.com/,,Car Detailers
Rc Detailing,,+1-650-270-0618,,,San Bruno,CA,P4 | Class B | website has issues | https://rcdetailing.net/,,Car Detailers
Sylvystorm mobile car detailing,,+1-415-481-1113,,,San Bruno,CA,P4 | Class B | website has issues | http://sylvystorm.com/,,Car Detailers
A&P Detailing Studio,,+1-949-966-8477,,"6920 Miramar Rd, San Diego, CA 92121, United States",San Diego,CA,P4 | Class B | website has issues | https://apdetailingstudio.com/,,Car Detailers
Bespoke Auto Spa - Mobile Detailing,,+1-858-299-2949,,"10909 Red Cedar Dr, San Diego, CA 92131, United States",San Diego,CA,P4 | Class B | website has issues | https://www.bespoke-auto-spa.com/,,Car Detailers
Bright Side Detail,,+1-619-279-3307,,"9380 Activity Rd c, San Diego, CA 92126, United States",San Diego,CA,P4 | Class B | website has issues | http://brightsidedetail.com/,,Car Detailers
Ceramic Coating Miramar,,+1-858-588-2785,,"6904 Miramar Rd Ste 110, San Diego, CA 92121, United States",San Diego,CA,P4 | Class B | website has issues | https://www.ceramiccoatingmiramar.com/,,Car Detailers
DaygoDetailPro,,+1-858-733-6121,,"4679 Cherokee Ave, San Diego, CA 92116, United States",San Diego,CA,P4 | Class B | website has issues | https://daygodetailpro.com/,,Car Detailers
Derick's Mobile Detailing,,+1-310-902-8732,,,San Diego,CA,P4 | Class B | website has issues | https://www.dericksmobiledetailingg.com/,,Car Detailers
Done Right Mobile Car Detailing of Clairemont,,+1-206-601-1742,,"4973 Clairemont Dr, San Diego, CA 92117, United States",San Diego,CA,P4 | Class B | website has issues | https://donerightmobilecardetailing.lovable.app/services,,Car Detailers
Done Right Mobile Car Detailing of Pacific Beach,,+1-619-367-8528,,"4558 Jewell St, San Diego, CA 92109, United States",San Diego,CA,P4 | Class B | website has issues | https://donerightmobilecardetailing.lovable.app/,,Car Detailers
Elite Finish,,+1-858-876-8794,,"8820 Kenamar Dr #504, San Diego, CA 92121, United States",San Diego,CA,P4 | Class B | website has issues | https://elite-finish.com/,,Car Detailers
Genesis Detailing & Ceramic Coating,,+1-619-490-3796,,"5155 Convoy St STE A, San Diego, CA 92111, United States",San Diego,CA,P4 | Class B | website has issues | https://www.genesisdetailingsd.com/,,Car Detailers
Glossy Rides Mobile Car Detailing San Diego,,+1-619-415-8648,,"9939 Hibert St, San Diego, CA 92131, United States",San Diego,CA,P4 | Class B | website has issues | https://glossyridesmobilecardetailingsd.online/,,Car Detailers
Litus 29 Detailing,,+1-619-777-0183,,"9275 Rebecca Ave, San Diego, CA 92123, United States",San Diego,CA,P4 | Class B | website has issues | https://litus29detailing.com/contact/,,Car Detailers
Lux Auto Detailing,,+1-619-800-4126,,"8656 Production Ave #2207, San Diego, CA 92121, United States",San Diego,CA,P4 | Class B | website has issues | http://www.luxautodetailing.com/,,Car Detailers
MAD TLC - Mobile Auto Detailing,,+1-619-940-9090,,,San Diego,CA,P4 | Class B | website has issues | http://madtlc.com/,,Car Detailers
Mike's Mobile Detailing,,+1-858-222-7272,,,San Diego,CA,P4 | Class B | website has issues | https://mikesmobiledetailing4.godaddysites.com/,,Car Detailers
Modern Icon,,+1-858-293-8133,,"8037 Vickers St, San Diego, CA 92111, United States",San Diego,CA,P4 | Class B | website has issues | https://iconrocklearsd.com/,,Car Detailers
Modern Image,,+1-858-389-4212,,"8656 Production Ave, San Diego, CA 92121, United States",San Diego,CA,P4 | Class B | website has issues | https://modernimage.net/?utm_campaign=gmb&utm_medium=organic&utm_source=google,,Car Detailers
One of One,,+1-858-255-0102,,"5135 Convoy St, San Diego, CA 92111, United States",San Diego,CA,P4 | Class B | website has issues | http://oneofonesandiego.com/,,Car Detailers
Passion Driven Automotive,,+1-951-642-2552,,"6670 Alcala Knolls Dr, San Diego, CA 92111, United States",San Diego,CA,P4 | Class B | website has issues | https://www.passiondrivenauto.com/,,Car Detailers
Rose Gold Car Detailing of San Diego,,+1-858-389-4963,,"5059 67th St, San Diego, CA 92115, United States",San Diego,CA,P4 | Class B | website has issues | https://rosegolddetailing.shop/,,Car Detailers
SD Mobile Detail,,+1-619-619-0082,,,San Diego,CA,P4 | Class B | website has issues | https://sdmobiledetail.com/,,Car Detailers
San Diego Auto Detail - The Right Guys Auto Detail,,+1-619-300-8117,,"8040 Armour St, San Diego, CA 92111, United States",San Diego,CA,P4 | Class B | website has issues | https://www.trgauto.com/,,Car Detailers
SoCal Auto Detail Center,,+1-619-683-7420,,"7610 Hazard Center Dr #113, San Diego, CA 92108, United States",San Diego,CA,P4 | Class B | website has issues | http://www.socalautodetailcenter.com/,,Car Detailers
SoCal Car Detailing - Kearny Mesa,,+1-619-304-2668,,"8695 Spectrum Center Blvd, San Diego, CA 92123, United States",San Diego,CA,P4 | Class B | website has issues | http://socaldetailingsd.com/,,Car Detailers
SoCal Car Detailing - La Jolla,,+1-619-374-4085,,"3535 Lebon Dr, San Diego, CA 92122, United States",San Diego,CA,P4 | Class B | website has issues | https://socaldetailingsd.com/,,Car Detailers
Soapy Magic Auto Detailing of San Diego,,+1-858-240-8863,,"4117 54th Pl, San Diego, CA 92105, United States",San Diego,CA,P4 | Class B | website has issues | https://soapymagic.shop/,,Car Detailers
Speedy Clean Auto Detailing San Diego,,+1-858-683-1244,,"Point Loma Way, San Diego, CA 92106, United States",San Diego,CA,P4 | Class B | website has issues | https://speedyclean.shop/,,Car Detailers
Super Nicky’s Auto Detailing of San Diego,,+1-858-358-5908,,"4754 Otomi Ave, San Diego, CA 92117, United States",San Diego,CA,P4 | Class B | website has issues | https://supernicksauto.shop/,,Car Detailers
The Detail Guys SD,,+1-858-249-9274,,"1426 Morena Blvd, San Diego, CA 92110, United States",San Diego,CA,P4 | Class B | website has issues | https://www.thedetailguyssd.com/,,Car Detailers
Altitude Car Detailing San Francisco,,+1-415-993-5076,,"95 Kirkham St, San Francisco, CA 94122, United States",San Francisco,CA,P4 | Class B | website has issues | https://mediumturquoise-gerbil-484777.hostingersite.com/,,Car Detailers
Ascend Car Detailing San Francisco,,+1-415-275-6980,,"1300 20th St, San Francisco, CA 94107, United States",San Francisco,CA,P4 | Class B | website has issues | https://peachpuff-buffalo-246014.hostingersite.com/,,Car Detailers
Bay SF Detailing,,+1-415-629-2122,,"363 6th St, San Francisco, CA 94103, United States",San Francisco,CA,P4 | Class B | website has issues | https://baysfdetailing.lovable.app/,,Car Detailers
Cole's Auto Detailing,,+1-415-980-8933,,"268 Pixley St, San Francisco, CA 94123, United States",San Francisco,CA,P4 | Class B | website has issues | https://colesautodetailing.co/,,Car Detailers
Crest Car Detailing San Francisco,,+1-415-712-0551,,"759 Harrison St, San Francisco, CA 94107, United States",San Francisco,CA,P4 | Class B | website has issues | https://lightgray-snake-707159.hostingersite.com/,,Car Detailers
Elevate Car Detailing San Francisco,,+1-415-909-3234,,"1785 Hayes St, San Francisco, CA 94117, United States",San Francisco,CA,P4 | Class B | website has issues | http://elevatecardetailingsanfrancisco.com/,,Car Detailers
GoDetailX,,+1-415-361-6899,,,San Francisco,CA,P4 | Class B | website has issues | https://godetailx.com/,,Car Detailers
Horizon Car Detailing San Francisco,,+1-415-610-7071,,"726 21st Ave, San Francisco, CA 94121, United States",San Francisco,CA,P4 | Class B | website has issues | https://sienna-jay-350786.hostingersite.com/,,Car Detailers
ICEYY Car Detailing,,+1-415-639-3627,,"1520 9th Ave, San Francisco, CA 94122, United States",San Francisco,CA,P4 | Class B | website has issues | http://iceyydetails.site/,,Car Detailers
PPF Wrap Up,,+1-415-756-2062,,"459B Clementina St, San Francisco, CA 94103, United States",San Francisco,CA,P4 | Class B | website has issues | http://www.ppfwrapup.com/,,Car Detailers
Premier Auto Detail,,+1-415-553-6615,,"981 Howard St, San Francisco, CA 94103, United States",San Francisco,CA,P4 | Class B | website has issues | https://sfpremierautodetailing.com/,,Car Detailers
Prestige Car Detailing San Francisco,,+1-415-993-7869,,"50 Van Ness Ave, San Francisco, CA 94102, United States",San Francisco,CA,P4 | Class B | website has issues | https://lightgray-oyster-662704.hostingersite.com/,,Car Detailers
SF Clean Car Detail,,+1-415-696-0074,,"Tower valet parking, Inc, 301 6th St, San Francisco, CA 94103, United States",San Francisco,CA,P4 | Class B | website has issues | https://sfcleancar.com/,,Car Detailers
Vantage Car Detailing San Francisco,,+1-415-625-4573,,"3401 Irving St, San Francisco, CA 94122, United States",San Francisco,CA,P4 | Class B | website has issues | https://cyan-tapir-390192.hostingersite.com/,,Car Detailers
Big A AUTO DETAILING,,+1-408-794-8079,,"Cherry Ave, San Jose, CA 95118, United States",San Jose,CA,P4 | Class B | website has issues | https://www.bigadetailingplus.com/,,Car Detailers
Detail Dudes,,+1-408-333-5307,,"3281 Trabuco Ct, San Jose, CA 95135, United States",San Jose,CA,P4 | Class B | website has issues | https://detalingdudes.net/,,Car Detailers
Diamonds Detailing,,+1-408-722-2241,,,San Jose,CA,P4 | Class B | website has issues | https://www.diamondsdetailing.org/,,Car Detailers
Ezy Details,,+1-669-234-0505,,"3071 Marston Way, San Jose, CA 95148, United States",San Jose,CA,P4 | Class B | website has issues | http://ezydetails.com/,,Car Detailers
Integrity Mobile Detailing LLC,,+1-408-216-7113,,,San Jose,CA,P4 | Class B | website has issues | http://integritymdca.com/,,Car Detailers
Magic Auto Shine,,+1-408-684-5491,,"2221 Stevens Creek Blvd Ste F, San Jose, CA 95128, United States",San Jose,CA,P4 | Class B | website has issues | http://www.magicautoshine.com/,,Car Detailers
Merk Auto Detailing,,+1-669-264-9899,,"2953 Vía Carmen, San Jose, CA 95124, United States",San Jose,CA,P4 | Class B | website has issues | https://merkautodetail.com/,,Car Detailers
Pablo's on the go detailing,,+1-559-406-9038,,,San Jose,CA,P4 | Class B | website has issues | https://pablosonthegodetailing.com/,,Car Detailers
Pasha Washes - South Bay,,+1-925-640-5163,,,San Jose,CA,P4 | Class B | website has issues | http://pashawashes.com/,,Car Detailers
Premium Finish Detail,,+1-408-394-6433,,,San Jose,CA,P4 | Class B | website has issues | http://premiumfinishdetail.com/,,Car Detailers
RideAura Car Detailing,,+1-408-539-8193,,"1199 Britton Ave, San Jose, CA 95125, United States",San Jose,CA,P4 | Class B | website has issues | https://rideauradetail.site/,,Car Detailers
Run's Auto Detailing,,+1-669-213-2576,,,San Jose,CA,P4 | Class B | website has issues | http://www.runssanjose.com/,,Car Detailers
SJ Detailing,,+1-408-623-8406,,"San Jose Ave, San Jose, CA 95126, United States",San Jose,CA,P4 | Class B | website has issues | https://sites.google.com/view/sjdetailing/home,,Car Detailers
Scrub N’ Go Mobile Detailing,,+1-408-417-4145,,,San Jose,CA,P4 | Class B | website has issues | https://scrubngomobiledetailing.com/services,,Car Detailers
Silicon Valley Auto Films,,+1-408-901-9007,,"3851 Charter Park Dr Ste u, San Jose, CA 95136, United States",San Jose,CA,P4 | Class B | website has issues | https://www.siliconvalleyautofilms.com/,,Car Detailers
SkyLux Auto Lab,,+1-350-229-9687,,"123 E Alma Ave #10A, San Jose, CA 95112, United States",San Jose,CA,P4 | Class B | website has issues | https://www.skylux-autolab.com/,,Car Detailers
Spotless Auto Detail mobile,,+1-408-279-1110,,,San Jose,CA,P4 | Class B | website has issues | http://spotlessautodetail.com/Contact_Us__Mobile_RV_Detailing_Boat_Detailing_Car.html,,Car Detailers
Top Quality Detailing,,+1-408-628-7691,,"3728 Charter Park Dr # A, San Jose, CA 95136, United States",San Jose,CA,P4 | Class B | website has issues | https://topqualitydetails.com/,,Car Detailers
Detailx,,+1-510-461-1293,,"801 Galway Dr, San Lorenzo, CA 94580, United States",San Leandro,CA,P4 | Class B | website has issues | http://thegoalcardetailed.company/,,Car Detailers
AJ's Automotive Detailing,,+1-805-806-3091,,,San Luis Obispo,CA,P4 | Class B | website has issues | https://www.ajsauto-detailing.com/,,Car Detailers
Aqua Details,,+1-805-441-8829,,"383 Corbett Canyon Rd, Arroyo Grande, CA 93420, United States",San Luis Obispo,CA,P4 | Class B | website has issues | http://aquadetails805.com/,,Car Detailers
AxolAuto Mobile Detailing,,+1-805-538-1990,,,San Luis Obispo,CA,P4 | Class B | website has issues | https://axolautodetailing.com/,,Car Detailers
Central Coast Auto Spa,,+1-805-471-6794,,"750 Humbert Ave, San Luis Obispo, CA 93401, United States",San Luis Obispo,CA,P4 | Class B | website has issues | http://www.centralcoastautospa.com/,,Car Detailers
Ecto Auto Detailing,,+1-559-210-1939,,,San Luis Obispo,CA,P4 | Class B | website has issues | http://www.ectoautodetail.com/,,Car Detailers
Executive Detail,,+1-805-458-9392,,,San Luis Obispo,CA,P4 | Class B | website has issues | http://www.dumprunpro.com/executive-detail/,,Car Detailers
Precision Mobile Detailing,,+1-805-550-7090,,,San Luis Obispo,CA,P4 | Class B | website has issues | https://precisionmobilecardetailing.com/,,Car Detailers
RAD Auto Styling & Mobile Detailing,,+1-805-244-5506,,,San Luis Obispo,CA,P4 | Class B | website has issues | https://radautostyling.com/,,Car Detailers
West Coast Detailing LLC,,+1-805-543-9274,,"747 Woodbridge St, San Luis Obispo, CA 93401, United States",San Luis Obispo,CA,P4 | Class B | website has issues | http://westcoastdetailslo.com/,,Car Detailers
Wizard of Waxing,,+1-805-544-7240,,"4548 Broad St, San Luis Obispo, CA 93401, United States",San Luis Obispo,CA,P4 | Class B | website has issues | http://wizardwaxingslo.com/,,Car Detailers
Coastal Detail,,+1-760-315-3018,,"W San Marcos Blvd, San Marcos, CA 92069, United States",San Marcos,CA,P4 | Class B | website has issues | http://coastaldetailsd.com/,,Car Detailers
Zaragoza’s detailing,,+1-760-500-6839,,,San Marcos,CA,P4 | Class B | website has issues | https://zaragoza-detail-flux.base44.app/,,Car Detailers
Dynamic Detailing,,+1-415-802-9332,,"670 Barneson Ave, San Mateo, CA 94402, United States",San Mateo,CA,P4 | Class B | website has issues | https://sites.google.com/d/1M_gH-QTDk23pFdIES_BPaLsl7uPEkEIh/p/1nbcdIe401YfwBAh1LLgV4BliMdcrBiIl/edit,,Car Detailers
JIKA’S AUTO SERVICES LLC,,+1-650-457-4689,,,San Mateo,CA,P4 | Class B | website has issues | http://jikasauto.com/,,Car Detailers
Stardust Auto Spa,,+1-650-782-7772,,"108 S Claremont St, San Mateo, CA 94401, United States",San Mateo,CA,P4 | Class B | website has issues | http://www.stardustautospa.com/,,Car Detailers
Alvarez car detailing,,+1-415-286-2551,,"3326 Kerner Blvd, San Rafael, CA 94901, United States",San Rafael,CA,P4 | Class B | website has issues | https://alvarezcardetailing.lovable.app/,,Car Detailers
Corte Madera mobile detailing,,+1-415-944-0536,,,San Rafael,CA,P4 | Class B | website has issues | https://cortemaderadetailing.com/?fbclid=PAVERFWATDR9FwZG9mAmV4dG4DYWVtAjEwAHNydGMGYXBwX2lkDzEyNDAyNDU3NDI4NzQxNAABp1vssFtkgoj4M5EExHEer5mXPgKwZpZGk9m9jLD8U5M_e-LzzmR6Z8PtzMfg_aem_xsIpObSoWRMFCb46Gvsmow#area,,Car Detailers
Hudson's Mobile Detailing,,+1-415-991-3048,,"887 4th St, San Rafael, CA 94901, United States",San Rafael,CA,P4 | Class B | website has issues | https://hudsonmobiledetail.com/sanrafael,,Car Detailers
Hudson's Mobile Detailing Of Mill Valley,,+1-415-301-3649,,"800 Redwood Hwy, Mill Valley, CA 94941, United States",San Rafael,CA,P4 | Class B | website has issues | https://hudsonmobiledetail.com/millvalley,,Car Detailers
P & H Class Details,,+1-415-435-9485,,"Mill Valley, CA 94941, United States",San Rafael,CA,P4 | Class B | website has issues | http://www.ph-classdetails.com/,,Car Detailers
Stellar Details,,+1-415-755-8438,,"70 Larkspur St, San Rafael, CA 94901, United States",San Rafael,CA,P4 | Class B | website has issues | https://stellardetails.net/contact-us,,Car Detailers
The Last Detail (mobile detailing),,+1-657-859-1853,,,San Rafael,CA,P4 | Class B | website has issues | http://thelastdetailautocare.com/?utm_source=google&utm_medium=wix_google_business_profile&utm_campaign=106004519332190106,,Car Detailers
Soap Hustle Auto Detailing,,+1-510-329-1554,,,San Ramon,CA,P4 | Class B | website has issues | https://id-preview--f3241834-afa4-4d84-a7d5-9cda77597a20.lovable.app/#book,,Car Detailers
Treadlyfe Detailing,,+1-408-858-5667,,,San Ramon,CA,P4 | Class B | website has issues | https://www.treadlyfe.com/detailing,,Car Detailers
Auto Detail Supply Pros,,+1-657-247-4632,,"1117 S Main St C, Santa Ana, CA 92707, United States",Santa Ana,CA,P4 | Class B | website has issues | https://expressdetailsupply.com/,,Car Detailers
Auto Detail Supply Pros,,+1-714-858-6040,,"12327 Westminster Ave, Santa Ana, CA 92703, United States",Santa Ana,CA,P4 | Class B | website has issues | https://expressdetailsupply.com/,,Car Detailers
DRS Car Care Specialist,,+1-714-863-3584,,"620 E 2nd St, Santa Ana, CA 92701, United States",Santa Ana,CA,P4 | Class B | website has issues | http://drscarcare.com/,,Car Detailers
Da1mamba Professional Detailing,,+1-949-293-5721,,"1901 E Dyer Rd, Santa Ana, CA 92705, United States",Santa Ana,CA,P4 | Class B | website has issues | http://da1mambadetailing.com/,,Car Detailers
Detail Crew,,+1-858-946-4424,,"1245 S Wright St, Santa Ana, CA 92705, United States",Santa Ana,CA,P4 | Class B | website has issues | https://detailcrew.co/,,Car Detailers
Fresh Detailing,,+1-714-851-5408,,"1305 E St Gertrude Pl Unit d, Santa Ana, CA 92705, United States",Santa Ana,CA,P4 | Class B | website has issues | https://freshdetailingoc.com/,,Car Detailers
Gloss Drip Auto Detailing,,+1-657-655-3231,,"2601 N Grand Ave, Santa Ana, CA 92705, United States",Santa Ana,CA,P4 | Class B | website has issues | https://glossdripautodetailing.site/,,Car Detailers
Milky Way Auto Detailing,,+1-714-794-9780,,"2500 S Susan St, Santa Ana, CA 92704, United States",Santa Ana,CA,P4 | Class B | website has issues | https://www.milkywayautodetailing.com/,,Car Detailers
Spiffyme Auto Detail,,+1-657-254-6592,,,Santa Ana,CA,P4 | Class B | website has issues | http://spiffymeofficial.com/,,Car Detailers
805 Ride N Shine Auto Detailing,,+1-805-457-3382,,,Santa Barbara,CA,P4 | Class B | website has issues | https://www.805ridenshine.com/,,Car Detailers
A Better Choice Detailing,,+1-805-697-6756,,,Santa Barbara,CA,P4 | Class B | website has issues | https://abetterchoicee.setmore.com/book,,Car Detailers
Ally Detail,,+1-805-252-3128,,"722 Union Ave, Santa Barbara, CA 93103, United States",Santa Barbara,CA,P4 | Class B | website has issues | https://tyegomez.wixsite.com/allydetail,,Car Detailers
Arturo's Mobile Car Wash and Detail,,+1-805-280-6440,,"1934 Elise Way A, Santa Barbara, CA 93109, United States",Santa Barbara,CA,P4 | Class B | website has issues | http://www.arturosmobiledetail.com/,,Car Detailers
Cesar's Auto Detailing,,+1-805-693-1517,,"3145 CA-246, Santa Ynez, CA 93460, United States",Santa Barbara,CA,P4 | Class B | website has issues | http://www.cesarsautodetailing.com/,,Car Detailers
Cesar's Mobile Auto Detail Santa Barbara,,+1-805-895-7271,,,Santa Barbara,CA,P4 | Class B | website has issues | http://www.cesarsautodetailing.com/,,Car Detailers
Francisco’s Mobile Auto Detailing,,+1-805-729-6367,,,Santa Barbara,CA,P4 | Class B | website has issues | http://franciscosmobiledetailing.com/,,Car Detailers
TLC Expert Auto Detail,,+1-805-689-7195,,"21 S Canada St, Santa Barbara, CA 93103, United States",Santa Barbara,CA,P4 | Class B | website has issues | http://tlcexpertautodetail.com/,,Car Detailers
Auto moon Car Detailing,,+1-408-539-1215,,"1585 Woodhams Rd, Santa Clara, CA 95051, United States",Santa Clara,CA,P4 | Class B | website has issues | https://automoondetail.site/,,Car Detailers
Cargenixs Auto Detail Center,,+1-408-884-5885,,"3400 De La Cruz Blvd Unit F, Santa Clara, CA 95054, United States",Santa Clara,CA,P4 | Class B | website has issues | https://www.cargenixsdetailing.com/,,Car Detailers
G2R Mobile Detailing,,+1-707-266-4501,,,Santa Clara,CA,P4 | Class B | website has issues | http://g2rdetailing.com/,,Car Detailers
New Concept Mobile Detail,,+1-408-724-2613,,"2378 Pruneridge Ave, Santa Clara, CA 95050, United States",Santa Clara,CA,P4 | Class B | website has issues | http://www.newconceptmobiledetail.com/home.html,,Car Detailers
RNTdetail (Mobile),,+1-510-340-8523,,"18676 Paseo Pueblo, Saratoga, CA 95070, United States",Santa Clara,CA,P4 | Class B | website has issues | http://rntdetail.com/,,Car Detailers
Revert Auto Detailing,,+1-669-237-5145,,,Santa Clara,CA,P4 | Class B | website has issues | https://revertautodetail.com/,,Car Detailers
V-Lux Mobile Detailing,,+1-773-343-3176,,,Santa Clara,CA,P4 | Class B | website has issues | https://v-lux.us/,,Car Detailers
3D Auto Detail Supply Retail Store,,+1-661-425-0222,,"20655 Soledad Canyon Rd #1, Santa Clarita, CA 91351, United States",Santa Clarita,CA,P4 | Class B | website has issues | http://www.3dproducts.com/,,Car Detailers
3D Car Care,,+1-888-999-7627,,"26421 Ruether Ave, Santa Clarita, CA 91350, United States",Santa Clarita,CA,P4 | Class B | website has issues | https://www.3dproducts.com/,,Car Detailers
Detailer stop Inc Car Cleaning supplies,,+1-661-222-7778,,"26326 Bouquet Canyon Rd, Santa Clarita, CA 91350, United States",Santa Clarita,CA,P4 | Class B | website has issues | https://detailerstop.com/our-locations/,,Car Detailers
IDetailSCV,,+1-661-312-0370,,,Santa Clarita,CA,P4 | Class B | website has issues | https://www.idetailscv.com/,,Car Detailers
"Jmac's Auto Detailing - Mobile Auto Detailing, Ceramic Coating, & Paint Correction",,+1-661-459-4929,,"28015 Smyth Dr Suite 130, Valencia, CA 91355, United States",Santa Clarita,CA,P4 | Class B | website has issues | https://jmacsautodetailing.com/,,Car Detailers
Mobile Glow Detailing,,+1-661-417-7210,,,Santa Clarita,CA,P4 | Class B | website has issues | http://mobileglowdetailing.com/,,Car Detailers
Pristine Auto Care,,+1-661-755-1463,,"25845 Railroad Ave Unit 4, Santa Clarita, CA 91350, United States",Santa Clarita,CA,P4 | Class B | website has issues | https://www.pristineautocare.com/,,Car Detailers
Auto Detailing Santa Cruz,,+1-831-475-9780,,"720 Capitola Ave, Capitola, CA 95010, United States",Santa Cruz,CA,P4 | Class B | website has issues | http://www.autospaofcalifornia.com/about_us.html,,Car Detailers
Bella Vita Mobile Detailing,,+1-831-346-2221,,,Santa Cruz,CA,P4 | Class B | website has issues | http://www.bellavitadetailing.com/,,Car Detailers
Coastal Shine Mobile Auto Detailing,,+1-831-818-9269,,,Santa Cruz,CA,P4 | Class B | website has issues | https://coastalshineautodetailing.lovable.app/,,Car Detailers
Details Details,,+1-831-331-7235,,"1901 Felton Empire Rd, Felton, CA 95018, United States",Santa Cruz,CA,P4 | Class B | website has issues | https://rymap.org/business/details-details-7i1j18,,Car Detailers
Javier's Detail,,+1-831-214-3987,,,Santa Cruz,CA,P4 | Class B | website has issues | https://www.javiersdetail.com/,,Car Detailers
SC Headlight Restoration,,+1-831-234-2557,,,Santa Cruz,CA,P4 | Class B | website has issues | https://www.scheadlightrestoration.com/,,Car Detailers
Alloy Express Wheel Repair Central Coast,,+1-661-805-4355,,,Santa Maria,CA,P4 | Class B | website has issues | https://alloyexpressusa.com/,,Car Detailers
Cristian's Carpet Cleaning & Auto Detailing,,+1-805-363-4271,,,Santa Maria,CA,P4 | Class B | website has issues | https://cristianscarpetcleaning.com/,,Car Detailers
EZ Car Care,,+1-805-363-9531,,,Santa Maria,CA,P4 | Class B | website has issues | http://www.ezautomotivedetail.com/,,Car Detailers
Manny's Detail,,+1-805-714-7667,,"238 Colt Ln, Nipomo, CA 93444, United States",Santa Maria,CA,P4 | Class B | website has issues | http://www.mannysdetail.com/location,,Car Detailers
Performance Mobile Detailing,,+1-805-709-7565,,"370 Avenida De Amigos, Nipomo, CA 93444, United States",Santa Maria,CA,P4 | Class B | website has issues | http://www.performancemobiledetailing.com/,,Car Detailers
Quality Refined Customs & Detailing LLC,,+1-805-598-1789,,"2023 S Broadway, Santa Maria, CA 93454, United States",Santa Maria,CA,P4 | Class B | website has issues | http://qualityrefinedcustoms.com/,,Car Detailers
ROCK CHIP ARMOR,,+1-805-878-5867,,"2310 Westgate Rd Ste 16, Santa Maria, CA 93455, United States",Santa Maria,CA,P4 | Class B | website has issues | http://www.rockchiparmor.com/,,Car Detailers
Robinson Royal Mobile Detailing,,+1-805-809-3076,,,Santa Maria,CA,P4 | Class B | website has issues | https://web.detailconnect.app/u=robinson-royal-mobile-detailing-8GAK00,,Car Detailers
Steve's Central Coast Detailing,,+1-805-345-5962,,"2115 S Blosser Rd #106, Santa Maria, CA 93455, United States",Santa Maria,CA,P4 | Class B | website has issues | http://www.stevescentralcoastdetailing.com/,,Car Detailers
shaks mobile detail,,+1-805-354-3400,,"Orcutt, CA 93455, United States",Santa Maria,CA,P4 | Class B | website has issues | https://joey940.wixsite.com/website/recent-work-1,,Car Detailers
4Wheels Mobile Carwash,,+1-562-488-0019,,,Santa Monica,CA,P4 | Class B | website has issues | https://sites.google.com/view/4-wheels-mobile-carwash/home,,Car Detailers
"Danny's Waterless Mobile Car Wash, LLC",,+1-213-435-7050,,,Santa Monica,CA,P4 | Class B | website has issues | http://www.sparxdaddy.com/,,Car Detailers
Golden Coast Detailing,,+1-424-273-0095,,,Santa Monica,CA,P4 | Class B | website has issues | https://sites.google.com/view/golden-coast-detailing/book-now,,Car Detailers
M.B. AUTO AESTHETIC,,+1-323-833-4130,,,Santa Monica,CA,P4 | Class B | website has issues | https://mbautoaesthetic.com/,,Car Detailers
Master Wax & Detail Mobile Service,,+1-310-619-1141,,,Santa Monica,CA,P4 | Class B | website has issues | http://www.masterwaxdetail.com/,,Car Detailers
RideX Detailing,,+1-845-689-4493,,,Santa Monica,CA,P4 | Class B | website has issues | https://ridexla.com/,,Car Detailers
Roxby Detailing,,+1-424-385-7395,,,Santa Monica,CA,P4 | Class B | website has issues | https://web.detailconnect.app/u=roxby-detailing-NJWVYW,,Car Detailers
Westside Auto Detail,,+1-310-490-5003,,"W Bowdoin St, Pacific Palisades, CA 90272, United States",Santa Monica,CA,P4 | Class B | website has issues | https://westsideautodetail.weebly.com/,,Car Detailers
Aesthetic Mobile Detailing,,+1-707-369-8923,,"2600 Northcoast St, Santa Rosa, CA 95403, United States",Santa Rosa,CA,P4 | Class B | website has issues | https://www.aestheticmobiledetailingllc.com/,,Car Detailers
BLS Pro Auto Detail,,+1-707-280-5758,,"1275 4th St #634, Santa Rosa, CA 95404, United States",Santa Rosa,CA,P4 | Class B | website has issues | https://mobileprodetail.com/,,Car Detailers
Bud's N Sud's Detailing | Santa Rosa,,+1-925-750-0325,,"Skyhawk, Santa Rosa, CA 95409, United States",Santa Rosa,CA,P4 | Class B | website has issues | https://budsandsudsdetailing.com/,,Car Detailers
Divine Detailing,,+1-707-326-8578,,,Santa Rosa,CA,P4 | Class B | website has issues | http://divinedetailing.org/,,Car Detailers
Gold star mobile detailing,,+1-707-791-4169,,,Santa Rosa,CA,P4 | Class B | website has issues | http://goldstardetailing.com/,,Car Detailers
Jerry Auto Detailing,,+1-707-321-7030,,,Santa Rosa,CA,P4 | Class B | website has issues | https://jerryautodetailing.com/,,Car Detailers
Mirror Images Mobile Auto Detailing,,+1-707-321-4939,,,Santa Rosa,CA,P4 | Class B | website has issues | http://mirrorimagesdetail.com/,,Car Detailers
Perfect Finish Autospa LLC,,+1-707-570-7599,,"3575 Airway Dr suite a, Santa Rosa, CA 95403, United States",Santa Rosa,CA,P4 | Class B | website has issues | http://perfectfinishautospa.com/,,Car Detailers
Premier Mobile Detailing,,+1-707-332-9095,,"2005 Diego Ave, Santa Rosa, CA 95403, United States",Santa Rosa,CA,P4 | Class B | website has issues | http://www.thepremierdetail.com/,,Car Detailers
Purelux Auto Detail,,+1-707-526-5266,,"112 Commercial Ct Ste 25, Santa Rosa, CA 95407, United States",Santa Rosa,CA,P4 | Class B | website has issues | http://pureluxautodetail.com/,,Car Detailers
Wine Country Detailing,,+1-707-387-4192,,,Santa Rosa,CA,P4 | Class B | website has issues | https://winecountrydetailing.com/,,Car Detailers
Ceramic Pro PPF Window Tinting,,+1-805-557-0777,,"3131 E Thousand Oaks Blvd Unit b, Thousand Oaks, CA 91362, United States",Simi Valley,CA,P4 | Class B | website has issues | http://ceramicproofthousandoaks.com/,,Car Detailers
CurlyDetail,,+1-805-300-1001,,,Simi Valley,CA,P4 | Class B | website has issues | https://www.curlydetail.com/home,,Car Detailers
Dash The Detail Dude,,+1-805-422-6448,,,Simi Valley,CA,P4 | Class B | website has issues | https://dashdetaildude.simplybook.me/,,Car Detailers
De La Cruz Detailing,,+1-805-342-8669,,,Simi Valley,CA,P4 | Class B | website has issues | https://delacruzdetailing.onepage.me/,,Car Detailers
King Auto Detailing,,+1-818-618-6321,,"18437 Roscoe Blvd, Northridge, CA 91325, United States",Simi Valley,CA,P4 | Class B | website has issues | https://www.kingautodetailing.com/,,Car Detailers
LA Luxury Detail,,+1-951-638-3914,,,Simi Valley,CA,P4 | Class B | website has issues | https://laluxurydetail.com/,,Car Detailers
Master Care Auto Detailing,,+1-805-367-6299,,,Simi Valley,CA,P4 | Class B | website has issues | https://mastercareautodetailing.myshopify.com/,,Car Detailers
Prizm Mobile Detail,,+1-818-650-3452,,"8811 Canoga Ave Space 374, Canoga Park, CA 91304, United States",Simi Valley,CA,P4 | Class B | website has issues | https://www.prizmdetail.com/,,Car Detailers
ProClean805,,+1-805-253-3537,,,Simi Valley,CA,P4 | Class B | website has issues | https://proclean805.com/,,Car Detailers
SICK! Mobile Auto Detail,,+1-818-571-6728,,,Simi Valley,CA,P4 | Class B | website has issues | http://www.sickmobileautodetail.com/,,Car Detailers
UltraSmart Mobile Auto Detailing,,+1-805-265-3629,,,Simi Valley,CA,P4 | Class B | website has issues | https://ultrasmart.netlify.app/,,Car Detailers
Valley Detailing,,+1-805-422-1858,,,Simi Valley,CA,P4 | Class B | website has issues | https://vdetailing.lovable.app/,,Car Detailers
Avery Extreme Auto Detailing & Pressure Wash/Gutters,,+1-310-345-6253,,"11854 Wilmington Ave, Los Angeles, CA 90059, United States",South Gate,CA,P4 | Class B | website has issues | https://www.averyextremeautodetailing.com/,,Car Detailers
Cez Mobile Detail,,+1-323-867-0905,,,South Gate,CA,P4 | Class B | website has issues | https://www.cezdetailsco.com/,,Car Detailers
Detail Pro Services,,+1-407-460-4852,,"1066 Opal Way, Gardena, CA 90247, United States",South Gate,CA,P4 | Class B | website has issues | https://detailproservices.com/,,Car Detailers
K and E Auto Detailing,,+1-323-513-8118,,,South Gate,CA,P4 | Class B | website has issues | https://kandeautodetailing.wixsite.com/k-and-e-auto-detaili,,Car Detailers
LA Mobile Detailing,,+1-323-642-4976,,,South Gate,CA,P4 | Class B | website has issues | https://scamobiledetailing.com/,,Car Detailers
Sterling auto spa LLC,,+1-323-616-6133,,"9844 San Gabriel Ave, South Gate, CA 90280, United States",South Gate,CA,P4 | Class B | website has issues | https://sterling-auto-spa.bookings.getclickrez.com/book,,Car Detailers
Anytime Anyplace Auto Detailing,,+1-951-541-4509,,,Temecula,CA,P4 | Class B | website has issues | http://www.anytimeanyplaceautodetailing.com/,,Car Detailers
Big Al's Car Detailing,,+1-760-302-1355,,,Temecula,CA,P4 | Class B | website has issues | https://cardetailingtemeculaca.com/,,Car Detailers
D&S Deluxe Auto Detailing & Wheel Repair,,+1-951-315-4449,,,Temecula,CA,P4 | Class B | website has issues | http://dsdeluxeautodetailing.com/,,Car Detailers
DoItFresh Auto Detailing,,+1-951-326-5088,,,Temecula,CA,P4 | Class B | website has issues | https://doitfreshdetailing.com/,,Car Detailers
Auto Detail Expert,,+1-805-657-1570,,,Thousand Oaks,CA,P4 | Class B | website has issues | https://www.autodetailexpert.com/,,Car Detailers
Dynamic Detailing,,+1-747-204-6802,,,Thousand Oaks,CA,P4 | Class B | website has issues | https://dynamicdetailing4u.com/,,Car Detailers
Eagle Eye Auto Detailing,,+1-747-241-4798,,,Thousand Oaks,CA,P4 | Class B | website has issues | https://eagledetails.com/,,Car Detailers
Eco-Shine Auto Reconditioning,,+1-818-339-4909,,"5321 Derry Ave Ste h, Agoura Hills, CA 91301, United States",Thousand Oaks,CA,P4 | Class B | website has issues | http://www.ecoshineauto.com/,,Car Detailers
Invision Customs,,+1-310-424-5461,,"766 Lakefield Rd Ste F, Thousand Oaks, CA 91361, United States",Thousand Oaks,CA,P4 | Class B | website has issues | https://invisioncustoms.com/,,Car Detailers
Newbury Auto Spa,,+1-805-603-6646,,"1180 Newbury Rd, Newbury Park, CA 91320, United States",Thousand Oaks,CA,P4 | Class B | website has issues | https://newburyautospa.com/,,Car Detailers
Cesar's Car Care,,+1-310-755-5508,,"1724 Palos Verdes Dr N, Harbor City, CA 90710, United States",Torrance,CA,P4 | Class B | website has issues | http://www.cesarscarcare.com/,,Car Detailers
Drip Auto Mobile Car Detailing,,+1-626-323-8732,,"5414 Manitowac Dr, Rancho Palos Verdes, CA 90275, United States",Torrance,CA,P4 | Class B | website has issues | https://dripautodetailing.site/,,Car Detailers
Larry's auto detailing & corrections,,+1-424-610-0646,,,Torrance,CA,P4 | Class B | website has issues | https://larryoutlaw42.wixsite.com/larrysautodetailin-1,,Car Detailers
PrimeLux detailing,,+1-562-541-4733,,,Torrance,CA,P4 | Class B | website has issues | http://primelux-detailing.com/,,Car Detailers
Yeshayah Luxury Detail,,+1-805-889-2134,,"550 Silver Spur Rd, Rolling Hills Estates, CA 90275, United States",Torrance,CA,P4 | Class B | website has issues | https://www.yeshayahluxurydetail.com/,,Car Detailers
Devin's Detailing,,+1-925-285-3799,,,Truckee,CA,P4 | Class B | website has issues | https://devincarwash.as.me/schedule.php,,Car Detailers
Legends Mobile Detailing — Truckee/Tahoe,,+1-530-562-7450,,"10175 W River St, Truckee, CA 96161, United States",Truckee,CA,P4 | Class B | website has issues | https://sites.google.com/view/legendsdetail/home,,Car Detailers
Curbside Washes,,+1-559-799-5429,,,Tulare,CA,P4 | Class B | website has issues | https://curbsidewashes.onuniverse.com/,,Car Detailers
Excalibur Mobile Detail,,+1-559-802-4392,,,Tulare,CA,P4 | Class B | website has issues | https://www.excaliburmobiledetail.com/,,Car Detailers
Gloss Empire Auto Detail Supply,,+1-559-556-6072,,"1549 Hillman St, Tulare, CA 93274, United States",Tulare,CA,P4 | Class B | website has issues | https://www.glossempire.com/,,Car Detailers
Jays mobile auto detailing,,+1-559-887-2506,,,Tulare,CA,P4 | Class B | website has issues | https://www.jaysmobileautodetailing.com/,,Car Detailers
LMG Detailing,,+1-559-586-8781,,"1367 S Blackstone St, Tulare, CA 93274, United States",Tulare,CA,P4 | Class B | website has issues | https://lmgdetailing.wixsite.com/lmgd/visit,,Car Detailers
OC Luxe Detailing,,+1-559-372-5359,,,Tulare,CA,P4 | Class B | website has issues | https://sites.google.com/view/oc-luxe-detailing-/ag-professional-detailing,,Car Detailers
Prestiq Power & Shine,,+1-661-778-8326,,,Tulare,CA,P4 | Class B | website has issues | http://www.prestiqpowershine.com/,,Car Detailers
The Detail Plug LLC,,+1-559-302-7434,,"1400 N Park St, Visalia, CA 93291, United States",Tulare,CA,P4 | Class B | website has issues | http://thedetailplug.co/,,Car Detailers
CJ's Detailing Shop,,+1-209-767-1933,,"1170 La Sombra Ct, Turlock, CA 95380, United States",Turlock,CA,P4 | Class B | website has issues | https://cjsdetailing-creator.github.io/site/,,Car Detailers
LuxBros detailing,,+1-209-202-0396,,,Turlock,CA,P4 | Class B | website has issues | https://luxbrosdetailing.com/,,Car Detailers
Luxury Detailz,,+1-209-672-1820,,,Turlock,CA,P4 | Class B | website has issues | https://luxurydetailz.com/,,Car Detailers
All Auto Custom's: Detailing-Maintenance-Installation,,+1-707-234-9597,,,Ukiah,CA,P4 | Class B | website has issues | https://www.all-autocustoms.com/,,Car Detailers
Bright High Class Detailing,,+1-760-576-6338,,"167 Woodridge Cir, Vacaville, CA 95687, United States",Vacaville,CA,P4 | Class B | website has issues | https://brighthighclassdetaling.com/,,Car Detailers
Classic Touch Detail Center,,+1-707-372-8510,,"1325 Callen St Suite -E, Vacaville, CA 95688, United States",Vacaville,CA,P4 | Class B | website has issues | https://classictouchdetailcenter.com/,,Car Detailers
D-Dub Detailing,,+1-707-474-2218,,,Vacaville,CA,P4 | Class B | website has issues | https://docs.google.com/forms/d/1wLaQdTi3JfLahvQTaHj5AxXxZZwUlaMQzQjkMlmNlCA/edit,,Car Detailers
CurbsideAppealCo,,+1-805-290-0232,,,Ventura,CA,P4 | Class B | website has issues | https://colebatman322.wixsite.com/curbsideappealco,,Car Detailers
West Coast Detailing,,+1-805-746-3041,,,Ventura,CA,P4 | Class B | website has issues | http://www.carwashventura.com/,,Car Detailers
Diaz Mobile Auto Detailing,,+1-760-810-9011,,,Victorville,CA,P4 | Class B | website has issues | https://www.diazautodetailing.com/,,Car Detailers
K & A Detailing,,+1-760-553-8153,,,Victorville,CA,P4 | Class B | website has issues | https://knadetailing.my.canva.site/,,Car Detailers
Salgado's Auto Detail,,+1-805-231-2062,,,Victorville,CA,P4 | Class B | website has issues | https://salgadosautodetail.my.canva.site/hd-mobile-detailing,,Car Detailers
Bold Mobile Detailing,,+1-559-750-9262,,"15632 Ave 309, Visalia, CA 93292, United States",Visalia,CA,P4 | Class B | website has issues | http://bolddetailing.net/,,Car Detailers
Exotic Car Cleaners,,+1-559-818-6841,,"Visalia, CA 93292, United States",Visalia,CA,P4 | Class B | website has issues | https://pocketsuite.io/book/exotic-car-cleaners,,Car Detailers
Hydro Mobile Detailing,,+1-559-805-1413,,"3012 W Elowin Ave, Visalia, CA 93291, United States",Visalia,CA,P4 | Class B | website has issues | http://hydromobiledetailing.com/,,Car Detailers
Lujan's Rescue,,+1-559-723-2178,,,Visalia,CA,P4 | Class B | website has issues | https://lujansrescue.wixsite.com/my-site,,Car Detailers
RS Vehicle Detailing,,+1-559-563-1065,,"1634 N Leslie St, Visalia, CA 93291, United States",Visalia,CA,P4 | Class B | website has issues | https://vehicledetailingrs.wixsite.com/rsvehicledetailing,,Car Detailers
Apex Finish Socal Detailing,,+1-760-492-6060,,"1575 Oak Dr, Vista, CA 92084, United States",Vista,CA,P4 | Class B | website has issues | https://apexfinishdetailing.com/,,Car Detailers
Apex Vehicle Solutions,,+1-760-458-3018,,"324 Del Rio Way, Vista, CA 92083, United States",Vista,CA,P4 | Class B | website has issues | http://www.apexdetailsolutions.com/,,Car Detailers
FlipNclean,,+1-442-216-9652,,"260 Durian St, Vista, CA 92083, United States",Vista,CA,P4 | Class B | website has issues | https://flipncleandetailing.com/,,Car Detailers
I.B Supreme Auto Care,,+1-760-216-7696,,"291 Cedar Rd, Vista, CA 92083, United States",Vista,CA,P4 | Class B | website has issues | http://ibsac.info/,,Car Detailers
R1Detail,,+1-925-420-0099,,,Walnut Creek,CA,P4 | Class B | website has issues | https://r1detail.netlify.app/,,Car Detailers
Covina Mobile Detail,,+1-909-766-6387,,"426 N Barranca Ave ste 11, Covina, CA 91723, United States",West Covina,CA,P4 | Class B | website has issues | https://krispykleanmobiledetailing.com/,,Car Detailers
Finish-Line Car Detailing Covina,,+1-626-508-7835,,"545 N Rimsdale Ave, Covina, CA 91722, United States",West Covina,CA,P4 | Class B | website has issues | http://finishlinedetails.com/,,Car Detailers
Knights in Shining Auto LLC Mobile Detailing Services,,+1-818-481-2057,,"664 E Italia St, Covina, CA 91723, United States",West Covina,CA,P4 | Class B | website has issues | https://kisallc-115.my.canva.site/,,Car Detailers
soaperiordetailing,,+1-626-374-0158,,"18458 Dancy St, Rowland Heights, CA 91748, United States",West Covina,CA,P4 | Class B | website has issues | https://soaperiordetailing.com/,,Car Detailers
Blackseries Detailing,,+1-559-653-8777,,,West Sacramento,CA,P4 | Class B | website has issues | http://www.blackseriesdetailing.com/?utm_source=google&utm_medium=wix_google_business_profile&utm_campaign=18205639905727430935,,Car Detailers
Diamond Detailing,,+1-916-801-9636,,,West Sacramento,CA,P4 | Class B | website has issues | https://officialdiamonddetails.com/,,Car Detailers
Luxor Noir Auto,,+1-209-395-8217,,,West Sacramento,CA,P4 | Class B | website has issues | https://luxornoirauto.carrd.co/,,Car Detailers
Prime Diamond Detailing,,+1-916-633-9222,,,West Sacramento,CA,P4 | Class B | website has issues | http://officialdiamonddetails.com/,,Car Detailers
The Shine Guy,,+1-562-999-4899,,,West Sacramento,CA,P4 | Class B | website has issues | https://www.theshineguy.com/,,Car Detailers
Your Next Mobile Detail LLC,,+1-951-900-1030,,,West Sacramento,CA,P4 | Class B | website has issues | https://www.yournextmobiledetail.com/,,Car Detailers
Shine Revive Auto Detailing,,+1-714-276-6168,,"7082 Fenway Dr, Westminster, CA 92683, United States",Westminster,CA,P4 | Class B | website has issues | https://shinereviveautodetailing.site/,,Car Detailers
SplashBrotherDetailing,,+1-714-548-2091,,"13900 Jasperson Way, Westminster, CA 92683, United States",Westminster,CA,P4 | Class B | website has issues | https://refractive-studio-pro.base44.app/,,Car Detailers
A Touch of Class Mobile Auto Detailing,,+1-562-587-9317,,,Whittier,CA,P4 | Class B | website has issues | http://atouchofclassmobileautodetailing.weebly.com/,,Car Detailers
Andy Exclusive Detail,,+1-747-350-7776,,"13922 Saranac Dr, Whittier, CA 90604, United States",Whittier,CA,P4 | Class B | website has issues | http://andyexclusivedetail.github.io/,,Car Detailers
Bubble Boss Auto Detailing,,+1-562-703-7110,,"1228 Guinea Dr, Whittier, CA 90601, United States",Whittier,CA,P4 | Class B | website has issues | https://bubblebosscardetailing.site/,,Car Detailers
JR’s Mobile Car Detailing,,+1-562-324-7705,,,Whittier,CA,P4 | Class B | website has issues | https://jrsmobilecardetailing.com/,,Car Detailers
Jim’s Mobile Detail,,+1-562-616-3933,,,Whittier,CA,P4 | Class B | website has issues | https://orbisx.ca/app/vcard/VSVZH/Jim&rsquo;s+Car+Care,,Car Detailers
Luxury Car Detailing,,+1-209-208-7799,,"12403 Hadley St, Whittier, CA 90601, United States",Whittier,CA,P4 | Class B | website has issues | https://luxuryautodetailing.site/,,Car Detailers
OzzWorldsHandWash,,+1-562-703-8569,,"7721 Broadway Ave, Whittier, CA 90606, United States",Whittier,CA,P4 | Class B | website has issues | http://ozworldshandwash.carrd.co/,,Car Detailers
Super Pitudo Car Detailing,,+1-562-368-0671,,,Whittier,CA,P4 | Class B | website has issues | http://superpitudoluxurydetailing.rf.gd/,,Car Detailers
AJ's Auto Detailing,,+1-916-756-5317,,,Woodland,CA,P4 | Class B | website has issues | https://www.ajmobiledetailing.co/,,Car Detailers
Buffies high end detailing,,+1-530-379-9048,,"907 Bourn Dr, Woodland, CA 95776, United States",Woodland,CA,P4 | Class B | website has issues | http://buffiesautocare.com/,,Car Detailers
Castillo auto Detailing,,+1-530-940-8920,,"1216 E Beamer St #D, Woodland, CA 95776, United States",Woodland,CA,P4 | Class B | website has issues | https://castilloautodetailing.com/,,Car Detailers
Gonzalez Mobile Detailing,,+1-530-608-6357,,,Woodland,CA,P4 | Class B | website has issues | https://gonzalezmobiledetail.com/,,Car Detailers
Harris Mobile Detailing,,+1-530-650-2176,,,Woodland,CA,P4 | Class B | website has issues | http://harrismobiledetailing2.mightysites.com/,,Car Detailers
Show Ready Detail,,+1-530-867-2474,,,Woodland,CA,P4 | Class B | website has issues | https://www.showreadydetail.com/,,Car Detailers
J&M Auto Detailing,,+1-541-224-8223,,,Albany,OR,P4 | Class B | website has issues | https://jmautomotivedetail7.wixsite.com/j-m-auto-detailing,,Car Detailers
Raven auto detailing,,+1-541-220-1221,,,Albany,OR,P4 | Class B | website has issues | https://booking.detailermade.com/8084e7ce-abf7-4610-8bc0-aec451b1a28e,,Car Detailers
Spartan Mobile Detailing,,+1-971-301-4489,,,Albany,OR,P4 | Class B | website has issues | https://sites.google.com/view/spartanmobiledetailingllc/home?authuser=0,,Car Detailers
Precision Mobile Detailing,,+1-971-240-2707,,,Anaheim,OR,P4 | Class B | website has issues | https://precisionmobiledetailing.lovable.app/,,Car Detailers
Ashland Auto Shine,,+1-541-539-7763,,,Ashland,OR,P4 | Class B | website has issues | http://ashlandautoshine.com/,,Car Detailers
Siskiyou Cleaning Services,,+1-541-329-9185,,,Ashland,OR,P4 | Class B | website has issues | http://siskiyoucleaningservices.com/,,Car Detailers
Attention 2 Detail Mobile Auto Detailing,,+1-503-515-6578,,"9145 SW Yearling Pl, Beaverton, OR 97008, United States",Beaverton,OR,P4 | Class B | website has issues | http://www.attention2detail.biz/,,Car Detailers
Auto Aesthetics Detailing,,+1-971-407-7779,,,Beaverton,OR,P4 | Class B | website has issues | https://autoaesthetics-detailing.com/,,Car Detailers
Auto Reconditioning UBAD,,+1-503-574-4020,,"12620 SW Canyon Rd, Beaverton, OR 97005, United States",Beaverton,OR,P4 | Class B | website has issues | https://ubadautodetail.com/,,Car Detailers
BSC MOBILE DETAILING,,+1-971-238-7924,,,Beaverton,OR,P4 | Class B | website has issues | https://sites.google.com/bsc-mobiledetailing.com/bscmobiledetailing/home,,Car Detailers
Beaverton Shine Garage | Auto Detailing Beaverton,,+1-971-910-7939,,"8100 SW Miller Hill Rd, Beaverton, OR 97007, United States",Beaverton,OR,P4 | Class B | website has issues | http://beavertonshinegarage.com/,,Car Detailers
Custom Correction Mobile Detailing,,+1-971-267-7128,,"3944 SW Pinewood Way, Beaverton, OR 97078, United States",Beaverton,OR,P4 | Class B | website has issues | http://www.customcorrectiondetailing.com/,,Car Detailers
Detailor,,+1-503-703-0004,,"18051 SW Lower Boones Ferry Rd Apt 143, Tigard, OR 97224, United States",Beaverton,OR,P4 | Class B | website has issues | http://detailor.info/,,Car Detailers
Gallagher Auto Spa,,+1-503-878-5153,,"8750 SW Old Tualatin-Sherwood Rd, Tualatin, OR 97062, United States",Beaverton,OR,P4 | Class B | website has issues | http://www.gallagherautospa.com/,,Car Detailers
GoDetail Ceramic Coatings,,+1-503-386-4289,,"10950 SW 5th St, Beaverton, OR 97005, Portland, OR 97225, United States",Beaverton,OR,P4 | Class B | website has issues | https://www.godetail.com/ceramic-coating-portland/,,Car Detailers
Kreasion Auto Detailing,,+1-503-336-0524,,"2900 SE Cornelius Pass Rd Ste 337, Hillsboro, OR 97123, United States",Beaverton,OR,P4 | Class B | website has issues | http://www.kreasion.com/,,Car Detailers
Starr Detailz,,+1-503-385-7152,,,Beaverton,OR,P4 | Class B | website has issues | https://starrdetailz.com/?utm_source=omg-gbp&utm_medium=webclick,,Car Detailers
The Auto Doc Mobile Detailing,,+1-503-998-5261,,,Beaverton,OR,P4 | Class B | website has issues | https://theautodocdetailing.wixsite.com/the-auto-doc,,Car Detailers
Y's Mobile Detailing,,+1-971-268-0875,,,Beaverton,OR,P4 | Class B | website has issues | https://ysmobiledetailing.myshopify.com/,,Car Detailers
"Angels Touch Detailing, LLC",,+1-541-389-6585,,"225 NE Seward Ave, Bend, OR 97701, United States",Bend,OR,P4 | Class B | website has issues | https://angelstouchdetailing.com/,,Car Detailers
Bend Auto Detailing,,+1-541-909-8288,,,Bend,OR,P4 | Class B | website has issues | http://www.bendautodetailing.com/,,Car Detailers
Car Detailing Bend Oregon,,+1-541-640-5501,,,Bend,OR,P4 | Class B | website has issues | https://www.cardetailingbendoregon.com/,,Car Detailers
Collins Premier Auto Detailing,,+1-541-948-1818,,"21085 Quail Ln, Bend, OR 97703, United States",Bend,OR,P4 | Class B | website has issues | https://www.collinspad.com/,,Car Detailers
Drive Clear Mobile,,+1-971-344-3693,,,Bend,OR,P4 | Class B | website has issues | https://driveclearmobile.com/,,Car Detailers
Elevated Detail,,+1-541-213-4140,,"63237 Cimarron Dr, Bend, OR 97701, United States",Bend,OR,P4 | Class B | website has issues | http://elevateddetailbend.com/,,Car Detailers
JnA AutoSpa Mobile detailing,,+1-541-728-1772,,"1080 SE Hwy 97, Bend, OR 97702, United States",Bend,OR,P4 | Class B | website has issues | https://www.jnaautospamobile.com/,,Car Detailers
Joe Detail,,+1-541-640-9390,,,Bend,OR,P4 | Class B | website has issues | https://joedetail.com/,,Car Detailers
KC Detailing,,+1-503-481-5263,,,Bend,OR,P4 | Class B | website has issues | https://kalvenbangsund.wixsite.com/kc-detailing,,Car Detailers
Mario's Automotive Detailing,,+1-541-815-8555,,"20475 Brandis Ct, Bend, OR 97701, United States",Bend,OR,P4 | Class B | website has issues | http://www.mariosautomotivedetailing.com/location---contact.html,,Car Detailers
Mobile Auto Shine Society,,+1-503-931-3364,,,Bend,OR,P4 | Class B | website has issues | http://mobileautoshinesociety.net/,,Car Detailers
Nice & SHINE MOBILE Car Wash & DETAILING SERVICE,,+1-541-678-1047,,"Central, Bend, OR 97701, United States",Bend,OR,P4 | Class B | website has issues | http://www.niceandshine.us/,,Car Detailers
Porter Detailing,,+1-541-771-2715,,"2522 NE 2nd St, Bend, OR 97701, United States",Bend,OR,P4 | Class B | website has issues | https://porterdetailing.com/,,Car Detailers
[BOSSdetail],,+1-541-408-6044,,"62987 Plateau Dr, Bend, OR 97701, United States",Bend,OR,P4 | Class B | website has issues | https://bossdetailbend.com/,,Car Detailers
Dragonfly Detailing,,+1-503-502-7417,,"119 NW 4th Ave, Canby, OR 97013, United States",Canby,OR,P4 | Class B | website has issues | http://www.dragonflydetailing.com/,,Car Detailers
Prestigious Auto Collection (Auto Spa),,+1-503-476-6254,,,Canby,OR,P4 | Class B | website has issues | https://pacportland.com/,,Car Detailers
Wilsonville Auto Detail,,+1-971-280-1516,,"29030 SW Town Center Loop E, Wilsonville, OR 97070, United States",Canby,OR,P4 | Class B | website has issues | http://www.wilsonvilleautodetail.com/,,Car Detailers
Bogarts Auto Detail,,+1-541-776-6944,,"1059 Court St Suite 103, Medford, OR 97501, United States",Central Point,OR,P4 | Class B | website has issues | http://bogartsautodetail.net/,,Car Detailers
ENG Mobile Detailing,,+1-541-262-2998,,,Central Point,OR,P4 | Class B | website has issues | http://engmobiledetailing.com/,,Car Detailers
"Fully Involved Auto Detailing, LLC",,+1-541-261-6017,,,Central Point,OR,P4 | Class B | website has issues | http://www.getfiad.com/,,Car Detailers
Gloss Boss Mobile Auto Detailing,,+1-541-778-6520,,,Central Point,OR,P4 | Class B | website has issues | http://www.glossbossoregon.com/,,Car Detailers
Hands On Detail,,+1-541-776-2227,,"943 Automation Way, Medford, OR 97504, United States",Central Point,OR,P4 | Class B | website has issues | http://www.handsondetail.org/,,Car Detailers
Mainline Auto Detailing,,+1-541-816-7459,,,Central Point,OR,P4 | Class B | website has issues | https://mainlineauto.surge.sh/,,Car Detailers
Premier Detail and Polish,,+1-541-779-1684,,"4495 Table Rock Rd, Central Point, OR 97502, United States",Central Point,OR,P4 | Class B | website has issues | http://www.premierdetailnpolish.com/,,Car Detailers
Pro Cleanse Mobile Detail,,+1-541-625-3119,,,Central Point,OR,P4 | Class B | website has issues | https://www.procleansedetail.com/,,Car Detailers
Ridley's Auto Spa LLC,,+1-541-630-1765,,"3373 Perrydale Ct, Medford, OR 97501, United States",Central Point,OR,P4 | Class B | website has issues | https://ridleysautospa.com/,,Car Detailers
Rogue Gloss Auto Detailing,,+1-541-630-3874,,,Central Point,OR,P4 | Class B | website has issues | https://roguegloss.com/,,Car Detailers
Rub A Dub Auto Detailing,,+1-458-658-1288,,"400 Madrona St, Medford, OR 97501, United States",Central Point,OR,P4 | Class B | website has issues | https://www.rubadubautodetailing.com/,,Car Detailers
Saxbury’s Mobile Detail,,+1-541-200-8545,,"2580 Beall Ln, Central Point, OR 97502, United States",Central Point,OR,P4 | Class B | website has issues | https://saxburysmobiledetail.com/,,Car Detailers
Shine Time Mobile Detailing,,+1-541-326-6386,,,Central Point,OR,P4 | Class B | website has issues | http://shinetimemobiledetail.com/,,Car Detailers
Wash Buggy Auto Spa & Wrap Lab,,+1-541-778-4226,,"2718 W Main St, Medford, OR 97501, United States",Central Point,OR,P4 | Class B | website has issues | http://www.thewashbuggyautospa.com/,,Car Detailers
southern oregon detailing,,+1-541-622-2960,,,Central Point,OR,P4 | Class B | website has issues | https://polish-medford.emergent.host/,,Car Detailers
SCC Detailing & Ceramic Coatings,,+1-541-404-3637,,"160 Kruse Ave, Coos Bay, OR 97420, United States",Coos Bay,OR,P4 | Class B | website has issues | https://www.sccdetail.com/,,Car Detailers
JamesLee Auto Detailing,,+1-541-754-3628,,"820 NW Kings Blvd, Corvallis, OR 97330, United States",Corvallis,OR,P4 | Class B | website has issues | http://www.jamesleedetailing.com/,,Car Detailers
Smooth Ride Detailing LLC,,+1-541-908-9581,,"Main St, Philomath, OR 97370, United States",Corvallis,OR,P4 | Class B | website has issues | https://smoothridedetailingllc.godaddysites.com/,,Car Detailers
Sir Brush Cleaning,,+1-541-497-0635,,,Cottage Grove,OR,P4 | Class B | website has issues | https://sirbrushcleaningservices.com/,,Car Detailers
Autorem,,+1-541-788-0062,,"3780 Kathryn Ave Unit c, Springfield, OR 97478, United States",Eugene,OR,P4 | Class B | website has issues | https://www.oregonautorem.com/,,Car Detailers
C&J Cleaning Services,,+1-541-221-4309,,,Eugene,OR,P4 | Class B | website has issues | https://celery-plums-easy.squarespace.com/home,,Car Detailers
Coop's Complete Care,,+1-541-632-3852,,,Eugene,OR,P4 | Class B | website has issues | https://coopscompletecare.com/,,Car Detailers
Detail Destination,,+1-541-320-4461,,"E 12th Ave, Eugene, OR 97401, United States",Eugene,OR,P4 | Class B | website has issues | http://www.detail-destination.com/,,Car Detailers
Discount Detail - Eugene Oregon,,+1-458-319-0892,,,Eugene,OR,P4 | Class B | website has issues | https://www.discount-detail.com/,,Car Detailers
JL Mobile Detail,,+1-541-852-7394,,,Eugene,OR,P4 | Class B | website has issues | https://jlmobiledetailbooking.netlify.app/,,Car Detailers
Maximus Detail,,+1-541-525-0165,,,Eugene,OR,P4 | Class B | website has issues | https://maximusdetail.biz/,,Car Detailers
DetailX,,+1-971-777-3803,,"1040 Hartford Dr, Forest Grove, OR 97116, United States",Forest Grove,OR,P4 | Class B | website has issues | https://gavinvirden24.wixsite.com/detailx,,Car Detailers
Forest Grove Auto Detail,,+1-971-409-1049,,"1929 23rd Ave, Forest Grove, OR 97116, United States",Forest Grove,OR,P4 | Class B | website has issues | https://www.forestgroveautodetail.com/,,Car Detailers
Jonny Law Detail,,+1-503-686-9061,,,Forest Grove,OR,P4 | Class B | website has issues | http://jonnylawdetail.com/,,Car Detailers
Dyers Mobile Detailing,,+1-706-897-4510,,,Grants Pass,OR,P4 | Class B | website has issues | http://www.dyersmobiledetailing.com/,,Car Detailers
Mount.ViewAutoDetailing,,+1-541-450-8953,,,Grants Pass,OR,P4 | Class B | website has issues | https://mountviewautodetailing.godaddysites.com/,,Car Detailers
Rogue Forge Mobile Detailing,,+1-541-531-2008,,,Grants Pass,OR,P4 | Class B | website has issues | https://rogueforgedetail.com/,,Car Detailers
Route 97 Auto Detailing / RestorFx Grants Pass,,+1-541-610-7248,,"2757 Highland Ave, Grants Pass, OR 97526, United States",Grants Pass,OR,P4 | Class B | website has issues | http://www.restorfxgrantspass.com/,,Car Detailers
Auto Bliss,,+1-503-420-3125,,"2202 NW Birdsdale Ave #8, Gresham, OR 97030, United States",Gresham,OR,P4 | Class B | website has issues | http://www.kreasion.com/,,Car Detailers
Awesome Headlights,,+1-503-888-6848,,,Gresham,OR,P4 | Class B | website has issues | http://awesomeheadlights.com/,,Car Detailers
Buff & Beyond Detailing and Restoration,,+1-971-895-4091,,"19959 E Burnside St, Portland, OR 97233, United States",Gresham,OR,P4 | Class B | website has issues | https://buffandbeyonddetail.com/,,Car Detailers
Detail Pro Max Car Wash,,+1-971-500-2223,,,Gresham,OR,P4 | Class B | website has issues | https://dot.cards/detailpromax?s=s,,Car Detailers
Elite Shine Auto Detail - Mobile Detailing and Ceramic Coatings,,+1-971-325-1742,,"7430 SE 67th Ave, Portland, OR 97206, United States",Gresham,OR,P4 | Class B | website has issues | https://www.eliteshineautodetailing.com/,,Car Detailers
Epic Auto Detailing & Window Tint,,+1-503-866-5707,,"1660 NE Division St, Gresham, OR 97030, United States",Gresham,OR,P4 | Class B | website has issues | https://epicdetailingpdx.com/,,Car Detailers
Mad Dog Auto Detailing,,+1-971-444-6575,,"1690 NE Division St, Gresham, OR 97030, United States",Gresham,OR,P4 | Class B | website has issues | https://www.maddogdetails.com/,,Car Detailers
Precision Auto Detailing,,+1-503-676-9890,,"839 SW 17th Way, Troutdale, OR 97060, United States",Gresham,OR,P4 | Class B | website has issues | http://detailingprecision.com/,,Car Detailers
Prime Shine Auto Detailing,,+1-360-295-2378,,"4814 NE 107th Ave, Portland, OR 97220, United States",Gresham,OR,P4 | Class B | website has issues | https://primeshineautodetailingvancouver.site/,,Car Detailers
Rags 2 Riches Mobile Auto Detailing,,+1-971-290-1800,,,Gresham,OR,P4 | Class B | website has issues | http://rags2richesautodetailing.com/,,Car Detailers
Regular Joe's Detailing,,+1-971-404-6518,,"7491 SE Overland St, Milwaukie, OR 97222, United States",Gresham,OR,P4 | Class B | website has issues | http://regularjoesdetailing.com/,,Car Detailers
Ricky's Auto Detailing,,+1-316-347-6751,,"17255 NE Wasco St, Portland, OR 97230, United States",Gresham,OR,P4 | Class B | website has issues | http://www.rickysautodetailing.com/,,Car Detailers
Royal Detailing PDX,,+1-503-501-1014,,"15746 SE Bybee Dr, Portland, OR 97236, United States",Gresham,OR,P4 | Class B | website has issues | http://royaldetailingpdx.com/,,Car Detailers
SUPERB Detailing,,+1-503-954-7078,,,Gresham,OR,P4 | Class B | website has issues | https://superbdeats.com/,,Car Detailers
Wichoshines Auto Mobile Detailing,,+1-971-424-2804,,"11917 SE Mill Ct, Portland, OR 97216, United States",Gresham,OR,P4 | Class B | website has issues | https://calendar.app.google/c6zEv3gQtKmG7j5D8,,Car Detailers
American Quality LLC,,+1-503-679-0184,,,Happy Valley,OR,P4 | Class B | website has issues | https://americanquality-llc.com/home,,Car Detailers
Driveway Detail PDX,,+1-971-272-3550,,,Happy Valley,OR,P4 | Class B | website has issues | http://drivewaydetailpdx.wixsite.com/website,,Car Detailers
GOOD CHEM DETAILING,,+1-971-480-7591,,,Happy Valley,OR,P4 | Class B | website has issues | https://www.goodchemdetailing.com/,,Car Detailers
Golden Auto Spa,,+1-971-221-5947,,,Happy Valley,OR,P4 | Class B | website has issues | https://bookgoldenautospa.com/,,Car Detailers
H20LUX,,+1-971-263-1540,,,Happy Valley,OR,P4 | Class B | website has issues | https://h20lux.com/,,Car Detailers
J & S Carwash Sales and Service,,+1-971-940-5210,,,Happy Valley,OR,P4 | Class B | website has issues | https://jscarwashsalesandservice.com/,,Car Detailers
Noble Auto Spa,,+1-971-220-0110,,"Damascus, OR 97089, United States",Happy Valley,OR,P4 | Class B | website has issues | https://noble-auto-spa.base44.app/,,Car Detailers
Oregon City Detail,,+1-971-300-3243,,,Happy Valley,OR,P4 | Class B | website has issues | https://oregoncitydetail.com/,,Car Detailers
Prime Shine PDX,,+1-503-501-1032,,,Happy Valley,OR,P4 | Class B | website has issues | http://primeshinepdxdetailing.com/,,Car Detailers
Dynamic Detail,,+1-541-561-7038,,,Hermiston,OR,P4 | Class B | website has issues | https://dyndtl.com/,,Car Detailers
"Enlightened Flow Auto Detail LLC - Mobile Detailing, Ceramic Coating, Paint Protection",,+1-541-371-7686,,"30892 US-730, Umatilla, OR 97882, United States",Hermiston,OR,P4 | Class B | website has issues | http://enlightenedflowdetailing.com/,,Car Detailers
Zerospotdetailing,,+1-541-667-7620,,"1422 NE Garden Ln, Hermiston, OR 97838, United States",Hermiston,OR,P4 | Class B | website has issues | https://premium-business-web-2.preview.emergentagent.com/?utm_source=share,,Car Detailers
Fix-N-Foam Vehicle Solutions,,+1-971-505-1023,,,Hillsboro,OR,P4 | Class B | website has issues | http://fixnfoam.com/,,Car Detailers
JZ Shines Auto Detailing,,+1-310-310-9170,,"1407 Barker Rd, Hood River, OR 97031, United States",Hood River,OR,P4 | Class B | website has issues | http://www.jzshines.com/,,Car Detailers
A&B Automotive Mobile Detailing,,+1-541-391-9077,,,Keizer,OR,P4 | Class B | website has issues | https://abautomotive.my.canva.site/,,Car Detailers
Auto Cosmetic El Gordo,,+1-503-385-3606,,,Keizer,OR,P4 | Class B | website has issues | https://autodetailingelgordo5.godaddysites.com/?fbclid=PAAabtyxPT4OuxKHoRMOM3WcSJ8PTn4vTqVwJ6T7jft4W3omp06mQhvshsuzk_aem_th_Ae5Zb-enDu_a1l1enLcZ7fmpS0AtnRGNzu4qF7v_AoKNRS6CzZzijIFNzSwvtF969MI,,Car Detailers
Auto Detailing A1,,+1-971-716-3177,,"3297 Portland Rd NE, Salem, OR 97301, United States",Keizer,OR,P4 | Class B | website has issues | https://autodetailinga1.com/,,Car Detailers
Detailed Automotives Car Detailing Salem,,+1-971-372-8121,,"3434 Lawrence St SE, Salem, OR 97302, United States",Keizer,OR,P4 | Class B | website has issues | http://detailedautomotives.com/,,Car Detailers
EP Professional Car Detail,,+1-971-240-0164,,,Keizer,OR,P4 | Class B | website has issues | https://www.epcardetail.com/,,Car Detailers
Fine Touch Detailing LLC,,+1-503-931-5646,,"4546 Shawn Ct NE, Salem, OR 97305, United States",Keizer,OR,P4 | Class B | website has issues | https://www.finetouchdetailing.com/,,Car Detailers
GreenState Mobile Detail LLC,,+1-503-510-9499,,,Keizer,OR,P4 | Class B | website has issues | https://greenstatemobiledetail.com/,,Car Detailers
Prime Shine Car Detailing Of Hayesville,,+1-971-387-7025,,"4624 Lancaster Dr NE, Salem, OR 97305, United States",Keizer,OR,P4 | Class B | website has issues | https://primeshinemobileautodetailingsalem.site/,,Car Detailers
Prime Shine Car Detailing Of Keizer,,+1-971-385-5200,,"737 Manbrin Dr NE, Keizer, OR 97303, United States",Keizer,OR,P4 | Class B | website has issues | https://primeshinemobileautodetailingsalem.site/,,Car Detailers
Rugged Cross Auto Detail,,+1-503-930-7649,,"1292 Shady Ln NE, Keizer, OR 97303, United States",Keizer,OR,P4 | Class B | website has issues | http://ruggedcrossautodetail.net/,,Car Detailers
JL's Auto Detailing,,+1-541-810-8810,,"1501 Esplanade Ave, Klamath Falls, OR 97601, United States",Klamath Falls,OR,P4 | Class B | website has issues | http://www.jlsautodetailing.com/,,Car Detailers
SOJ Auto Detailing,,+1-541-892-2906,,"4920 Homedale Rd, Klamath Falls, OR 97603, United States",Klamath Falls,OR,P4 | Class B | website has issues | https://www.sojautodetailing.com/,,Car Detailers
MMS Detailing,,+1-208-941-4639,,,La Grande,OR,P4 | Class B | website has issues | https://marshallsmobileshine.godaddysites.com/,,Car Detailers
Armor Auto Detailing,,+1-971-328-4823,,,Lake Oswego,OR,P4 | Class B | website has issues | https://armorautodetailing.com/,,Car Detailers
Flo Auto Detail,,+1-503-902-6292,,,Lake Oswego,OR,P4 | Class B | website has issues | http://www.floautodetail.com/,,Car Detailers
Opalite Auto Aesthetics,,+1-503-683-2467,,,Lake Oswego,OR,P4 | Class B | website has issues | https://opaliteauto.com/,,Car Detailers
Paradise Auto Detailing,,+1-503-744-6976,,,Lake Oswego,OR,P4 | Class B | website has issues | https://paradisefinish.com/,,Car Detailers
Pete’s Details,,+1-503-319-8816,,,Lake Oswego,OR,P4 | Class B | website has issues | http://petesdetails.com/,,Car Detailers
Superior Shine Auto Detailing Service,,+1-503-303-4178,,"4281 SE Roethe Rd, Portland, OR 97267, United States",Lake Oswego,OR,P4 | Class B | website has issues | https://www.superiorshinepdx.com/,,Car Detailers
mad.pdx,,+1-971-245-9112,,"7749 SW Afton Ln, Tualatin, OR 97062, United States",Lake Oswego,OR,P4 | Class B | website has issues | https://www.madpdxdetail.com/,,Car Detailers
Drip Details,,+1-541-351-1941,,,Lincoln City,OR,P4 | Class B | website has issues | https://dripdetails.godaddysites.com/,,Car Detailers
Wills Auto Detailing,,+1-541-921-2576,,,Lincoln City,OR,P4 | Class B | website has issues | https://willsautodetailing.com/,,Car Detailers
AceAutoDetailLLC,,+1-541-777-3228,,"5001 SW Belmont Ln, Madras, OR 97741, United States",Madras,OR,P4 | Class B | website has issues | https://aceautodetail25.com/,,Car Detailers
The.Detailing.Don,,+1-541-699-8609,,"571 8th St, Metolius, OR 97741, United States",Madras,OR,P4 | Class B | website has issues | https://sites.google.com/view/detailingdonauto/home?authuser=5,,Car Detailers
Detail & Design,,+1-971-287-8846,,,McMinnville,OR,P4 | Class B | website has issues | https://detailanddesignn.com/,,Car Detailers
Eison's Detailing,,+1-503-487-1245,,,McMinnville,OR,P4 | Class B | website has issues | https://business.google.com/v/eisons-detaling/03757917743452700359/c2b2/_?caid=14150941396&agid=127232230524&gclid=CjwKCAjwgviIBhBkEiwA10D2j_O-PCIvKTMZi9Z79m2hQyyMhq57ROEoqog0VRetgIPQaNFrevQBnBoC4rsQAvD_BwE&gclid=CjwKCAjwgviIBhBkEiwA10D2j_O-PCIvKTMZi9Z79m2hQyyMhq57ROEoqog0VRetgIPQaNFrevQBnBoC4rsQAvD_BwE,,Car Detailers
Hakeem Auto Care - Mobile Detailer,,+1-971-375-3719,,,McMinnville,OR,P4 | Class B | website has issues | https://hakeemautocare.com/,,Car Detailers
Harris Detailing,,+1-971-678-9039,,,McMinnville,OR,P4 | Class B | website has issues | https://detailingbyharris.com/,,Car Detailers
The Real Auto Detailing,,+1-503-864-7660,,"8101 OR-99W, McMinnville, OR 97128, United States",McMinnville,OR,P4 | Class B | website has issues | https://therealautodetailing.com/,,Car Detailers
Squeaky Clean Detailing,,+1-541-227-9235,,,Medford,OR,P4 | Class B | website has issues | http://squeakycleandtl.com/home,,Car Detailers
Hand Car Wash Club Car Detailing,,+1-833-716-3639,,,Milwaukie,OR,P4 | Class B | website has issues | https://www.handcarwashclub.com/,,Car Detailers
Nw World Wash,,+1-971-384-5993,,"4701 SE 24th Ave, Portland, OR 97202, United States",Milwaukie,OR,P4 | Class B | website has issues | http://www.nwworldwash.com/,,Car Detailers
Buffys Auto Spa,,+1-650-353-1312,,,Mountain View,OR,P4 | Class B | website has issues | https://buffysautospa.wixsite.com/buffysautospa,,Car Detailers
Hostile Garage,,+1-503-341-3044,,"762 SE Boysen Ln, Dundee, OR 97115, United States",Newberg,OR,P4 | Class B | website has issues | https://www.hostilegarage.com/,,Car Detailers
NW Mobile Detail,,+1-971-217-8892,,,Newberg,OR,P4 | Class B | website has issues | https://nwmobiledetail0.godaddysites.com/,,Car Detailers
Willy's Genuine Auto Detail,,+1-503-925-1281,,"13985 SW Tualatin-Sherwood Rd #100, Sherwood, OR 97140, United States",Newberg,OR,P4 | Class B | website has issues | http://genuinedetailing.com/,,Car Detailers
BT’s Auto Detail LLC,,+1-541-264-1715,,"887 NW Burch Ln, Toledo, OR 97391, United States",Newport,OR,P4 | Class B | website has issues | https://btsautodetailing.com/,,Car Detailers
Blake's Detail Shop,,+1-541-819-9816,,"127 NW 10th St, Toledo, OR 97391, United States",Newport,OR,P4 | Class B | website has issues | https://blakesdetailshop.com/,,Car Detailers
Cbrax Mobile Detailing,,+1-541-270-6813,,,Newport,OR,P4 | Class B | website has issues | https://sites.google.com/view/cbrax-mobile-detailing/home?authuser=0,,Car Detailers
Newport Auto Detailing,,+1-541-270-5121,,,Newport,OR,P4 | Class B | website has issues | https://newportautodetailing.godaddysites.com/about-us,,Car Detailers
Sparkling Solutions Mobile Detailing,,+1-503-506-7985,,,Oregon City,OR,P4 | Class B | website has issues | http://sparklingsolutionsmd.com/,,Car Detailers
Spec Detailing,,+1-503-451-0322,,,Oregon City,OR,P4 | Class B | website has issues | https://specdetailing.com/,,Car Detailers
Aspect Auto - mobile detailing,,+1-971-801-5198,,,Portland,OR,P4 | Class B | website has issues | http://aspectauto.co/,,Car Detailers
AutoPrada Inc.,,+1-503-335-6969,,"2111 NE Martin Luther King Jr Blvd, Portland, OR 97212, United States",Portland,OR,P4 | Class B | website has issues | https://autoprada.com/,,Car Detailers
Autostyle Detail,,+1-503-523-7632,,"521 N Tillamook St, Portland, OR 97227, United States",Portland,OR,P4 | Class B | website has issues | http://autostyleportland.com/,,Car Detailers
BROADWAY AUTO DETAIL & FOAM HAND WASH,,+1-503-915-6366,,"603 NE Broadway, Portland, OR 97232, United States",Portland,OR,P4 | Class B | website has issues | http://broadwaydetailing.com/,,Car Detailers
Clean & clear Professional auto detailing llc,,+1-503-445-7777,,,Portland,OR,P4 | Class B | website has issues | http://www.detailnw.com/,,Car Detailers
Diamond Mobile Detailing LLC,,+1-971-266-1936,,,Portland,OR,P4 | Class B | website has issues | http://diamonddetailing.us/,,Car Detailers
Freshies Auto Detailing,,+1-971-710-7177,,,Portland,OR,P4 | Class B | website has issues | https://www.freshiespdx.com/,,Car Detailers
Grand Prix Auto Spa,,+1-503-222-7378,,"1405 NW Johnson St, Portland, OR 97209, United States",Portland,OR,P4 | Class B | website has issues | https://grandprixautospa.com/?utm_source=google&utm_medium=organic&utm_campaign=autospa&utm_content=gmb,,Car Detailers
Idetailpdx,,+1-503-358-2819,,,Portland,OR,P4 | Class B | website has issues | http://www.idetailpdx.net/,,Car Detailers
Mobile Car Detailing,,+1-971-303-8781,,,Portland,OR,P4 | Class B | website has issues | https://sites.google.com/view/cyan-mobile-car-detailing/home,,Car Detailers
Premium Lifestyle Detailing,,+1-503-849-5142,,"8888 NW St Helens Rd, Portland, OR 97231, United States",Portland,OR,P4 | Class B | website has issues | https://plautodetailing.com/,,Car Detailers
Star Detail Co,,+1-503-476-9508,,"4126 SE Oak St, Portland, OR 97214, United States",Portland,OR,P4 | Class B | website has issues | http://stardetailco.com/,,Car Detailers
Total Clean Auto Detailing,,+1-503-243-5729,,"6001 NE Win Sivers Dr Ste D, Portland, OR 97220, United States",Portland,OR,P4 | Class B | website has issues | https://totalcleanautodetailing.site/portland-or,,Car Detailers
nova eco auto detailing llc,,+1-971-508-3620,,"1717 SE 11th Ave, Portland, OR 97214, United States",Portland,OR,P4 | Class B | website has issues | https://novaecodetailing.com/,,Car Detailers
Diamond In The Rough Detailing and Ceramic Coatings,,+1-541-527-4777,,,Prineville,OR,P4 | Class B | website has issues | http://www.diamonddetailsupplies.com/,,Car Detailers
Flag City Detailing & Ceramic Coatings,,+1-541-647-4307,,"303 SE Jackson St Ste D, Redmond, OR 97756, United States",Prineville,OR,P4 | Class B | website has issues | http://flagcityusa.us/,,Car Detailers
MC Detail,,+1-541-640-3217,,,Prineville,OR,P4 | Class B | website has issues | https://www.google.com/url?sa=t&source=web&rct=j&opi=89978449&url=https://www.instagram.com/mc_detail/&ved=2ahUKEwiCvoKLo_KKAxUAADQIHULrLA4QFnoECAwQAQ&usg=AOvVaw3-2AL92R6a6GMqyP2B9a_T,,Car Detailers
Basswave Boxes LLC,,+1-541-379-0329,,"1124 NE Barager Ave, Roseburg, OR 97470, United States",Roseburg,OR,P4 | Class B | website has issues | http://basswaveboxes.com/,,Car Detailers
Frable Mobile Detailing,,+1-541-580-1491,,,Roseburg,OR,P4 | Class B | website has issues | http://frablemobiledetailing.com/,,Car Detailers
Salt Light Mobile Detailing,,+1-352-207-4832,,,Roseburg,OR,P4 | Class B | website has issues | https://roseburgdetailing.com/,,Car Detailers
Shine District,,+1-541-530-4644,,"2405 NE Diamond Lake Blvd ste 55, Roseburg, OR 97470, United States",Roseburg,OR,P4 | Class B | website has issues | https://shinedistrict.co/,,Car Detailers
West Coast Flawless Finish,,+1-541-817-6476,,"7981 Old Hwy 99 N, Roseburg, OR 97471, United States",Roseburg,OR,P4 | Class B | website has issues | https://sites.google.com/corp/view/westcoastflawless,,Car Detailers
X Detailing LLC,,+1-541-817-6614,,"1257 W Harvard Ave, Roseburg, OR 97471, United States",Roseburg,OR,P4 | Class B | website has issues | https://www.xdetailingrsbg.com/,,Car Detailers
Code Auto Spa & Detail LLC,,+1-541-801-1779,,"900 N Main St #6, Independence, OR 97351, United States",Salem,OR,P4 | Class B | website has issues | https://codeautospa.com/,,Car Detailers
Detailing Bee,,+1-503-942-3621,,"337 S 12th St, Independence, OR 97351, United States",Salem,OR,P4 | Class B | website has issues | https://sites.google.com/view/detailingbeejason/home,,Car Detailers
Doctor Detail,,+1-503-989-8296,,,Salem,OR,P4 | Class B | website has issues | http://doctordetailauto.com/,,Car Detailers
Forever Young Mobile Detailing LLC,,+1-971-600-1533,,"7356 Bates Rd S, Salem, OR 97306, United States",Salem,OR,P4 | Class B | website has issues | https://foreveryoungmobiledetailing.com/,,Car Detailers
Franco Signature Detail,,+1-971-990-9416,,"3090 Argyle Dr S, Salem, OR 97302, United States",Salem,OR,P4 | Class B | website has issues | http://francosignaturedetail.com/,,Car Detailers
Mobile Precision Detailing,,+1-503-385-3896,,,Salem,OR,P4 | Class B | website has issues | https://www.mobileprecisiondetailing.com/,,Car Detailers
NVS Auto Spa,,+1-503-303-3760,,,Salem,OR,P4 | Class B | website has issues | http://www.nvsautospa.com/,,Car Detailers
P&C Auto Care,,+1-503-702-2374,,,Salem,OR,P4 | Class B | website has issues | https://pcautocare.my.canva.site/,,Car Detailers
Prime Shine Car Detailing,,+1-971-458-1186,,"108 Village E Way SE #226, Salem, OR 97317, United States",Salem,OR,P4 | Class B | website has issues | https://primeshinemobileautodetailingsalem.site/,,Car Detailers
Prime Shine Car Detailing Of South Salem,,+1-503-831-9741,,"2332 Crestview Dr S, Salem, OR 97302, United States",Salem,OR,P4 | Class B | website has issues | https://primeshinemobileautodetailingsalem.site/,,Car Detailers
Reshine NW LLC,,+1-971-701-8668,,,Salem,OR,P4 | Class B | website has issues | https://sites.google.com/view/reshine-nw-llc/home,,Car Detailers
Willamette Auto Detail,,+1-503-743-1110,,"8770 Aumsville Hwy SE, Salem, OR 97317, United States",Salem,OR,P4 | Class B | website has issues | https://willametteautodetail.com/,,Car Detailers
Dapper Detail PDX,,+1-503-319-7119,,,Sandy,OR,P4 | Class B | website has issues | https://dapperdetailpdx.com/,,Car Detailers
OMT Detailing LLC,,+1-971-678-2810,,,Sandy,OR,P4 | Class B | website has issues | https://omtdetailing.com/,,Car Detailers
Ismael's Mobile Auto Detail,,+1-503-791-0403,,"3579 Oregon Coast Hwy, Gearhart, OR 97138, United States",Seaside,OR,P4 | Class B | website has issues | http://ismaelsautodetail.com/,,Car Detailers
Opulent Auto Co,,+1-971-772-6715,,,Sherwood,OR,P4 | Class B | website has issues | https://opulentautoco.com/,,Car Detailers
PDX Detail,,+1-503-806-5729,,"13017 SW Herman Rd, Tualatin, OR 97062, United States",Sherwood,OR,P4 | Class B | website has issues | http://www.pdxdetail.com/contact-us/,,Car Detailers
Cascade Curbside,,+1-541-357-8062,,,Springfield,OR,P4 | Class B | website has issues | https://cascadecurbside.wixstudio.com/detail,,Car Detailers
Eugene Car Detailing,,+1-541-275-9972,,,Springfield,OR,P4 | Class B | website has issues | http://eugenecardetailing.com/,,Car Detailers
Elegant Auto Detailing,,+1-503-369-5846,,"555 S Columbia River Hwy Ste d, St Helens, OR 97051, United States",St. Helens,OR,P4 | Class B | website has issues | https://www.elegantautodetailing.com/,,Car Detailers
Sturgeon Mobile Detailing,,+1-208-353-2551,,,The Dalles,OR,P4 | Class B | website has issues | https://sturgeondtl-afthkgvu.manus.space/,,Car Detailers
Rogue Wave Detailing,,+1-503-457-6539,,,Tillamook,OR,P4 | Class B | website has issues | http://roguewavedetailing.com/,,Car Detailers
Auto Detailing- A Perfect Detail,,+1-503-248-4377,,,Troutdale,OR,P4 | Class B | website has issues | http://www.aperfectdetail.com/,,Car Detailers
Espy's Automotive Detail's LLC,,+1-936-239-7414,,"14081 NE Boones Ferry Rd, Woodburn, OR 97071, United States",Woodburn,OR,P4 | Class B | website has issues | http://espyspaintcorrections.com/,,Car Detailers
Jaguar Detailing,,+1-503-989-2097,,,Woodburn,OR,P4 | Class B | website has issues | https://jaguardetailing.com/,,Car Detailers
SunDiego Auto Spa | XPEL PPF San Diego,,+1-858-666-6610,,"520 N Quince St #2, Escondido, CA 92025, United States",Escondido,CA,P4 | Class B | website has issues | http://www.sundiegoautospa.com/,,Car Detailers
"P & S East Bay, INC.",,+1-510-889-9107,,"14798 Wicks Blvd, San Leandro, CA 94577, United States",Hayward,CA,P4 | Class B | website has issues | http://psdetailproducts.com/,,Car Detailers
Mirror Image AV,,+1-661-483-7526,,"42257 6th St W #305, Lancaster, CA 93534, United States",Lancaster,CA,P4 | Class B | website has issues | http://www.miad-socal.com/,,Car Detailers
CT Detailing,,+1-310-871-5320,,"925 S Sherbourne Dr, Los Angeles, CA 90035, United States",Los Angeles,CA,P4 | Class B | website has issues | https://ctautodetaling.setmore.com/49kla,,Car Detailers
Monterey Luxe Detailing,,+1-831-275-9100,,"35 Coral St, Pacific Grove, CA 93950, United States",Monterey,CA,P4 | Class B | website has issues | https://montereyluxedetailing.com/,,Car Detailers
Diamond Detailing and Ceramic Coating,,+1-805-703-0658,,"2104 Vanderlip Ct Suite B, Paso Robles, CA 93446, United States",Paso Robles,CA,P4 | Class B | website has issues | http://pasoroblesdiamonddetail.com/,,Car Detailers
Ragin Automotive Detailing Service,,+1-310-951-2809,,,Riverside,CA,P4 | Class B | website has issues | https://raginads.com/,,Car Detailers
Cruise&Clean Detailing,,+1-831-201-7548,,,Santa Cruz,CA,P4 | Class B | website has issues | https://sites.google.com/view/cruiseclean831/home,,Car Detailers
Prime Shine Car Detailing Of West Salem,,+1-971-626-4220,,"1809 Linwood St NW, Salem, OR 97304, United States",Keizer,OR,P4 | Class B | website has issues | https://primeshinemobileautodetailingsalem.site/,,Car Detailers
Prime Shine Car Detailing,,+1-971-395-5831,,"1551 Center St NE #126, Salem, OR 97301, United States",Salem,OR,P4 | Class B | website has issues | https://primeshinemobileautodetailingsalem.site/,,Car Detailers
Bio Car Care: Mobile Car Wash & Detailing,,+1-415-747-7164,,,Alameda,CA,V1 | P4 | Class B | website has objective flaws | https://biocarcare.com/,,Car Detailers
Drips Mobile Detailing Services,,+1-510-422-9240,,,Alameda,CA,V1 | P4 | Class B | website has objective flaws | http://dripsmobileservices.com/,,Car Detailers
Instant Shine Detailing,,+1-510-850-9189,,,Alameda,CA,V1 | P4 | Class B | website has objective flaws | https://www.instantshinedetailing.com/,,Car Detailers
Imperial Auto Spa,,+1-323-387-2187,,,Alhambra,CA,V1 | P4 | Class B | website has objective flaws | https://www.imperialautospausa.com/,,Car Detailers
Revex Car Detailing Aliso Viejo,,+1-949-749-5896,,,Aliso Viejo,CA,V1 | P4 | Class B | website has objective flaws | https://revexcardetailingalisoviejo.site/,,Car Detailers
Elyon Mobile Detail,,+1-800-210-0685,,,Alturas,CA,V1 | P4 | Class B | website has objective flaws | http://www.elyonmobiledetail.com/,,Car Detailers
Excellence Auto Spa,,+1-951-544-6301,,,Alturas,CA,V1 | P4 | Class B | website has objective flaws | https://excellenceautospa.net/,,Car Detailers
Opulent Detailing,,+1-510-935-2257,,,American Canyon,CA,V1 | P4 | Class B | website has objective flaws | https://opulentdetailers.com/,,Car Detailers
The Anaheim Car Wash,,+1-714-533-6961,,,Anaheim,CA,V1 | P4 | Class B | website has objective flaws | https://theanaheimcarwash.com/,,Car Detailers
Mr. Bubbles Mobile Detailing,,+1-925-300-5122,,,Antioch,CA,V1 | P4 | Class B | website has objective flaws | http://mrbubblesmobiledetailing.com/,,Car Detailers
Supreme Detailing 365 - Area 2,,+1-925-252-5111,,,Antioch,CA,V1 | P4 | Class B | website has objective flaws | https://www.supremedetailing365.com/,,Car Detailers
Humboldt Auto Styling Arcata,,+1-707-832-5082,,,Arcata,CA,V1 | P4 | Class B | website has objective flaws | https://humboldtautostyling.com/,,Car Detailers
Detail Me Please,,+1-888-993-3824,,,Auburn,CA,V1 | P4 | Class B | website has objective flaws | http://www.detailmeplease.com/,,Car Detailers
Prime Time Customs,,+1-916-770-0703,,,Auburn,CA,V1 | P4 | Class B | website has objective flaws | http://www.primetimecustoms.com/,,Car Detailers
Dreams Auto Detail Solutions,,+1-559-283-3259,,,Avenal,CA,V1 | P4 | Class B | website has objective flaws | https://www.dreamsautosolutions.com/,,Car Detailers
Maldonado Mobile Car Wash & Auto Detailing,,+1-661-364-2608,,,Bakersfield,CA,V1 | P4 | Class B | website has objective flaws | https://maldonadocarwash.com/?utm_source=omg-gbp&utm_medium=webclick,,Car Detailers
Sparkling Image Car Wash,,+1-661-588-4440,,,Bakersfield,CA,V1 | P4 | Class B | website has objective flaws | http://www.sparklingimage.com/,,Car Detailers
Sparkling Image Car Wash,,+1-661-831-3311,,,Bakersfield,CA,V1 | P4 | Class B | website has objective flaws | http://www.sparklingimage.com/,,Car Detailers
Sparkling Image Car Wash,,+1-661-324-8455,,,Bakersfield,CA,V1 | P4 | Class B | website has objective flaws | http://www.sparklingimage.com/,,Car Detailers
The Motorsport Depot,,+1-909-979-1144,,,Baldwin Park,CA,V1 | P4 | Class B | website has objective flaws | https://www.themotorsportdepot.com/,,Car Detailers
Dirty Dan's Auto Detailing,,+1-707-853-7909,,,Benicia,CA,V1 | P4 | Class B | website has objective flaws | https://www.dirtydansdetailing707.com/,,Car Detailers
Esteban's Car Detailing,,+1-707-590-8468,,,Benicia,CA,V1 | P4 | Class B | website has objective flaws | https://eccardetailing.com/,,Car Detailers
Master Paint Guard,,+1-925-922-1714,,,Benicia,CA,V1 | P4 | Class B | website has objective flaws | https://masterpaintguard.com/,,Car Detailers
AquaPro Detailing,,+1-510-717-1125,,,Berkeley,CA,V1 | P4 | Class B | website has objective flaws | https://aquaprodetailing.com/,,Car Detailers
Elevated Auto,,+1-510-495-0841,,,Berkeley,CA,V1 | P4 | Class B | website has objective flaws | https://sites.google.com/view/elevatedauto,,Car Detailers
Bishop Mobile Auto Detailing,,+1-603-557-7379,,,Bishop,CA,V1 | P4 | Class B | website has objective flaws | https://bishopmobileautodetailing.godaddysites.com/,,Car Detailers
Alera Car Detailing Brea,,+1-714-604-4287,,,Brea,CA,V1 | P4 | Class B | website has objective flaws | https://aleracardetailingbrea.site/,,Car Detailers
Wash This Ride,,+1-925-271-7065,,,Brentwood,CA,V1 | P4 | Class B | website has objective flaws | https://washthisride.com/,,Car Detailers
Bercian Detail – Mobile Car Detailing Los Angeles,,+1-213-638-9424,,,Burbank,CA,V1 | P4 | Class B | website has objective flaws | https://www.berciandetails.com/,,Car Detailers
SANOSUN,,+1-310-909-7375,,,Burbank,CA,V1 | P4 | Class B | website has objective flaws | https://sanosun.com/,,Car Detailers
OCPremiumDetailing,,+1-619-901-6438,,,Calexico,CA,V1 | P4 | Class B | website has objective flaws | https://ocpremiumdetails.lovable.app/,,Car Detailers
City Auto Wraps and Window Tinting,,+1-805-383-1216,,,Camarillo,CA,V1 | P4 | Class B | website has objective flaws | http://www.cityautowrapsandwindowtinting.com/,,Car Detailers
Groovy Detailing Cam,,+1-805-222-6345,,,Camarillo,CA,V1 | P4 | Class B | website has objective flaws | https://groovydetailingcam.com/,,Car Detailers
LuxeLine Autos,,+1-408-345-3973,,,Campbell,CA,V1 | P4 | Class B | website has objective flaws | http://www.luxelineautos.com/,,Car Detailers
Pacific Hand Car Wash,,+1-408-371-6660,,,Campbell,CA,V1 | P4 | Class B | website has objective flaws | http://carwashpacific.com/,,Car Detailers
Auto Sauce,,+1-949-478-2261,,,Canyon Lake,CA,V1 | P4 | Class B | website has objective flaws | http://autosauce.net/,,Car Detailers
Auto Enrich Mobile Detailing,,+1-760-571-9274,,,Carlsbad,CA,V1 | P4 | Class B | website has objective flaws | https://abbernstein7.wixsite.com/auto-enrich,,Car Detailers
Surfside Reconditioning,,+1-619-993-8039,,,Carlsbad,CA,V1 | P4 | Class B | website has objective flaws | http://www.surfsiderecon.com/,,Car Detailers
California Car Wash,,+1-530-894-3017,,,Chico,CA,V1 | P4 | Class B | website has objective flaws | http://www.californiacarwashchico.com/,,Car Detailers
Mobile Car Wash & Detailing App,,+1-530-685-5757,,,Chico,CA,V1 | P4 | Class B | website has objective flaws | https://www.mobilecarwashapp.com/,,Car Detailers
Scrubbs Inc,,+1-530-893-4885,,,Chico,CA,V1 | P4 | Class B | website has objective flaws | http://www.chicoscrubbs.com/,,Car Detailers
VV Customs LLC,,+1-530-930-4949,,,Chico,CA,V1 | P4 | Class B | website has objective flaws | https://vvcustoms.com/,,Car Detailers
AutoEssentialDetail,,+1-909-815-6454,,,Chino,CA,V1 | P4 | Class B | website has objective flaws | https://www.autoessentialdetail.com/,,Car Detailers
King's Motorworks,,+1-909-707-3709,,,Chino,CA,V1 | P4 | Class B | website has objective flaws | https://www.kingsmotorworks.com/,,Car Detailers
Grand Car Wash & Express Lube,,+1-909-464-8286,,,Chino Hills,CA,V1 | P4 | Class B | website has objective flaws | http://www.grandcarwashlube.com/,,Car Detailers
Bauer's Car Wash,,+1-916-967-3083,,,Citrus Heights,CA,V1 | P4 | Class B | website has objective flaws | https://www.bauerscarwashch.com/,,Car Detailers
Exotics Auto Pros LLC,,+1-916-622-8494,,,Citrus Heights,CA,V1 | P4 | Class B | website has objective flaws | https://exoticautopros.com/,,Car Detailers
Polished Image & Supply,,+1-909-422-0263,,,Colton,CA,V1 | P4 | Class B | website has objective flaws | http://www.detailsupplystore.com/,,Car Detailers
Brothers Detail Center,,+1-925-685-6787,,,Concord,CA,V1 | P4 | Class B | website has objective flaws | http://brothersdetailcenter.com/,,Car Detailers
Diablo Car Wash & Detail,,+1-925-691-4531,,,Concord,CA,V1 | P4 | Class B | website has objective flaws | http://www.diablocarwash.com/,,Car Detailers
Jfrdetailing car detailing,,+1-925-877-2687,,,Concord,CA,V1 | P4 | Class B | website has objective flaws | https://www.google.com/search?sca_esv=bc9bdbf6b9739e40&cs=0&output=search&q=jfrdetailing&ludocid=17200939948457544302&lsig=AB86z5WKRBX6Nx0LGF33E0IYqw_h&sa=X&ved=2ahUKEwi_6Z2SzMiUAxXoEjQIHcTxGJoQj9IGegQIFRAG&biw=1358&bih=642&dpr=1&sxsrf=APpeQnulbxP8kcsrMZ1UGXglUlRPgVixGQ:1786789382460,,Car Detailers
Super Station Car Wash,,+1-925-689-9274,,,Concord,CA,V1 | P4 | Class B | website has objective flaws | http://www.super-station.com/,,Car Detailers
Elite Auto Spa,,+1-559-201-6849,,,Corcoran,CA,V1 | P4 | Class B | website has objective flaws | https://www.eliteautomotivedetailing.com/,,Car Detailers
Corona Car Wash & Car Detailing,,+1-951-737-2522,,,Corona,CA,V1 | P4 | Class B | website has objective flaws | http://www.coronacarwash.com/,,Car Detailers
Mobile Magic Detailing,,+1-951-222-9928,,,Corona,CA,V1 | P4 | Class B | website has objective flaws | http://themobilemagicdetailing.com/,,Car Detailers
"Premier Armor - PPF, Paint Protection Film, Window Tinting, Ceramic Coatings, Boat Protection",,+1-951-415-7992,,,Corona,CA,V1 | P4 | Class B | website has objective flaws | https://premierarmor.com/locations/corona/,,Car Detailers
"Detailed Concierge:paint protection film, window tint, ceramic coating, clear bra",,+1-949-266-4583,,,Costa Mesa,CA,V1 | P4 | Class B | website has objective flaws | http://www.detailedconcierge.com/,,Car Detailers
Lux Mobile Auto Detailing,,+1-949-545-7495,,,Costa Mesa,CA,V1 | P4 | Class B | website has objective flaws | https://theluxdetailing.com/,,Car Detailers
Protection Labs,,+1-714-725-8694,,,Costa Mesa,CA,V1 | P4 | Class B | website has objective flaws | https://www.protection-labs.com/,,Car Detailers
h2o Auto Detail Supply,,+1-626-367-9873,,,Covina,CA,V1 | P4 | Class B | website has objective flaws | http://www.h2oautodetailsupply.com/,,Car Detailers
Auto Care Detailing,,+1-415-971-6219,,,Daly City,CA,V1 | P4 | Class B | website has objective flaws | https://autocaredetailing.net/,,Car Detailers
Blue Diamond Auto Detailing,,+1-415-496-6823,,,Daly City,CA,V1 | P4 | Class B | website has objective flaws | https://www.bluediamondcardetailing.com/,,Car Detailers
Ride on Drive,,+1-415-234-3369,,,Daly City,CA,V1 | P4 | Class B | website has objective flaws | http://www.rideondrive.com/,,Car Detailers
Spotless Mobile Details LLC,,+1-415-940-1083,,,Daly City,CA,V1 | P4 | Class B | website has objective flaws | https://spotlessmd.net/,,Car Detailers
beastmode detailing,,+1-415-994-8922,,,Daly City,CA,V1 | P4 | Class B | website has objective flaws | https://beasttmodedetailing.com/,,Car Detailers
B & B Mobile Auto Spa,,+1-510-932-0503,,,Davis,CA,V1 | P4 | Class B | website has objective flaws | https://bbmobileautospa.com/,,Car Detailers
Cali Coast Detailing,,+1-858-900-5469,,,Del Mar,CA,V1 | P4 | Class B | website has objective flaws | https://calicoastdetailing.com/,,Car Detailers
Del Rey Car Wash,,+1-831-899-9274,,,Del Rey Oaks,CA,V1 | P4 | Class B | website has objective flaws | http://www.delreycarwash.com/,,Car Detailers
Clean Seats Auto Detailing,,+1-952-681-8636,,,Delano,CA,V1 | P4 | Class B | website has objective flaws | http://cleanseatsauto.com/,,Car Detailers
The Best Auto Detailers,,+1-206-931-1379,,,Delano,CA,V1 | P4 | Class B | website has objective flaws | http://thebestautodetailers.com/,,Car Detailers
Premier Auto Tint,,+1-916-358-3850,,,El Dorado Hills,CA,V1 | P4 | Class B | website has objective flaws | https://www.premierautotint.com/,,Car Detailers
Suds Car Wash & Detail,,+1-916-673-6300,,,El Dorado Hills,CA,V1 | P4 | Class B | website has objective flaws | https://sudscarwash.net/,,Car Detailers
Encinitas Car Wash,,+1-760-436-1522,,,Encinitas,CA,V1 | P4 | Class B | website has objective flaws | http://encinitas-carwash.com/,,Car Detailers
LPD Car Wash And Detail Center,,+1-760-402-8146,,,Encinitas,CA,V1 | P4 | Class B | website has objective flaws | https://lpddetailcenter.com/,,Car Detailers
Dent Time - Dent and Bumper Repair,,+1-858-408-6200,,,Escondido,CA,V1 | P4 | Class B | website has objective flaws | https://denttime.com/,,Car Detailers
"Mister Foamy's Car Wash - Express, Full Service, & Auto Detailing",,+1-760-294-0170,,,Escondido,CA,V1 | P4 | Class B | website has objective flaws | https://misterfoamys.com/,,Car Detailers
True Mobile Detailing,,+1-760-623-9039,,,Escondido,CA,V1 | P4 | Class B | website has objective flaws | https://booking.detailermade.com/2f60daf4-8a76-44c5-8404-cfd73eca945e,,Car Detailers
Apex Detailing,,+1-707-296-6373,,,Eureka,CA,V1 | P4 | Class B | website has objective flaws | http://apexdetailing.net/,,Car Detailers
7 Flags Full Service Car Wash,,+1-707-426-2000,,,Fairfield,CA,V1 | P4 | Class B | website has objective flaws | http://www.7flagscarwash.com/,,Car Detailers
Dre's mobile detailing service,,+1-510-367-0132,,,Fairfield,CA,V1 | P4 | Class B | website has objective flaws | https://www.dresmobiledetailingservice.com/,,Car Detailers
Alpha Auto Works,,+1-916-805-0911,,,Folsom,CA,V1 | P4 | Class B | website has objective flaws | http://www.alphaautoworksca.com/,,Car Detailers
Little Sister's Truck Wash Fontana,,+1-909-356-8500,,,Fontana,CA,V1 | P4 | Class B | website has objective flaws | https://lstruckwash.com/fontana/,,Car Detailers
RayRays Auto Detail mobile wash,,+1-909-295-0018,,,Fontana,CA,V1 | P4 | Class B | website has objective flaws | http://www.rayraysautodetailing.com/,,Car Detailers
onsiteshine detailing,,+1-909-565-0800,,,Fontana,CA,V1 | P4 | Class B | website has objective flaws | https://dot.cards/onssiteshine,,Car Detailers
Splash & Shine Mobile Carwash & Detailing L.L.C.,,+1-510-518-0256,,,Fremont,CA,V1 | P4 | Class B | website has objective flaws | http://www.splashnshinemobiledetailing.com/,,Car Detailers
The Detail Hut,,+1-510-455-4554,,,Fremont,CA,V1 | P4 | Class B | website has objective flaws | http://thedetailhut.com/,,Car Detailers
YG Auto Studio - Car Wrap & Window Tinting,,+1-510-857-8808,,,Fremont,CA,V1 | P4 | Class B | website has objective flaws | https://ygautostudio.com/,,Car Detailers
"Singh Brothers Hand car wash & Detail , Tint",,+1-559-213-2748,,,Fresno,CA,V1 | P4 | Class B | website has objective flaws | https://singhbrotherscardetail.com/,,Car Detailers
Specialized Pro Detail | Mobile Detailing | Ceramic Coatings | RV Detailing,,+1-844-757-0524,,,Fresno,CA,V1 | P4 | Class B | website has objective flaws | https://www.specializedprodetail.com/,,Car Detailers
P1 AUTOCRAFT ⭐️⭐️⭐️⭐️⭐️,,+1-714-733-7871,,,Fullerton,CA,V1 | P4 | Class B | website has objective flaws | https://www.p1autocraft.com/,,Car Detailers
Reyes Auto Detailing,,+1-209-810-0001,,,Galt,CA,V1 | P4 | Class B | website has objective flaws | https://reyesautodetailing.wixsite.com/reyes-auto-detailing,,Car Detailers
KORE Detail,,+1-323-680-4082,,,Garden Grove,CA,V1 | P4 | Class B | website has objective flaws | https://koredetail.netlify.app/,,Car Detailers
J&B Mobile Auto Detailing,,+1-613-240-9418,,,Gilroy,CA,V1 | P4 | Class B | website has objective flaws | https://jbmobileautodetailing.com/,,Car Detailers
Off Duty Detail LLC,,+1-833-343-9274,,,Gilroy,CA,V1 | P4 | Class B | website has objective flaws | https://www.offdutydetail.com/,,Car Detailers
Caliber Auto Spa,,+1-818-350-3568,,,Glendale,CA,V1 | P4 | Class B | website has objective flaws | http://caliberautospa.com/,,Car Detailers
Monarch Motorsport,,+1-818-500-0092,,,Glendale,CA,V1 | P4 | Class B | website has objective flaws | https://monarchgroupca.com/window-tint-services/,,Car Detailers
Sonora Auto Spa & Lube,,+1-818-507-4900,,,Glendale,CA,V1 | P4 | Class B | website has objective flaws | http://sonoracarwash.com/,,Car Detailers
CleanWave Car Wash,,+1-805-869-1955,,,Goleta,CA,V1 | P4 | Class B | website has objective flaws | http://cleanwavesb.com/,,Car Detailers
Sud's Up Express Car Wash (Florida Ave),,+1-888-529-1986,,,Hemet,CA,V1 | P4 | Class B | website has objective flaws | http://www.sudsupexpresscarwash.com/,,Car Detailers
Russell Fischer Car Wash - Huntington Beach,,+1-714-847-4924,,,Huntington Beach,CA,V1 | P4 | Class B | website has objective flaws | http://www.russellfischer.com/,,Car Detailers
The Roldan's Mobile Detailing/ Mobile Carwash,,+1-323-740-6597,,,Inglewood,CA,V1 | P4 | Class B | website has objective flaws | http://theroldansmobiledetailing.com/,,Car Detailers
Detail Realm,,+1-949-379-0680,,,Irvine,CA,V1 | P4 | Class B | website has objective flaws | https://www.detailrealm.com/,,Car Detailers
"Detailer's Choice, Inc. - Auto Detailing Supplies",,+1-909-596-9600,,,La Verne,CA,V1 | P4 | Class B | website has objective flaws | http://www.detailerschoice.com/,,Car Detailers
Matador Auto Detailing Services,,+1-949-228-3136,,,Lake Forest,CA,V1 | P4 | Class B | website has objective flaws | http://matadorshine.com/,,Car Detailers
Carwood Car Wash & Detail Center,,+1-562-421-9566,,,Lakewood,CA,V1 | P4 | Class B | website has objective flaws | https://www.carwoodcarwash.com/,,Car Detailers
Los Angeles Detailing,,+1-562-821-3073,,,Lakewood,CA,V1 | P4 | Class B | website has objective flaws | https://cal.com/ladetailing,,Car Detailers
Revived Mobile Detailing,,+1-661-584-3793,,,Lancaster,CA,V1 | P4 | Class B | website has objective flaws | http://revivedmobiledetailing.online/,,Car Detailers
SanFranDetailing - Car Detailing San Francisco,,+1-415-874-7770,,,Lincoln,CA,V1 | P4 | Class B | website has objective flaws | https://sanfrandetailing.framer.media/,,Car Detailers
CWProshine Auto-Mobile Detailing,,+1-925-785-3385,,,Livermore,CA,V1 | P4 | Class B | website has objective flaws | http://www.cwproshine.com/,,Car Detailers
LuxTint,,+1-925-819-4045,,,Livermore,CA,V1 | P4 | Class B | website has objective flaws | http://www.luxtint.net/,,Car Detailers
Cruz Control Mobile Detailing,,+1-626-848-5530,,,Los Angeles,CA,V1 | P4 | Class B | website has objective flaws | http://cruzcontrolmobiledetailing.com/,,Car Detailers
Impero Motorsport | PPF | Ceramic Coating | Window Tinting,,+1-310-340-0709,,,Los Angeles,CA,V1 | P4 | Class B | website has objective flaws | https://www.imperomotorsport.com/,,Car Detailers
LA Express Car Wash,,+1-323-912-9274,,,Los Angeles,CA,V1 | P4 | Class B | website has objective flaws | https://laexpresscarwash.com/,,Car Detailers
Sepulveda West Car Wash,,+1-310-478-9274,,,Los Angeles,CA,V1 | P4 | Class B | website has objective flaws | https://carwash.tv/,,Car Detailers
D's Detailing,,+1-559-708-1366,,,Madera,CA,V1 | P4 | Class B | website has objective flaws | https://dsdetailing559.com/home-9151-5048-1539-7178-7377-8898-6504-7640-8931,,Car Detailers
Noble Auto Detailing,,+1-508-290-7478,,,Madera,CA,V1 | P4 | Class B | website has objective flaws | http://noble-autodetailing.com/,,Car Detailers
"TTS The Tint Shop, Incorporated",,+1-559-474-7238,,,Madera,CA,V1 | P4 | Class B | website has objective flaws | https://joesmobiletint.com/,,Car Detailers
Krispy Kleen Mobile Detailing,,+1-470-315-3034,,,Mammoth Lakes,CA,V1 | P4 | Class B | website has objective flaws | https://krispykleenmobile.wixsite.com/mysite,,Car Detailers
Priority Detail,,+1-818-857-7323,,,Mammoth Lakes,CA,V1 | P4 | Class B | website has objective flaws | https://www.prioritydetail.com/,,Car Detailers
Promenade Car Wash & Spa,,+1-323-492-2528,,,Marina Del Rey,CA,V1 | P4 | Class B | website has objective flaws | https://promenadecarwashspa.com/,,Car Detailers
AO's Mobile Detailing,,+1-360-926-3135,,,Marysville,CA,V1 | P4 | Class B | website has objective flaws | https://aomobiledetailing.com/,,Car Detailers
Ak Auto Detailing,,+1-425-367-7921,,,Marysville,CA,V1 | P4 | Class B | website has objective flaws | https://alialqubtan123.wixsite.com/ak-auto-detailing,,Car Detailers
Prestige Clean Auto Detailing,,+1-951-370-3636,,,Menifee,CA,V1 | P4 | Class B | website has objective flaws | http://prestigecleanautodetailing.com/,,Car Detailers
OCD DETAILS,,+1-775-564-7406,,,Merced,CA,V1 | P4 | Class B | website has objective flaws | https://ocd-details.my.canva.site/your-trusted-neighborhood-mobile-car-detailer,,Car Detailers
RAYVIX Film Solutions LLC,,+1-209-386-2184,,,Merced,CA,V1 | P4 | Class B | website has objective flaws | http://rayvixfilm.myshopify.com/,,Car Detailers
The Wash Shop,,+1-209-349-8994,,,Merced,CA,V1 | P4 | Class B | website has objective flaws | https://washshop.com/merced-ca/,,Car Detailers
"68 Auto Film - Paint Protection Film, Window Tinting, Wraps & Ceramic Coatings",,+1-510-657-6868,,,Milpitas,CA,V1 | P4 | Class B | website has objective flaws | http://www.68autofilm.com/,,Car Detailers
Ceramic Garage Inc,,+1-209-780-7170,,,Modesto,CA,V1 | P4 | Class B | website has objective flaws | https://www.ceramicgarage.com/?utm_source=gbp,,Car Detailers
Prestige Professional Detailing LLC,,+1-209-225-6416,,,Modesto,CA,V1 | P4 | Class B | website has objective flaws | https://prestigeautodetail8.wixsite.com/mysite-1,,Car Detailers
Prototype Mobile Detailing,,+1-510-359-9289,,,Modesto,CA,V1 | P4 | Class B | website has objective flaws | https://prototypemobiledetailing.com/,,Car Detailers
Stars & Stripes Mobile Detailing,,+1-209-679-8324,,,Modesto,CA,V1 | P4 | Class B | website has objective flaws | https://starsstripesmobiledetailing.com/,,Car Detailers
"ZAELEX PPF, WRAP & TINT",,+1-209-427-9035,,,Modesto,CA,V1 | P4 | Class B | website has objective flaws | https://www.zaelex.com/,,Car Detailers
Concours Detailing: 831 AutoWash,,+1-831-204-8177,,,Monterey,CA,V1 | P4 | Class B | website has objective flaws | https://concoursdetailing.carrd.co/,,Car Detailers
El Estero Car Wash,,+1-831-373-1801,,,Monterey,CA,V1 | P4 | Class B | website has objective flaws | http://www.elesterocarwash.com/,,Car Detailers
Pacific Motor Service - Monterey,,+1-831-375-9571,,,Monterey,CA,V1 | P4 | Class B | website has objective flaws | http://www.pacificmotorservice.com/,,Car Detailers
Clutch Car Spa,,+1-951-293-4520,,,Moreno Valley,CA,V1 | P4 | Class B | website has objective flaws | https://www.clutchcarspa.com/,,Car Detailers
Elite Desert Detailing,,+1-760-577-5949,,,Moreno Valley,CA,V1 | P4 | Class B | website has objective flaws | https://elitedesertdetailing.com/,,Car Detailers
Martin interior detailing,,+1-669-327-3536,,,Morgan Hill,CA,V1 | P4 | Class B | website has objective flaws | https://martinintieor.my.canva.site/martin-inteior-deatilng,,Car Detailers
Mountain Mobile Detailing,,+1-775-313-0788,,,Mountain View,CA,V1 | P4 | Class B | website has objective flaws | http://www.mountainmobiledetailing.com/,,Car Detailers
Thrifty Car Wash,,+1-408-761-3852,,,Mountain View,CA,V1 | P4 | Class B | website has objective flaws | http://familythriftycw.com/,,Car Detailers
Murrieta Auto Wash & Detail Center,,+1-951-600-4701,,,Murrieta,CA,V1 | P4 | Class B | website has objective flaws | http://www.murrietaautowash.com/,,Car Detailers
Supreme RV Detailing,,+1-951-777-7903,,,Murrieta,CA,V1 | P4 | Class B | website has objective flaws | https://supremervdetailing.com/,,Car Detailers
Classic Car Wash,,+1-707-255-5655,,,Napa,CA,V1 | P4 | Class B | website has objective flaws | http://napaclassiccarwash.com/,,Car Detailers
"Dent Solution FX – Napa Paint Protection Films, Colored Films, Window Tint & Detailing",,+1-707-333-1820,,,Napa,CA,V1 | P4 | Class B | website has objective flaws | https://www.dentsolutionfx.com/,,Car Detailers
Raymundo Auto Detailing,,+1-707-631-1412,,,Napa,CA,V1 | P4 | Class B | website has objective flaws | https://raymundodetailing.com/,,Car Detailers
Mobile Detailing 805 Automotive Group Mobile Carwash,,+1-805-849-9941,,,Newbury Park,CA,V1 | P4 | Class B | website has objective flaws | https://www.805automotivegroup.com/,,Car Detailers
Lyons Auto Spa & Quick Lube,,+1-661-255-9197,,,Newhall,CA,V1 | P4 | Class B | website has objective flaws | http://www.lyonsautospa.com/,,Car Detailers
Black Diamond Auto Supply,,+1-818-824-3332,,,North Hollywood,CA,V1 | P4 | Class B | website has objective flaws | https://blackdiamondautosupply.com/index.html,,Car Detailers
Hollywood Stars Car Wash and Detail,,+1-818-766-9528,,,North Hollywood,CA,V1 | P4 | Class B | website has objective flaws | http://www.hollywoodstarscarwash.com/,,Car Detailers
JV Carwash Detail Tech llc,,+1-203-842-8261,,,Norwalk,CA,V1 | P4 | Class B | website has objective flaws | http://www.jvcarwashdetail.tech/,,Car Detailers
Woolf Automotive Detailing,,+1-707-939-5451,,,Novato,CA,V1 | P4 | Class B | website has objective flaws | https://www.maximumdetails.com/,,Car Detailers
"Gold Ant Auto: Professional Ceramic, Paint Correction, and Detailing Services",,+1-415-295-5814,,,Oakland,CA,V1 | P4 | Class B | website has objective flaws | https://goldantauto.com/,,Car Detailers
Bubbles Way Car Wash & Detail & Smokeshop,,+1-760-545-7909,,,Oceanside,CA,V1 | P4 | Class B | website has objective flaws | https://www.bubbleswaycarwashanddetailca.com/,,Car Detailers
Alset Auto Ontario,,+1-760-646-2686,,,Ontario,CA,V1 | P4 | Class B | website has objective flaws | https://alsetauto.com/,,Car Detailers
Flossy Detail,,+1-949-227-9117,,,Orange,CA,V1 | P4 | Class B | website has objective flaws | http://flossydetail.com/,,Car Detailers
Goat Detailing,,+1-562-228-8780,,,Orange,CA,V1 | P4 | Class B | website has objective flaws | http://www.crazygoatdetailing.com/,,Car Detailers
"Prestige Auto Spa - STEK PPF, Wraps, and Detailing",,+1-714-743-4125,,,Orange,CA,V1 | P4 | Class B | website has objective flaws | https://prestigeautospaoc.com/,,Car Detailers
Shine Pro Detail Supplies,,+1-714-941-9099,,,Orange,CA,V1 | P4 | Class B | website has objective flaws | https://shineprodetailsupplies.com/,,Car Detailers
Bright Line Cleaning,,+1-805-790-6440,,,Oxnard,CA,V1 | P4 | Class B | website has objective flaws | https://brightlinecleaningca.com/,,Car Detailers
An American Car Wash,,+1-760-346-5356,,,Palm Desert,CA,V1 | P4 | Class B | website has objective flaws | http://www.palmdesertcarwash.com/,,Car Detailers
Eco Tinting,,+1-760-600-2251,,,Palm Springs,CA,V1 | P4 | Class B | website has objective flaws | http://www.ecowindowtinting.com/,,Car Detailers
Kemie AutoClass Detailing,,+1-760-880-8843,,,Palm Springs,CA,V1 | P4 | Class B | website has objective flaws | https://kemieautoclassdetailing.com/premium-services,,Car Detailers
TRJO's Top Class Carwash & Detailing,,+1-760-620-1067,,,Palm Springs,CA,V1 | P4 | Class B | website has objective flaws | https://trjostopclass.godaddysites.com/,,Car Detailers
SuperShine Auto Detailing & Tint,,+1-530-615-9272,,,Penn Valley,CA,V1 | P4 | Class B | website has objective flaws | https://supershinemobiledetailing.co/,,Car Detailers
Auto Design Pro,,+1-925-635-6021,,,Pittsburg,CA,V1 | P4 | Class B | website has objective flaws | http://www.autodesignpros.com/,,Car Detailers
Bori Auto Detailing,,+1-939-225-0697,,,Pittsburg,CA,V1 | P4 | Class B | website has objective flaws | https://www.boriautodetailing.com/,,Car Detailers
Skyline Detailing,,+1-618-604-6047,,,Placerville,CA,V1 | P4 | Class B | website has objective flaws | http://www.skylinedetailingstl.com/,,Car Detailers
SB Detailing,,+1-925-519-6254,,,Pleasanton,CA,V1 | P4 | Class B | website has objective flaws | https://sparklecar-5vxt2tfp.manus.space/,,Car Detailers
Distinguished Detailing,,+1-951-733-4754,,,Pomona,CA,V1 | P4 | Class B | website has objective flaws | https://go.thryv.com/site/DistinguishedDetailing,,Car Detailers
"Dazzle's Wraps - Vehicle Wraps, Window Tint, PPF, Ceramic Coatings, Paint Correction, Exterior & Interior Detailing",,+1-916-618-8113,,,Rancho Cordova,CA,V1 | P4 | Class B | website has objective flaws | http://www.dazzleswrap.com/,,Car Detailers
Royal Tint,,+1-916-502-2994,,,Rancho Cordova,CA,V1 | P4 | Class B | website has objective flaws | http://www.royalwindowtint.com/,,Car Detailers
Stealth Autowerks,,+1-916-333-7313,,,Rancho Cordova,CA,V1 | P4 | Class B | website has objective flaws | https://www.stealthautowerks.com/,,Car Detailers
Crown Mobile Car Detailing Rancho Santa Fe,,+1-619-393-8417,,,Rancho Santa Fe,CA,V1 | P4 | Class B | website has objective flaws | https://crownmobilecardetailingsd.online/,,Car Detailers
Red Bluff Car Wash and Detailing,,+1-530-528-2305,,,Red Bluff,CA,V1 | P4 | Class B | website has objective flaws | https://redbluffcarwash.com/,,Car Detailers
Drake's Detailing,,+1-850-377-0524,,,Redding,CA,V1 | P4 | Class B | website has objective flaws | http://www.drakesdetailing.online/,,Car Detailers
REDDING CAR AND TRUCK CENTER,,+1-530-522-6000,,,Redding,CA,V1 | P4 | Class B | website has objective flaws | http://reddingcarandtruckcenter.com/,,Car Detailers
Prodigy Professional Detailing,,+1-714-504-6172,,,Redlands,CA,V1 | P4 | Class B | website has objective flaws | https://www.prodigyprofessionaldetailing.com/,,Car Detailers
Pacific Auto Detail,,+1-650-430-5618,,,Redwood City,CA,V1 | P4 | Class B | website has objective flaws | https://www.pacificautodetail.net/,,Car Detailers
EZ Pro Detail,,+1-818-457-6012,,,Reseda,CA,V1 | P4 | Class B | website has objective flaws | https://ezcardetails.com/,,Car Detailers
Kao Mobile Auto Detailing,,+1-604-644-8443,,,Richmond,CA,V1 | P4 | Class B | website has objective flaws | https://kaodetailing.ca/,,Car Detailers
SIERVO’S AUTO TINTING,,+1-510-641-0939,,,Richmond,CA,V1 | P4 | Class B | website has objective flaws | https://siervosautotinting.net/,,Car Detailers
"Royal Tint of Rocklin | PPF, Paint Protection Film, Ceramic Coating, Window Tint",,+1-916-840-0030,,,Rocklin,CA,V1 | P4 | Class B | website has objective flaws | http://www.royalwindowtint.com/,,Car Detailers
Flawless Detailing,,+1-707-890-2900,,,Rohnert Park,CA,V1 | P4 | Class B | website has objective flaws | https://dominicmaciel.com/,,Car Detailers
Elemental,,+1-916-742-3409,,,Roseville,CA,V1 | P4 | Class B | website has objective flaws | https://ceramicprorocklin.com/,,Car Detailers
GEM CARWASH,,+1-916-772-9274,,,Roseville,CA,V1 | P4 | Class B | website has objective flaws | https://fairwaycarwash.com/,,Car Detailers
Acme Car Wash,,+1-831-442-8888,,,Salinas,CA,V1 | P4 | Class B | website has objective flaws | http://www.acmecarwashsalinas.com/,,Car Detailers
Express Quality Hand Car Wash,,+1-909-383-1433,,,San Bernardino,CA,V1 | P4 | Class B | website has objective flaws | https://expressqualitycarwash.com/,,Car Detailers
Miracle Mile Carwash – Hand Wash & Detailing in San Bernardino,,+1-909-361-8112,,,San Bernardino,CA,V1 | P4 | Class B | website has objective flaws | http://miraclemilecarwash.com/,,Car Detailers
Auto 360 Garage San Bruno,,+1-650-952-5303,,,San Bruno,CA,V1 | P4 | Class B | website has objective flaws | https://www.auto360garage.com/,,Car Detailers
Monte’s Mobile Wash,,+1-510-646-1510,,,San Bruno,CA,V1 | P4 | Class B | website has objective flaws | https://web.detailconnect.app/u=montes-mobile-wash-D080BT,,Car Detailers
Ducky's Car Wash San Carlos,,+1-844-382-5974,,,San Carlos,CA,V1 | P4 | Class B | website has objective flaws | http://www.duckysexpress.com/,,Car Detailers
Hillbilly Detailing,,+1-619-810-5554,,,San Diego,CA,V1 | P4 | Class B | website has objective flaws | https://www.hillbillydetailingca.com/,,Car Detailers
Sal's Detailing,,+1-619-342-5689,,,San Diego,CA,V1 | P4 | Class B | website has objective flaws | http://www.salsdetailingllc.com/,,Car Detailers
Bullitt Mobile Car Wash & Detailing,,+1-650-501-9152,,,San Francisco,CA,V1 | P4 | Class B | website has objective flaws | https://bullittcarwash.com/,,Car Detailers
MCAR PPF & TINT,,+1-415-799-6354,,,San Francisco,CA,V1 | P4 | Class B | website has objective flaws | https://mcarsanfrancisco.com/,,Car Detailers
Supreme Detailing,,+1-415-385-8086,,,San Francisco,CA,V1 | P4 | Class B | website has objective flaws | https://supremedetailsf.com/,,Car Detailers
Pacific Hand Car Wash San Jose,,+1-408-982-3903,,,San Jose,CA,V1 | P4 | Class B | website has objective flaws | http://carwashpacific.com/sanjose-home.htm,,Car Detailers
Prime Autocar,,+1-408-844-3433,,,San Jose,CA,V1 | P4 | Class B | website has objective flaws | https://primeautocarsj.com/,,Car Detailers
Street Image - Vehicle Wraps & PPF,,+1-510-213-1877,,,San Leandro,CA,V1 | P4 | Class B | website has objective flaws | https://www.streetimagewraps.com/,,Car Detailers
Quiky Car Wash,,+1-805-503-7141,,,San Luis Obispo,CA,V1 | P4 | Class B | website has objective flaws | http://www.quikycarwash.com/,,Car Detailers
RENEWL Mobile Detailing,,+1-512-395-5095,,,San Marcos,CA,V1 | P4 | Class B | website has objective flaws | https://renewldetailing.com/,,Car Detailers
Prism Wash,,+1-650-420-3445,,,San Mateo,CA,V1 | P4 | Class B | website has objective flaws | http://www.prismwash.com/,,Car Detailers
Grand Prix Car Wash,,+1-510-758-1151,,,San Pablo,CA,V1 | P4 | Class B | website has objective flaws | https://www.grandprixcarwash1.com/,,Car Detailers
"Anthony's Auto Craft, Inc.",,+1-415-456-7591,,,San Rafael,CA,V1 | P4 | Class B | website has objective flaws | https://www.anthonysautocraft.com/,,Car Detailers
Marvin’s Marin Auto Detailing,,+1-415-870-0149,,,San Rafael,CA,V1 | P4 | Class B | website has objective flaws | http://marvinsmarinautodetailing.com/,,Car Detailers
Matt and Jeff's Car Wash & Detail (San Rafael),,+1-415-721-7886,,,San Rafael,CA,V1 | P4 | Class B | website has objective flaws | http://www.mattandjeffs.com/,,Car Detailers
Precision Body Shop & Detail,,+1-415-456-8900,,,San Rafael,CA,V1 | P4 | Class B | website has objective flaws | https://precisionbsd.com/,,Car Detailers
Double Down Detail & Tint,,+1-949-329-2998,,,Santa Ana,CA,V1 | P4 | Class B | website has objective flaws | http://doubledowndetails.com/,,Car Detailers
Walt's Polish Auto Detailing Supplies,,+1-714-258-9258,,,Santa Ana,CA,V1 | P4 | Class B | website has objective flaws | http://waltspolish.com/,,Car Detailers
All Black Tints,,+1-408-303-1242,,,Santa Clara,CA,V1 | P4 | Class B | website has objective flaws | http://allblacktints.us/,,Car Detailers
Damn Good Mobile Detail,,+1-661-825-6539,,,Santa Clarita,CA,V1 | P4 | Class B | website has objective flaws | https://damngooddetail.com/,,Car Detailers
Cali Auto Detail,,+1-310-405-4938,,,Santa Monica,CA,V1 | P4 | Class B | website has objective flaws | http://caliautodetail.wixsite.com/website,,Car Detailers
Lincoln Car Wash & Detail,,+1-310-450-6915,,,Santa Monica,CA,V1 | P4 | Class B | website has objective flaws | http://lincolnblvdcarwash.com/,,Car Detailers
"Arctic AutoWerks - (Auto Brokerage, Auto Detailing, Dry Ice Blasting, & More)",,+1-707-483-2203,,,Santa Rosa,CA,V1 | P4 | Class B | website has objective flaws | https://www.arcticautowerks.com/,,Car Detailers
Superior Tint,,+1-707-755-0855,,,Santa Rosa,CA,V1 | P4 | Class B | website has objective flaws | https://superiortint.weebly.com/,,Car Detailers
Vonn's Detailing,,+1-707-495-7741,,,Santa Rosa,CA,V1 | P4 | Class B | website has objective flaws | https://app--sonoma-auto-aesthetics-20ee2668.base44.app/Home,,Car Detailers
Classic Car Wash,,+1-408-996-2515,,,Saratoga,CA,V1 | P4 | Class B | website has objective flaws | http://www.classiccarwash.com/,,Car Detailers
EZ Detail - Professional Car Detailing,,+1-559-480-6747,,,Selma,CA,V1 | P4 | Class B | website has objective flaws | https://www.ezcardetail.com/,,Car Detailers
MG3 Auto Detailing LLC,,+1-559-406-9179,,,Selma,CA,V1 | P4 | Class B | website has objective flaws | https://mg3autodetailing.com/,,Car Detailers
Cali Wash Mobile Detailing,,+1-805-587-1824,,,Simi Valley,CA,V1 | P4 | Class B | website has objective flaws | http://cali-wash.com/,,Car Detailers
Detailing Disciples,,+1-747-320-7174,,,Simi Valley,CA,V1 | P4 | Class B | website has objective flaws | http://thedetailingdisciples.com/,,Car Detailers
Ejs Car Detailing -- Mobile Detailing,,+1-818-912-7082,,,Simi Valley,CA,V1 | P4 | Class B | website has objective flaws | https://ejsdetailing.com/,,Car Detailers
Frothy Auto Detailing,,+1-805-915-7869,,,Simi Valley,CA,V1 | P4 | Class B | website has objective flaws | https://www.frothyautodetailing.com/,,Car Detailers
R&R Auto Detailing,,+1-818-806-5835,,,Simi Valley,CA,V1 | P4 | Class B | website has objective flaws | https://www.rnrautodetailing.com/,,Car Detailers
Simi Auto Spa & Speed Wash,,+1-805-581-9300,,,Simi Valley,CA,V1 | P4 | Class B | website has objective flaws | http://simiautospa.com/,,Car Detailers
Divine Shine Tint and Detailing,,+1-209-769-1679,,,Sonora,CA,V1 | P4 | Class B | website has objective flaws | http://www.divineshinedetailing.com/,,Car Detailers
Clean Boys Auto Detailing,,+1-323-203-7952,,,South Gate,CA,V1 | P4 | Class B | website has objective flaws | http://www.cleanboysdetailing.com/,,Car Detailers
Truckee Auto Detail,,+1-530-386-8615,,,South Lake Tahoe,CA,V1 | P4 | Class B | website has objective flaws | https://orbisx.ca/app/booknow/VSn2f,,Car Detailers
Crystal Shield Clear Bra Paint Protection Film Installation,,+1-877-707-4435,,,Temecula,CA,V1 | P4 | Class B | website has objective flaws | http://crystalshield.com/,,Car Detailers
Temecula Auto Wraps and Detailing,,+1-760-532-4159,,,Temecula,CA,V1 | P4 | Class B | website has objective flaws | https://mdpwraps.com/,,Car Detailers
Gone For Good,,+1-805-358-0148,,,Thousand Oaks,CA,V1 | P4 | Class B | website has objective flaws | https://goneforgood.net/,,Car Detailers
Look at me now mobile detailing,,+1-866-523-7404,,,Torrance,CA,V1 | P4 | Class B | website has objective flaws | http://lookatmenowmobiledetailing.com/,,Car Detailers
Miami's Auto Spa,,+1-310-325-9299,,,Torrance,CA,V1 | P4 | Class B | website has objective flaws | https://miamiautowash.com/,,Car Detailers
Precision One Design,,+1-424-255-8640,,,Torrance,CA,V1 | P4 | Class B | website has objective flaws | http://precisiononedesign.com/,,Car Detailers
Starline Detailing,,+1-310-800-1948,,,Torrance,CA,V1 | P4 | Class B | website has objective flaws | https://www.starlinedetailing.com/,,Car Detailers
Truckee Tahoe Mobile Detailing,,+1-925-337-6001,,,Truckee,CA,V1 | P4 | Class B | website has objective flaws | https://www.truckeetahoemobiledetailing.com/,,Car Detailers
ARFilmz Tint & Ceramic Coatings,,+1-209-226-1100,,,Turlock,CA,V1 | P4 | Class B | website has objective flaws | http://www.arfilmz.com/,,Car Detailers
Ariza Car Detailing,,+1-949-522-8374,,,Tustin,CA,V1 | P4 | Class B | website has objective flaws | https://arizacardetailing.site/,,Car Detailers
On the Spot Auto Detailing,,+1-714-321-8161,,,Tustin,CA,V1 | P4 | Class B | website has objective flaws | http://onthespotdetailingoc.com/,,Car Detailers
Shine Head Detail,,+1-714-512-2149,,,Tustin,CA,V1 | P4 | Class B | website has objective flaws | https://shineheaddetail.com/,,Car Detailers
Urban Detailology,,+1-714-343-2880,,,Tustin,CA,V1 | P4 | Class B | website has objective flaws | http://www.urbandetailology.com/,,Car Detailers
Redwood Tree,,+1-707-462-4472,,,Ukiah,CA,V1 | P4 | Class B | website has objective flaws | http://rwtukiah.com/,,Car Detailers
Classic Styles,,+1-707-880-0224,,,Vacaville,CA,V1 | P4 | Class B | website has objective flaws | https://book.housecallpro.com/book/Classic-Styles-Pressure-Washing-Tint-Detailing/cfaa9a1ee5df4773a22bea039ca0899f?v2=true&lead_source=google&merchant_id=5141dbb4-498f-468f-8e2d-4a8dfd2e5bed&rwg_token=AE37R_ig1Kjt832B7BftlnCjhf34WbcXgcMCn-tkWw7rjsSbNo-Gr3BPwIWWs23qSlY-Lkt2u2tooIlxwq3_Zf3GOI2_gDwZug%3D%3D&source=cat,,Car Detailers
Fresh Window Tint And Paint Protection Films Valencia,,+1-661-259-8468,,,Valencia,CA,V1 | P4 | Class B | website has objective flaws | http://www.santaclaritawindowtint.com/,,Car Detailers
"7 Flags Full & Self Service Car Wash & Detail Center - Valle Vista, Vallejo",,+1-707-557-5353,,,Vallejo,CA,V1 | P4 | Class B | website has objective flaws | http://7flagscarwash.com/,,Car Detailers
Tru Tek,,+1-707-654-5601,,,Vallejo,CA,V1 | P4 | Class B | website has objective flaws | https://trutek1.com/,,Car Detailers
DLC Auto Solutions,,+1-760-870-7103,,,Victorville,CA,V1 | P4 | Class B | website has objective flaws | https://dlcautosolutions.com/,,Car Detailers
Pena's hand wash and detailing,,+1-626-433-7099,,,Victorville,CA,V1 | P4 | Class B | website has objective flaws | https://penaswash.com/,,Car Detailers
Santa Fe Car Wash,,+1-760-758-2121,,,Vista,CA,V1 | P4 | Class B | website has objective flaws | https://santafecarwashing.com/,,Car Detailers
Autopia Car Wash - Walnut Creek,,+1-925-934-1603,,,Walnut Creek,CA,V1 | P4 | Class B | website has objective flaws | http://www.autopiacarwash.com/,,Car Detailers
Details By Anthony,,+1-510-697-5740,,,Walnut Creek,CA,V1 | P4 | Class B | website has objective flaws | https://www.detailsbyanthony.com/,,Car Detailers
East Bay Auto Spa,,+1-925-930-7190,,,Walnut Creek,CA,V1 | P4 | Class B | website has objective flaws | http://www.eastbayautospa.com/,,Car Detailers
Supreme Auto Salon,,+1-831-287-7284,,,Watsonville,CA,V1 | P4 | Class B | website has objective flaws | http://sas831.com/,,Car Detailers
Exclusive Wraps And Tint,,+1-805-917-2036,,,Westlake Village,CA,V1 | P4 | Class B | website has objective flaws | https://exclusivewrapsandtint.com/,,Car Detailers
BRM Headlight Restoration,,+1-949-231-8531,,,Westminster,CA,V1 | P4 | Class B | website has objective flaws | https://magicquotes.com/booking?owner=bradynguyen8889%40gmail.com,,Car Detailers
Loya Detailing,,+1-562-270-3209,,,Whittier,CA,V1 | P4 | Class B | website has objective flaws | https://loyadetailing.wixsite.com/loya-detailing,,Car Detailers
Sparkles Car Wash & Lube,,+1-530-406-8555,,,Woodland,CA,V1 | P4 | Class B | website has objective flaws | https://sparklescarwashlube.net/,,Car Detailers
Yuba City Car Wash & Auto Detail,,+1-530-673-2071,,,Yuba City,CA,V1 | P4 | Class B | website has objective flaws | http://www.yubacitycarwash.com/,,Car Detailers
Elsmere Mobile Detailing,,+1-518-603-2211,,,Albany,OR,V1 | P4 | Class B | website has objective flaws | http://elsmeremobiledetailing.base44.app/,,Car Detailers
Precision Auto Glass and tint,,+1-541-525-9333,,,Albany,OR,V1 | P4 | Class B | website has objective flaws | http://www.precisionautoglassandtint.com/,,Car Detailers
Tanner's Auto Detail,,+1-541-556-2000,,,Albany,OR,V1 | P4 | Class B | website has objective flaws | https://www.tannersautodetail.com/,,Car Detailers
Elite Auto Detailing,,+1-971-286-0071,,,Astoria,OR,V1 | P4 | Class B | website has objective flaws | http://www.eliteautodetailingor.com/,,Car Detailers
Spotless Auto Detailing,,+1-971-332-1032,,,Dallas,OR,V1 | P4 | Class B | website has objective flaws | http://www.yourspotlessauto.com/,,Car Detailers
IV Auto Detail & Paint Correction,,+1-541-450-9741,,,Grants Pass,OR,V1 | P4 | Class B | website has objective flaws | https://innovisiondetailing.wordpress.com/,,Car Detailers
Washed Away Mobile Detailing,,+1-712-203-3253,,,Grants Pass,OR,V1 | P4 | Class B | website has objective flaws | https://washedawaymobiledetailings.com/,,Car Detailers
Dirty Car Auto Detailing,,+1-503-208-4501,,,Gresham,OR,V1 | P4 | Class B | website has objective flaws | http://www.dirtycarautodetailing.com/,,Car Detailers
Flossing Auto Detailing,,+1-541-377-1602,,,Hermiston,OR,V1 | P4 | Class B | website has objective flaws | https://flossingautod.zee.am/,,Car Detailers
CL Auto Detailing LLC,,+1-978-226-3316,,,Keizer,OR,V1 | P4 | Class B | website has objective flaws | https://www.clautoservice.com/,,Car Detailers
Topline Auto Sales & Detail,,+1-541-258-0772,,,Lebanon,OR,V1 | P4 | Class B | website has objective flaws | https://www.toplineauto.net/,,Car Detailers
E&N AUTO REPAIR,,+1-503-850-4730,,,Milwaukie,OR,V1 | P4 | Class B | website has objective flaws | http://enreconditioning.org/,,Car Detailers
Luxor Detailing | Mobile Auto Detailing,,+1-905-519-9167,,,Ontario,OR,V1 | P4 | Class B | website has objective flaws | https://www.luxordetailing.ca/,,Car Detailers
Mobile Auto Spa,,+1-647-544-0777,,,Ontario,OR,V1 | P4 | Class B | website has objective flaws | http://www.mobileautospa.ca/,,Car Detailers
GT Detail Co,,+1-971-336-5957,,,Oregon City,OR,V1 | P4 | Class B | website has objective flaws | http://gtdetailco.com/,,Car Detailers
Auto Shine Detailing,,+1-425-577-8774,,,Redmond,OR,V1 | P4 | Class B | website has objective flaws | http://autoshinedetailingllc.com/,,Car Detailers
Car Toys,,+1-503-540-3423,,,Salem,OR,V1 | P4 | Class B | website has objective flaws | https://cartoysoregon.com/salem/,,Car Detailers
Freeman Service Center & Collision Repair | Salem,,+1-503-485-0303,,,Salem,OR,V1 | P4 | Class B | website has objective flaws | https://www.freemanmotor.com/,,Car Detailers
Virginia Mobile Detailing,,+1-571-505-0560,,,Springfield,OR,V1 | P4 | Class B | website has objective flaws | https://virginiamobiledetailing.com/,,Car Detailers
Versatile Glass Tinting,,+1-503-707-1270,,,St Helens,OR,V1 | P4 | Class B | website has objective flaws | http://versatileglasstinting.com/,,Car Detailers
Tigard Auto Body Repair by Ace Reconditioning,,+1-503-620-3593,,,Tigard,OR,V1 | P4 | Class B | website has objective flaws | http://acecars.net/,,Car Detailers
Walsh Auto Detail,,+1-503-440-7155,,,Warrenton,OR,V1 | P4 | Class B | website has objective flaws | http://walshautodetail.com/,,Car Detailers
JB Detailing LLC,,+1-503-999-9615,,,Woodburn,OR,V1 | P4 | Class B | website has objective flaws | https://getjbdetailing.com/,,Car Detailers
